bank_id,table_instance,category,metric,metric_std,unit,year,raw_value,value_numeric,value_pct_points,pct_scale,value_source,is_estimated,source_file,source_row,source_col
bank_asia_plc,1,BALANCE SHEET,Total Assets,total_assets,Tk mn,2015,224347.0,224347.0,,,native_numeric,0,DATASET_11_BANKS_2025-2015_.xlsx,16,M
bank_asia_plc,1,BALANCE SHEET,Total Assets,total_assets,Tk mn,2016,253195.7,253195.7,,,native_numeric,0,DATASET_11_BANKS_2025-2015_.xlsx,16,L
bank_asia_plc,1,BALANCE SHEET,Total Assets,total_assets,Tk mn,2017,288996.64,288996.64,,,native_numeric,0,DATASET_11_BANKS_2025-2015_.xlsx,16,K
bank_asia_plc,1,BALANCE SHEET,Total Assets,total_assets,Tk mn,2018,307291.4,307291.4,,,native_numeric,0,DATASET_11_BANKS_2025-2015_.xlsx,16,J
bank_asia_plc,1,BALANCE SHEET,Total Assets,total_assets,Tk mn,2019,353800.37,353800.37,,,native_numeric,0,DATASET_11_BANKS_2025-2015_.xlsx,16,I
bank_asia_plc,1,BALANCE SHEET,Total Assets,total_assets,Tk mn,2020,408717.15,408717.15,,,native_numeric,0,DATASET_11_BANKS_2025-2015_.xlsx,16,H
bank_asia_plc,1,BALANCE SHEET,Total Assets,total_assets,Tk mn,2021,438293.29,438293.29,,,native_numeric,0,DATASET_11_BANKS_2025-2015_.xlsx,16,G
bank_asia_plc,1,BALANCE SHEET,Total Assets,total_assets,Tk mn,2022,468400.94,468400.94,,,native_numeric,0,DATASET_11_BANKS_2025-2015_.xlsx,16,F
bank_asia_plc,1,BALANCE SHEET,Total Assets,total_assets,Tk mn,2023,474147.76,474147.76,,,native_numeric,0,DATASET_11_BANKS_2025-2015_.xlsx,16,E
bank_asia_plc,1,BALANCE SHEET,Total Assets,total_assets,Tk mn,2024,532901.82,532901.82,,,native_numeric,0,DATASET_11_BANKS_2025-2015_.xlsx,16,D
bank_asia_plc,1,BALANCE SHEET,Total Assets,total_assets,Tk mn,2025,589486.81,589486.81,,,native_numeric,0,DATASET_11_BANKS_2025-2015_.xlsx,16,C
bank_asia_plc,1,BALANCE SHEET,Loans & Advances,loans_advances_gross,Tk mn,2015,136396.32,136396.32,,,native_numeric,0,DATASET_11_BANKS_2025-2015_.xlsx,17,M
bank_asia_plc,1,BALANCE SHEET,Loans & Advances,loans_advances_gross,Tk mn,2016,163609.78,163609.78,,,native_numeric,0,DATASET_11_BANKS_2025-2015_.xlsx,17,L
bank_asia_plc,1,BALANCE SHEET,Loans & Advances,loans_advances_gross,Tk mn,2017,197504.14,197504.14,,,native_numeric,0,DATASET_11_BANKS_2025-2015_.xlsx,17,K
bank_asia_plc,1,BALANCE SHEET,Loans & Advances,loans_advances_gross,Tk mn,2018,214618.15,214618.15,,,native_numeric,0,DATASET_11_BANKS_2025-2015_.xlsx,17,J
bank_asia_plc,1,BALANCE SHEET,Loans & Advances,loans_advances_gross,Tk mn,2019,227298.96,227298.96,,,native_numeric,0,DATASET_11_BANKS_2025-2015_.xlsx,17,I
bank_asia_plc,1,BALANCE SHEET,Loans & Advances,loans_advances_gross,Tk mn,2020,244642.03,244642.03,,,native_numeric,0,DATASET_11_BANKS_2025-2015_.xlsx,17,H
bank_asia_plc,1,BALANCE SHEET,Loans & Advances,loans_advances_gross,Tk mn,2021,262266.7,262266.7,,,native_numeric,0,DATASET_11_BANKS_2025-2015_.xlsx,17,G
bank_asia_plc,1,BALANCE SHEET,Loans & Advances,loans_advances_gross,Tk mn,2022,277870.36,277870.36,,,native_numeric,0,DATASET_11_BANKS_2025-2015_.xlsx,17,F
bank_asia_plc,1,BALANCE SHEET,Loans & Advances,loans_advances_gross,Tk mn,2023,291325.04,291325.04,,,native_numeric,0,DATASET_11_BANKS_2025-2015_.xlsx,17,E
bank_asia_plc,1,BALANCE SHEET,Loans & Advances,loans_advances_gross,Tk mn,2024,293725.6,293725.6,,,native_numeric,0,DATASET_11_BANKS_2025-2015_.xlsx,17,D
bank_asia_plc,1,BALANCE SHEET,Loans & Advances,loans_advances_gross,Tk mn,2025,294682.3,294682.3,,,native_numeric,0,DATASET_11_BANKS_2025-2015_.xlsx,17,C
bank_asia_plc,1,BALANCE SHEET,Total Deposits,total_deposits,Tk mn,2015,169827.0,169827.0,,,native_numeric,0,DATASET_11_BANKS_2025-2015_.xlsx,18,M
bank_asia_plc,1,BALANCE SHEET,Total Deposits,total_deposits,Tk mn,2016,191272.58,191272.58,,,native_numeric,0,DATASET_11_BANKS_2025-2015_.xlsx,18,L
bank_asia_plc,1,BALANCE SHEET,Total Deposits,total_deposits,Tk mn,2017,207041.47,207041.47,,,native_numeric,0,DATASET_11_BANKS_2025-2015_.xlsx,18,K
bank_asia_plc,1,BALANCE SHEET,Total Deposits,total_deposits,Tk mn,2018,222471.72,222471.72,,,native_numeric,0,DATASET_11_BANKS_2025-2015_.xlsx,18,J
bank_asia_plc,1,BALANCE SHEET,Total Deposits,total_deposits,Tk mn,2019,253709.57,253709.57,,,native_numeric,0,DATASET_11_BANKS_2025-2015_.xlsx,18,I
bank_asia_plc,1,BALANCE SHEET,Total Deposits,total_deposits,Tk mn,2020,303028.11,303028.11,,,native_numeric,0,DATASET_11_BANKS_2025-2015_.xlsx,18,H
bank_asia_plc,1,BALANCE SHEET,Total Deposits,total_deposits,Tk mn,2021,317782.43,317782.43,,,native_numeric,0,DATASET_11_BANKS_2025-2015_.xlsx,18,G
bank_asia_plc,1,BALANCE SHEET,Total Deposits,total_deposits,Tk mn,2022,337695.42,337695.42,,,native_numeric,0,DATASET_11_BANKS_2025-2015_.xlsx,18,F
bank_asia_plc,1,BALANCE SHEET,Total Deposits,total_deposits,Tk mn,2023,361536.3,361536.3,,,native_numeric,0,DATASET_11_BANKS_2025-2015_.xlsx,18,E
bank_asia_plc,1,BALANCE SHEET,Total Deposits,total_deposits,Tk mn,2024,416559.45,416559.45,,,native_numeric,0,DATASET_11_BANKS_2025-2015_.xlsx,18,D
bank_asia_plc,1,BALANCE SHEET,Total Deposits,total_deposits,Tk mn,2025,456482.91,456482.91,,,native_numeric,0,DATASET_11_BANKS_2025-2015_.xlsx,18,C
bank_asia_plc,1,BALANCE SHEET,Shareholders' Equity,shareholders_equity,Tk mn,2015,N/A,,,,missing_marker,0,DATASET_11_BANKS_2025-2015_.xlsx,19,M
bank_asia_plc,1,BALANCE SHEET,Shareholders' Equity,shareholders_equity,Tk mn,2016,19038.48,19038.48,,,native_numeric,0,DATASET_11_BANKS_2025-2015_.xlsx,19,L
bank_asia_plc,1,BALANCE SHEET,Shareholders' Equity,shareholders_equity,Tk mn,2017,21054.49,21054.49,,,native_numeric,0,DATASET_11_BANKS_2025-2015_.xlsx,19,K
bank_asia_plc,1,BALANCE SHEET,Shareholders' Equity,shareholders_equity,Tk mn,2018,23340.13,23340.13,,,native_numeric,0,DATASET_11_BANKS_2025-2015_.xlsx,19,J
bank_asia_plc,1,BALANCE SHEET,Shareholders' Equity,shareholders_equity,Tk mn,2019,24745.12,24745.12,,,native_numeric,0,DATASET_11_BANKS_2025-2015_.xlsx,19,I
bank_asia_plc,1,BALANCE SHEET,Shareholders' Equity,shareholders_equity,Tk mn,2020,27380.9,27380.9,,,native_numeric,0,DATASET_11_BANKS_2025-2015_.xlsx,19,H
bank_asia_plc,1,BALANCE SHEET,Shareholders' Equity,shareholders_equity,Tk mn,2021,27356.64,27356.64,,,native_numeric,0,DATASET_11_BANKS_2025-2015_.xlsx,19,G
bank_asia_plc,1,BALANCE SHEET,Shareholders' Equity,shareholders_equity,Tk mn,2022,28640.25,28640.25,,,native_numeric,0,DATASET_11_BANKS_2025-2015_.xlsx,19,F
bank_asia_plc,1,BALANCE SHEET,Shareholders' Equity,shareholders_equity,Tk mn,2023,29519.53,29519.53,,,native_numeric,0,DATASET_11_BANKS_2025-2015_.xlsx,19,E
bank_asia_plc,1,BALANCE SHEET,Shareholders' Equity,shareholders_equity,Tk mn,2024,31842.29,31842.29,,,native_numeric,0,DATASET_11_BANKS_2025-2015_.xlsx,19,D
bank_asia_plc,1,BALANCE SHEET,Shareholders' Equity,shareholders_equity,Tk mn,2025,35228.64,35228.64,,,native_numeric,0,DATASET_11_BANKS_2025-2015_.xlsx,19,C
bank_asia_plc,1,INCOME STATEMENT,Net Interest Income,net_interest_income,Tk mn,2015,N/A,,,,missing_marker,0,DATASET_11_BANKS_2025-2015_.xlsx,21,M
bank_asia_plc,1,INCOME STATEMENT,Net Interest Income,net_interest_income,Tk mn,2016,3968.45,3968.45,,,native_numeric,0,DATASET_11_BANKS_2025-2015_.xlsx,21,L
bank_asia_plc,1,INCOME STATEMENT,Net Interest Income,net_interest_income,Tk mn,2017,5570.01,5570.01,,,native_numeric,0,DATASET_11_BANKS_2025-2015_.xlsx,21,K
bank_asia_plc,1,INCOME STATEMENT,Net Interest Income,net_interest_income,Tk mn,2018,7902.69,7902.69,,,native_numeric,0,DATASET_11_BANKS_2025-2015_.xlsx,21,J
bank_asia_plc,1,INCOME STATEMENT,Net Interest Income,net_interest_income,Tk mn,2019,8400.76,8400.76,,,native_numeric,0,DATASET_11_BANKS_2025-2015_.xlsx,21,I
bank_asia_plc,1,INCOME STATEMENT,Net Interest Income,net_interest_income,Tk mn,2020,3185.32,3185.32,,,native_numeric,0,DATASET_11_BANKS_2025-2015_.xlsx,21,H
bank_asia_plc,1,INCOME STATEMENT,Net Interest Income,net_interest_income,Tk mn,2021,5639.88,5639.88,,,native_numeric,0,DATASET_11_BANKS_2025-2015_.xlsx,21,G
bank_asia_plc,1,INCOME STATEMENT,Net Interest Income,net_interest_income,Tk mn,2022,5506.73,5506.73,,,native_numeric,0,DATASET_11_BANKS_2025-2015_.xlsx,21,F
bank_asia_plc,1,INCOME STATEMENT,Net Interest Income,net_interest_income,Tk mn,2023,6233.07,6233.07,,,native_numeric,0,DATASET_11_BANKS_2025-2015_.xlsx,21,E
bank_asia_plc,1,INCOME STATEMENT,Net Interest Income,net_interest_income,Tk mn,2024,6029.97,6029.97,,,native_numeric,0,DATASET_11_BANKS_2025-2015_.xlsx,21,D
bank_asia_plc,1,INCOME STATEMENT,Net Interest Income,net_interest_income,Tk mn,2025,-1377.09,-1377.09,,,native_numeric,0,DATASET_11_BANKS_2025-2015_.xlsx,21,C
bank_asia_plc,1,INCOME STATEMENT,Non-Interest Income,non_interest_income,Tk mn,2015,N/A,,,,missing_marker,0,DATASET_11_BANKS_2025-2015_.xlsx,22,M
bank_asia_plc,1,INCOME STATEMENT,Non-Interest Income,non_interest_income,Tk mn,2016,3756.18,3756.18,,,native_numeric,0,DATASET_11_BANKS_2025-2015_.xlsx,22,L
bank_asia_plc,1,INCOME STATEMENT,Non-Interest Income,non_interest_income,Tk mn,2017,4120.56,4120.56,,,native_numeric,0,DATASET_11_BANKS_2025-2015_.xlsx,22,K
bank_asia_plc,1,INCOME STATEMENT,Non-Interest Income,non_interest_income,Tk mn,2018,4015.84,4015.84,,,native_numeric,0,DATASET_11_BANKS_2025-2015_.xlsx,22,J
bank_asia_plc,1,INCOME STATEMENT,Non-Interest Income,non_interest_income,Tk mn,2019,4456.4,4456.4,,,native_numeric,0,DATASET_11_BANKS_2025-2015_.xlsx,22,I
bank_asia_plc,1,INCOME STATEMENT,Non-Interest Income,non_interest_income,Tk mn,2020,4462.27,4462.27,,,native_numeric,0,DATASET_11_BANKS_2025-2015_.xlsx,22,H
bank_asia_plc,1,INCOME STATEMENT,Non-Interest Income,non_interest_income,Tk mn,2021,6609.12,6609.12,,,native_numeric,0,DATASET_11_BANKS_2025-2015_.xlsx,22,G
bank_asia_plc,1,INCOME STATEMENT,Non-Interest Income,non_interest_income,Tk mn,2022,8596.86,8596.86,,,native_numeric,0,DATASET_11_BANKS_2025-2015_.xlsx,22,F
bank_asia_plc,1,INCOME STATEMENT,Non-Interest Income,non_interest_income,Tk mn,2023,7532.73,7532.73,,,native_numeric,0,DATASET_11_BANKS_2025-2015_.xlsx,22,E
bank_asia_plc,1,INCOME STATEMENT,Non-Interest Income,non_interest_income,Tk mn,2024,7812.95,7812.95,,,native_numeric,0,DATASET_11_BANKS_2025-2015_.xlsx,22,D
bank_asia_plc,1,INCOME STATEMENT,Non-Interest Income,non_interest_income,Tk mn,2025,9042.32,9042.32,,,native_numeric,0,DATASET_11_BANKS_2025-2015_.xlsx,22,C
bank_asia_plc,1,INCOME STATEMENT,Net Profit After Tax,net_profit_after_tax,Tk mn,2015,N/A,,,,missing_marker,0,DATASET_11_BANKS_2025-2015_.xlsx,23,M
bank_asia_plc,1,INCOME STATEMENT,Net Profit After Tax,net_profit_after_tax,Tk mn,2016,1545.91,1545.91,,,native_numeric,0,DATASET_11_BANKS_2025-2015_.xlsx,23,L
bank_asia_plc,1,INCOME STATEMENT,Net Profit After Tax,net_profit_after_tax,Tk mn,2017,2047.53,2047.53,,,native_numeric,0,DATASET_11_BANKS_2025-2015_.xlsx,23,K
bank_asia_plc,1,INCOME STATEMENT,Net Profit After Tax,net_profit_after_tax,Tk mn,2018,2266.28,2266.28,,,native_numeric,0,DATASET_11_BANKS_2025-2015_.xlsx,23,J
bank_asia_plc,1,INCOME STATEMENT,Net Profit After Tax,net_profit_after_tax,Tk mn,2019,1960.81,1960.81,,,native_numeric,0,DATASET_11_BANKS_2025-2015_.xlsx,23,I
bank_asia_plc,1,INCOME STATEMENT,Net Profit After Tax,net_profit_after_tax,Tk mn,2020,2035.71,2035.71,,,native_numeric,0,DATASET_11_BANKS_2025-2015_.xlsx,23,H
bank_asia_plc,1,INCOME STATEMENT,Net Profit After Tax,net_profit_after_tax,Tk mn,2021,2706.74,2706.74,,,native_numeric,0,DATASET_11_BANKS_2025-2015_.xlsx,23,G
bank_asia_plc,1,INCOME STATEMENT,Net Profit After Tax,net_profit_after_tax,Tk mn,2022,3045.87,3045.87,,,native_numeric,0,DATASET_11_BANKS_2025-2015_.xlsx,23,F
bank_asia_plc,1,INCOME STATEMENT,Net Profit After Tax,net_profit_after_tax,Tk mn,2023,2395.8,2395.8,,,native_numeric,0,DATASET_11_BANKS_2025-2015_.xlsx,23,E
bank_asia_plc,1,INCOME STATEMENT,Net Profit After Tax,net_profit_after_tax,Tk mn,2024,2774.6,2774.6,,,native_numeric,0,DATASET_11_BANKS_2025-2015_.xlsx,23,D
bank_asia_plc,1,INCOME STATEMENT,Net Profit After Tax,net_profit_after_tax,Tk mn,2025,4455.82,4455.82,,,native_numeric,0,DATASET_11_BANKS_2025-2015_.xlsx,23,C
bank_asia_plc,1,PER-SHARE & PROFITABILITY,EPS,eps,BDT,2015,N/A,,,,missing_marker,0,DATASET_11_BANKS_2025-2015_.xlsx,25,M
bank_asia_plc,1,PER-SHARE & PROFITABILITY,EPS,eps,BDT,2016,1.57,1.57,,,native_numeric,0,DATASET_11_BANKS_2025-2015_.xlsx,25,L
bank_asia_plc,1,PER-SHARE & PROFITABILITY,EPS,eps,BDT,2017,1.84,1.84,,,native_numeric,0,DATASET_11_BANKS_2025-2015_.xlsx,25,K
bank_asia_plc,1,PER-SHARE & PROFITABILITY,EPS,eps,BDT,2018,1.94,1.94,,,native_numeric,0,DATASET_11_BANKS_2025-2015_.xlsx,25,J
bank_asia_plc,1,PER-SHARE & PROFITABILITY,EPS,eps,BDT,2019,1.68,1.68,,,native_numeric,0,DATASET_11_BANKS_2025-2015_.xlsx,25,I
bank_asia_plc,1,PER-SHARE & PROFITABILITY,EPS,eps,BDT,2020,1.75,1.75,,,native_numeric,0,DATASET_11_BANKS_2025-2015_.xlsx,25,H
bank_asia_plc,1,PER-SHARE & PROFITABILITY,EPS,eps,BDT,2021,2.32,2.32,,,native_numeric,0,DATASET_11_BANKS_2025-2015_.xlsx,25,G
bank_asia_plc,1,PER-SHARE & PROFITABILITY,EPS,eps,BDT,2022,2.61,2.61,,,native_numeric,0,DATASET_11_BANKS_2025-2015_.xlsx,25,F
bank_asia_plc,1,PER-SHARE & PROFITABILITY,EPS,eps,BDT,2023,1.72,1.72,,,native_numeric,0,DATASET_11_BANKS_2025-2015_.xlsx,25,E
bank_asia_plc,1,PER-SHARE & PROFITABILITY,EPS,eps,BDT,2024,1.88,1.88,,,native_numeric,0,DATASET_11_BANKS_2025-2015_.xlsx,25,D
bank_asia_plc,1,PER-SHARE & PROFITABILITY,EPS,eps,BDT,2025,3.19,3.19,,,native_numeric,0,DATASET_11_BANKS_2025-2015_.xlsx,25,C
bank_asia_plc,1,PER-SHARE & PROFITABILITY,ROA %,roa_pct,%,2015,N/A,,,percent_points,missing_marker,0,DATASET_11_BANKS_2025-2015_.xlsx,26,M
bank_asia_plc,1,PER-SHARE & PROFITABILITY,ROA %,roa_pct,%,2016,0.65,0.65,0.65,percent_points,native_numeric,0,DATASET_11_BANKS_2025-2015_.xlsx,26,L
bank_asia_plc,1,PER-SHARE & PROFITABILITY,ROA %,roa_pct,%,2017,0.76,0.76,0.76,percent_points,native_numeric,0,DATASET_11_BANKS_2025-2015_.xlsx,26,K
bank_asia_plc,1,PER-SHARE & PROFITABILITY,ROA %,roa_pct,%,2018,0.76,0.76,0.76,percent_points,native_numeric,0,DATASET_11_BANKS_2025-2015_.xlsx,26,J
bank_asia_plc,1,PER-SHARE & PROFITABILITY,ROA %,roa_pct,%,2019,0.59,0.59,0.59,percent_points,native_numeric,0,DATASET_11_BANKS_2025-2015_.xlsx,26,I
bank_asia_plc,1,PER-SHARE & PROFITABILITY,ROA %,roa_pct,%,2020,0.53,0.53,0.53,percent_points,native_numeric,0,DATASET_11_BANKS_2025-2015_.xlsx,26,H
bank_asia_plc,1,PER-SHARE & PROFITABILITY,ROA %,roa_pct,%,2021,0.64,0.64,0.64,percent_points,native_numeric,0,DATASET_11_BANKS_2025-2015_.xlsx,26,G
bank_asia_plc,1,PER-SHARE & PROFITABILITY,ROA %,roa_pct,%,2022,0.67,0.67,0.67,percent_points,native_numeric,0,DATASET_11_BANKS_2025-2015_.xlsx,26,F
bank_asia_plc,1,PER-SHARE & PROFITABILITY,ROA %,roa_pct,%,2023,0.51,0.51,0.51,percent_points,native_numeric,0,DATASET_11_BANKS_2025-2015_.xlsx,26,E
bank_asia_plc,1,PER-SHARE & PROFITABILITY,ROA %,roa_pct,%,2024,0.55,0.55,0.55,percent_points,native_numeric,0,DATASET_11_BANKS_2025-2015_.xlsx,26,D
bank_asia_plc,1,PER-SHARE & PROFITABILITY,ROA %,roa_pct,%,2025,0.79,0.79,0.79,percent_points,native_numeric,0,DATASET_11_BANKS_2025-2015_.xlsx,26,C
bank_asia_plc,1,PER-SHARE & PROFITABILITY,ROE %,roe_pct,%,2015,N/A,,,percent_points,missing_marker,0,DATASET_11_BANKS_2025-2015_.xlsx,27,M
bank_asia_plc,1,PER-SHARE & PROFITABILITY,ROE %,roe_pct,%,2016,8.13,8.13,8.13,percent_points,native_numeric,0,DATASET_11_BANKS_2025-2015_.xlsx,27,L
bank_asia_plc,1,PER-SHARE & PROFITABILITY,ROE %,roe_pct,%,2017,10.21,10.21,10.21,percent_points,native_numeric,0,DATASET_11_BANKS_2025-2015_.xlsx,27,K
bank_asia_plc,1,PER-SHARE & PROFITABILITY,ROE %,roe_pct,%,2018,10.21,10.21,10.21,percent_points,native_numeric,0,DATASET_11_BANKS_2025-2015_.xlsx,27,J
bank_asia_plc,1,PER-SHARE & PROFITABILITY,ROE %,roe_pct,%,2019,8.16,8.16,8.16,percent_points,native_numeric,0,DATASET_11_BANKS_2025-2015_.xlsx,27,I
bank_asia_plc,1,PER-SHARE & PROFITABILITY,ROE %,roe_pct,%,2020,7.81,7.81,7.81,percent_points,native_numeric,0,DATASET_11_BANKS_2025-2015_.xlsx,27,H
bank_asia_plc,1,PER-SHARE & PROFITABILITY,ROE %,roe_pct,%,2021,9.89,9.89,9.89,percent_points,native_numeric,0,DATASET_11_BANKS_2025-2015_.xlsx,27,G
bank_asia_plc,1,PER-SHARE & PROFITABILITY,ROE %,roe_pct,%,2022,10.88,10.88,10.88,percent_points,native_numeric,0,DATASET_11_BANKS_2025-2015_.xlsx,27,F
bank_asia_plc,1,PER-SHARE & PROFITABILITY,ROE %,roe_pct,%,2023,8.24,8.24,8.24,percent_points,native_numeric,0,DATASET_11_BANKS_2025-2015_.xlsx,27,E
bank_asia_plc,1,PER-SHARE & PROFITABILITY,ROE %,roe_pct,%,2024,9.04,9.04,9.04,percent_points,native_numeric,0,DATASET_11_BANKS_2025-2015_.xlsx,27,D
bank_asia_plc,1,PER-SHARE & PROFITABILITY,ROE %,roe_pct,%,2025,13.29,13.29,13.29,percent_points,native_numeric,0,DATASET_11_BANKS_2025-2015_.xlsx,27,C
bank_asia_plc,1,ASSET QUALITY,Loan-Deposit Ratio %,loan_deposit_ratio_pct,%,2015,N/A,,,percent_points,missing_marker,0,DATASET_11_BANKS_2025-2015_.xlsx,29,M
bank_asia_plc,1,ASSET QUALITY,Loan-Deposit Ratio %,loan_deposit_ratio_pct,%,2016,76.15,76.15,76.15,percent_points,native_numeric,0,DATASET_11_BANKS_2025-2015_.xlsx,29,L
bank_asia_plc,1,ASSET QUALITY,Loan-Deposit Ratio %,loan_deposit_ratio_pct,%,2017,81.88,81.88,81.88,percent_points,native_numeric,0,DATASET_11_BANKS_2025-2015_.xlsx,29,K
bank_asia_plc,1,ASSET QUALITY,Loan-Deposit Ratio %,loan_deposit_ratio_pct,%,2018,81.75,81.75,81.75,percent_points,native_numeric,0,DATASET_11_BANKS_2025-2015_.xlsx,29,J
bank_asia_plc,1,ASSET QUALITY,Loan-Deposit Ratio %,loan_deposit_ratio_pct,%,2019,76.47,76.47,76.47,percent_points,native_numeric,0,DATASET_11_BANKS_2025-2015_.xlsx,29,I
bank_asia_plc,1,ASSET QUALITY,Loan-Deposit Ratio %,loan_deposit_ratio_pct,%,2020,69.42,69.42,69.42,percent_points,native_numeric,0,DATASET_11_BANKS_2025-2015_.xlsx,29,H
bank_asia_plc,1,ASSET QUALITY,Loan-Deposit Ratio %,loan_deposit_ratio_pct,%,2021,65.58,65.58,65.58,percent_points,native_numeric,0,DATASET_11_BANKS_2025-2015_.xlsx,29,G
bank_asia_plc,1,ASSET QUALITY,Loan-Deposit Ratio %,loan_deposit_ratio_pct,%,2022,68.17,68.17,68.17,percent_points,native_numeric,0,DATASET_11_BANKS_2025-2015_.xlsx,29,F
bank_asia_plc,1,ASSET QUALITY,Loan-Deposit Ratio %,loan_deposit_ratio_pct,%,2023,72.48,72.48,72.48,percent_points,native_numeric,0,DATASET_11_BANKS_2025-2015_.xlsx,29,E
bank_asia_plc,1,ASSET QUALITY,Loan-Deposit Ratio %,loan_deposit_ratio_pct,%,2024,64.13,64.13,64.13,percent_points,native_numeric,0,DATASET_11_BANKS_2025-2015_.xlsx,29,D
bank_asia_plc,1,ASSET QUALITY,Loan-Deposit Ratio %,loan_deposit_ratio_pct,%,2025,55.77,55.77,55.77,percent_points,native_numeric,0,DATASET_11_BANKS_2025-2015_.xlsx,29,C
bank_asia_plc,1,ASSET QUALITY,NPL % (gross),npl_pct_gross,%,2015,N/A,,,percent_points,missing_marker,0,DATASET_11_BANKS_2025-2015_.xlsx,30,M
bank_asia_plc,1,ASSET QUALITY,NPL % (gross),npl_pct_gross,%,2016,5.41,5.41,5.41,percent_points,native_numeric,0,DATASET_11_BANKS_2025-2015_.xlsx,30,L
bank_asia_plc,1,ASSET QUALITY,NPL % (gross),npl_pct_gross,%,2017,4.38,4.38,4.38,percent_points,native_numeric,0,DATASET_11_BANKS_2025-2015_.xlsx,30,K
bank_asia_plc,1,ASSET QUALITY,NPL % (gross),npl_pct_gross,%,2018,4.1,4.1,4.1,percent_points,native_numeric,0,DATASET_11_BANKS_2025-2015_.xlsx,30,J
bank_asia_plc,1,ASSET QUALITY,NPL % (gross),npl_pct_gross,%,2019,4.61,4.61,4.61,percent_points,native_numeric,0,DATASET_11_BANKS_2025-2015_.xlsx,30,I
bank_asia_plc,1,ASSET QUALITY,NPL % (gross),npl_pct_gross,%,2020,3.24,3.24,3.24,percent_points,native_numeric,0,DATASET_11_BANKS_2025-2015_.xlsx,30,H
bank_asia_plc,1,ASSET QUALITY,NPL % (gross),npl_pct_gross,%,2021,5.14,5.14,5.14,percent_points,native_numeric,0,DATASET_11_BANKS_2025-2015_.xlsx,30,G
bank_asia_plc,1,ASSET QUALITY,NPL % (gross),npl_pct_gross,%,2022,4.87,4.87,4.87,percent_points,native_numeric,0,DATASET_11_BANKS_2025-2015_.xlsx,30,F
bank_asia_plc,1,ASSET QUALITY,NPL % (gross),npl_pct_gross,%,2023,6.7,6.7,6.7,percent_points,native_numeric,0,DATASET_11_BANKS_2025-2015_.xlsx,30,E
bank_asia_plc,1,ASSET QUALITY,NPL % (gross),npl_pct_gross,%,2024,11.4,11.4,11.4,percent_points,native_numeric,0,DATASET_11_BANKS_2025-2015_.xlsx,30,D
bank_asia_plc,1,ASSET QUALITY,NPL % (gross),npl_pct_gross,%,2025,8.38,8.38,8.38,percent_points,native_numeric,0,DATASET_11_BANKS_2025-2015_.xlsx,30,C
bank_asia_plc,1,ASSET QUALITY,Provision Coverage %,provision_coverage_pct,%,2015,N/A,,,percent_points_inferred,missing_marker,0,DATASET_11_BANKS_2025-2015_.xlsx,31,M
bank_asia_plc,1,ASSET QUALITY,Provision Coverage %,provision_coverage_pct,%,2016,50.8,50.8,50.8,percent_points_inferred,native_numeric,0,DATASET_11_BANKS_2025-2015_.xlsx,31,L
bank_asia_plc,1,ASSET QUALITY,Provision Coverage %,provision_coverage_pct,%,2017,43.27,43.27,43.27,percent_points_inferred,native_numeric,0,DATASET_11_BANKS_2025-2015_.xlsx,31,K
bank_asia_plc,1,ASSET QUALITY,Provision Coverage %,provision_coverage_pct,%,2018,44.19,44.19,44.19,percent_points_inferred,native_numeric,0,DATASET_11_BANKS_2025-2015_.xlsx,31,J
bank_asia_plc,1,ASSET QUALITY,Provision Coverage %,provision_coverage_pct,%,2019,43.93,43.93,43.93,percent_points_inferred,native_numeric,0,DATASET_11_BANKS_2025-2015_.xlsx,31,I
bank_asia_plc,1,ASSET QUALITY,Provision Coverage %,provision_coverage_pct,%,2020,51.96,51.96,51.96,percent_points_inferred,native_numeric,0,DATASET_11_BANKS_2025-2015_.xlsx,31,H
bank_asia_plc,1,ASSET QUALITY,Provision Coverage %,provision_coverage_pct,%,2021,54.12,54.12,54.12,percent_points_inferred,native_numeric,0,DATASET_11_BANKS_2025-2015_.xlsx,31,G
bank_asia_plc,1,ASSET QUALITY,Provision Coverage %,provision_coverage_pct,%,2022,77.79,77.79,77.79,percent_points_inferred,native_numeric,0,DATASET_11_BANKS_2025-2015_.xlsx,31,F
bank_asia_plc,1,ASSET QUALITY,Provision Coverage %,provision_coverage_pct,%,2023,80.06,80.06,80.06,percent_points_inferred,native_numeric,0,DATASET_11_BANKS_2025-2015_.xlsx,31,E
bank_asia_plc,1,ASSET QUALITY,Provision Coverage %,provision_coverage_pct,%,2024,67.75,67.75,67.75,percent_points_inferred,native_numeric,0,DATASET_11_BANKS_2025-2015_.xlsx,31,D
bank_asia_plc,1,ASSET QUALITY,Provision Coverage %,provision_coverage_pct,%,2025,91.05,91.05,91.05,percent_points_inferred,native_numeric,0,DATASET_11_BANKS_2025-2015_.xlsx,31,C
bank_asia_plc,1,CAPITAL & EFFICIENCY,CRAR % (Group),car_pct,%,2015,80.31%*,80.31,80.31,percent_points_inferred,recovered_from_text,0,DATASET_11_BANKS_2025-2015_.xlsx,33,M
bank_asia_plc,1,CAPITAL & EFFICIENCY,CRAR % (Group),car_pct,%,2016,12.42,12.42,12.42,percent_points_inferred,native_numeric,0,DATASET_11_BANKS_2025-2015_.xlsx,33,L
bank_asia_plc,1,CAPITAL & EFFICIENCY,CRAR % (Group),car_pct,%,2017,14.89,14.89,14.89,percent_points_inferred,native_numeric,0,DATASET_11_BANKS_2025-2015_.xlsx,33,K
bank_asia_plc,1,CAPITAL & EFFICIENCY,CRAR % (Group),car_pct,%,2018,15.05,15.05,15.05,percent_points_inferred,native_numeric,0,DATASET_11_BANKS_2025-2015_.xlsx,33,J
bank_asia_plc,1,CAPITAL & EFFICIENCY,CRAR % (Group),car_pct,%,2019,17.93,17.93,17.93,percent_points_inferred,native_numeric,0,DATASET_11_BANKS_2025-2015_.xlsx,33,I
bank_asia_plc,1,CAPITAL & EFFICIENCY,CRAR % (Group),car_pct,%,2020,16.93,16.93,16.93,percent_points_inferred,native_numeric,0,DATASET_11_BANKS_2025-2015_.xlsx,33,H
bank_asia_plc,1,CAPITAL & EFFICIENCY,CRAR % (Group),car_pct,%,2021,15.72,15.72,15.72,percent_points_inferred,native_numeric,0,DATASET_11_BANKS_2025-2015_.xlsx,33,G
bank_asia_plc,1,CAPITAL & EFFICIENCY,CRAR % (Group),car_pct,%,2022,17.7,17.7,17.7,percent_points_inferred,native_numeric,0,DATASET_11_BANKS_2025-2015_.xlsx,33,F
bank_asia_plc,1,CAPITAL & EFFICIENCY,CRAR % (Group),car_pct,%,2023,16.45,16.45,16.45,percent_points_inferred,native_numeric,0,DATASET_11_BANKS_2025-2015_.xlsx,33,E
bank_asia_plc,1,CAPITAL & EFFICIENCY,CRAR % (Group),car_pct,%,2024,15.61,15.61,15.61,percent_points_inferred,native_numeric,0,DATASET_11_BANKS_2025-2015_.xlsx,33,D
bank_asia_plc,1,CAPITAL & EFFICIENCY,CRAR % (Group),car_pct,%,2025,15.13,15.13,15.13,percent_points_inferred,native_numeric,0,DATASET_11_BANKS_2025-2015_.xlsx,33,C
bank_asia_plc,1,CAPITAL & EFFICIENCY,Cost-to-Income Ratio % (Group),cost_income_pct,%,2015,N/A,,,percent_points_inferred,missing_marker,0,DATASET_11_BANKS_2025-2015_.xlsx,34,M
bank_asia_plc,1,CAPITAL & EFFICIENCY,Cost-to-Income Ratio % (Group),cost_income_pct,%,2016,44.35,44.35,44.35,percent_points_inferred,native_numeric,0,DATASET_11_BANKS_2025-2015_.xlsx,34,L
bank_asia_plc,1,CAPITAL & EFFICIENCY,Cost-to-Income Ratio % (Group),cost_income_pct,%,2017,44.12,44.12,44.12,percent_points_inferred,native_numeric,0,DATASET_11_BANKS_2025-2015_.xlsx,34,K
bank_asia_plc,1,CAPITAL & EFFICIENCY,Cost-to-Income Ratio % (Group),cost_income_pct,%,2018,42.93,42.93,42.93,percent_points_inferred,native_numeric,0,DATASET_11_BANKS_2025-2015_.xlsx,34,J
bank_asia_plc,1,CAPITAL & EFFICIENCY,Cost-to-Income Ratio % (Group),cost_income_pct,%,2019,42.33,42.33,42.33,percent_points_inferred,native_numeric,0,DATASET_11_BANKS_2025-2015_.xlsx,34,I
bank_asia_plc,1,CAPITAL & EFFICIENCY,Cost-to-Income Ratio % (Group),cost_income_pct,%,2020,54.42,54.42,54.42,percent_points_inferred,native_numeric,0,DATASET_11_BANKS_2025-2015_.xlsx,34,H
bank_asia_plc,1,CAPITAL & EFFICIENCY,Cost-to-Income Ratio % (Group),cost_income_pct,%,2021,44.93,44.93,44.93,percent_points_inferred,native_numeric,0,DATASET_11_BANKS_2025-2015_.xlsx,34,G
bank_asia_plc,1,CAPITAL & EFFICIENCY,Cost-to-Income Ratio % (Group),cost_income_pct,%,2022,47.14,47.14,47.14,percent_points_inferred,native_numeric,0,DATASET_11_BANKS_2025-2015_.xlsx,34,F
bank_asia_plc,1,CAPITAL & EFFICIENCY,Cost-to-Income Ratio % (Group),cost_income_pct,%,2023,45.02,45.02,45.02,percent_points_inferred,native_numeric,0,DATASET_11_BANKS_2025-2015_.xlsx,34,E
bank_asia_plc,1,CAPITAL & EFFICIENCY,Cost-to-Income Ratio % (Group),cost_income_pct,%,2024,37.0,37.0,37.0,percent_points_inferred,native_numeric,0,DATASET_11_BANKS_2025-2015_.xlsx,34,D
bank_asia_plc,1,CAPITAL & EFFICIENCY,Cost-to-Income Ratio % (Group),cost_income_pct,%,2025,35.73,35.73,35.73,percent_points_inferred,native_numeric,0,DATASET_11_BANKS_2025-2015_.xlsx,34,C
bank_asia_plc,1,DERIVED METRICS,Estimated NPL amount (NPL% x Loans),npl_amount,Tk mn,2015,,,,,missing,1,DATASET_11_BANKS_2025-2015_.xlsx,36,M
bank_asia_plc,1,DERIVED METRICS,Estimated NPL amount (NPL% x Loans),npl_amount,Tk mn,2016,8851.29,8851.29,,,native_numeric,1,DATASET_11_BANKS_2025-2015_.xlsx,36,L
bank_asia_plc,1,DERIVED METRICS,Estimated NPL amount (NPL% x Loans),npl_amount,Tk mn,2017,8650.68,8650.68,,,native_numeric,1,DATASET_11_BANKS_2025-2015_.xlsx,36,K
bank_asia_plc,1,DERIVED METRICS,Estimated NPL amount (NPL% x Loans),npl_amount,Tk mn,2018,8799.34,8799.34,,,native_numeric,1,DATASET_11_BANKS_2025-2015_.xlsx,36,J
bank_asia_plc,1,DERIVED METRICS,Estimated NPL amount (NPL% x Loans),npl_amount,Tk mn,2019,10478.48,10478.48,,,native_numeric,1,DATASET_11_BANKS_2025-2015_.xlsx,36,I
bank_asia_plc,1,DERIVED METRICS,Estimated NPL amount (NPL% x Loans),npl_amount,Tk mn,2020,7926.4,7926.4,,,native_numeric,1,DATASET_11_BANKS_2025-2015_.xlsx,36,H
bank_asia_plc,1,DERIVED METRICS,Estimated NPL amount (NPL% x Loans),npl_amount,Tk mn,2021,13480.51,13480.51,,,native_numeric,1,DATASET_11_BANKS_2025-2015_.xlsx,36,G
bank_asia_plc,1,DERIVED METRICS,Estimated NPL amount (NPL% x Loans),npl_amount,Tk mn,2022,13532.3,13532.3,,,native_numeric,1,DATASET_11_BANKS_2025-2015_.xlsx,36,F
bank_asia_plc,1,DERIVED METRICS,Estimated NPL amount (NPL% x Loans),npl_amount,Tk mn,2023,19518.78,19518.78,,,native_numeric,1,DATASET_11_BANKS_2025-2015_.xlsx,36,E
bank_asia_plc,1,DERIVED METRICS,Estimated NPL amount (NPL% x Loans),npl_amount,Tk mn,2024,33484.72,33484.72,,,native_numeric,1,DATASET_11_BANKS_2025-2015_.xlsx,36,D
bank_asia_plc,1,DERIVED METRICS,Estimated NPL amount (NPL% x Loans),npl_amount,Tk mn,2025,24698.37,24698.37,,,native_numeric,1,DATASET_11_BANKS_2025-2015_.xlsx,36,C
bank_asia_plc,1,DERIVED METRICS,NPL / Total Assets % (estimated),npl_to_assets_pct,%,2015,N/A,,,percent_points,missing_marker,1,DATASET_11_BANKS_2025-2015_.xlsx,37,M
bank_asia_plc,1,DERIVED METRICS,NPL / Total Assets % (estimated),npl_to_assets_pct,%,2016,3.5,3.5,3.5,percent_points,native_numeric,1,DATASET_11_BANKS_2025-2015_.xlsx,37,L
bank_asia_plc,1,DERIVED METRICS,NPL / Total Assets % (estimated),npl_to_assets_pct,%,2017,2.99,2.99,2.99,percent_points,native_numeric,1,DATASET_11_BANKS_2025-2015_.xlsx,37,K
bank_asia_plc,1,DERIVED METRICS,NPL / Total Assets % (estimated),npl_to_assets_pct,%,2018,2.86,2.86,2.86,percent_points,native_numeric,1,DATASET_11_BANKS_2025-2015_.xlsx,37,J
bank_asia_plc,1,DERIVED METRICS,NPL / Total Assets % (estimated),npl_to_assets_pct,%,2019,2.96,2.96,2.96,percent_points,native_numeric,1,DATASET_11_BANKS_2025-2015_.xlsx,37,I
bank_asia_plc,1,DERIVED METRICS,NPL / Total Assets % (estimated),npl_to_assets_pct,%,2020,1.94,1.94,1.94,percent_points,native_numeric,1,DATASET_11_BANKS_2025-2015_.xlsx,37,H
bank_asia_plc,1,DERIVED METRICS,NPL / Total Assets % (estimated),npl_to_assets_pct,%,2021,3.08,3.08,3.08,percent_points,native_numeric,1,DATASET_11_BANKS_2025-2015_.xlsx,37,G
bank_asia_plc,1,DERIVED METRICS,NPL / Total Assets % (estimated),npl_to_assets_pct,%,2022,2.89,2.89,2.89,percent_points,native_numeric,1,DATASET_11_BANKS_2025-2015_.xlsx,37,F
bank_asia_plc,1,DERIVED METRICS,NPL / Total Assets % (estimated),npl_to_assets_pct,%,2023,4.12,4.12,4.12,percent_points,native_numeric,1,DATASET_11_BANKS_2025-2015_.xlsx,37,E
bank_asia_plc,1,DERIVED METRICS,NPL / Total Assets % (estimated),npl_to_assets_pct,%,2024,6.28,6.28,6.28,percent_points,native_numeric,1,DATASET_11_BANKS_2025-2015_.xlsx,37,D
bank_asia_plc,1,DERIVED METRICS,NPL / Total Assets % (estimated),npl_to_assets_pct,%,2025,4.19,4.19,4.19,percent_points,native_numeric,1,DATASET_11_BANKS_2025-2015_.xlsx,37,C
bank_asia_plc,1,DERIVED METRICS,YoY NPAT growth %,yoy_npat_growth_pct,%,2015,N/A,,,percent_points,missing_marker,0,DATASET_11_BANKS_2025-2015_.xlsx,38,M
bank_asia_plc,1,DERIVED METRICS,YoY NPAT growth %,yoy_npat_growth_pct,%,2016,N/A,,,percent_points,missing_marker,0,DATASET_11_BANKS_2025-2015_.xlsx,38,L
bank_asia_plc,1,DERIVED METRICS,YoY NPAT growth %,yoy_npat_growth_pct,%,2017,32.44,32.44,32.44,percent_points,native_numeric,0,DATASET_11_BANKS_2025-2015_.xlsx,38,K
bank_asia_plc,1,DERIVED METRICS,YoY NPAT growth %,yoy_npat_growth_pct,%,2018,10.68,10.68,10.68,percent_points,native_numeric,0,DATASET_11_BANKS_2025-2015_.xlsx,38,J
bank_asia_plc,1,DERIVED METRICS,YoY NPAT growth %,yoy_npat_growth_pct,%,2019,-13.48,-13.48,-13.48,percent_points,native_numeric,0,DATASET_11_BANKS_2025-2015_.xlsx,38,I
bank_asia_plc,1,DERIVED METRICS,YoY NPAT growth %,yoy_npat_growth_pct,%,2020,3.82,3.82,3.82,percent_points,native_numeric,0,DATASET_11_BANKS_2025-2015_.xlsx,38,H
bank_asia_plc,1,DERIVED METRICS,YoY NPAT growth %,yoy_npat_growth_pct,%,2021,32.96,32.96,32.96,percent_points,native_numeric,0,DATASET_11_BANKS_2025-2015_.xlsx,38,G
bank_asia_plc,1,DERIVED METRICS,YoY NPAT growth %,yoy_npat_growth_pct,%,2022,12.53,12.53,12.53,percent_points,native_numeric,0,DATASET_11_BANKS_2025-2015_.xlsx,38,F
bank_asia_plc,1,DERIVED METRICS,YoY NPAT growth %,yoy_npat_growth_pct,%,2023,-21.34,-21.34,-21.34,percent_points,native_numeric,0,DATASET_11_BANKS_2025-2015_.xlsx,38,E
bank_asia_plc,1,DERIVED METRICS,YoY NPAT growth %,yoy_npat_growth_pct,%,2024,15.81,15.81,15.81,percent_points,native_numeric,0,DATASET_11_BANKS_2025-2015_.xlsx,38,D
bank_asia_plc,1,DERIVED METRICS,YoY NPAT growth %,yoy_npat_growth_pct,%,2025,60.6,60.6,60.6,percent_points,native_numeric,0,DATASET_11_BANKS_2025-2015_.xlsx,38,C
bank_asia_plc,1,DERIVED METRICS,YoY Equity growth %,yoy_equity_growth_pct,%,2015,N/A,,,percent_points,missing_marker,0,DATASET_11_BANKS_2025-2015_.xlsx,39,M
bank_asia_plc,1,DERIVED METRICS,YoY Equity growth %,yoy_equity_growth_pct,%,2016,N/A,,,percent_points,missing_marker,0,DATASET_11_BANKS_2025-2015_.xlsx,39,L
bank_asia_plc,1,DERIVED METRICS,YoY Equity growth %,yoy_equity_growth_pct,%,2017,10.59,10.59,10.59,percent_points,native_numeric,0,DATASET_11_BANKS_2025-2015_.xlsx,39,K
bank_asia_plc,1,DERIVED METRICS,YoY Equity growth %,yoy_equity_growth_pct,%,2018,10.86,10.86,10.86,percent_points,native_numeric,0,DATASET_11_BANKS_2025-2015_.xlsx,39,J
bank_asia_plc,1,DERIVED METRICS,YoY Equity growth %,yoy_equity_growth_pct,%,2019,6.02,6.02,6.02,percent_points,native_numeric,0,DATASET_11_BANKS_2025-2015_.xlsx,39,I
bank_asia_plc,1,DERIVED METRICS,YoY Equity growth %,yoy_equity_growth_pct,%,2020,10.65,10.65,10.65,percent_points,native_numeric,0,DATASET_11_BANKS_2025-2015_.xlsx,39,H
bank_asia_plc,1,DERIVED METRICS,YoY Equity growth %,yoy_equity_growth_pct,%,2021,-0.09,-0.09,-0.09,percent_points,native_numeric,0,DATASET_11_BANKS_2025-2015_.xlsx,39,G
bank_asia_plc,1,DERIVED METRICS,YoY Equity growth %,yoy_equity_growth_pct,%,2022,4.69,4.69,4.69,percent_points,native_numeric,0,DATASET_11_BANKS_2025-2015_.xlsx,39,F
bank_asia_plc,1,DERIVED METRICS,YoY Equity growth %,yoy_equity_growth_pct,%,2023,3.07,3.07,3.07,percent_points,native_numeric,0,DATASET_11_BANKS_2025-2015_.xlsx,39,E
bank_asia_plc,1,DERIVED METRICS,YoY Equity growth %,yoy_equity_growth_pct,%,2024,7.87,7.87,7.87,percent_points,native_numeric,0,DATASET_11_BANKS_2025-2015_.xlsx,39,D
bank_asia_plc,1,DERIVED METRICS,YoY Equity growth %,yoy_equity_growth_pct,%,2025,10.63,10.63,10.63,percent_points,native_numeric,0,DATASET_11_BANKS_2025-2015_.xlsx,39,C
brac_bank_plc,1,BALANCE SHEET,Total Assets,total_assets,Tk mn,2015,224493.0,224493.0,,,native_numeric,0,DATASET_11_BANKS_2025-2015_.xlsx,17,M
brac_bank_plc,1,BALANCE SHEET,Total Assets,total_assets,Tk mn,2016,248605.0,248605.0,,,native_numeric,0,DATASET_11_BANKS_2025-2015_.xlsx,17,L
brac_bank_plc,1,BALANCE SHEET,Total Assets,total_assets,Tk mn,2017,279187.0,279187.0,,,native_numeric,0,DATASET_11_BANKS_2025-2015_.xlsx,17,K
brac_bank_plc,1,BALANCE SHEET,Total Assets,total_assets,Tk mn,2018,315417.0,315417.0,,,native_numeric,0,DATASET_11_BANKS_2025-2015_.xlsx,17,J
brac_bank_plc,1,BALANCE SHEET,Total Assets,total_assets,Tk mn,2019,369404.0,369404.0,,,native_numeric,0,DATASET_11_BANKS_2025-2015_.xlsx,17,I
brac_bank_plc,1,BALANCE SHEET,Total Assets,total_assets,Tk mn,2020,397502.0,397502.0,,,native_numeric,0,DATASET_11_BANKS_2025-2015_.xlsx,17,H
brac_bank_plc,1,BALANCE SHEET,Total Assets,total_assets,Tk mn,2021,449084.0,449084.0,,,native_numeric,0,DATASET_11_BANKS_2025-2015_.xlsx,17,G
brac_bank_plc,1,BALANCE SHEET,Total Assets,total_assets,Tk mn,2022,563271.0,563271.0,,,native_numeric,0,DATASET_11_BANKS_2025-2015_.xlsx,17,F
brac_bank_plc,1,BALANCE SHEET,Total Assets,total_assets,Tk mn,2023,726723.0,726723.0,,,native_numeric,0,DATASET_11_BANKS_2025-2015_.xlsx,17,E
brac_bank_plc,1,BALANCE SHEET,Total Assets,total_assets,Tk mn,2024,930133.0,930133.0,,,native_numeric,0,DATASET_11_BANKS_2025-2015_.xlsx,17,D
brac_bank_plc,1,BALANCE SHEET,Total Assets,total_assets,Tk mn,2025,1179672.0,1179672.0,,,native_numeric,0,DATASET_11_BANKS_2025-2015_.xlsx,17,C
brac_bank_plc,1,BALANCE SHEET,Loans & Advances,loans_advances_gross,Tk mn,2015,147434.0,147434.0,,,native_numeric,0,DATASET_11_BANKS_2025-2015_.xlsx,18,M
brac_bank_plc,1,BALANCE SHEET,Loans & Advances,loans_advances_gross,Tk mn,2016,173612.0,173612.0,,,native_numeric,0,DATASET_11_BANKS_2025-2015_.xlsx,18,L
brac_bank_plc,1,BALANCE SHEET,Loans & Advances,loans_advances_gross,Tk mn,2017,202559.0,202559.0,,,native_numeric,0,DATASET_11_BANKS_2025-2015_.xlsx,18,K
brac_bank_plc,1,BALANCE SHEET,Loans & Advances,loans_advances_gross,Tk mn,2018,238008.0,238008.0,,,native_numeric,0,DATASET_11_BANKS_2025-2015_.xlsx,18,J
brac_bank_plc,1,BALANCE SHEET,Loans & Advances,loans_advances_gross,Tk mn,2019,264091.0,264091.0,,,native_numeric,0,DATASET_11_BANKS_2025-2015_.xlsx,18,I
brac_bank_plc,1,BALANCE SHEET,Loans & Advances,loans_advances_gross,Tk mn,2020,273063.0,273063.0,,,native_numeric,0,DATASET_11_BANKS_2025-2015_.xlsx,18,H
brac_bank_plc,1,BALANCE SHEET,Loans & Advances,loans_advances_gross,Tk mn,2021,321212.0,321212.0,,,native_numeric,0,DATASET_11_BANKS_2025-2015_.xlsx,18,G
brac_bank_plc,1,BALANCE SHEET,Loans & Advances,loans_advances_gross,Tk mn,2022,410676.0,410676.0,,,native_numeric,0,DATASET_11_BANKS_2025-2015_.xlsx,18,F
brac_bank_plc,1,BALANCE SHEET,Loans & Advances,loans_advances_gross,Tk mn,2023,519452.0,519452.0,,,native_numeric,0,DATASET_11_BANKS_2025-2015_.xlsx,18,E
brac_bank_plc,1,BALANCE SHEET,Loans & Advances,loans_advances_gross,Tk mn,2024,623372.0,623372.0,,,native_numeric,0,DATASET_11_BANKS_2025-2015_.xlsx,18,D
brac_bank_plc,1,BALANCE SHEET,Loans & Advances,loans_advances_gross,Tk mn,2025,730659.0,730659.0,,,native_numeric,0,DATASET_11_BANKS_2025-2015_.xlsx,18,C
brac_bank_plc,1,BALANCE SHEET,Total Deposits,total_deposits,Tk mn,2015,143321.0,143321.0,,,native_numeric,0,DATASET_11_BANKS_2025-2015_.xlsx,19,M
brac_bank_plc,1,BALANCE SHEET,Total Deposits,total_deposits,Tk mn,2016,168860.0,168860.0,,,native_numeric,0,DATASET_11_BANKS_2025-2015_.xlsx,19,L
brac_bank_plc,1,BALANCE SHEET,Total Deposits,total_deposits,Tk mn,2017,196224.0,196224.0,,,native_numeric,0,DATASET_11_BANKS_2025-2015_.xlsx,19,K
brac_bank_plc,1,BALANCE SHEET,Total Deposits,total_deposits,Tk mn,2018,233509.0,233509.0,,,native_numeric,0,DATASET_11_BANKS_2025-2015_.xlsx,19,J
brac_bank_plc,1,BALANCE SHEET,Total Deposits,total_deposits,Tk mn,2019,268309.0,268309.0,,,native_numeric,0,DATASET_11_BANKS_2025-2015_.xlsx,19,I
brac_bank_plc,1,BALANCE SHEET,Total Deposits,total_deposits,Tk mn,2020,289054.0,289054.0,,,native_numeric,0,DATASET_11_BANKS_2025-2015_.xlsx,19,H
brac_bank_plc,1,BALANCE SHEET,Total Deposits,total_deposits,Tk mn,2021,314591.0,314591.0,,,native_numeric,0,DATASET_11_BANKS_2025-2015_.xlsx,19,G
brac_bank_plc,1,BALANCE SHEET,Total Deposits,total_deposits,Tk mn,2022,384467.0,384467.0,,,native_numeric,0,DATASET_11_BANKS_2025-2015_.xlsx,19,F
brac_bank_plc,1,BALANCE SHEET,Total Deposits,total_deposits,Tk mn,2023,513909.0,513909.0,,,native_numeric,0,DATASET_11_BANKS_2025-2015_.xlsx,19,E
brac_bank_plc,1,BALANCE SHEET,Total Deposits,total_deposits,Tk mn,2024,689433.0,689433.0,,,native_numeric,0,DATASET_11_BANKS_2025-2015_.xlsx,19,D
brac_bank_plc,1,BALANCE SHEET,Total Deposits,total_deposits,Tk mn,2025,889517.0,889517.0,,,native_numeric,0,DATASET_11_BANKS_2025-2015_.xlsx,19,C
brac_bank_plc,1,BALANCE SHEET,Shareholders' Equity,shareholders_equity,Tk mn,2015,18815.0,18815.0,,,native_numeric,0,DATASET_11_BANKS_2025-2015_.xlsx,20,M
brac_bank_plc,1,BALANCE SHEET,Shareholders' Equity,shareholders_equity,Tk mn,2016,21441.0,21441.0,,,native_numeric,0,DATASET_11_BANKS_2025-2015_.xlsx,20,L
brac_bank_plc,1,BALANCE SHEET,Shareholders' Equity,shareholders_equity,Tk mn,2017,25991.0,25991.0,,,native_numeric,0,DATASET_11_BANKS_2025-2015_.xlsx,20,K
brac_bank_plc,1,BALANCE SHEET,Shareholders' Equity,shareholders_equity,Tk mn,2018,31638.0,31638.0,,,native_numeric,0,DATASET_11_BANKS_2025-2015_.xlsx,20,J
brac_bank_plc,1,BALANCE SHEET,Shareholders' Equity,shareholders_equity,Tk mn,2019,38919.0,38919.0,,,native_numeric,0,DATASET_11_BANKS_2025-2015_.xlsx,20,I
brac_bank_plc,1,BALANCE SHEET,Shareholders' Equity,shareholders_equity,Tk mn,2020,46955.0,46955.0,,,native_numeric,0,DATASET_11_BANKS_2025-2015_.xlsx,20,H
brac_bank_plc,1,BALANCE SHEET,Shareholders' Equity,shareholders_equity,Tk mn,2021,54419.0,54419.0,,,native_numeric,0,DATASET_11_BANKS_2025-2015_.xlsx,20,G
brac_bank_plc,1,BALANCE SHEET,Shareholders' Equity,shareholders_equity,Tk mn,2022,58418.0,58418.0,,,native_numeric,0,DATASET_11_BANKS_2025-2015_.xlsx,20,F
brac_bank_plc,1,BALANCE SHEET,Shareholders' Equity,shareholders_equity,Tk mn,2023,63782.0,63782.0,,,native_numeric,0,DATASET_11_BANKS_2025-2015_.xlsx,20,E
brac_bank_plc,1,BALANCE SHEET,Shareholders' Equity,shareholders_equity,Tk mn,2024,75797.0,75797.0,,,native_numeric,0,DATASET_11_BANKS_2025-2015_.xlsx,20,D
brac_bank_plc,1,BALANCE SHEET,Shareholders' Equity,shareholders_equity,Tk mn,2025,99702.0,99702.0,,,native_numeric,0,DATASET_11_BANKS_2025-2015_.xlsx,20,C
brac_bank_plc,1,INCOME STATEMENT,Net Interest Income,net_interest_income,Tk mn,2015,8716.0,8716.0,,,native_numeric,0,DATASET_11_BANKS_2025-2015_.xlsx,22,M
brac_bank_plc,1,INCOME STATEMENT,Net Interest Income,net_interest_income,Tk mn,2016,10806.0,10806.0,,,native_numeric,0,DATASET_11_BANKS_2025-2015_.xlsx,22,L
brac_bank_plc,1,INCOME STATEMENT,Net Interest Income,net_interest_income,Tk mn,2017,12147.0,12147.0,,,native_numeric,0,DATASET_11_BANKS_2025-2015_.xlsx,22,K
brac_bank_plc,1,INCOME STATEMENT,Net Interest Income,net_interest_income,Tk mn,2018,13538.0,13538.0,,,native_numeric,0,DATASET_11_BANKS_2025-2015_.xlsx,22,J
brac_bank_plc,1,INCOME STATEMENT,Net Interest Income,net_interest_income,Tk mn,2019,15038.0,15038.0,,,native_numeric,0,DATASET_11_BANKS_2025-2015_.xlsx,22,I
brac_bank_plc,1,INCOME STATEMENT,Net Interest Income,net_interest_income,Tk mn,2020,11380.0,11380.0,,,native_numeric,0,DATASET_11_BANKS_2025-2015_.xlsx,22,H
brac_bank_plc,1,INCOME STATEMENT,Net Interest Income,net_interest_income,Tk mn,2021,13997.0,13997.0,,,native_numeric,0,DATASET_11_BANKS_2025-2015_.xlsx,22,G
brac_bank_plc,1,INCOME STATEMENT,Net Interest Income,net_interest_income,Tk mn,2022,15235.0,15235.0,,,native_numeric,0,DATASET_11_BANKS_2025-2015_.xlsx,22,F
brac_bank_plc,1,INCOME STATEMENT,Net Interest Income,net_interest_income,Tk mn,2023,17719.0,17719.0,,,native_numeric,0,DATASET_11_BANKS_2025-2015_.xlsx,22,E
brac_bank_plc,1,INCOME STATEMENT,Net Interest Income,net_interest_income,Tk mn,2024,13461.0,13461.0,,,native_numeric,0,DATASET_11_BANKS_2025-2015_.xlsx,22,D
brac_bank_plc,1,INCOME STATEMENT,Net Interest Income,net_interest_income,Tk mn,2025,11778.0,11778.0,,,native_numeric,0,DATASET_11_BANKS_2025-2015_.xlsx,22,C
brac_bank_plc,1,INCOME STATEMENT,Non-Interest Income,non_interest_income,Tk mn,2015,3960.0,3960.0,,,native_numeric,0,DATASET_11_BANKS_2025-2015_.xlsx,23,M
brac_bank_plc,1,INCOME STATEMENT,Non-Interest Income,non_interest_income,Tk mn,2016,2661.0,2661.0,,,native_numeric,0,DATASET_11_BANKS_2025-2015_.xlsx,23,L
brac_bank_plc,1,INCOME STATEMENT,Non-Interest Income,non_interest_income,Tk mn,2017,2981.0,2981.0,,,native_numeric,0,DATASET_11_BANKS_2025-2015_.xlsx,23,K
brac_bank_plc,1,INCOME STATEMENT,Non-Interest Income,non_interest_income,Tk mn,2018,2666.0,2666.0,,,native_numeric,0,DATASET_11_BANKS_2025-2015_.xlsx,23,J
brac_bank_plc,1,INCOME STATEMENT,Non-Interest Income,non_interest_income,Tk mn,2019,3279.0,3279.0,,,native_numeric,0,DATASET_11_BANKS_2025-2015_.xlsx,23,I
brac_bank_plc,1,INCOME STATEMENT,Non-Interest Income,non_interest_income,Tk mn,2020,2672.0,2672.0,,,native_numeric,0,DATASET_11_BANKS_2025-2015_.xlsx,23,H
brac_bank_plc,1,INCOME STATEMENT,Non-Interest Income,non_interest_income,Tk mn,2021,3586.0,3586.0,,,native_numeric,0,DATASET_11_BANKS_2025-2015_.xlsx,23,G
brac_bank_plc,1,INCOME STATEMENT,Non-Interest Income,non_interest_income,Tk mn,2022,6152.0,6152.0,,,native_numeric,0,DATASET_11_BANKS_2025-2015_.xlsx,23,F
brac_bank_plc,1,INCOME STATEMENT,Non-Interest Income,non_interest_income,Tk mn,2023,6317.0,6317.0,,,native_numeric,0,DATASET_11_BANKS_2025-2015_.xlsx,23,E
brac_bank_plc,1,INCOME STATEMENT,Non-Interest Income,non_interest_income,Tk mn,2024,9524.0,9524.0,,,native_numeric,0,DATASET_11_BANKS_2025-2015_.xlsx,23,D
brac_bank_plc,1,INCOME STATEMENT,Non-Interest Income,non_interest_income,Tk mn,2025,8233.0,8233.0,,,native_numeric,0,DATASET_11_BANKS_2025-2015_.xlsx,23,C
brac_bank_plc,1,INCOME STATEMENT,Net Profit After Tax,net_profit_after_tax,Tk mn,2015,2435.0,2435.0,,,native_numeric,0,DATASET_11_BANKS_2025-2015_.xlsx,24,M
brac_bank_plc,1,INCOME STATEMENT,Net Profit After Tax,net_profit_after_tax,Tk mn,2016,4460.0,4460.0,,,native_numeric,0,DATASET_11_BANKS_2025-2015_.xlsx,24,L
brac_bank_plc,1,INCOME STATEMENT,Net Profit After Tax,net_profit_after_tax,Tk mn,2017,5250.0,5250.0,,,native_numeric,0,DATASET_11_BANKS_2025-2015_.xlsx,24,K
brac_bank_plc,1,INCOME STATEMENT,Net Profit After Tax,net_profit_after_tax,Tk mn,2018,5547.0,5547.0,,,native_numeric,0,DATASET_11_BANKS_2025-2015_.xlsx,24,J
brac_bank_plc,1,INCOME STATEMENT,Net Profit After Tax,net_profit_after_tax,Tk mn,2019,5646.0,5646.0,,,native_numeric,0,DATASET_11_BANKS_2025-2015_.xlsx,24,I
brac_bank_plc,1,INCOME STATEMENT,Net Profit After Tax,net_profit_after_tax,Tk mn,2020,4541.0,4541.0,,,native_numeric,0,DATASET_11_BANKS_2025-2015_.xlsx,24,H
brac_bank_plc,1,INCOME STATEMENT,Net Profit After Tax,net_profit_after_tax,Tk mn,2021,5547.0,5547.0,,,native_numeric,0,DATASET_11_BANKS_2025-2015_.xlsx,24,G
brac_bank_plc,1,INCOME STATEMENT,Net Profit After Tax,net_profit_after_tax,Tk mn,2022,5763.0,5763.0,,,native_numeric,0,DATASET_11_BANKS_2025-2015_.xlsx,24,F
brac_bank_plc,1,INCOME STATEMENT,Net Profit After Tax,net_profit_after_tax,Tk mn,2023,7304.0,7304.0,,,native_numeric,0,DATASET_11_BANKS_2025-2015_.xlsx,24,E
brac_bank_plc,1,INCOME STATEMENT,Net Profit After Tax,net_profit_after_tax,Tk mn,2024,12136.0,12136.0,,,native_numeric,0,DATASET_11_BANKS_2025-2015_.xlsx,24,D
brac_bank_plc,1,INCOME STATEMENT,Net Profit After Tax,net_profit_after_tax,Tk mn,2025,15809.0,15809.0,,,native_numeric,0,DATASET_11_BANKS_2025-2015_.xlsx,24,C
brac_bank_plc,1,PER-SHARE & PROFITABILITY,EPS,eps,BDT,2015,3.43,3.43,,,native_numeric,0,DATASET_11_BANKS_2025-2015_.xlsx,26,M
brac_bank_plc,1,PER-SHARE & PROFITABILITY,EPS,eps,BDT,2016,5.23,5.23,,,native_numeric,0,DATASET_11_BANKS_2025-2015_.xlsx,26,L
brac_bank_plc,1,PER-SHARE & PROFITABILITY,EPS,eps,BDT,2017,4.91,4.91,,,native_numeric,0,DATASET_11_BANKS_2025-2015_.xlsx,26,K
brac_bank_plc,1,PER-SHARE & PROFITABILITY,EPS,eps,BDT,2018,4.5,4.5,,,native_numeric,0,DATASET_11_BANKS_2025-2015_.xlsx,26,J
brac_bank_plc,1,PER-SHARE & PROFITABILITY,EPS,eps,BDT,2019,4.26,4.26,,,native_numeric,0,DATASET_11_BANKS_2025-2015_.xlsx,26,I
brac_bank_plc,1,PER-SHARE & PROFITABILITY,EPS,eps,BDT,2020,3.42,3.42,,,native_numeric,0,DATASET_11_BANKS_2025-2015_.xlsx,26,H
brac_bank_plc,1,PER-SHARE & PROFITABILITY,EPS,eps,BDT,2021,3.71,3.71,,,native_numeric,0,DATASET_11_BANKS_2025-2015_.xlsx,26,G
brac_bank_plc,1,PER-SHARE & PROFITABILITY,EPS,eps,BDT,2022,3.58,3.58,,,native_numeric,0,DATASET_11_BANKS_2025-2015_.xlsx,26,F
brac_bank_plc,1,PER-SHARE & PROFITABILITY,EPS,eps,BDT,2023,4.13,4.13,,,native_numeric,0,DATASET_11_BANKS_2025-2015_.xlsx,26,E
brac_bank_plc,1,PER-SHARE & PROFITABILITY,EPS,eps,BDT,2024,6.1,6.1,,,native_numeric,0,DATASET_11_BANKS_2025-2015_.xlsx,26,D
brac_bank_plc,1,PER-SHARE & PROFITABILITY,EPS,eps,BDT,2025,7.94,7.94,,,native_numeric,0,DATASET_11_BANKS_2025-2015_.xlsx,26,C
brac_bank_plc,1,PER-SHARE & PROFITABILITY,ROA %,roa_pct,%,2015,1.13,1.13,1.13,percent_points,native_numeric,0,DATASET_11_BANKS_2025-2015_.xlsx,27,M
brac_bank_plc,1,PER-SHARE & PROFITABILITY,ROA %,roa_pct,%,2016,1.89,1.89,1.89,percent_points,native_numeric,0,DATASET_11_BANKS_2025-2015_.xlsx,27,L
brac_bank_plc,1,PER-SHARE & PROFITABILITY,ROA %,roa_pct,%,2017,2.02,2.02,2.02,percent_points,native_numeric,0,DATASET_11_BANKS_2025-2015_.xlsx,27,K
brac_bank_plc,1,PER-SHARE & PROFITABILITY,ROA %,roa_pct,%,2018,1.87,1.87,1.87,percent_points,native_numeric,0,DATASET_11_BANKS_2025-2015_.xlsx,27,J
brac_bank_plc,1,PER-SHARE & PROFITABILITY,ROA %,roa_pct,%,2019,1.64,1.64,1.64,percent_points,native_numeric,0,DATASET_11_BANKS_2025-2015_.xlsx,27,I
brac_bank_plc,1,PER-SHARE & PROFITABILITY,ROA %,roa_pct,%,2020,1.18,1.18,1.18,percent_points,native_numeric,0,DATASET_11_BANKS_2025-2015_.xlsx,27,H
brac_bank_plc,1,PER-SHARE & PROFITABILITY,ROA %,roa_pct,%,2021,1.31,1.31,1.31,percent_points,native_numeric,0,DATASET_11_BANKS_2025-2015_.xlsx,27,G
brac_bank_plc,1,PER-SHARE & PROFITABILITY,ROA %,roa_pct,%,2022,1.14,1.14,1.14,percent_points,native_numeric,0,DATASET_11_BANKS_2025-2015_.xlsx,27,F
brac_bank_plc,1,PER-SHARE & PROFITABILITY,ROA %,roa_pct,%,2023,1.13,1.13,1.13,percent_points,native_numeric,0,DATASET_11_BANKS_2025-2015_.xlsx,27,E
brac_bank_plc,1,PER-SHARE & PROFITABILITY,ROA %,roa_pct,%,2024,1.46,1.46,1.46,percent_points,native_numeric,0,DATASET_11_BANKS_2025-2015_.xlsx,27,D
brac_bank_plc,1,PER-SHARE & PROFITABILITY,ROA %,roa_pct,%,2025,1.5,1.5,1.5,percent_points,native_numeric,0,DATASET_11_BANKS_2025-2015_.xlsx,27,C
brac_bank_plc,1,PER-SHARE & PROFITABILITY,ROE %,roe_pct,%,2015,13.32,13.32,13.32,percent_points,native_numeric,0,DATASET_11_BANKS_2025-2015_.xlsx,28,M
brac_bank_plc,1,PER-SHARE & PROFITABILITY,ROE %,roe_pct,%,2016,22.16,22.16,22.16,percent_points,native_numeric,0,DATASET_11_BANKS_2025-2015_.xlsx,28,L
brac_bank_plc,1,PER-SHARE & PROFITABILITY,ROE %,roe_pct,%,2017,22.14,22.14,22.14,percent_points,native_numeric,0,DATASET_11_BANKS_2025-2015_.xlsx,28,K
brac_bank_plc,1,PER-SHARE & PROFITABILITY,ROE %,roe_pct,%,2018,19.25,19.25,19.25,percent_points,native_numeric,0,DATASET_11_BANKS_2025-2015_.xlsx,28,J
brac_bank_plc,1,PER-SHARE & PROFITABILITY,ROE %,roe_pct,%,2019,15.6,15.6,15.6,percent_points,native_numeric,0,DATASET_11_BANKS_2025-2015_.xlsx,28,I
brac_bank_plc,1,PER-SHARE & PROFITABILITY,ROE %,roe_pct,%,2020,10.58,10.58,10.58,percent_points,native_numeric,0,DATASET_11_BANKS_2025-2015_.xlsx,28,H
brac_bank_plc,1,PER-SHARE & PROFITABILITY,ROE %,roe_pct,%,2021,11.0,11.0,11.0,percent_points,native_numeric,0,DATASET_11_BANKS_2025-2015_.xlsx,28,G
brac_bank_plc,1,PER-SHARE & PROFITABILITY,ROE %,roe_pct,%,2022,10.22,10.22,10.22,percent_points,native_numeric,0,DATASET_11_BANKS_2025-2015_.xlsx,28,F
brac_bank_plc,1,PER-SHARE & PROFITABILITY,ROE %,roe_pct,%,2023,11.95,11.95,11.95,percent_points,native_numeric,0,DATASET_11_BANKS_2025-2015_.xlsx,28,E
brac_bank_plc,1,PER-SHARE & PROFITABILITY,ROE %,roe_pct,%,2024,17.36,17.36,17.36,percent_points,native_numeric,0,DATASET_11_BANKS_2025-2015_.xlsx,28,D
brac_bank_plc,1,PER-SHARE & PROFITABILITY,ROE %,roe_pct,%,2025,18.02,18.02,18.02,percent_points,native_numeric,0,DATASET_11_BANKS_2025-2015_.xlsx,28,C
brac_bank_plc,1,ASSET QUALITY,Loan-Deposit Ratio %,loan_deposit_ratio_pct,%,2015,82.24,82.24,82.24,percent_points,native_numeric,0,DATASET_11_BANKS_2025-2015_.xlsx,30,M
brac_bank_plc,1,ASSET QUALITY,Loan-Deposit Ratio %,loan_deposit_ratio_pct,%,2016,83.47,83.47,83.47,percent_points,native_numeric,0,DATASET_11_BANKS_2025-2015_.xlsx,30,L
brac_bank_plc,1,ASSET QUALITY,Loan-Deposit Ratio %,loan_deposit_ratio_pct,%,2017,83.39,83.39,83.39,percent_points,native_numeric,0,DATASET_11_BANKS_2025-2015_.xlsx,30,K
brac_bank_plc,1,ASSET QUALITY,Loan-Deposit Ratio %,loan_deposit_ratio_pct,%,2018,82.78,82.78,82.78,percent_points,native_numeric,0,DATASET_11_BANKS_2025-2015_.xlsx,30,J
brac_bank_plc,1,ASSET QUALITY,Loan-Deposit Ratio %,loan_deposit_ratio_pct,%,2019,82.1,82.1,82.1,percent_points,native_numeric,0,DATASET_11_BANKS_2025-2015_.xlsx,30,I
brac_bank_plc,1,ASSET QUALITY,Loan-Deposit Ratio %,loan_deposit_ratio_pct,%,2020,76.69,76.69,76.69,percent_points,native_numeric,0,DATASET_11_BANKS_2025-2015_.xlsx,30,H
brac_bank_plc,1,ASSET QUALITY,Loan-Deposit Ratio %,loan_deposit_ratio_pct,%,2021,81.86,81.86,81.86,percent_points,native_numeric,0,DATASET_11_BANKS_2025-2015_.xlsx,30,G
brac_bank_plc,1,ASSET QUALITY,Loan-Deposit Ratio %,loan_deposit_ratio_pct,%,2022,79.94,79.94,79.94,percent_points,native_numeric,0,DATASET_11_BANKS_2025-2015_.xlsx,30,F
brac_bank_plc,1,ASSET QUALITY,Loan-Deposit Ratio %,loan_deposit_ratio_pct,%,2023,74.29,74.29,74.29,percent_points,native_numeric,0,DATASET_11_BANKS_2025-2015_.xlsx,30,E
brac_bank_plc,1,ASSET QUALITY,Loan-Deposit Ratio %,loan_deposit_ratio_pct,%,2024,70.75,70.75,70.75,percent_points,native_numeric,0,DATASET_11_BANKS_2025-2015_.xlsx,30,D
brac_bank_plc,1,ASSET QUALITY,Loan-Deposit Ratio %,loan_deposit_ratio_pct,%,2025,63.48,63.48,63.48,percent_points,native_numeric,0,DATASET_11_BANKS_2025-2015_.xlsx,30,C
brac_bank_plc,1,ASSET QUALITY,NPL % (gross),npl_pct_gross,%,2015,5.99,5.99,5.99,percent_points,native_numeric,0,DATASET_11_BANKS_2025-2015_.xlsx,31,M
brac_bank_plc,1,ASSET QUALITY,NPL % (gross),npl_pct_gross,%,2016,3.4,3.4,3.4,percent_points,native_numeric,0,DATASET_11_BANKS_2025-2015_.xlsx,31,L
brac_bank_plc,1,ASSET QUALITY,NPL % (gross),npl_pct_gross,%,2017,3.56,3.56,3.56,percent_points,native_numeric,0,DATASET_11_BANKS_2025-2015_.xlsx,31,K
brac_bank_plc,1,ASSET QUALITY,NPL % (gross),npl_pct_gross,%,2018,3.1,3.1,3.1,percent_points,native_numeric,0,DATASET_11_BANKS_2025-2015_.xlsx,31,J
brac_bank_plc,1,ASSET QUALITY,NPL % (gross),npl_pct_gross,%,2019,3.99,3.99,3.99,percent_points,native_numeric,0,DATASET_11_BANKS_2025-2015_.xlsx,31,I
brac_bank_plc,1,ASSET QUALITY,NPL % (gross),npl_pct_gross,%,2020,2.93,2.93,2.93,percent_points,native_numeric,0,DATASET_11_BANKS_2025-2015_.xlsx,31,H
brac_bank_plc,1,ASSET QUALITY,NPL % (gross),npl_pct_gross,%,2021,3.9,3.9,3.9,percent_points,native_numeric,0,DATASET_11_BANKS_2025-2015_.xlsx,31,G
brac_bank_plc,1,ASSET QUALITY,NPL % (gross),npl_pct_gross,%,2022,3.72,3.72,3.72,percent_points,native_numeric,0,DATASET_11_BANKS_2025-2015_.xlsx,31,F
brac_bank_plc,1,ASSET QUALITY,NPL % (gross),npl_pct_gross,%,2023,3.38,3.38,3.38,percent_points,native_numeric,0,DATASET_11_BANKS_2025-2015_.xlsx,31,E
brac_bank_plc,1,ASSET QUALITY,NPL % (gross),npl_pct_gross,%,2024,2.63,2.63,2.63,percent_points,native_numeric,0,DATASET_11_BANKS_2025-2015_.xlsx,31,D
brac_bank_plc,1,ASSET QUALITY,NPL % (gross),npl_pct_gross,%,2025,2.27,2.27,2.27,percent_points,native_numeric,0,DATASET_11_BANKS_2025-2015_.xlsx,31,C
brac_bank_plc,1,ASSET QUALITY,Provision Coverage %,provision_coverage_pct,%,2015,77.94,77.94,77.94,percent_points_inferred,native_numeric,0,DATASET_11_BANKS_2025-2015_.xlsx,32,M
brac_bank_plc,1,ASSET QUALITY,Provision Coverage %,provision_coverage_pct,%,2016,94.0,94.0,94.0,percent_points_inferred,native_numeric,0,DATASET_11_BANKS_2025-2015_.xlsx,32,L
brac_bank_plc,1,ASSET QUALITY,Provision Coverage %,provision_coverage_pct,%,2017,86.0,86.0,86.0,percent_points_inferred,native_numeric,0,DATASET_11_BANKS_2025-2015_.xlsx,32,K
brac_bank_plc,1,ASSET QUALITY,Provision Coverage %,provision_coverage_pct,%,2018,76.0,76.0,76.0,percent_points_inferred,native_numeric,0,DATASET_11_BANKS_2025-2015_.xlsx,32,J
brac_bank_plc,1,ASSET QUALITY,Provision Coverage %,provision_coverage_pct,%,2019,65.0,65.0,65.0,percent_points_inferred,native_numeric,0,DATASET_11_BANKS_2025-2015_.xlsx,32,I
brac_bank_plc,1,ASSET QUALITY,Provision Coverage %,provision_coverage_pct,%,2020,114.0,114.0,114.0,percent_points_inferred,native_numeric,0,DATASET_11_BANKS_2025-2015_.xlsx,32,H
brac_bank_plc,1,ASSET QUALITY,Provision Coverage %,provision_coverage_pct,%,2021,108.0,108.0,108.0,percent_points_inferred,native_numeric,0,DATASET_11_BANKS_2025-2015_.xlsx,32,G
brac_bank_plc,1,ASSET QUALITY,Provision Coverage %,provision_coverage_pct,%,2022,99.0,99.0,99.0,percent_points_inferred,native_numeric,0,DATASET_11_BANKS_2025-2015_.xlsx,32,F
brac_bank_plc,1,ASSET QUALITY,Provision Coverage %,provision_coverage_pct,%,2023,102.0,102.0,102.0,percent_points_inferred,native_numeric,0,DATASET_11_BANKS_2025-2015_.xlsx,32,E
brac_bank_plc,1,ASSET QUALITY,Provision Coverage %,provision_coverage_pct,%,2024,120.0,120.0,120.0,percent_points_inferred,native_numeric,0,DATASET_11_BANKS_2025-2015_.xlsx,32,D
brac_bank_plc,1,ASSET QUALITY,Provision Coverage %,provision_coverage_pct,%,2025,120.0,120.0,120.0,percent_points_inferred,native_numeric,0,DATASET_11_BANKS_2025-2015_.xlsx,32,C
brac_bank_plc,1,CAPITAL & EFFICIENCY,CRAR % (Group),car_pct,%,2015,12.29,12.29,12.29,percent_points_inferred,native_numeric,0,DATASET_11_BANKS_2025-2015_.xlsx,34,M
brac_bank_plc,1,CAPITAL & EFFICIENCY,CRAR % (Group),car_pct,%,2016,12.06,12.06,12.06,percent_points_inferred,native_numeric,0,DATASET_11_BANKS_2025-2015_.xlsx,34,L
brac_bank_plc,1,CAPITAL & EFFICIENCY,CRAR % (Group),car_pct,%,2017,11.97,11.97,11.97,percent_points_inferred,native_numeric,0,DATASET_11_BANKS_2025-2015_.xlsx,34,K
brac_bank_plc,1,CAPITAL & EFFICIENCY,CRAR % (Group),car_pct,%,2018,15.7,15.7,15.7,percent_points_inferred,native_numeric,0,DATASET_11_BANKS_2025-2015_.xlsx,34,J
brac_bank_plc,1,CAPITAL & EFFICIENCY,CRAR % (Group),car_pct,%,2019,16.16,16.16,16.16,percent_points_inferred,native_numeric,0,DATASET_11_BANKS_2025-2015_.xlsx,34,I
brac_bank_plc,1,CAPITAL & EFFICIENCY,CRAR % (Group),car_pct,%,2020,15.13,15.13,15.13,percent_points_inferred,native_numeric,0,DATASET_11_BANKS_2025-2015_.xlsx,34,H
brac_bank_plc,1,CAPITAL & EFFICIENCY,CRAR % (Group),car_pct,%,2021,20.42,20.42,20.42,percent_points_inferred,native_numeric,0,DATASET_11_BANKS_2025-2015_.xlsx,34,G
brac_bank_plc,1,CAPITAL & EFFICIENCY,CRAR % (Group),car_pct,%,2022,19.38,19.38,19.38,percent_points_inferred,native_numeric,0,DATASET_11_BANKS_2025-2015_.xlsx,34,F
brac_bank_plc,1,CAPITAL & EFFICIENCY,CRAR % (Group),car_pct,%,2023,18.6,18.6,18.6,percent_points_inferred,native_numeric,0,DATASET_11_BANKS_2025-2015_.xlsx,34,E
brac_bank_plc,1,CAPITAL & EFFICIENCY,CRAR % (Group),car_pct,%,2024,19.05,19.05,19.05,percent_points_inferred,native_numeric,0,DATASET_11_BANKS_2025-2015_.xlsx,34,D
brac_bank_plc,1,CAPITAL & EFFICIENCY,CRAR % (Group),car_pct,%,2025,19.64,19.64,19.64,percent_points_inferred,native_numeric,0,DATASET_11_BANKS_2025-2015_.xlsx,34,C
brac_bank_plc,1,CAPITAL & EFFICIENCY,Cost-to-Income Ratio % (Group),cost_income_pct,%,2015,56.29,56.29,56.29,percent_points_inferred,native_numeric,0,DATASET_11_BANKS_2025-2015_.xlsx,35,M
brac_bank_plc,1,CAPITAL & EFFICIENCY,Cost-to-Income Ratio % (Group),cost_income_pct,%,2016,57.0,57.0,57.0,percent_points_inferred,native_numeric,0,DATASET_11_BANKS_2025-2015_.xlsx,35,L
brac_bank_plc,1,CAPITAL & EFFICIENCY,Cost-to-Income Ratio % (Group),cost_income_pct,%,2017,60.0,60.0,60.0,percent_points_inferred,native_numeric,0,DATASET_11_BANKS_2025-2015_.xlsx,35,K
brac_bank_plc,1,CAPITAL & EFFICIENCY,Cost-to-Income Ratio % (Group),cost_income_pct,%,2018,64.0,64.0,64.0,percent_points_inferred,native_numeric,0,DATASET_11_BANKS_2025-2015_.xlsx,35,J
brac_bank_plc,1,CAPITAL & EFFICIENCY,Cost-to-Income Ratio % (Group),cost_income_pct,%,2019,68.0,68.0,68.0,percent_points_inferred,native_numeric,0,DATASET_11_BANKS_2025-2015_.xlsx,35,I
brac_bank_plc,1,CAPITAL & EFFICIENCY,Cost-to-Income Ratio % (Group),cost_income_pct,%,2020,71.0,71.0,71.0,percent_points_inferred,native_numeric,0,DATASET_11_BANKS_2025-2015_.xlsx,35,H
brac_bank_plc,1,CAPITAL & EFFICIENCY,Cost-to-Income Ratio % (Group),cost_income_pct,%,2021,68.0,68.0,68.0,percent_points_inferred,native_numeric,0,DATASET_11_BANKS_2025-2015_.xlsx,35,G
brac_bank_plc,1,CAPITAL & EFFICIENCY,Cost-to-Income Ratio % (Group),cost_income_pct,%,2022,70.0,70.0,70.0,percent_points_inferred,native_numeric,0,DATASET_11_BANKS_2025-2015_.xlsx,35,F
brac_bank_plc,1,CAPITAL & EFFICIENCY,Cost-to-Income Ratio % (Group),cost_income_pct,%,2023,66.0,66.0,66.0,percent_points_inferred,native_numeric,0,DATASET_11_BANKS_2025-2015_.xlsx,35,E
brac_bank_plc,1,CAPITAL & EFFICIENCY,Cost-to-Income Ratio % (Group),cost_income_pct,%,2024,57.0,57.0,57.0,percent_points_inferred,native_numeric,0,DATASET_11_BANKS_2025-2015_.xlsx,35,D
brac_bank_plc,1,CAPITAL & EFFICIENCY,Cost-to-Income Ratio % (Group),cost_income_pct,%,2025,52.0,52.0,52.0,percent_points_inferred,native_numeric,0,DATASET_11_BANKS_2025-2015_.xlsx,35,C
brac_bank_plc,1,DERIVED METRICS,Estimated NPL amount (NPL% x Loans),npl_amount,Tk mn,2015,8831.3,8831.3,,,native_numeric,1,DATASET_11_BANKS_2025-2015_.xlsx,37,M
brac_bank_plc,1,DERIVED METRICS,Estimated NPL amount (NPL% x Loans),npl_amount,Tk mn,2016,5902.8,5902.8,,,native_numeric,1,DATASET_11_BANKS_2025-2015_.xlsx,37,L
brac_bank_plc,1,DERIVED METRICS,Estimated NPL amount (NPL% x Loans),npl_amount,Tk mn,2017,7211.1,7211.1,,,native_numeric,1,DATASET_11_BANKS_2025-2015_.xlsx,37,K
brac_bank_plc,1,DERIVED METRICS,Estimated NPL amount (NPL% x Loans),npl_amount,Tk mn,2018,7378.3,7378.3,,,native_numeric,1,DATASET_11_BANKS_2025-2015_.xlsx,37,J
brac_bank_plc,1,DERIVED METRICS,Estimated NPL amount (NPL% x Loans),npl_amount,Tk mn,2019,10537.2,10537.2,,,native_numeric,1,DATASET_11_BANKS_2025-2015_.xlsx,37,I
brac_bank_plc,1,DERIVED METRICS,Estimated NPL amount (NPL% x Loans),npl_amount,Tk mn,2020,8000.8,8000.8,,,native_numeric,1,DATASET_11_BANKS_2025-2015_.xlsx,37,H
brac_bank_plc,1,DERIVED METRICS,Estimated NPL amount (NPL% x Loans),npl_amount,Tk mn,2021,12527.3,12527.3,,,native_numeric,1,DATASET_11_BANKS_2025-2015_.xlsx,37,G
brac_bank_plc,1,DERIVED METRICS,Estimated NPL amount (NPL% x Loans),npl_amount,Tk mn,2022,15277.2,15277.2,,,native_numeric,1,DATASET_11_BANKS_2025-2015_.xlsx,37,F
brac_bank_plc,1,DERIVED METRICS,Estimated NPL amount (NPL% x Loans),npl_amount,Tk mn,2023,17557.5,17557.5,,,native_numeric,1,DATASET_11_BANKS_2025-2015_.xlsx,37,E
brac_bank_plc,1,DERIVED METRICS,Estimated NPL amount (NPL% x Loans),npl_amount,Tk mn,2024,16394.7,16394.7,,,native_numeric,1,DATASET_11_BANKS_2025-2015_.xlsx,37,D
brac_bank_plc,1,DERIVED METRICS,Estimated NPL amount (NPL% x Loans),npl_amount,Tk mn,2025,16587.0,16587.0,,,native_numeric,1,DATASET_11_BANKS_2025-2015_.xlsx,37,C
brac_bank_plc,1,DERIVED METRICS,NPL / Total Assets % (estimated),npl_to_assets_pct,%,2015,3.93,3.93,3.93,percent_points,native_numeric,1,DATASET_11_BANKS_2025-2015_.xlsx,38,M
brac_bank_plc,1,DERIVED METRICS,NPL / Total Assets % (estimated),npl_to_assets_pct,%,2016,2.37,2.37,2.37,percent_points,native_numeric,1,DATASET_11_BANKS_2025-2015_.xlsx,38,L
brac_bank_plc,1,DERIVED METRICS,NPL / Total Assets % (estimated),npl_to_assets_pct,%,2017,2.58,2.58,2.58,percent_points,native_numeric,1,DATASET_11_BANKS_2025-2015_.xlsx,38,K
brac_bank_plc,1,DERIVED METRICS,NPL / Total Assets % (estimated),npl_to_assets_pct,%,2018,2.34,2.34,2.34,percent_points,native_numeric,1,DATASET_11_BANKS_2025-2015_.xlsx,38,J
brac_bank_plc,1,DERIVED METRICS,NPL / Total Assets % (estimated),npl_to_assets_pct,%,2019,2.85,2.85,2.85,percent_points,native_numeric,1,DATASET_11_BANKS_2025-2015_.xlsx,38,I
brac_bank_plc,1,DERIVED METRICS,NPL / Total Assets % (estimated),npl_to_assets_pct,%,2020,2.01,2.01,2.01,percent_points,native_numeric,1,DATASET_11_BANKS_2025-2015_.xlsx,38,H
brac_bank_plc,1,DERIVED METRICS,NPL / Total Assets % (estimated),npl_to_assets_pct,%,2021,2.79,2.79,2.79,percent_points,native_numeric,1,DATASET_11_BANKS_2025-2015_.xlsx,38,G
brac_bank_plc,1,DERIVED METRICS,NPL / Total Assets % (estimated),npl_to_assets_pct,%,2022,2.71,2.71,2.71,percent_points,native_numeric,1,DATASET_11_BANKS_2025-2015_.xlsx,38,F
brac_bank_plc,1,DERIVED METRICS,NPL / Total Assets % (estimated),npl_to_assets_pct,%,2023,2.42,2.42,2.42,percent_points,native_numeric,1,DATASET_11_BANKS_2025-2015_.xlsx,38,E
brac_bank_plc,1,DERIVED METRICS,NPL / Total Assets % (estimated),npl_to_assets_pct,%,2024,1.76,1.76,1.76,percent_points,native_numeric,1,DATASET_11_BANKS_2025-2015_.xlsx,38,D
brac_bank_plc,1,DERIVED METRICS,NPL / Total Assets % (estimated),npl_to_assets_pct,%,2025,1.41,1.41,1.41,percent_points,native_numeric,1,DATASET_11_BANKS_2025-2015_.xlsx,38,C
brac_bank_plc,1,DERIVED METRICS,YoY NPAT growth %,yoy_npat_growth_pct,%,2015,N/A,,,percent_points,missing_marker,0,DATASET_11_BANKS_2025-2015_.xlsx,39,M
brac_bank_plc,1,DERIVED METRICS,YoY NPAT growth %,yoy_npat_growth_pct,%,2016,83.16,83.16,83.16,percent_points,native_numeric,0,DATASET_11_BANKS_2025-2015_.xlsx,39,L
brac_bank_plc,1,DERIVED METRICS,YoY NPAT growth %,yoy_npat_growth_pct,%,2017,17.71,17.71,17.71,percent_points,native_numeric,0,DATASET_11_BANKS_2025-2015_.xlsx,39,K
brac_bank_plc,1,DERIVED METRICS,YoY NPAT growth %,yoy_npat_growth_pct,%,2018,5.66,5.66,5.66,percent_points,native_numeric,0,DATASET_11_BANKS_2025-2015_.xlsx,39,J
brac_bank_plc,1,DERIVED METRICS,YoY NPAT growth %,yoy_npat_growth_pct,%,2019,1.78,1.78,1.78,percent_points,native_numeric,0,DATASET_11_BANKS_2025-2015_.xlsx,39,I
brac_bank_plc,1,DERIVED METRICS,YoY NPAT growth %,yoy_npat_growth_pct,%,2020,-19.57,-19.57,-19.57,percent_points,native_numeric,0,DATASET_11_BANKS_2025-2015_.xlsx,39,H
brac_bank_plc,1,DERIVED METRICS,YoY NPAT growth %,yoy_npat_growth_pct,%,2021,22.16,22.16,22.16,percent_points,native_numeric,0,DATASET_11_BANKS_2025-2015_.xlsx,39,G
brac_bank_plc,1,DERIVED METRICS,YoY NPAT growth %,yoy_npat_growth_pct,%,2022,3.89,3.89,3.89,percent_points,native_numeric,0,DATASET_11_BANKS_2025-2015_.xlsx,39,F
brac_bank_plc,1,DERIVED METRICS,YoY NPAT growth %,yoy_npat_growth_pct,%,2023,26.75,26.75,26.75,percent_points,native_numeric,0,DATASET_11_BANKS_2025-2015_.xlsx,39,E
brac_bank_plc,1,DERIVED METRICS,YoY NPAT growth %,yoy_npat_growth_pct,%,2024,66.16,66.16,66.16,percent_points,native_numeric,0,DATASET_11_BANKS_2025-2015_.xlsx,39,D
brac_bank_plc,1,DERIVED METRICS,YoY NPAT growth %,yoy_npat_growth_pct,%,2025,30.26,30.26,30.26,percent_points,native_numeric,0,DATASET_11_BANKS_2025-2015_.xlsx,39,C
brac_bank_plc,1,DERIVED METRICS,YoY Equity growth %,yoy_equity_growth_pct,%,2015,N/A,,,percent_points,missing_marker,0,DATASET_11_BANKS_2025-2015_.xlsx,40,M
brac_bank_plc,1,DERIVED METRICS,YoY Equity growth %,yoy_equity_growth_pct,%,2016,13.96,13.96,13.96,percent_points,native_numeric,0,DATASET_11_BANKS_2025-2015_.xlsx,40,L
brac_bank_plc,1,DERIVED METRICS,YoY Equity growth %,yoy_equity_growth_pct,%,2017,21.22,21.22,21.22,percent_points,native_numeric,0,DATASET_11_BANKS_2025-2015_.xlsx,40,K
brac_bank_plc,1,DERIVED METRICS,YoY Equity growth %,yoy_equity_growth_pct,%,2018,21.73,21.73,21.73,percent_points,native_numeric,0,DATASET_11_BANKS_2025-2015_.xlsx,40,J
brac_bank_plc,1,DERIVED METRICS,YoY Equity growth %,yoy_equity_growth_pct,%,2019,23.02,23.02,23.02,percent_points,native_numeric,0,DATASET_11_BANKS_2025-2015_.xlsx,40,I
brac_bank_plc,1,DERIVED METRICS,YoY Equity growth %,yoy_equity_growth_pct,%,2020,20.65,20.65,20.65,percent_points,native_numeric,0,DATASET_11_BANKS_2025-2015_.xlsx,40,H
brac_bank_plc,1,DERIVED METRICS,YoY Equity growth %,yoy_equity_growth_pct,%,2021,15.89,15.89,15.89,percent_points,native_numeric,0,DATASET_11_BANKS_2025-2015_.xlsx,40,G
brac_bank_plc,1,DERIVED METRICS,YoY Equity growth %,yoy_equity_growth_pct,%,2022,7.35,7.35,7.35,percent_points,native_numeric,0,DATASET_11_BANKS_2025-2015_.xlsx,40,F
brac_bank_plc,1,DERIVED METRICS,YoY Equity growth %,yoy_equity_growth_pct,%,2023,9.18,9.18,9.18,percent_points,native_numeric,0,DATASET_11_BANKS_2025-2015_.xlsx,40,E
brac_bank_plc,1,DERIVED METRICS,YoY Equity growth %,yoy_equity_growth_pct,%,2024,18.84,18.84,18.84,percent_points,native_numeric,0,DATASET_11_BANKS_2025-2015_.xlsx,40,D
brac_bank_plc,1,DERIVED METRICS,YoY Equity growth %,yoy_equity_growth_pct,%,2025,31.54,31.54,31.54,percent_points,native_numeric,0,DATASET_11_BANKS_2025-2015_.xlsx,40,C
city_bank_plc,1,BALANCE SHEET,Total Assets,total_assets,Tk mn,2015,210221.0,210221.0,,,native_numeric,0,DATASET_11_BANKS_2025-2015_.xlsx,16,M
city_bank_plc,1,BALANCE SHEET,Total Assets,total_assets,Tk mn,2016,254776.0,254776.0,,,native_numeric,0,DATASET_11_BANKS_2025-2015_.xlsx,16,L
city_bank_plc,1,BALANCE SHEET,Total Assets,total_assets,Tk mn,2017,275531.0,275531.0,,,native_numeric,0,DATASET_11_BANKS_2025-2015_.xlsx,16,K
city_bank_plc,1,BALANCE SHEET,Total Assets,total_assets,Tk mn,2018,324780.0,324780.0,,,native_numeric,0,DATASET_11_BANKS_2025-2015_.xlsx,16,J
city_bank_plc,1,BALANCE SHEET,Total Assets,total_assets,Tk mn,2019,354689.0,354689.0,,,native_numeric,0,DATASET_11_BANKS_2025-2015_.xlsx,16,I
city_bank_plc,1,BALANCE SHEET,Total Assets,total_assets,Tk mn,2020,382926.0,382926.0,,,native_numeric,0,DATASET_11_BANKS_2025-2015_.xlsx,16,H
city_bank_plc,1,BALANCE SHEET,Total Assets,total_assets,Tk mn,2021,416902.0,416902.0,,,native_numeric,0,DATASET_11_BANKS_2025-2015_.xlsx,16,G
city_bank_plc,1,BALANCE SHEET,Total Assets,total_assets,Tk mn,2022,506847.0,506847.0,,,native_numeric,0,DATASET_11_BANKS_2025-2015_.xlsx,16,F
city_bank_plc,1,BALANCE SHEET,Total Assets,total_assets,Tk mn,2023,555738.0,555738.0,,,native_numeric,0,DATASET_11_BANKS_2025-2015_.xlsx,16,E
city_bank_plc,1,BALANCE SHEET,Total Assets,total_assets,Tk mn,2024,698062.0,698062.0,,,native_numeric,0,DATASET_11_BANKS_2025-2015_.xlsx,16,D
city_bank_plc,1,BALANCE SHEET,Total Assets,total_assets,Tk mn,2025,843341.0,843341.0,,,native_numeric,0,DATASET_11_BANKS_2025-2015_.xlsx,16,C
city_bank_plc,1,BALANCE SHEET,"Loans & Advances, gross",loans_advances_gross,Tk mn,2015,143088.0,143088.0,,,native_numeric,0,DATASET_11_BANKS_2025-2015_.xlsx,17,M
city_bank_plc,1,BALANCE SHEET,"Loans & Advances, gross",loans_advances_gross,Tk mn,2016,175025.0,175025.0,,,native_numeric,0,DATASET_11_BANKS_2025-2015_.xlsx,17,L
city_bank_plc,1,BALANCE SHEET,"Loans & Advances, gross",loans_advances_gross,Tk mn,2017,196596.0,196596.0,,,native_numeric,0,DATASET_11_BANKS_2025-2015_.xlsx,17,K
city_bank_plc,1,BALANCE SHEET,"Loans & Advances, gross",loans_advances_gross,Tk mn,2018,231391.0,231391.0,,,native_numeric,0,DATASET_11_BANKS_2025-2015_.xlsx,17,J
city_bank_plc,1,BALANCE SHEET,"Loans & Advances, gross",loans_advances_gross,Tk mn,2019,246944.0,246944.0,,,native_numeric,0,DATASET_11_BANKS_2025-2015_.xlsx,17,I
city_bank_plc,1,BALANCE SHEET,"Loans & Advances, gross",loans_advances_gross,Tk mn,2020,268202.0,268202.0,,,native_numeric,0,DATASET_11_BANKS_2025-2015_.xlsx,17,H
city_bank_plc,1,BALANCE SHEET,"Loans & Advances, gross",loans_advances_gross,Tk mn,2021,286380.0,286380.0,,,native_numeric,0,DATASET_11_BANKS_2025-2015_.xlsx,17,G
city_bank_plc,1,BALANCE SHEET,"Loans & Advances, gross",loans_advances_gross,Tk mn,2022,354774.0,354774.0,,,native_numeric,0,DATASET_11_BANKS_2025-2015_.xlsx,17,F
city_bank_plc,1,BALANCE SHEET,"Loans & Advances, gross",loans_advances_gross,Tk mn,2023,396078.0,396078.0,,,native_numeric,0,DATASET_11_BANKS_2025-2015_.xlsx,17,E
city_bank_plc,1,BALANCE SHEET,"Loans & Advances, gross",loans_advances_gross,Tk mn,2024,444978.0,444978.0,,,native_numeric,0,DATASET_11_BANKS_2025-2015_.xlsx,17,D
city_bank_plc,1,BALANCE SHEET,"Loans & Advances, gross",loans_advances_gross,Tk mn,2025,506201.0,506201.0,,,native_numeric,0,DATASET_11_BANKS_2025-2015_.xlsx,17,C
city_bank_plc,1,BALANCE SHEET,Total Deposits,total_deposits,Tk mn,2015,143729.0,143729.0,,,native_numeric,0,DATASET_11_BANKS_2025-2015_.xlsx,18,M
city_bank_plc,1,BALANCE SHEET,Total Deposits,total_deposits,Tk mn,2016,174695.0,174695.0,,,native_numeric,0,DATASET_11_BANKS_2025-2015_.xlsx,18,L
city_bank_plc,1,BALANCE SHEET,Total Deposits,total_deposits,Tk mn,2017,183493.0,183493.0,,,native_numeric,0,DATASET_11_BANKS_2025-2015_.xlsx,18,K
city_bank_plc,1,BALANCE SHEET,Total Deposits,total_deposits,Tk mn,2018,205170.0,205170.0,,,native_numeric,0,DATASET_11_BANKS_2025-2015_.xlsx,18,J
city_bank_plc,1,BALANCE SHEET,Total Deposits,total_deposits,Tk mn,2019,246704.0,246704.0,,,native_numeric,0,DATASET_11_BANKS_2025-2015_.xlsx,18,I
city_bank_plc,1,BALANCE SHEET,Total Deposits,total_deposits,Tk mn,2020,254781.0,254781.0,,,native_numeric,0,DATASET_11_BANKS_2025-2015_.xlsx,18,H
city_bank_plc,1,BALANCE SHEET,Total Deposits,total_deposits,Tk mn,2021,282064.0,282064.0,,,native_numeric,0,DATASET_11_BANKS_2025-2015_.xlsx,18,G
city_bank_plc,1,BALANCE SHEET,Total Deposits,total_deposits,Tk mn,2022,331890.0,331890.0,,,native_numeric,0,DATASET_11_BANKS_2025-2015_.xlsx,18,F
city_bank_plc,1,BALANCE SHEET,Total Deposits,total_deposits,Tk mn,2023,392510.0,392510.0,,,native_numeric,0,DATASET_11_BANKS_2025-2015_.xlsx,18,E
city_bank_plc,1,BALANCE SHEET,Total Deposits,total_deposits,Tk mn,2024,514204.0,514204.0,,,native_numeric,0,DATASET_11_BANKS_2025-2015_.xlsx,18,D
city_bank_plc,1,BALANCE SHEET,Total Deposits,total_deposits,Tk mn,2025,631642.0,631642.0,,,native_numeric,0,DATASET_11_BANKS_2025-2015_.xlsx,18,C
city_bank_plc,1,BALANCE SHEET,Shareholders' Equity,shareholders_equity,Tk mn,2015,20890.0,20890.0,,,native_numeric,0,DATASET_11_BANKS_2025-2015_.xlsx,19,M
city_bank_plc,1,BALANCE SHEET,Shareholders' Equity,shareholders_equity,Tk mn,2016,20653.0,20653.0,,,native_numeric,0,DATASET_11_BANKS_2025-2015_.xlsx,19,L
city_bank_plc,1,BALANCE SHEET,Shareholders' Equity,shareholders_equity,Tk mn,2017,24869.0,24869.0,,,native_numeric,0,DATASET_11_BANKS_2025-2015_.xlsx,19,K
city_bank_plc,1,BALANCE SHEET,Shareholders' Equity,shareholders_equity,Tk mn,2018,24430.0,24430.0,,,native_numeric,0,DATASET_11_BANKS_2025-2015_.xlsx,19,J
city_bank_plc,1,BALANCE SHEET,Shareholders' Equity,shareholders_equity,Tk mn,2019,25416.0,25416.0,,,native_numeric,0,DATASET_11_BANKS_2025-2015_.xlsx,19,I
city_bank_plc,1,BALANCE SHEET,Shareholders' Equity,shareholders_equity,Tk mn,2020,28818.0,28818.0,,,native_numeric,0,DATASET_11_BANKS_2025-2015_.xlsx,19,H
city_bank_plc,1,BALANCE SHEET,Shareholders' Equity,shareholders_equity,Tk mn,2021,31224.0,31224.0,,,native_numeric,0,DATASET_11_BANKS_2025-2015_.xlsx,19,G
city_bank_plc,1,BALANCE SHEET,Shareholders' Equity,shareholders_equity,Tk mn,2022,32845.0,32845.0,,,native_numeric,0,DATASET_11_BANKS_2025-2015_.xlsx,19,F
city_bank_plc,1,BALANCE SHEET,Shareholders' Equity,shareholders_equity,Tk mn,2023,37220.0,37220.0,,,native_numeric,0,DATASET_11_BANKS_2025-2015_.xlsx,19,E
city_bank_plc,1,BALANCE SHEET,Shareholders' Equity,shareholders_equity,Tk mn,2024,46121.0,46121.0,,,native_numeric,0,DATASET_11_BANKS_2025-2015_.xlsx,19,D
city_bank_plc,1,BALANCE SHEET,Shareholders' Equity,shareholders_equity,Tk mn,2025,61102.0,61102.0,,,native_numeric,0,DATASET_11_BANKS_2025-2015_.xlsx,19,C
city_bank_plc,1,INCOME STATEMENT,Net Interest Income,net_interest_income,Tk mn,2015,5506.0,5506.0,,,native_numeric,0,DATASET_11_BANKS_2025-2015_.xlsx,21,M
city_bank_plc,1,INCOME STATEMENT,Net Interest Income,net_interest_income,Tk mn,2016,6477.0,6477.0,,,native_numeric,0,DATASET_11_BANKS_2025-2015_.xlsx,21,L
city_bank_plc,1,INCOME STATEMENT,Net Interest Income,net_interest_income,Tk mn,2017,7495.0,7495.0,,,native_numeric,0,DATASET_11_BANKS_2025-2015_.xlsx,21,K
city_bank_plc,1,INCOME STATEMENT,Net Interest Income,net_interest_income,Tk mn,2018,9201.0,9201.0,,,native_numeric,0,DATASET_11_BANKS_2025-2015_.xlsx,21,J
city_bank_plc,1,INCOME STATEMENT,Net Interest Income,net_interest_income,Tk mn,2019,10832.0,10832.0,,,native_numeric,0,DATASET_11_BANKS_2025-2015_.xlsx,21,I
city_bank_plc,1,INCOME STATEMENT,Net Interest Income,net_interest_income,Tk mn,2020,8363.0,8363.0,,,native_numeric,0,DATASET_11_BANKS_2025-2015_.xlsx,21,H
city_bank_plc,1,INCOME STATEMENT,Net Interest Income,net_interest_income,Tk mn,2021,12048.0,12048.0,,,native_numeric,0,DATASET_11_BANKS_2025-2015_.xlsx,21,G
city_bank_plc,1,INCOME STATEMENT,Net Interest Income,net_interest_income,Tk mn,2022,12359.0,12359.0,,,native_numeric,0,DATASET_11_BANKS_2025-2015_.xlsx,21,F
city_bank_plc,1,INCOME STATEMENT,Net Interest Income,net_interest_income,Tk mn,2023,15831.0,15831.0,,,native_numeric,0,DATASET_11_BANKS_2025-2015_.xlsx,21,E
city_bank_plc,1,INCOME STATEMENT,Net Interest Income,net_interest_income,Tk mn,2024,14742.0,14742.0,,,native_numeric,0,DATASET_11_BANKS_2025-2015_.xlsx,21,D
city_bank_plc,1,INCOME STATEMENT,Net Interest Income,net_interest_income,Tk mn,2025,2847.0,2847.0,,,native_numeric,0,DATASET_11_BANKS_2025-2015_.xlsx,21,C
city_bank_plc,1,INCOME STATEMENT,Non-Interest Income,non_interest_income,Tk mn,2015,2888.0,2888.0,,,native_numeric,0,DATASET_11_BANKS_2025-2015_.xlsx,22,M
city_bank_plc,1,INCOME STATEMENT,Non-Interest Income,non_interest_income,Tk mn,2016,3173.0,3173.0,,,native_numeric,0,DATASET_11_BANKS_2025-2015_.xlsx,22,L
city_bank_plc,1,INCOME STATEMENT,Non-Interest Income,non_interest_income,Tk mn,2017,4630.0,4630.0,,,native_numeric,0,DATASET_11_BANKS_2025-2015_.xlsx,22,K
city_bank_plc,1,INCOME STATEMENT,Non-Interest Income,non_interest_income,Tk mn,2018,4859.0,4859.0,,,native_numeric,0,DATASET_11_BANKS_2025-2015_.xlsx,22,J
city_bank_plc,1,INCOME STATEMENT,Non-Interest Income,non_interest_income,Tk mn,2019,5367.0,5367.0,,,native_numeric,0,DATASET_11_BANKS_2025-2015_.xlsx,22,I
city_bank_plc,1,INCOME STATEMENT,Non-Interest Income,non_interest_income,Tk mn,2020,4936.0,4936.0,,,native_numeric,0,DATASET_11_BANKS_2025-2015_.xlsx,22,H
city_bank_plc,1,INCOME STATEMENT,Non-Interest Income,non_interest_income,Tk mn,2021,6776.0,6776.0,,,native_numeric,0,DATASET_11_BANKS_2025-2015_.xlsx,22,G
city_bank_plc,1,INCOME STATEMENT,Non-Interest Income,non_interest_income,Tk mn,2022,8624.0,8624.0,,,native_numeric,0,DATASET_11_BANKS_2025-2015_.xlsx,22,F
city_bank_plc,1,INCOME STATEMENT,Non-Interest Income,non_interest_income,Tk mn,2023,7063.0,7063.0,,,native_numeric,0,DATASET_11_BANKS_2025-2015_.xlsx,22,E
city_bank_plc,1,INCOME STATEMENT,Non-Interest Income,non_interest_income,Tk mn,2024,8431.0,8431.0,,,native_numeric,0,DATASET_11_BANKS_2025-2015_.xlsx,22,D
city_bank_plc,1,INCOME STATEMENT,Non-Interest Income,non_interest_income,Tk mn,2025,9443.0,9443.0,,,native_numeric,0,DATASET_11_BANKS_2025-2015_.xlsx,22,C
city_bank_plc,1,INCOME STATEMENT,Net Profit After Tax,net_profit_after_tax,Tk mn,2015,3600.0,3600.0,,,native_numeric,0,DATASET_11_BANKS_2025-2015_.xlsx,23,M
city_bank_plc,1,INCOME STATEMENT,Net Profit After Tax,net_profit_after_tax,Tk mn,2016,3956.0,3956.0,,,native_numeric,0,DATASET_11_BANKS_2025-2015_.xlsx,23,L
city_bank_plc,1,INCOME STATEMENT,Net Profit After Tax,net_profit_after_tax,Tk mn,2017,3628.0,3628.0,,,native_numeric,0,DATASET_11_BANKS_2025-2015_.xlsx,23,K
city_bank_plc,1,INCOME STATEMENT,Net Profit After Tax,net_profit_after_tax,Tk mn,2018,2018.0,2018.0,,,native_numeric,0,DATASET_11_BANKS_2025-2015_.xlsx,23,J
city_bank_plc,1,INCOME STATEMENT,Net Profit After Tax,net_profit_after_tax,Tk mn,2019,2472.0,2472.0,,,native_numeric,0,DATASET_11_BANKS_2025-2015_.xlsx,23,I
city_bank_plc,1,INCOME STATEMENT,Net Profit After Tax,net_profit_after_tax,Tk mn,2020,4012.0,4012.0,,,native_numeric,0,DATASET_11_BANKS_2025-2015_.xlsx,23,H
city_bank_plc,1,INCOME STATEMENT,Net Profit After Tax,net_profit_after_tax,Tk mn,2021,4743.0,4743.0,,,native_numeric,0,DATASET_11_BANKS_2025-2015_.xlsx,23,G
city_bank_plc,1,INCOME STATEMENT,Net Profit After Tax,net_profit_after_tax,Tk mn,2022,4508.0,4508.0,,,native_numeric,0,DATASET_11_BANKS_2025-2015_.xlsx,23,F
city_bank_plc,1,INCOME STATEMENT,Net Profit After Tax,net_profit_after_tax,Tk mn,2023,6151.0,6151.0,,,native_numeric,0,DATASET_11_BANKS_2025-2015_.xlsx,23,E
city_bank_plc,1,INCOME STATEMENT,Net Profit After Tax,net_profit_after_tax,Tk mn,2024,10851.0,10851.0,,,native_numeric,0,DATASET_11_BANKS_2025-2015_.xlsx,23,D
city_bank_plc,1,INCOME STATEMENT,Net Profit After Tax,net_profit_after_tax,Tk mn,2025,13059.0,13059.0,,,native_numeric,0,DATASET_11_BANKS_2025-2015_.xlsx,23,C
city_bank_plc,1,PER-SHARE & PROFITABILITY,EPS,eps,BDT,2015,4.1,4.1,,,native_numeric,0,DATASET_11_BANKS_2025-2015_.xlsx,25,M
city_bank_plc,1,PER-SHARE & PROFITABILITY,EPS,eps,BDT,2016,4.5,4.5,,,native_numeric,0,DATASET_11_BANKS_2025-2015_.xlsx,25,L
city_bank_plc,1,PER-SHARE & PROFITABILITY,EPS,eps,BDT,2017,4.1,4.1,,,native_numeric,0,DATASET_11_BANKS_2025-2015_.xlsx,25,K
city_bank_plc,1,PER-SHARE & PROFITABILITY,EPS,eps,BDT,2018,2.1,2.1,,,native_numeric,0,DATASET_11_BANKS_2025-2015_.xlsx,25,J
city_bank_plc,1,PER-SHARE & PROFITABILITY,EPS,eps,BDT,2019,2.4,2.4,,,native_numeric,0,DATASET_11_BANKS_2025-2015_.xlsx,25,I
city_bank_plc,1,PER-SHARE & PROFITABILITY,EPS,eps,BDT,2020,3.9,3.9,,,native_numeric,0,DATASET_11_BANKS_2025-2015_.xlsx,25,H
city_bank_plc,1,PER-SHARE & PROFITABILITY,EPS,eps,BDT,2021,4.4,4.4,,,native_numeric,0,DATASET_11_BANKS_2025-2015_.xlsx,25,G
city_bank_plc,1,PER-SHARE & PROFITABILITY,EPS,eps,BDT,2022,3.8,3.8,,,native_numeric,0,DATASET_11_BANKS_2025-2015_.xlsx,25,F
city_bank_plc,1,PER-SHARE & PROFITABILITY,EPS,eps,BDT,2023,5.0,5.0,,,native_numeric,0,DATASET_11_BANKS_2025-2015_.xlsx,25,E
city_bank_plc,1,PER-SHARE & PROFITABILITY,EPS,eps,BDT,2024,8.1,8.1,,,native_numeric,0,DATASET_11_BANKS_2025-2015_.xlsx,25,D
city_bank_plc,1,PER-SHARE & PROFITABILITY,EPS,eps,BDT,2025,8.6,8.6,,,native_numeric,0,DATASET_11_BANKS_2025-2015_.xlsx,25,C
city_bank_plc,1,PER-SHARE & PROFITABILITY,ROA %,roa_pct,%,2015,1.9,1.9,1.9,percent_points,native_numeric,0,DATASET_11_BANKS_2025-2015_.xlsx,26,M
city_bank_plc,1,PER-SHARE & PROFITABILITY,ROA %,roa_pct,%,2016,1.7,1.7,1.7,percent_points,native_numeric,0,DATASET_11_BANKS_2025-2015_.xlsx,26,L
city_bank_plc,1,PER-SHARE & PROFITABILITY,ROA %,roa_pct,%,2017,1.4,1.4,1.4,percent_points,native_numeric,0,DATASET_11_BANKS_2025-2015_.xlsx,26,K
city_bank_plc,1,PER-SHARE & PROFITABILITY,ROA %,roa_pct,%,2018,0.7,0.7,0.7,percent_points,native_numeric,0,DATASET_11_BANKS_2025-2015_.xlsx,26,J
city_bank_plc,1,PER-SHARE & PROFITABILITY,ROA %,roa_pct,%,2019,0.7,0.7,0.7,percent_points,native_numeric,0,DATASET_11_BANKS_2025-2015_.xlsx,26,I
city_bank_plc,1,PER-SHARE & PROFITABILITY,ROA %,roa_pct,%,2020,1.1,1.1,1.1,percent_points,native_numeric,0,DATASET_11_BANKS_2025-2015_.xlsx,26,H
city_bank_plc,1,PER-SHARE & PROFITABILITY,ROA %,roa_pct,%,2021,1.2,1.2,1.2,percent_points,native_numeric,0,DATASET_11_BANKS_2025-2015_.xlsx,26,G
city_bank_plc,1,PER-SHARE & PROFITABILITY,ROA %,roa_pct,%,2022,1.0,1.0,1.0,percent_points,native_numeric,0,DATASET_11_BANKS_2025-2015_.xlsx,26,F
city_bank_plc,1,PER-SHARE & PROFITABILITY,ROA %,roa_pct,%,2023,1.2,1.2,1.2,percent_points,native_numeric,0,DATASET_11_BANKS_2025-2015_.xlsx,26,E
city_bank_plc,1,PER-SHARE & PROFITABILITY,ROA %,roa_pct,%,2024,1.7,1.7,1.7,percent_points,native_numeric,0,DATASET_11_BANKS_2025-2015_.xlsx,26,D
city_bank_plc,1,PER-SHARE & PROFITABILITY,ROA %,roa_pct,%,2025,1.7,1.7,1.7,percent_points,native_numeric,0,DATASET_11_BANKS_2025-2015_.xlsx,26,C
city_bank_plc,1,PER-SHARE & PROFITABILITY,ROE %,roe_pct,%,2015,18.3,18.3,18.3,percent_points,native_numeric,0,DATASET_11_BANKS_2025-2015_.xlsx,27,M
city_bank_plc,1,PER-SHARE & PROFITABILITY,ROE %,roe_pct,%,2016,19.0,19.0,19.0,percent_points,native_numeric,0,DATASET_11_BANKS_2025-2015_.xlsx,27,L
city_bank_plc,1,PER-SHARE & PROFITABILITY,ROE %,roe_pct,%,2017,15.9,15.9,15.9,percent_points,native_numeric,0,DATASET_11_BANKS_2025-2015_.xlsx,27,K
city_bank_plc,1,PER-SHARE & PROFITABILITY,ROE %,roe_pct,%,2018,8.2,8.2,8.2,percent_points,native_numeric,0,DATASET_11_BANKS_2025-2015_.xlsx,27,J
city_bank_plc,1,PER-SHARE & PROFITABILITY,ROE %,roe_pct,%,2019,9.9,9.9,9.9,percent_points,native_numeric,0,DATASET_11_BANKS_2025-2015_.xlsx,27,I
city_bank_plc,1,PER-SHARE & PROFITABILITY,ROE %,roe_pct,%,2020,14.8,14.8,14.8,percent_points,native_numeric,0,DATASET_11_BANKS_2025-2015_.xlsx,27,H
city_bank_plc,1,PER-SHARE & PROFITABILITY,ROE %,roe_pct,%,2021,15.8,15.8,15.8,percent_points,native_numeric,0,DATASET_11_BANKS_2025-2015_.xlsx,27,G
city_bank_plc,1,PER-SHARE & PROFITABILITY,ROE %,roe_pct,%,2022,14.1,14.1,14.1,percent_points,native_numeric,0,DATASET_11_BANKS_2025-2015_.xlsx,27,F
city_bank_plc,1,PER-SHARE & PROFITABILITY,ROE %,roe_pct,%,2023,17.6,17.6,17.6,percent_points,native_numeric,0,DATASET_11_BANKS_2025-2015_.xlsx,27,E
city_bank_plc,1,PER-SHARE & PROFITABILITY,ROE %,roe_pct,%,2024,26.0,26.0,26.0,percent_points,native_numeric,0,DATASET_11_BANKS_2025-2015_.xlsx,27,D
city_bank_plc,1,PER-SHARE & PROFITABILITY,ROE %,roe_pct,%,2025,24.4,24.4,24.4,percent_points,native_numeric,0,DATASET_11_BANKS_2025-2015_.xlsx,27,C
city_bank_plc,1,ASSET QUALITY,NPL % (gross),npl_pct_gross,%,2015,7.6,7.6,7.6,percent_points,native_numeric,0,DATASET_11_BANKS_2025-2015_.xlsx,29,M
city_bank_plc,1,ASSET QUALITY,NPL % (gross),npl_pct_gross,%,2016,6.0,6.0,6.0,percent_points,native_numeric,0,DATASET_11_BANKS_2025-2015_.xlsx,29,L
city_bank_plc,1,ASSET QUALITY,NPL % (gross),npl_pct_gross,%,2017,5.4,5.4,5.4,percent_points,native_numeric,0,DATASET_11_BANKS_2025-2015_.xlsx,29,K
city_bank_plc,1,ASSET QUALITY,NPL % (gross),npl_pct_gross,%,2018,5.3,5.3,5.3,percent_points,native_numeric,0,DATASET_11_BANKS_2025-2015_.xlsx,29,J
city_bank_plc,1,ASSET QUALITY,NPL % (gross),npl_pct_gross,%,2019,5.8,5.8,5.8,percent_points,native_numeric,0,DATASET_11_BANKS_2025-2015_.xlsx,29,I
city_bank_plc,1,ASSET QUALITY,NPL % (gross),npl_pct_gross,%,2020,4.0,4.0,4.0,percent_points,native_numeric,0,DATASET_11_BANKS_2025-2015_.xlsx,29,H
city_bank_plc,1,ASSET QUALITY,NPL % (gross),npl_pct_gross,%,2021,4.9,4.9,4.9,percent_points,native_numeric,0,DATASET_11_BANKS_2025-2015_.xlsx,29,G
city_bank_plc,1,ASSET QUALITY,NPL % (gross),npl_pct_gross,%,2022,3.9,3.9,3.9,percent_points,native_numeric,0,DATASET_11_BANKS_2025-2015_.xlsx,29,F
city_bank_plc,1,ASSET QUALITY,NPL % (gross),npl_pct_gross,%,2023,3.6,3.6,3.6,percent_points,native_numeric,0,DATASET_11_BANKS_2025-2015_.xlsx,29,E
city_bank_plc,1,ASSET QUALITY,NPL % (gross),npl_pct_gross,%,2024,3.7,3.7,3.7,percent_points,native_numeric,0,DATASET_11_BANKS_2025-2015_.xlsx,29,D
city_bank_plc,1,ASSET QUALITY,NPL % (gross),npl_pct_gross,%,2025,2.5,2.5,2.5,percent_points,native_numeric,0,DATASET_11_BANKS_2025-2015_.xlsx,29,C
city_bank_plc,1,ASSET QUALITY,NPL amount,npl_amount,Tk mn,2015,10845.0,10845.0,,,native_numeric,0,DATASET_11_BANKS_2025-2015_.xlsx,30,M
city_bank_plc,1,ASSET QUALITY,NPL amount,npl_amount,Tk mn,2016,10582.0,10582.0,,,native_numeric,0,DATASET_11_BANKS_2025-2015_.xlsx,30,L
city_bank_plc,1,ASSET QUALITY,NPL amount,npl_amount,Tk mn,2017,10678.0,10678.0,,,native_numeric,0,DATASET_11_BANKS_2025-2015_.xlsx,30,K
city_bank_plc,1,ASSET QUALITY,NPL amount,npl_amount,Tk mn,2018,12326.0,12326.0,,,native_numeric,0,DATASET_11_BANKS_2025-2015_.xlsx,30,J
city_bank_plc,1,ASSET QUALITY,NPL amount,npl_amount,Tk mn,2019,14244.0,14244.0,,,native_numeric,0,DATASET_11_BANKS_2025-2015_.xlsx,30,I
city_bank_plc,1,ASSET QUALITY,NPL amount,npl_amount,Tk mn,2020,10850.0,10850.0,,,native_numeric,0,DATASET_11_BANKS_2025-2015_.xlsx,30,H
city_bank_plc,1,ASSET QUALITY,NPL amount,npl_amount,Tk mn,2021,13906.0,13906.0,,,native_numeric,0,DATASET_11_BANKS_2025-2015_.xlsx,30,G
city_bank_plc,1,ASSET QUALITY,NPL amount,npl_amount,Tk mn,2022,13671.0,13671.0,,,native_numeric,0,DATASET_11_BANKS_2025-2015_.xlsx,30,F
city_bank_plc,1,ASSET QUALITY,NPL amount,npl_amount,Tk mn,2023,14385.0,14385.0,,,native_numeric,0,DATASET_11_BANKS_2025-2015_.xlsx,30,E
city_bank_plc,1,ASSET QUALITY,NPL amount,npl_amount,Tk mn,2024,16569.0,16569.0,,,native_numeric,0,DATASET_11_BANKS_2025-2015_.xlsx,30,D
city_bank_plc,1,ASSET QUALITY,NPL amount,npl_amount,Tk mn,2025,12669.0,12669.0,,,native_numeric,0,DATASET_11_BANKS_2025-2015_.xlsx,30,C
city_bank_plc,1,ASSET QUALITY,Provision Coverage %,provision_coverage_pct,%,2015,57.5,57.5,57.5,percent_points_inferred,native_numeric,0,DATASET_11_BANKS_2025-2015_.xlsx,31,M
city_bank_plc,1,ASSET QUALITY,Provision Coverage %,provision_coverage_pct,%,2016,59.6,59.6,59.6,percent_points_inferred,native_numeric,0,DATASET_11_BANKS_2025-2015_.xlsx,31,L
city_bank_plc,1,ASSET QUALITY,Provision Coverage %,provision_coverage_pct,%,2017,56.7,56.7,56.7,percent_points_inferred,native_numeric,0,DATASET_11_BANKS_2025-2015_.xlsx,31,K
city_bank_plc,1,ASSET QUALITY,Provision Coverage %,provision_coverage_pct,%,2018,64.6,64.6,64.6,percent_points_inferred,native_numeric,0,DATASET_11_BANKS_2025-2015_.xlsx,31,J
city_bank_plc,1,ASSET QUALITY,Provision Coverage %,provision_coverage_pct,%,2019,71.0,71.0,71.0,percent_points_inferred,native_numeric,0,DATASET_11_BANKS_2025-2015_.xlsx,31,I
city_bank_plc,1,ASSET QUALITY,Provision Coverage %,provision_coverage_pct,%,2020,83.8,83.8,83.8,percent_points_inferred,native_numeric,0,DATASET_11_BANKS_2025-2015_.xlsx,31,H
city_bank_plc,1,ASSET QUALITY,Provision Coverage %,provision_coverage_pct,%,2021,90.1,90.1,90.1,percent_points_inferred,native_numeric,0,DATASET_11_BANKS_2025-2015_.xlsx,31,G
city_bank_plc,1,ASSET QUALITY,Provision Coverage %,provision_coverage_pct,%,2022,104.7,104.7,104.7,percent_points_inferred,native_numeric,0,DATASET_11_BANKS_2025-2015_.xlsx,31,F
city_bank_plc,1,ASSET QUALITY,Provision Coverage %,provision_coverage_pct,%,2023,110.1,110.1,110.1,percent_points_inferred,native_numeric,0,DATASET_11_BANKS_2025-2015_.xlsx,31,E
city_bank_plc,1,ASSET QUALITY,Provision Coverage %,provision_coverage_pct,%,2024,106.8,106.8,106.8,percent_points_inferred,native_numeric,0,DATASET_11_BANKS_2025-2015_.xlsx,31,D
city_bank_plc,1,ASSET QUALITY,Provision Coverage %,provision_coverage_pct,%,2025,127.0,127.0,127.0,percent_points_inferred,native_numeric,0,DATASET_11_BANKS_2025-2015_.xlsx,31,C
city_bank_plc,1,ASSET QUALITY,Loan-Deposit Ratio %,loan_deposit_ratio_pct,%,2015,79.2,79.2,79.2,percent_points,native_numeric,0,DATASET_11_BANKS_2025-2015_.xlsx,32,M
city_bank_plc,1,ASSET QUALITY,Loan-Deposit Ratio %,loan_deposit_ratio_pct,%,2016,80.4,80.4,80.4,percent_points,native_numeric,0,DATASET_11_BANKS_2025-2015_.xlsx,32,L
city_bank_plc,1,ASSET QUALITY,Loan-Deposit Ratio %,loan_deposit_ratio_pct,%,2017,84.9,84.9,84.9,percent_points,native_numeric,0,DATASET_11_BANKS_2025-2015_.xlsx,32,K
city_bank_plc,1,ASSET QUALITY,Loan-Deposit Ratio %,loan_deposit_ratio_pct,%,2018,82.5,82.5,82.5,percent_points,native_numeric,0,DATASET_11_BANKS_2025-2015_.xlsx,32,J
city_bank_plc,1,ASSET QUALITY,Loan-Deposit Ratio %,loan_deposit_ratio_pct,%,2019,79.1,79.1,79.1,percent_points,native_numeric,0,DATASET_11_BANKS_2025-2015_.xlsx,32,I
city_bank_plc,1,ASSET QUALITY,Loan-Deposit Ratio %,loan_deposit_ratio_pct,%,2020,74.7,74.7,74.7,percent_points,native_numeric,0,DATASET_11_BANKS_2025-2015_.xlsx,32,H
city_bank_plc,1,ASSET QUALITY,Loan-Deposit Ratio %,loan_deposit_ratio_pct,%,2021,84.7,84.7,84.7,percent_points,native_numeric,0,DATASET_11_BANKS_2025-2015_.xlsx,32,G
city_bank_plc,1,ASSET QUALITY,Loan-Deposit Ratio %,loan_deposit_ratio_pct,%,2022,83.2,83.2,83.2,percent_points,native_numeric,0,DATASET_11_BANKS_2025-2015_.xlsx,32,F
city_bank_plc,1,ASSET QUALITY,Loan-Deposit Ratio %,loan_deposit_ratio_pct,%,2023,83.7,83.7,83.7,percent_points,native_numeric,0,DATASET_11_BANKS_2025-2015_.xlsx,32,E
city_bank_plc,1,ASSET QUALITY,Loan-Deposit Ratio %,loan_deposit_ratio_pct,%,2024,74.7,74.7,74.7,percent_points,native_numeric,0,DATASET_11_BANKS_2025-2015_.xlsx,32,D
city_bank_plc,1,ASSET QUALITY,Loan-Deposit Ratio %,loan_deposit_ratio_pct,%,2025,71.3,71.3,71.3,percent_points,native_numeric,0,DATASET_11_BANKS_2025-2015_.xlsx,32,C
city_bank_plc,1,CAPITAL & EFFICIENCY,Capital Adequacy Ratio %,car_pct,%,2015,13.2,13.2,13.2,percent_points_inferred,native_numeric,0,DATASET_11_BANKS_2025-2015_.xlsx,34,M
city_bank_plc,1,CAPITAL & EFFICIENCY,Capital Adequacy Ratio %,car_pct,%,2016,13.2,13.2,13.2,percent_points_inferred,native_numeric,0,DATASET_11_BANKS_2025-2015_.xlsx,34,L
city_bank_plc,1,CAPITAL & EFFICIENCY,Capital Adequacy Ratio %,car_pct,%,2017,14.7,14.7,14.7,percent_points_inferred,native_numeric,0,DATASET_11_BANKS_2025-2015_.xlsx,34,K
city_bank_plc,1,CAPITAL & EFFICIENCY,Capital Adequacy Ratio %,car_pct,%,2018,13.4,13.4,13.4,percent_points_inferred,native_numeric,0,DATASET_11_BANKS_2025-2015_.xlsx,34,J
city_bank_plc,1,CAPITAL & EFFICIENCY,Capital Adequacy Ratio %,car_pct,%,2019,15.2,15.2,15.2,percent_points_inferred,native_numeric,0,DATASET_11_BANKS_2025-2015_.xlsx,34,I
city_bank_plc,1,CAPITAL & EFFICIENCY,Capital Adequacy Ratio %,car_pct,%,2020,15.5,15.5,15.5,percent_points_inferred,native_numeric,0,DATASET_11_BANKS_2025-2015_.xlsx,34,H
city_bank_plc,1,CAPITAL & EFFICIENCY,Capital Adequacy Ratio %,car_pct,%,2021,14.2,14.2,14.2,percent_points_inferred,native_numeric,0,DATASET_11_BANKS_2025-2015_.xlsx,34,G
city_bank_plc,1,CAPITAL & EFFICIENCY,Capital Adequacy Ratio %,car_pct,%,2022,14.5,14.5,14.5,percent_points_inferred,native_numeric,0,DATASET_11_BANKS_2025-2015_.xlsx,34,F
city_bank_plc,1,CAPITAL & EFFICIENCY,Capital Adequacy Ratio %,car_pct,%,2023,15.8,15.8,15.8,percent_points_inferred,native_numeric,0,DATASET_11_BANKS_2025-2015_.xlsx,34,E
city_bank_plc,1,CAPITAL & EFFICIENCY,Capital Adequacy Ratio %,car_pct,%,2024,16.0,16.0,16.0,percent_points_inferred,native_numeric,0,DATASET_11_BANKS_2025-2015_.xlsx,34,D
city_bank_plc,1,CAPITAL & EFFICIENCY,Capital Adequacy Ratio %,car_pct,%,2025,15.7,15.7,15.7,percent_points_inferred,native_numeric,0,DATASET_11_BANKS_2025-2015_.xlsx,34,C
city_bank_plc,1,CAPITAL & EFFICIENCY,Cost-to-Income Ratio %,cost_income_pct,%,2015,47.6,47.6,47.6,percent_points_inferred,native_numeric,0,DATASET_11_BANKS_2025-2015_.xlsx,35,M
city_bank_plc,1,CAPITAL & EFFICIENCY,Cost-to-Income Ratio %,cost_income_pct,%,2016,47.6,47.6,47.6,percent_points_inferred,native_numeric,0,DATASET_11_BANKS_2025-2015_.xlsx,35,L
city_bank_plc,1,CAPITAL & EFFICIENCY,Cost-to-Income Ratio %,cost_income_pct,%,2017,53.9,53.9,53.9,percent_points_inferred,native_numeric,0,DATASET_11_BANKS_2025-2015_.xlsx,35,K
city_bank_plc,1,CAPITAL & EFFICIENCY,Cost-to-Income Ratio %,cost_income_pct,%,2018,58.0,58.0,58.0,percent_points_inferred,native_numeric,0,DATASET_11_BANKS_2025-2015_.xlsx,35,J
city_bank_plc,1,CAPITAL & EFFICIENCY,Cost-to-Income Ratio %,cost_income_pct,%,2019,54.7,54.7,54.7,percent_points_inferred,native_numeric,0,DATASET_11_BANKS_2025-2015_.xlsx,35,I
city_bank_plc,1,CAPITAL & EFFICIENCY,Cost-to-Income Ratio %,cost_income_pct,%,2020,57.9,57.9,57.9,percent_points_inferred,native_numeric,0,DATASET_11_BANKS_2025-2015_.xlsx,35,H
city_bank_plc,1,CAPITAL & EFFICIENCY,Cost-to-Income Ratio %,cost_income_pct,%,2021,48.6,48.6,48.6,percent_points_inferred,native_numeric,0,DATASET_11_BANKS_2025-2015_.xlsx,35,G
city_bank_plc,1,CAPITAL & EFFICIENCY,Cost-to-Income Ratio %,cost_income_pct,%,2022,51.9,51.9,51.9,percent_points_inferred,native_numeric,0,DATASET_11_BANKS_2025-2015_.xlsx,35,F
city_bank_plc,1,CAPITAL & EFFICIENCY,Cost-to-Income Ratio %,cost_income_pct,%,2023,51.1,51.1,51.1,percent_points_inferred,native_numeric,0,DATASET_11_BANKS_2025-2015_.xlsx,35,E
city_bank_plc,1,CAPITAL & EFFICIENCY,Cost-to-Income Ratio %,cost_income_pct,%,2024,42.1,42.1,42.1,percent_points_inferred,native_numeric,0,DATASET_11_BANKS_2025-2015_.xlsx,35,D
city_bank_plc,1,CAPITAL & EFFICIENCY,Cost-to-Income Ratio %,cost_income_pct,%,2025,43.7,43.7,43.7,percent_points_inferred,native_numeric,0,DATASET_11_BANKS_2025-2015_.xlsx,35,C
city_bank_plc,1,DERIVED METRICS (formulas),NPL / Total Assets %,npl_to_assets_pct,%,2015,5.158856632,5.158856632,5.158856632,percent_points,native_numeric,0,DATASET_11_BANKS_2025-2015_.xlsx,37,M
city_bank_plc,1,DERIVED METRICS (formulas),NPL / Total Assets %,npl_to_assets_pct,%,2016,4.153452445,4.153452445,4.153452445,percent_points,native_numeric,0,DATASET_11_BANKS_2025-2015_.xlsx,37,L
city_bank_plc,1,DERIVED METRICS (formulas),NPL / Total Assets %,npl_to_assets_pct,%,2017,3.875425996,3.875425996,3.875425996,percent_points,native_numeric,0,DATASET_11_BANKS_2025-2015_.xlsx,37,K
city_bank_plc,1,DERIVED METRICS (formulas),NPL / Total Assets %,npl_to_assets_pct,%,2018,3.795184433,3.795184433,3.795184433,percent_points,native_numeric,0,DATASET_11_BANKS_2025-2015_.xlsx,37,J
city_bank_plc,1,DERIVED METRICS (formulas),NPL / Total Assets %,npl_to_assets_pct,%,2019,4.015912532,4.015912532,4.015912532,percent_points,native_numeric,0,DATASET_11_BANKS_2025-2015_.xlsx,37,I
city_bank_plc,1,DERIVED METRICS (formulas),NPL / Total Assets %,npl_to_assets_pct,%,2020,2.833445627,2.833445627,2.833445627,percent_points,native_numeric,0,DATASET_11_BANKS_2025-2015_.xlsx,37,H
city_bank_plc,1,DERIVED METRICS (formulas),NPL / Total Assets %,npl_to_assets_pct,%,2021,3.335556078,3.335556078,3.335556078,percent_points,native_numeric,0,DATASET_11_BANKS_2025-2015_.xlsx,37,G
city_bank_plc,1,DERIVED METRICS (formulas),NPL / Total Assets %,npl_to_assets_pct,%,2022,2.697263671,2.697263671,2.697263671,percent_points,native_numeric,0,DATASET_11_BANKS_2025-2015_.xlsx,37,F
city_bank_plc,1,DERIVED METRICS (formulas),NPL / Total Assets %,npl_to_assets_pct,%,2023,2.588449953,2.588449953,2.588449953,percent_points,native_numeric,0,DATASET_11_BANKS_2025-2015_.xlsx,37,E
city_bank_plc,1,DERIVED METRICS (formulas),NPL / Total Assets %,npl_to_assets_pct,%,2024,2.373571402,2.373571402,2.373571402,percent_points,native_numeric,0,DATASET_11_BANKS_2025-2015_.xlsx,37,D
city_bank_plc,1,DERIVED METRICS (formulas),NPL / Total Assets %,npl_to_assets_pct,%,2025,1.502239308,1.502239308,1.502239308,percent_points,native_numeric,0,DATASET_11_BANKS_2025-2015_.xlsx,37,C
city_bank_plc,1,DERIVED METRICS (formulas),YoY NPAT growth %,yoy_npat_growth_pct,%,2015,,,,fraction,missing,0,DATASET_11_BANKS_2025-2015_.xlsx,38,M
city_bank_plc,1,DERIVED METRICS (formulas),YoY NPAT growth %,yoy_npat_growth_pct,%,2016,0.09888888889,0.09888888889,9.888888889,fraction,native_numeric,0,DATASET_11_BANKS_2025-2015_.xlsx,38,L
city_bank_plc,1,DERIVED METRICS (formulas),YoY NPAT growth %,yoy_npat_growth_pct,%,2017,-0.08291203236,-0.08291203236,-8.291203236,fraction,native_numeric,0,DATASET_11_BANKS_2025-2015_.xlsx,38,K
city_bank_plc,1,DERIVED METRICS (formulas),YoY NPAT growth %,yoy_npat_growth_pct,%,2018,-0.4437706725,-0.4437706725,-44.37706725,fraction,native_numeric,0,DATASET_11_BANKS_2025-2015_.xlsx,38,J
city_bank_plc,1,DERIVED METRICS (formulas),YoY NPAT growth %,yoy_npat_growth_pct,%,2019,0.224975223,0.224975223,22.4975223,fraction,native_numeric,0,DATASET_11_BANKS_2025-2015_.xlsx,38,I
city_bank_plc,1,DERIVED METRICS (formulas),YoY NPAT growth %,yoy_npat_growth_pct,%,2020,0.6229773463,0.6229773463,62.29773463,fraction,native_numeric,0,DATASET_11_BANKS_2025-2015_.xlsx,38,H
city_bank_plc,1,DERIVED METRICS (formulas),YoY NPAT growth %,yoy_npat_growth_pct,%,2021,0.1822033898,0.1822033898,18.22033898,fraction,native_numeric,0,DATASET_11_BANKS_2025-2015_.xlsx,38,G
city_bank_plc,1,DERIVED METRICS (formulas),YoY NPAT growth %,yoy_npat_growth_pct,%,2022,-0.0495467004,-0.0495467004,-4.95467004,fraction,native_numeric,0,DATASET_11_BANKS_2025-2015_.xlsx,38,F
city_bank_plc,1,DERIVED METRICS (formulas),YoY NPAT growth %,yoy_npat_growth_pct,%,2023,0.3644631766,0.3644631766,36.44631766,fraction,native_numeric,0,DATASET_11_BANKS_2025-2015_.xlsx,38,E
city_bank_plc,1,DERIVED METRICS (formulas),YoY NPAT growth %,yoy_npat_growth_pct,%,2024,0.7641033978,0.7641033978,76.41033978,fraction,native_numeric,0,DATASET_11_BANKS_2025-2015_.xlsx,38,D
city_bank_plc,1,DERIVED METRICS (formulas),YoY NPAT growth %,yoy_npat_growth_pct,%,2025,0.2034835499,0.2034835499,20.34835499,fraction,native_numeric,0,DATASET_11_BANKS_2025-2015_.xlsx,38,C
city_bank_plc,1,DERIVED METRICS (formulas),YoY Total Assets growth %,yoy_total_assets_growth_pct,%,2015,,,,fraction,missing,0,DATASET_11_BANKS_2025-2015_.xlsx,39,M
city_bank_plc,1,DERIVED METRICS (formulas),YoY Total Assets growth %,yoy_total_assets_growth_pct,%,2016,0.2119436212,0.2119436212,21.194362119999997,fraction,native_numeric,0,DATASET_11_BANKS_2025-2015_.xlsx,39,L
city_bank_plc,1,DERIVED METRICS (formulas),YoY Total Assets growth %,yoy_total_assets_growth_pct,%,2017,0.08146371715,0.08146371715,8.146371715,fraction,native_numeric,0,DATASET_11_BANKS_2025-2015_.xlsx,39,K
city_bank_plc,1,DERIVED METRICS (formulas),YoY Total Assets growth %,yoy_total_assets_growth_pct,%,2018,0.1787421379,0.1787421379,17.87421379,fraction,native_numeric,0,DATASET_11_BANKS_2025-2015_.xlsx,39,J
city_bank_plc,1,DERIVED METRICS (formulas),YoY Total Assets growth %,yoy_total_assets_growth_pct,%,2019,0.09209003017,0.09209003017,9.209003017,fraction,native_numeric,0,DATASET_11_BANKS_2025-2015_.xlsx,39,I
city_bank_plc,1,DERIVED METRICS (formulas),YoY Total Assets growth %,yoy_total_assets_growth_pct,%,2020,0.07961058843,0.07961058843,7.961058843,fraction,native_numeric,0,DATASET_11_BANKS_2025-2015_.xlsx,39,H
city_bank_plc,1,DERIVED METRICS (formulas),YoY Total Assets growth %,yoy_total_assets_growth_pct,%,2021,0.08872732591,0.08872732591,8.872732591,fraction,native_numeric,0,DATASET_11_BANKS_2025-2015_.xlsx,39,G
city_bank_plc,1,DERIVED METRICS (formulas),YoY Total Assets growth %,yoy_total_assets_growth_pct,%,2022,0.2157461466,0.2157461466,21.574614659999998,fraction,native_numeric,0,DATASET_11_BANKS_2025-2015_.xlsx,39,F
city_bank_plc,1,DERIVED METRICS (formulas),YoY Total Assets growth %,yoy_total_assets_growth_pct,%,2023,0.09646106221,0.09646106221,9.646106221,fraction,native_numeric,0,DATASET_11_BANKS_2025-2015_.xlsx,39,E
city_bank_plc,1,DERIVED METRICS (formulas),YoY Total Assets growth %,yoy_total_assets_growth_pct,%,2024,0.2560990971,0.2560990971,25.60990971,fraction,native_numeric,0,DATASET_11_BANKS_2025-2015_.xlsx,39,D
city_bank_plc,1,DERIVED METRICS (formulas),YoY Total Assets growth %,yoy_total_assets_growth_pct,%,2025,0.2081176171,0.2081176171,20.811761710000003,fraction,native_numeric,0,DATASET_11_BANKS_2025-2015_.xlsx,39,C
dutch_bangla_bank_plc,1,BALANCE SHEET (mn Taka),Total Assets,total_assets,Tk mn,2015,244057.6,244057.6,,,native_numeric,0,DATASET_11_BANKS_2025-2015_.xlsx,17,M
dutch_bangla_bank_plc,1,BALANCE SHEET (mn Taka),Total Assets,total_assets,Tk mn,2016,264797.4,264797.4,,,native_numeric,0,DATASET_11_BANKS_2025-2015_.xlsx,17,L
dutch_bangla_bank_plc,1,BALANCE SHEET (mn Taka),Total Assets,total_assets,Tk mn,2017,311906.8,311906.8,,,native_numeric,0,DATASET_11_BANKS_2025-2015_.xlsx,17,K
dutch_bangla_bank_plc,1,BALANCE SHEET (mn Taka),Total Assets,total_assets,Tk mn,2018,346468.8,346468.8,,,native_numeric,0,DATASET_11_BANKS_2025-2015_.xlsx,17,J
dutch_bangla_bank_plc,1,BALANCE SHEET (mn Taka),Total Assets,total_assets,Tk mn,2019,390362.0,390362.0,,,native_numeric,0,DATASET_11_BANKS_2025-2015_.xlsx,17,I
dutch_bangla_bank_plc,1,BALANCE SHEET (mn Taka),Total Assets,total_assets,Tk mn,2020,472355.4,472355.4,,,native_numeric,0,DATASET_11_BANKS_2025-2015_.xlsx,17,H
dutch_bangla_bank_plc,1,BALANCE SHEET (mn Taka),Total Assets,total_assets,Tk mn,2021,514399.8,514399.8,,,native_numeric,0,DATASET_11_BANKS_2025-2015_.xlsx,17,G
dutch_bangla_bank_plc,1,BALANCE SHEET (mn Taka),Total Assets,total_assets,Tk mn,2022,555473.6,555473.6,,,native_numeric,0,DATASET_11_BANKS_2025-2015_.xlsx,17,F
dutch_bangla_bank_plc,1,BALANCE SHEET (mn Taka),Total Assets,total_assets,Tk mn,2023,593883.1,593883.1,,,native_numeric,0,DATASET_11_BANKS_2025-2015_.xlsx,17,E
dutch_bangla_bank_plc,1,BALANCE SHEET (mn Taka),Total Assets,total_assets,Tk mn,2024,679875.5,679875.5,,,native_numeric,0,DATASET_11_BANKS_2025-2015_.xlsx,17,D
dutch_bangla_bank_plc,1,BALANCE SHEET (mn Taka),Total Assets,total_assets,Tk mn,2025,817797.6,817797.6,,,native_numeric,0,DATASET_11_BANKS_2025-2015_.xlsx,17,C
dutch_bangla_bank_plc,1,BALANCE SHEET (mn Taka),"Loans & Advances, gross",loans_advances_gross,Tk mn,2015,152270.0,152270.0,,,native_numeric,0,DATASET_11_BANKS_2025-2015_.xlsx,18,M
dutch_bangla_bank_plc,1,BALANCE SHEET (mn Taka),"Loans & Advances, gross",loans_advances_gross,Tk mn,2016,173397.8,173397.8,,,native_numeric,0,DATASET_11_BANKS_2025-2015_.xlsx,18,L
dutch_bangla_bank_plc,1,BALANCE SHEET (mn Taka),"Loans & Advances, gross",loans_advances_gross,Tk mn,2017,207257.4,207257.4,,,native_numeric,0,DATASET_11_BANKS_2025-2015_.xlsx,18,K
dutch_bangla_bank_plc,1,BALANCE SHEET (mn Taka),"Loans & Advances, gross",loans_advances_gross,Tk mn,2018,231553.9,231553.9,,,native_numeric,0,DATASET_11_BANKS_2025-2015_.xlsx,18,J
dutch_bangla_bank_plc,1,BALANCE SHEET (mn Taka),"Loans & Advances, gross",loans_advances_gross,Tk mn,2019,256239.7,256239.7,,,native_numeric,0,DATASET_11_BANKS_2025-2015_.xlsx,18,I
dutch_bangla_bank_plc,1,BALANCE SHEET (mn Taka),"Loans & Advances, gross",loans_advances_gross,Tk mn,2020,273382.9,273382.9,,,native_numeric,0,DATASET_11_BANKS_2025-2015_.xlsx,18,H
dutch_bangla_bank_plc,1,BALANCE SHEET (mn Taka),"Loans & Advances, gross",loans_advances_gross,Tk mn,2021,319448.1,319448.1,,,native_numeric,0,DATASET_11_BANKS_2025-2015_.xlsx,18,G
dutch_bangla_bank_plc,1,BALANCE SHEET (mn Taka),"Loans & Advances, gross",loans_advances_gross,Tk mn,2022,364000.8,364000.8,,,native_numeric,0,DATASET_11_BANKS_2025-2015_.xlsx,18,F
dutch_bangla_bank_plc,1,BALANCE SHEET (mn Taka),"Loans & Advances, gross",loans_advances_gross,Tk mn,2023,412073.0,412073.0,,,native_numeric,0,DATASET_11_BANKS_2025-2015_.xlsx,18,E
dutch_bangla_bank_plc,1,BALANCE SHEET (mn Taka),"Loans & Advances, gross",loans_advances_gross,Tk mn,2024,428689.4,428689.4,,,native_numeric,0,DATASET_11_BANKS_2025-2015_.xlsx,18,D
dutch_bangla_bank_plc,1,BALANCE SHEET (mn Taka),"Loans & Advances, gross",loans_advances_gross,Tk mn,2025,450503.8,450503.8,,,native_numeric,0,DATASET_11_BANKS_2025-2015_.xlsx,18,C
dutch_bangla_bank_plc,1,BALANCE SHEET (mn Taka),Total Deposits,total_deposits,Tk mn,2015,186765.0,186765.0,,,native_numeric,0,DATASET_11_BANKS_2025-2015_.xlsx,19,M
dutch_bangla_bank_plc,1,BALANCE SHEET (mn Taka),Total Deposits,total_deposits,Tk mn,2016,207234.0,207234.0,,,native_numeric,0,DATASET_11_BANKS_2025-2015_.xlsx,19,L
dutch_bangla_bank_plc,1,BALANCE SHEET (mn Taka),Total Deposits,total_deposits,Tk mn,2017,233796.4,233796.4,,,native_numeric,0,DATASET_11_BANKS_2025-2015_.xlsx,19,K
dutch_bangla_bank_plc,1,BALANCE SHEET (mn Taka),Total Deposits,total_deposits,Tk mn,2018,262467.7,262467.7,,,native_numeric,0,DATASET_11_BANKS_2025-2015_.xlsx,19,J
dutch_bangla_bank_plc,1,BALANCE SHEET (mn Taka),Total Deposits,total_deposits,Tk mn,2019,302159.2,302159.2,,,native_numeric,0,DATASET_11_BANKS_2025-2015_.xlsx,19,I
dutch_bangla_bank_plc,1,BALANCE SHEET (mn Taka),Total Deposits,total_deposits,Tk mn,2020,362611.0,362611.0,,,native_numeric,0,DATASET_11_BANKS_2025-2015_.xlsx,19,H
dutch_bangla_bank_plc,1,BALANCE SHEET (mn Taka),Total Deposits,total_deposits,Tk mn,2021,401500.3,401500.3,,,native_numeric,0,DATASET_11_BANKS_2025-2015_.xlsx,19,G
dutch_bangla_bank_plc,1,BALANCE SHEET (mn Taka),Total Deposits,total_deposits,Tk mn,2022,438131.3,438131.3,,,native_numeric,0,DATASET_11_BANKS_2025-2015_.xlsx,19,F
dutch_bangla_bank_plc,1,BALANCE SHEET (mn Taka),Total Deposits,total_deposits,Tk mn,2023,472590.1,472590.1,,,native_numeric,0,DATASET_11_BANKS_2025-2015_.xlsx,19,E
dutch_bangla_bank_plc,1,BALANCE SHEET (mn Taka),Total Deposits,total_deposits,Tk mn,2024,521872.5,521872.5,,,native_numeric,0,DATASET_11_BANKS_2025-2015_.xlsx,19,D
dutch_bangla_bank_plc,1,BALANCE SHEET (mn Taka),Total Deposits,total_deposits,Tk mn,2025,622057.8,622057.8,,,native_numeric,0,DATASET_11_BANKS_2025-2015_.xlsx,19,C
dutch_bangla_bank_plc,1,BALANCE SHEET (mn Taka),Shareholders' Equity,shareholders_equity,Tk mn,2015,16754.3,16754.3,,,native_numeric,0,DATASET_11_BANKS_2025-2015_.xlsx,20,M
dutch_bangla_bank_plc,1,BALANCE SHEET (mn Taka),Shareholders' Equity,shareholders_equity,Tk mn,2016,17672.7,17672.7,,,native_numeric,0,DATASET_11_BANKS_2025-2015_.xlsx,20,L
dutch_bangla_bank_plc,1,BALANCE SHEET (mn Taka),Shareholders' Equity,shareholders_equity,Tk mn,2017,19482.2,19482.2,,,native_numeric,0,DATASET_11_BANKS_2025-2015_.xlsx,20,K
dutch_bangla_bank_plc,1,BALANCE SHEET (mn Taka),Shareholders' Equity,shareholders_equity,Tk mn,2018,23086.0,23086.0,,,native_numeric,0,DATASET_11_BANKS_2025-2015_.xlsx,20,J
dutch_bangla_bank_plc,1,BALANCE SHEET (mn Taka),Shareholders' Equity,shareholders_equity,Tk mn,2019,27443.3,27443.3,,,native_numeric,0,DATASET_11_BANKS_2025-2015_.xlsx,20,I
dutch_bangla_bank_plc,1,BALANCE SHEET (mn Taka),Shareholders' Equity,shareholders_equity,Tk mn,2020,32256.7,32256.7,,,native_numeric,0,DATASET_11_BANKS_2025-2015_.xlsx,20,H
dutch_bangla_bank_plc,1,BALANCE SHEET (mn Taka),Shareholders' Equity,shareholders_equity,Tk mn,2021,36966.4,36966.4,,,native_numeric,0,DATASET_11_BANKS_2025-2015_.xlsx,20,G
dutch_bangla_bank_plc,1,BALANCE SHEET (mn Taka),Shareholders' Equity,shareholders_equity,Tk mn,2022,41638.8,41638.8,,,native_numeric,0,DATASET_11_BANKS_2025-2015_.xlsx,20,F
dutch_bangla_bank_plc,1,BALANCE SHEET (mn Taka),Shareholders' Equity,shareholders_equity,Tk mn,2023,48172.8,48172.8,,,native_numeric,0,DATASET_11_BANKS_2025-2015_.xlsx,20,E
dutch_bangla_bank_plc,1,BALANCE SHEET (mn Taka),Shareholders' Equity,shareholders_equity,Tk mn,2024,51608.2,51608.2,,,native_numeric,0,DATASET_11_BANKS_2025-2015_.xlsx,20,D
dutch_bangla_bank_plc,1,BALANCE SHEET (mn Taka),Shareholders' Equity,shareholders_equity,Tk mn,2025,60070.5,60070.5,,,native_numeric,0,DATASET_11_BANKS_2025-2015_.xlsx,20,C
dutch_bangla_bank_plc,1,INCOME STATEMENT (mn Taka),Net Interest Income,net_interest_income,Tk mn,2015,9788.0,9788.0,,,native_numeric,0,DATASET_11_BANKS_2025-2015_.xlsx,22,M
dutch_bangla_bank_plc,1,INCOME STATEMENT (mn Taka),Net Interest Income,net_interest_income,Tk mn,2016,9963.5,9963.5,,,native_numeric,0,DATASET_11_BANKS_2025-2015_.xlsx,22,L
dutch_bangla_bank_plc,1,INCOME STATEMENT (mn Taka),Net Interest Income,net_interest_income,Tk mn,2017,N/A,,,,missing_marker,0,DATASET_11_BANKS_2025-2015_.xlsx,22,K
dutch_bangla_bank_plc,1,INCOME STATEMENT (mn Taka),Net Interest Income,net_interest_income,Tk mn,2018,N/A,,,,missing_marker,0,DATASET_11_BANKS_2025-2015_.xlsx,22,J
dutch_bangla_bank_plc,1,INCOME STATEMENT (mn Taka),Net Interest Income,net_interest_income,Tk mn,2019,17784.0,17784.0,,,native_numeric,0,DATASET_11_BANKS_2025-2015_.xlsx,22,I
dutch_bangla_bank_plc,1,INCOME STATEMENT (mn Taka),Net Interest Income,net_interest_income,Tk mn,2020,14129.7,14129.7,,,native_numeric,0,DATASET_11_BANKS_2025-2015_.xlsx,22,H
dutch_bangla_bank_plc,1,INCOME STATEMENT (mn Taka),Net Interest Income,net_interest_income,Tk mn,2021,N/A,,,,missing_marker,0,DATASET_11_BANKS_2025-2015_.xlsx,22,G
dutch_bangla_bank_plc,1,INCOME STATEMENT (mn Taka),Net Interest Income,net_interest_income,Tk mn,2022,N/A,,,,missing_marker,0,DATASET_11_BANKS_2025-2015_.xlsx,22,F
dutch_bangla_bank_plc,1,INCOME STATEMENT (mn Taka),Net Interest Income,net_interest_income,Tk mn,2023,N/A,,,,missing_marker,0,DATASET_11_BANKS_2025-2015_.xlsx,22,E
dutch_bangla_bank_plc,1,INCOME STATEMENT (mn Taka),Net Interest Income,net_interest_income,Tk mn,2024,29256.2,29256.2,,,native_numeric,0,DATASET_11_BANKS_2025-2015_.xlsx,22,D
dutch_bangla_bank_plc,1,INCOME STATEMENT (mn Taka),Net Interest Income,net_interest_income,Tk mn,2025,19871.9,19871.9,,,native_numeric,0,DATASET_11_BANKS_2025-2015_.xlsx,22,C
dutch_bangla_bank_plc,1,INCOME STATEMENT (mn Taka),Non-Interest Income,non_interest_income,Tk mn,2015,3761.4,3761.4,,,native_numeric,0,DATASET_11_BANKS_2025-2015_.xlsx,23,M
dutch_bangla_bank_plc,1,INCOME STATEMENT (mn Taka),Non-Interest Income,non_interest_income,Tk mn,2016,3895.8,3895.8,,,native_numeric,0,DATASET_11_BANKS_2025-2015_.xlsx,23,L
dutch_bangla_bank_plc,1,INCOME STATEMENT (mn Taka),Non-Interest Income,non_interest_income,Tk mn,2017,N/A,,,,missing_marker,0,DATASET_11_BANKS_2025-2015_.xlsx,23,K
dutch_bangla_bank_plc,1,INCOME STATEMENT (mn Taka),Non-Interest Income,non_interest_income,Tk mn,2018,N/A,,,,missing_marker,0,DATASET_11_BANKS_2025-2015_.xlsx,23,J
dutch_bangla_bank_plc,1,INCOME STATEMENT (mn Taka),Non-Interest Income,non_interest_income,Tk mn,2019,5749.7,5749.7,,,native_numeric,0,DATASET_11_BANKS_2025-2015_.xlsx,23,I
dutch_bangla_bank_plc,1,INCOME STATEMENT (mn Taka),Non-Interest Income,non_interest_income,Tk mn,2020,5340.8,5340.8,,,native_numeric,0,DATASET_11_BANKS_2025-2015_.xlsx,23,H
dutch_bangla_bank_plc,1,INCOME STATEMENT (mn Taka),Non-Interest Income,non_interest_income,Tk mn,2021,N/A,,,,missing_marker,0,DATASET_11_BANKS_2025-2015_.xlsx,23,G
dutch_bangla_bank_plc,1,INCOME STATEMENT (mn Taka),Non-Interest Income,non_interest_income,Tk mn,2022,N/A,,,,missing_marker,0,DATASET_11_BANKS_2025-2015_.xlsx,23,F
dutch_bangla_bank_plc,1,INCOME STATEMENT (mn Taka),Non-Interest Income,non_interest_income,Tk mn,2023,N/A,,,,missing_marker,0,DATASET_11_BANKS_2025-2015_.xlsx,23,E
dutch_bangla_bank_plc,1,INCOME STATEMENT (mn Taka),Non-Interest Income,non_interest_income,Tk mn,2024,7258.4,7258.4,,,native_numeric,0,DATASET_11_BANKS_2025-2015_.xlsx,23,D
dutch_bangla_bank_plc,1,INCOME STATEMENT (mn Taka),Non-Interest Income,non_interest_income,Tk mn,2025,10078.5,10078.5,,,native_numeric,0,DATASET_11_BANKS_2025-2015_.xlsx,23,C
dutch_bangla_bank_plc,1,INCOME STATEMENT (mn Taka),Net Profit After Tax,net_profit_after_tax,Tk mn,2015,3020.3,3020.3,,,native_numeric,0,DATASET_11_BANKS_2025-2015_.xlsx,24,M
dutch_bangla_bank_plc,1,INCOME STATEMENT (mn Taka),Net Profit After Tax,net_profit_after_tax,Tk mn,2016,1775.2,1775.2,,,native_numeric,0,DATASET_11_BANKS_2025-2015_.xlsx,24,L
dutch_bangla_bank_plc,1,INCOME STATEMENT (mn Taka),Net Profit After Tax,net_profit_after_tax,Tk mn,2017,2455.2,2455.2,,,native_numeric,0,DATASET_11_BANKS_2025-2015_.xlsx,24,K
dutch_bangla_bank_plc,1,INCOME STATEMENT (mn Taka),Net Profit After Tax,net_profit_after_tax,Tk mn,2018,4201.4,4201.4,,,native_numeric,0,DATASET_11_BANKS_2025-2015_.xlsx,24,J
dutch_bangla_bank_plc,1,INCOME STATEMENT (mn Taka),Net Profit After Tax,net_profit_after_tax,Tk mn,2019,4341.4,4341.4,,,native_numeric,0,DATASET_11_BANKS_2025-2015_.xlsx,24,I
dutch_bangla_bank_plc,1,INCOME STATEMENT (mn Taka),Net Profit After Tax,net_profit_after_tax,Tk mn,2020,5498.7,5498.7,,,native_numeric,0,DATASET_11_BANKS_2025-2015_.xlsx,24,H
dutch_bangla_bank_plc,1,INCOME STATEMENT (mn Taka),Net Profit After Tax,net_profit_after_tax,Tk mn,2021,5561.1,5561.1,,,native_numeric,0,DATASET_11_BANKS_2025-2015_.xlsx,24,G
dutch_bangla_bank_plc,1,INCOME STATEMENT (mn Taka),Net Profit After Tax,net_profit_after_tax,Tk mn,2022,5661.7,5661.7,,,native_numeric,0,DATASET_11_BANKS_2025-2015_.xlsx,24,F
dutch_bangla_bank_plc,1,INCOME STATEMENT (mn Taka),Net Profit After Tax,net_profit_after_tax,Tk mn,2023,8017.4,8017.4,,,native_numeric,0,DATASET_11_BANKS_2025-2015_.xlsx,24,E
dutch_bangla_bank_plc,1,INCOME STATEMENT (mn Taka),Net Profit After Tax,net_profit_after_tax,Tk mn,2024,4734.8,4734.8,,,native_numeric,0,DATASET_11_BANKS_2025-2015_.xlsx,24,D
dutch_bangla_bank_plc,1,INCOME STATEMENT (mn Taka),Net Profit After Tax,net_profit_after_tax,Tk mn,2025,9647.7,9647.7,,,native_numeric,0,DATASET_11_BANKS_2025-2015_.xlsx,24,C
dutch_bangla_bank_plc,1,PER-SHARE & PROFITABILITY,EPS (Taka),eps,BDT,2015,15.1,15.1,,,native_numeric,0,DATASET_11_BANKS_2025-2015_.xlsx,26,M
dutch_bangla_bank_plc,1,PER-SHARE & PROFITABILITY,EPS (Taka),eps,BDT,2016,8.9,8.9,,,native_numeric,0,DATASET_11_BANKS_2025-2015_.xlsx,26,L
dutch_bangla_bank_plc,1,PER-SHARE & PROFITABILITY,EPS (Taka),eps,BDT,2017,12.3,12.3,,,native_numeric,0,DATASET_11_BANKS_2025-2015_.xlsx,26,K
dutch_bangla_bank_plc,1,PER-SHARE & PROFITABILITY,EPS (Taka),eps,BDT,2018,21.0,21.0,,,native_numeric,0,DATASET_11_BANKS_2025-2015_.xlsx,26,J
dutch_bangla_bank_plc,1,PER-SHARE & PROFITABILITY,EPS (Taka),eps,BDT,2019,8.7,8.7,,,native_numeric,0,DATASET_11_BANKS_2025-2015_.xlsx,26,I
dutch_bangla_bank_plc,1,PER-SHARE & PROFITABILITY,EPS (Taka),eps,BDT,2020,10.0,10.0,,,native_numeric,0,DATASET_11_BANKS_2025-2015_.xlsx,26,H
dutch_bangla_bank_plc,1,PER-SHARE & PROFITABILITY,EPS (Taka),eps,BDT,2021,8.8,8.8,,,native_numeric,0,DATASET_11_BANKS_2025-2015_.xlsx,26,G
dutch_bangla_bank_plc,1,PER-SHARE & PROFITABILITY,EPS (Taka),eps,BDT,2022,8.14,8.14,,,native_numeric,0,DATASET_11_BANKS_2025-2015_.xlsx,26,F
dutch_bangla_bank_plc,1,PER-SHARE & PROFITABILITY,EPS (Taka),eps,BDT,2023,10.72,10.72,,,native_numeric,0,DATASET_11_BANKS_2025-2015_.xlsx,26,E
dutch_bangla_bank_plc,1,PER-SHARE & PROFITABILITY,EPS (Taka),eps,BDT,2024,5.39,5.39,,,native_numeric,0,DATASET_11_BANKS_2025-2015_.xlsx,26,D
dutch_bangla_bank_plc,1,PER-SHARE & PROFITABILITY,EPS (Taka),eps,BDT,2025,9.98,9.98,,,native_numeric,0,DATASET_11_BANKS_2025-2015_.xlsx,26,C
dutch_bangla_bank_plc,1,PER-SHARE & PROFITABILITY,ROA %,roa_pct,%,2015,0.013,0.013,1.3,fraction,native_numeric,0,DATASET_11_BANKS_2025-2015_.xlsx,27,M
dutch_bangla_bank_plc,1,PER-SHARE & PROFITABILITY,ROA %,roa_pct,%,2016,0.007,0.007,0.7000000000000001,fraction,native_numeric,0,DATASET_11_BANKS_2025-2015_.xlsx,27,L
dutch_bangla_bank_plc,1,PER-SHARE & PROFITABILITY,ROA %,roa_pct,%,2017,0.009,0.009,0.8999999999999999,fraction,native_numeric,0,DATASET_11_BANKS_2025-2015_.xlsx,27,K
dutch_bangla_bank_plc,1,PER-SHARE & PROFITABILITY,ROA %,roa_pct,%,2018,0.013,0.013,1.3,fraction,native_numeric,0,DATASET_11_BANKS_2025-2015_.xlsx,27,J
dutch_bangla_bank_plc,1,PER-SHARE & PROFITABILITY,ROA %,roa_pct,%,2019,0.012,0.012,1.2,fraction,native_numeric,0,DATASET_11_BANKS_2025-2015_.xlsx,27,I
dutch_bangla_bank_plc,1,PER-SHARE & PROFITABILITY,ROA %,roa_pct,%,2020,0.013,0.013,1.3,fraction,native_numeric,0,DATASET_11_BANKS_2025-2015_.xlsx,27,H
dutch_bangla_bank_plc,1,PER-SHARE & PROFITABILITY,ROA %,roa_pct,%,2021,0.011,0.011,1.0999999999999999,fraction,native_numeric,0,DATASET_11_BANKS_2025-2015_.xlsx,27,G
dutch_bangla_bank_plc,1,PER-SHARE & PROFITABILITY,ROA %,roa_pct,%,2022,0.011,0.011,1.0999999999999999,fraction,native_numeric,0,DATASET_11_BANKS_2025-2015_.xlsx,27,F
dutch_bangla_bank_plc,1,PER-SHARE & PROFITABILITY,ROA %,roa_pct,%,2023,0.014,0.014,1.4000000000000001,fraction,native_numeric,0,DATASET_11_BANKS_2025-2015_.xlsx,27,E
dutch_bangla_bank_plc,1,PER-SHARE & PROFITABILITY,ROA %,roa_pct,%,2024,0.007,0.007,0.7000000000000001,fraction,native_numeric,0,DATASET_11_BANKS_2025-2015_.xlsx,27,D
dutch_bangla_bank_plc,1,PER-SHARE & PROFITABILITY,ROA %,roa_pct,%,2025,0.013,0.013,1.3,fraction,native_numeric,0,DATASET_11_BANKS_2025-2015_.xlsx,27,C
dutch_bangla_bank_plc,1,PER-SHARE & PROFITABILITY,ROE %,roe_pct,%,2015,0.193,0.193,19.3,fraction,native_numeric,0,DATASET_11_BANKS_2025-2015_.xlsx,28,M
dutch_bangla_bank_plc,1,PER-SHARE & PROFITABILITY,ROE %,roe_pct,%,2016,0.103,0.103,10.299999999999999,fraction,native_numeric,0,DATASET_11_BANKS_2025-2015_.xlsx,28,L
dutch_bangla_bank_plc,1,PER-SHARE & PROFITABILITY,ROE %,roe_pct,%,2017,0.132,0.132,13.200000000000001,fraction,native_numeric,0,DATASET_11_BANKS_2025-2015_.xlsx,28,K
dutch_bangla_bank_plc,1,PER-SHARE & PROFITABILITY,ROE %,roe_pct,%,2018,0.197,0.197,19.7,fraction,native_numeric,0,DATASET_11_BANKS_2025-2015_.xlsx,28,J
dutch_bangla_bank_plc,1,PER-SHARE & PROFITABILITY,ROE %,roe_pct,%,2019,0.172,0.172,17.2,fraction,native_numeric,0,DATASET_11_BANKS_2025-2015_.xlsx,28,I
dutch_bangla_bank_plc,1,PER-SHARE & PROFITABILITY,ROE %,roe_pct,%,2020,0.184,0.184,18.4,fraction,native_numeric,0,DATASET_11_BANKS_2025-2015_.xlsx,28,H
dutch_bangla_bank_plc,1,PER-SHARE & PROFITABILITY,ROE %,roe_pct,%,2021,0.161,0.161,16.1,fraction,native_numeric,0,DATASET_11_BANKS_2025-2015_.xlsx,28,G
dutch_bangla_bank_plc,1,PER-SHARE & PROFITABILITY,ROE %,roe_pct,%,2022,0.144,0.144,14.399999999999999,fraction,native_numeric,0,DATASET_11_BANKS_2025-2015_.xlsx,28,F
dutch_bangla_bank_plc,1,PER-SHARE & PROFITABILITY,ROE %,roe_pct,%,2023,0.179,0.179,17.9,fraction,native_numeric,0,DATASET_11_BANKS_2025-2015_.xlsx,28,E
dutch_bangla_bank_plc,1,PER-SHARE & PROFITABILITY,ROE %,roe_pct,%,2024,0.095,0.095,9.5,fraction,native_numeric,0,DATASET_11_BANKS_2025-2015_.xlsx,28,D
dutch_bangla_bank_plc,1,PER-SHARE & PROFITABILITY,ROE %,roe_pct,%,2025,0.173,0.173,17.299999999999997,fraction,native_numeric,0,DATASET_11_BANKS_2025-2015_.xlsx,28,C
dutch_bangla_bank_plc,1,ASSET QUALITY,Loan-Deposit Ratio %,loan_deposit_ratio_pct,%,2015,0.815,0.815,81.5,fraction,native_numeric,0,DATASET_11_BANKS_2025-2015_.xlsx,30,M
dutch_bangla_bank_plc,1,ASSET QUALITY,Loan-Deposit Ratio %,loan_deposit_ratio_pct,%,2016,0.794,0.794,79.4,fraction,native_numeric,0,DATASET_11_BANKS_2025-2015_.xlsx,30,L
dutch_bangla_bank_plc,1,ASSET QUALITY,Loan-Deposit Ratio %,loan_deposit_ratio_pct,%,2017,0.756,0.756,75.6,fraction,native_numeric,0,DATASET_11_BANKS_2025-2015_.xlsx,30,K
dutch_bangla_bank_plc,1,ASSET QUALITY,Loan-Deposit Ratio %,loan_deposit_ratio_pct,%,2018,0.772,0.772,77.2,fraction,native_numeric,0,DATASET_11_BANKS_2025-2015_.xlsx,30,J
dutch_bangla_bank_plc,1,ASSET QUALITY,Loan-Deposit Ratio %,loan_deposit_ratio_pct,%,2019,0.739,0.739,73.9,fraction,native_numeric,0,DATASET_11_BANKS_2025-2015_.xlsx,30,I
dutch_bangla_bank_plc,1,ASSET QUALITY,Loan-Deposit Ratio %,loan_deposit_ratio_pct,%,2020,0.643,0.643,64.3,fraction,native_numeric,0,DATASET_11_BANKS_2025-2015_.xlsx,30,H
dutch_bangla_bank_plc,1,ASSET QUALITY,Loan-Deposit Ratio %,loan_deposit_ratio_pct,%,2021,0.718,0.718,71.8,fraction,native_numeric,0,DATASET_11_BANKS_2025-2015_.xlsx,30,G
dutch_bangla_bank_plc,1,ASSET QUALITY,Loan-Deposit Ratio %,loan_deposit_ratio_pct,%,2022,0.765,0.765,76.5,fraction,native_numeric,0,DATASET_11_BANKS_2025-2015_.xlsx,30,F
dutch_bangla_bank_plc,1,ASSET QUALITY,Loan-Deposit Ratio %,loan_deposit_ratio_pct,%,2023,0.826,0.826,82.6,fraction,native_numeric,0,DATASET_11_BANKS_2025-2015_.xlsx,30,E
dutch_bangla_bank_plc,1,ASSET QUALITY,Loan-Deposit Ratio %,loan_deposit_ratio_pct,%,2024,0.779,0.779,77.9,fraction,native_numeric,0,DATASET_11_BANKS_2025-2015_.xlsx,30,D
dutch_bangla_bank_plc,1,ASSET QUALITY,Loan-Deposit Ratio %,loan_deposit_ratio_pct,%,2025,0.68,0.68,68.0,fraction,native_numeric,0,DATASET_11_BANKS_2025-2015_.xlsx,30,C
dutch_bangla_bank_plc,1,ASSET QUALITY,NPL % (gross),npl_pct_gross,%,2015,0.037,0.037,3.6999999999999997,fraction,native_numeric,0,DATASET_11_BANKS_2025-2015_.xlsx,31,M
dutch_bangla_bank_plc,1,ASSET QUALITY,NPL % (gross),npl_pct_gross,%,2016,0.052,0.052,5.2,fraction,native_numeric,0,DATASET_11_BANKS_2025-2015_.xlsx,31,L
dutch_bangla_bank_plc,1,ASSET QUALITY,NPL % (gross),npl_pct_gross,%,2017,0.047,0.047,4.7,fraction,native_numeric,0,DATASET_11_BANKS_2025-2015_.xlsx,31,K
dutch_bangla_bank_plc,1,ASSET QUALITY,NPL % (gross),npl_pct_gross,%,2018,0.041,0.041,4.1000000000000005,fraction,native_numeric,0,DATASET_11_BANKS_2025-2015_.xlsx,31,J
dutch_bangla_bank_plc,1,ASSET QUALITY,NPL % (gross),npl_pct_gross,%,2019,0.044,0.044,4.3999999999999995,fraction,native_numeric,0,DATASET_11_BANKS_2025-2015_.xlsx,31,I
dutch_bangla_bank_plc,1,ASSET QUALITY,NPL % (gross),npl_pct_gross,%,2020,0.022,0.022,2.1999999999999997,fraction,native_numeric,0,DATASET_11_BANKS_2025-2015_.xlsx,31,H
dutch_bangla_bank_plc,1,ASSET QUALITY,NPL % (gross),npl_pct_gross,%,2021,0.037,0.037,3.6999999999999997,fraction,native_numeric,0,DATASET_11_BANKS_2025-2015_.xlsx,31,G
dutch_bangla_bank_plc,1,ASSET QUALITY,NPL % (gross),npl_pct_gross,%,2022,0.043,0.043,4.3,fraction,native_numeric,0,DATASET_11_BANKS_2025-2015_.xlsx,31,F
dutch_bangla_bank_plc,1,ASSET QUALITY,NPL % (gross),npl_pct_gross,%,2023,0.041,0.041,4.1000000000000005,fraction,native_numeric,0,DATASET_11_BANKS_2025-2015_.xlsx,31,E
dutch_bangla_bank_plc,1,ASSET QUALITY,NPL % (gross),npl_pct_gross,%,2024,0.077,0.077,7.7,fraction,native_numeric,0,DATASET_11_BANKS_2025-2015_.xlsx,31,D
dutch_bangla_bank_plc,1,ASSET QUALITY,NPL % (gross),npl_pct_gross,%,2025,0.064,0.064,6.4,fraction,native_numeric,0,DATASET_11_BANKS_2025-2015_.xlsx,31,C
dutch_bangla_bank_plc,1,ASSET QUALITY,Provision Coverage %,provision_coverage_pct,%,2015,N/A,,,fraction_inferred,missing_marker,0,DATASET_11_BANKS_2025-2015_.xlsx,32,M
dutch_bangla_bank_plc,1,ASSET QUALITY,Provision Coverage %,provision_coverage_pct,%,2016,N/A,,,fraction_inferred,missing_marker,0,DATASET_11_BANKS_2025-2015_.xlsx,32,L
dutch_bangla_bank_plc,1,ASSET QUALITY,Provision Coverage %,provision_coverage_pct,%,2017,N/A,,,fraction_inferred,missing_marker,0,DATASET_11_BANKS_2025-2015_.xlsx,32,K
dutch_bangla_bank_plc,1,ASSET QUALITY,Provision Coverage %,provision_coverage_pct,%,2018,N/A,,,fraction_inferred,missing_marker,0,DATASET_11_BANKS_2025-2015_.xlsx,32,J
dutch_bangla_bank_plc,1,ASSET QUALITY,Provision Coverage %,provision_coverage_pct,%,2019,N/A,,,fraction_inferred,missing_marker,0,DATASET_11_BANKS_2025-2015_.xlsx,32,I
dutch_bangla_bank_plc,1,ASSET QUALITY,Provision Coverage %,provision_coverage_pct,%,2020,N/A,,,fraction_inferred,missing_marker,0,DATASET_11_BANKS_2025-2015_.xlsx,32,H
dutch_bangla_bank_plc,1,ASSET QUALITY,Provision Coverage %,provision_coverage_pct,%,2021,N/A,,,fraction_inferred,missing_marker,0,DATASET_11_BANKS_2025-2015_.xlsx,32,G
dutch_bangla_bank_plc,1,ASSET QUALITY,Provision Coverage %,provision_coverage_pct,%,2022,N/A,,,fraction_inferred,missing_marker,0,DATASET_11_BANKS_2025-2015_.xlsx,32,F
dutch_bangla_bank_plc,1,ASSET QUALITY,Provision Coverage %,provision_coverage_pct,%,2023,N/A,,,fraction_inferred,missing_marker,0,DATASET_11_BANKS_2025-2015_.xlsx,32,E
dutch_bangla_bank_plc,1,ASSET QUALITY,Provision Coverage %,provision_coverage_pct,%,2024,0.759,0.759,75.9,fraction_inferred,native_numeric,0,DATASET_11_BANKS_2025-2015_.xlsx,32,D
dutch_bangla_bank_plc,1,ASSET QUALITY,Provision Coverage %,provision_coverage_pct,%,2025,1.182,1.182,118.19999999999999,fraction_inferred,native_numeric,0,DATASET_11_BANKS_2025-2015_.xlsx,32,C
dutch_bangla_bank_plc,1,CAPITAL & EFFICIENCY,CRAR % (Group),car_pct,%,2015,0.137,0.137,13.700000000000001,fraction_inferred,native_numeric,0,DATASET_11_BANKS_2025-2015_.xlsx,34,M
dutch_bangla_bank_plc,1,CAPITAL & EFFICIENCY,CRAR % (Group),car_pct,%,2016,0.131,0.131,13.100000000000001,fraction_inferred,native_numeric,0,DATASET_11_BANKS_2025-2015_.xlsx,34,L
dutch_bangla_bank_plc,1,CAPITAL & EFFICIENCY,CRAR % (Group),car_pct,%,2017,0.13,0.13,13.0,fraction_inferred,native_numeric,0,DATASET_11_BANKS_2025-2015_.xlsx,34,K
dutch_bangla_bank_plc,1,CAPITAL & EFFICIENCY,CRAR % (Group),car_pct,%,2018,0.156,0.156,15.6,fraction_inferred,native_numeric,0,DATASET_11_BANKS_2025-2015_.xlsx,34,J
dutch_bangla_bank_plc,1,CAPITAL & EFFICIENCY,CRAR % (Group),car_pct,%,2019,0.155,0.155,15.5,fraction_inferred,native_numeric,0,DATASET_11_BANKS_2025-2015_.xlsx,34,I
dutch_bangla_bank_plc,1,CAPITAL & EFFICIENCY,CRAR % (Group),car_pct,%,2020,0.172,0.172,17.2,fraction_inferred,native_numeric,0,DATASET_11_BANKS_2025-2015_.xlsx,34,H
dutch_bangla_bank_plc,1,CAPITAL & EFFICIENCY,CRAR % (Group),car_pct,%,2021,0.164,0.164,16.400000000000002,fraction_inferred,native_numeric,0,DATASET_11_BANKS_2025-2015_.xlsx,34,G
dutch_bangla_bank_plc,1,CAPITAL & EFFICIENCY,CRAR % (Group),car_pct,%,2022,0.156,0.156,15.6,fraction_inferred,native_numeric,0,DATASET_11_BANKS_2025-2015_.xlsx,34,F
dutch_bangla_bank_plc,1,CAPITAL & EFFICIENCY,CRAR % (Group),car_pct,%,2023,0.162,0.162,16.2,fraction_inferred,native_numeric,0,DATASET_11_BANKS_2025-2015_.xlsx,34,E
dutch_bangla_bank_plc,1,CAPITAL & EFFICIENCY,CRAR % (Group),car_pct,%,2024,0.138,0.138,13.8,fraction_inferred,native_numeric,0,DATASET_11_BANKS_2025-2015_.xlsx,34,D
dutch_bangla_bank_plc,1,CAPITAL & EFFICIENCY,CRAR % (Group),car_pct,%,2025,0.171,0.171,17.1,fraction_inferred,native_numeric,0,DATASET_11_BANKS_2025-2015_.xlsx,34,C
dutch_bangla_bank_plc,1,CAPITAL & EFFICIENCY,Cost-to-Income Ratio % (Group),cost_income_pct,%,2015,0.588,0.588,58.8,fraction_inferred,native_numeric,0,DATASET_11_BANKS_2025-2015_.xlsx,35,M
dutch_bangla_bank_plc,1,CAPITAL & EFFICIENCY,Cost-to-Income Ratio % (Group),cost_income_pct,%,2016,0.653,0.653,65.3,fraction_inferred,native_numeric,0,DATASET_11_BANKS_2025-2015_.xlsx,35,L
dutch_bangla_bank_plc,1,CAPITAL & EFFICIENCY,Cost-to-Income Ratio % (Group),cost_income_pct,%,2017,0.693,0.693,69.3,fraction_inferred,native_numeric,0,DATASET_11_BANKS_2025-2015_.xlsx,35,K
dutch_bangla_bank_plc,1,CAPITAL & EFFICIENCY,Cost-to-Income Ratio % (Group),cost_income_pct,%,2018,0.616,0.616,61.6,fraction_inferred,native_numeric,0,DATASET_11_BANKS_2025-2015_.xlsx,35,J
dutch_bangla_bank_plc,1,CAPITAL & EFFICIENCY,Cost-to-Income Ratio % (Group),cost_income_pct,%,2019,0.582,0.582,58.199999999999996,fraction_inferred,native_numeric,0,DATASET_11_BANKS_2025-2015_.xlsx,35,I
dutch_bangla_bank_plc,1,CAPITAL & EFFICIENCY,Cost-to-Income Ratio % (Group),cost_income_pct,%,2020,0.605,0.605,60.5,fraction_inferred,native_numeric,0,DATASET_11_BANKS_2025-2015_.xlsx,35,H
dutch_bangla_bank_plc,1,CAPITAL & EFFICIENCY,Cost-to-Income Ratio % (Group),cost_income_pct,%,2021,0.588,0.588,58.8,fraction_inferred,native_numeric,0,DATASET_11_BANKS_2025-2015_.xlsx,35,G
dutch_bangla_bank_plc,1,CAPITAL & EFFICIENCY,Cost-to-Income Ratio % (Group),cost_income_pct,%,2022,0.613,0.613,61.3,fraction_inferred,native_numeric,0,DATASET_11_BANKS_2025-2015_.xlsx,35,F
dutch_bangla_bank_plc,1,CAPITAL & EFFICIENCY,Cost-to-Income Ratio % (Group),cost_income_pct,%,2023,0.595,0.595,59.5,fraction_inferred,native_numeric,0,DATASET_11_BANKS_2025-2015_.xlsx,35,E
dutch_bangla_bank_plc,1,CAPITAL & EFFICIENCY,Cost-to-Income Ratio % (Group),cost_income_pct,%,2024,0.524,0.524,52.400000000000006,fraction_inferred,native_numeric,0,DATASET_11_BANKS_2025-2015_.xlsx,35,D
dutch_bangla_bank_plc,1,CAPITAL & EFFICIENCY,Cost-to-Income Ratio % (Group),cost_income_pct,%,2025,0.497,0.497,49.7,fraction_inferred,native_numeric,0,DATASET_11_BANKS_2025-2015_.xlsx,35,C
dutch_bangla_bank_plc,1,DERIVED METRICS,Estimated NPL amount,npl_amount,Tk mn,2015,5634.0,5634.0,,,native_numeric,1,DATASET_11_BANKS_2025-2015_.xlsx,37,M
dutch_bangla_bank_plc,1,DERIVED METRICS,Estimated NPL amount,npl_amount,Tk mn,2016,9016.7,9016.7,,,native_numeric,1,DATASET_11_BANKS_2025-2015_.xlsx,37,L
dutch_bangla_bank_plc,1,DERIVED METRICS,Estimated NPL amount,npl_amount,Tk mn,2017,9741.1,9741.1,,,native_numeric,1,DATASET_11_BANKS_2025-2015_.xlsx,37,K
dutch_bangla_bank_plc,1,DERIVED METRICS,Estimated NPL amount,npl_amount,Tk mn,2018,9493.7,9493.7,,,native_numeric,1,DATASET_11_BANKS_2025-2015_.xlsx,37,J
dutch_bangla_bank_plc,1,DERIVED METRICS,Estimated NPL amount,npl_amount,Tk mn,2019,11274.5,11274.5,,,native_numeric,1,DATASET_11_BANKS_2025-2015_.xlsx,37,I
dutch_bangla_bank_plc,1,DERIVED METRICS,Estimated NPL amount,npl_amount,Tk mn,2020,6014.4,6014.4,,,native_numeric,1,DATASET_11_BANKS_2025-2015_.xlsx,37,H
dutch_bangla_bank_plc,1,DERIVED METRICS,Estimated NPL amount,npl_amount,Tk mn,2021,11819.6,11819.6,,,native_numeric,1,DATASET_11_BANKS_2025-2015_.xlsx,37,G
dutch_bangla_bank_plc,1,DERIVED METRICS,Estimated NPL amount,npl_amount,Tk mn,2022,15652.0,15652.0,,,native_numeric,1,DATASET_11_BANKS_2025-2015_.xlsx,37,F
dutch_bangla_bank_plc,1,DERIVED METRICS,Estimated NPL amount,npl_amount,Tk mn,2023,16895.0,16895.0,,,native_numeric,1,DATASET_11_BANKS_2025-2015_.xlsx,37,E
dutch_bangla_bank_plc,1,DERIVED METRICS,Estimated NPL amount,npl_amount,Tk mn,2024,33009.1,33009.1,,,native_numeric,1,DATASET_11_BANKS_2025-2015_.xlsx,37,D
dutch_bangla_bank_plc,1,DERIVED METRICS,Estimated NPL amount,npl_amount,Tk mn,2025,28832.2,28832.2,,,native_numeric,1,DATASET_11_BANKS_2025-2015_.xlsx,37,C
dutch_bangla_bank_plc,1,DERIVED METRICS,NPL / Total Assets %,npl_to_assets_pct,%,2015,0.0231,0.0231,2.31,fraction,native_numeric,0,DATASET_11_BANKS_2025-2015_.xlsx,38,M
dutch_bangla_bank_plc,1,DERIVED METRICS,NPL / Total Assets %,npl_to_assets_pct,%,2016,0.0341,0.0341,3.4099999999999997,fraction,native_numeric,0,DATASET_11_BANKS_2025-2015_.xlsx,38,L
dutch_bangla_bank_plc,1,DERIVED METRICS,NPL / Total Assets %,npl_to_assets_pct,%,2017,0.0312,0.0312,3.1199999999999997,fraction,native_numeric,0,DATASET_11_BANKS_2025-2015_.xlsx,38,K
dutch_bangla_bank_plc,1,DERIVED METRICS,NPL / Total Assets %,npl_to_assets_pct,%,2018,0.0274,0.0274,2.74,fraction,native_numeric,0,DATASET_11_BANKS_2025-2015_.xlsx,38,J
dutch_bangla_bank_plc,1,DERIVED METRICS,NPL / Total Assets %,npl_to_assets_pct,%,2019,0.0289,0.0289,2.8899999999999997,fraction,native_numeric,0,DATASET_11_BANKS_2025-2015_.xlsx,38,I
dutch_bangla_bank_plc,1,DERIVED METRICS,NPL / Total Assets %,npl_to_assets_pct,%,2020,0.0127,0.0127,1.27,fraction,native_numeric,0,DATASET_11_BANKS_2025-2015_.xlsx,38,H
dutch_bangla_bank_plc,1,DERIVED METRICS,NPL / Total Assets %,npl_to_assets_pct,%,2021,0.023,0.023,2.3,fraction,native_numeric,0,DATASET_11_BANKS_2025-2015_.xlsx,38,G
dutch_bangla_bank_plc,1,DERIVED METRICS,NPL / Total Assets %,npl_to_assets_pct,%,2022,0.0282,0.0282,2.82,fraction,native_numeric,0,DATASET_11_BANKS_2025-2015_.xlsx,38,F
dutch_bangla_bank_plc,1,DERIVED METRICS,NPL / Total Assets %,npl_to_assets_pct,%,2023,0.0284,0.0284,2.8400000000000003,fraction,native_numeric,0,DATASET_11_BANKS_2025-2015_.xlsx,38,E
dutch_bangla_bank_plc,1,DERIVED METRICS,NPL / Total Assets %,npl_to_assets_pct,%,2024,0.0486,0.0486,4.859999999999999,fraction,native_numeric,0,DATASET_11_BANKS_2025-2015_.xlsx,38,D
dutch_bangla_bank_plc,1,DERIVED METRICS,NPL / Total Assets %,npl_to_assets_pct,%,2025,0.0353,0.0353,3.53,fraction,native_numeric,0,DATASET_11_BANKS_2025-2015_.xlsx,38,C
dutch_bangla_bank_plc,1,DERIVED METRICS,YoY NPAT growth %,yoy_npat_growth_pct,%,2015,0.369,0.369,36.9,fraction,native_numeric,0,DATASET_11_BANKS_2025-2015_.xlsx,39,M
dutch_bangla_bank_plc,1,DERIVED METRICS,YoY NPAT growth %,yoy_npat_growth_pct,%,2016,-0.412,-0.412,-41.199999999999996,fraction,native_numeric,0,DATASET_11_BANKS_2025-2015_.xlsx,39,L
dutch_bangla_bank_plc,1,DERIVED METRICS,YoY NPAT growth %,yoy_npat_growth_pct,%,2017,0.383,0.383,38.3,fraction,native_numeric,0,DATASET_11_BANKS_2025-2015_.xlsx,39,K
dutch_bangla_bank_plc,1,DERIVED METRICS,YoY NPAT growth %,yoy_npat_growth_pct,%,2018,0.711,0.711,71.1,fraction,native_numeric,0,DATASET_11_BANKS_2025-2015_.xlsx,39,J
dutch_bangla_bank_plc,1,DERIVED METRICS,YoY NPAT growth %,yoy_npat_growth_pct,%,2019,0.033,0.033,3.3000000000000003,fraction,native_numeric,0,DATASET_11_BANKS_2025-2015_.xlsx,39,I
dutch_bangla_bank_plc,1,DERIVED METRICS,YoY NPAT growth %,yoy_npat_growth_pct,%,2020,0.267,0.267,26.700000000000003,fraction,native_numeric,0,DATASET_11_BANKS_2025-2015_.xlsx,39,H
dutch_bangla_bank_plc,1,DERIVED METRICS,YoY NPAT growth %,yoy_npat_growth_pct,%,2021,0.011,0.011,1.0999999999999999,fraction,native_numeric,0,DATASET_11_BANKS_2025-2015_.xlsx,39,G
dutch_bangla_bank_plc,1,DERIVED METRICS,YoY NPAT growth %,yoy_npat_growth_pct,%,2022,0.018,0.018,1.7999999999999998,fraction,native_numeric,0,DATASET_11_BANKS_2025-2015_.xlsx,39,F
dutch_bangla_bank_plc,1,DERIVED METRICS,YoY NPAT growth %,yoy_npat_growth_pct,%,2023,0.416,0.416,41.6,fraction,native_numeric,0,DATASET_11_BANKS_2025-2015_.xlsx,39,E
dutch_bangla_bank_plc,1,DERIVED METRICS,YoY NPAT growth %,yoy_npat_growth_pct,%,2024,-0.409,-0.409,-40.9,fraction,native_numeric,0,DATASET_11_BANKS_2025-2015_.xlsx,39,D
dutch_bangla_bank_plc,1,DERIVED METRICS,YoY NPAT growth %,yoy_npat_growth_pct,%,2025,1.038,1.038,103.8,fraction,native_numeric,0,DATASET_11_BANKS_2025-2015_.xlsx,39,C
dutch_bangla_bank_plc,1,DERIVED METRICS,YoY Equity growth %,yoy_equity_growth_pct,%,2015,0.154,0.154,15.4,fraction,native_numeric,0,DATASET_11_BANKS_2025-2015_.xlsx,40,M
dutch_bangla_bank_plc,1,DERIVED METRICS,YoY Equity growth %,yoy_equity_growth_pct,%,2016,0.055,0.055,5.5,fraction,native_numeric,0,DATASET_11_BANKS_2025-2015_.xlsx,40,L
dutch_bangla_bank_plc,1,DERIVED METRICS,YoY Equity growth %,yoy_equity_growth_pct,%,2017,0.102,0.102,10.2,fraction,native_numeric,0,DATASET_11_BANKS_2025-2015_.xlsx,40,K
dutch_bangla_bank_plc,1,DERIVED METRICS,YoY Equity growth %,yoy_equity_growth_pct,%,2018,0.185,0.185,18.5,fraction,native_numeric,0,DATASET_11_BANKS_2025-2015_.xlsx,40,J
dutch_bangla_bank_plc,1,DERIVED METRICS,YoY Equity growth %,yoy_equity_growth_pct,%,2019,0.189,0.189,18.9,fraction,native_numeric,0,DATASET_11_BANKS_2025-2015_.xlsx,40,I
dutch_bangla_bank_plc,1,DERIVED METRICS,YoY Equity growth %,yoy_equity_growth_pct,%,2020,0.175,0.175,17.5,fraction,native_numeric,0,DATASET_11_BANKS_2025-2015_.xlsx,40,H
dutch_bangla_bank_plc,1,DERIVED METRICS,YoY Equity growth %,yoy_equity_growth_pct,%,2021,0.146,0.146,14.6,fraction,native_numeric,0,DATASET_11_BANKS_2025-2015_.xlsx,40,G
dutch_bangla_bank_plc,1,DERIVED METRICS,YoY Equity growth %,yoy_equity_growth_pct,%,2022,0.126,0.126,12.6,fraction,native_numeric,0,DATASET_11_BANKS_2025-2015_.xlsx,40,F
dutch_bangla_bank_plc,1,DERIVED METRICS,YoY Equity growth %,yoy_equity_growth_pct,%,2023,0.157,0.157,15.7,fraction,native_numeric,0,DATASET_11_BANKS_2025-2015_.xlsx,40,E
dutch_bangla_bank_plc,1,DERIVED METRICS,YoY Equity growth %,yoy_equity_growth_pct,%,2024,0.071,0.071,7.1,fraction,native_numeric,0,DATASET_11_BANKS_2025-2015_.xlsx,40,D
dutch_bangla_bank_plc,1,DERIVED METRICS,YoY Equity growth %,yoy_equity_growth_pct,%,2025,0.164,0.164,16.400000000000002,fraction,native_numeric,0,DATASET_11_BANKS_2025-2015_.xlsx,40,C
eastern_bank_plc,1,BALANCE SHEET,Total Assets,total_assets,Tk mn,2015,189563.0,189563.0,,,native_numeric,0,DATASET_11_BANKS_2025-2015_.xlsx,16,M
eastern_bank_plc,1,BALANCE SHEET,Total Assets,total_assets,Tk mn,2016,N/A,,,,missing_marker,0,DATASET_11_BANKS_2025-2015_.xlsx,16,L
eastern_bank_plc,1,BALANCE SHEET,Total Assets,total_assets,Tk mn,2017,253068.0,253068.0,,,native_numeric,0,DATASET_11_BANKS_2025-2015_.xlsx,16,K
eastern_bank_plc,1,BALANCE SHEET,Total Assets,total_assets,Tk mn,2018,282451.0,282451.0,,,native_numeric,0,DATASET_11_BANKS_2025-2015_.xlsx,16,J
eastern_bank_plc,1,BALANCE SHEET,Total Assets,total_assets,Tk mn,2019,335163.0,335163.0,,,native_numeric,0,DATASET_11_BANKS_2025-2015_.xlsx,16,I
eastern_bank_plc,1,BALANCE SHEET,Total Assets,total_assets,Tk mn,2020,336936.0,336936.0,,,native_numeric,0,DATASET_11_BANKS_2025-2015_.xlsx,16,H
eastern_bank_plc,1,BALANCE SHEET,Total Assets,total_assets,Tk mn,2021,388815.0,388815.0,,,native_numeric,0,DATASET_11_BANKS_2025-2015_.xlsx,16,G
eastern_bank_plc,1,BALANCE SHEET,Total Assets,total_assets,Tk mn,2022,455989.0,455989.0,,,native_numeric,0,DATASET_11_BANKS_2025-2015_.xlsx,16,F
eastern_bank_plc,1,BALANCE SHEET,Total Assets,total_assets,Tk mn,2023,506271.0,506271.0,,,native_numeric,0,DATASET_11_BANKS_2025-2015_.xlsx,16,E
eastern_bank_plc,1,BALANCE SHEET,Total Assets,total_assets,Tk mn,2024,616050.0,616050.0,,,native_numeric,0,DATASET_11_BANKS_2025-2015_.xlsx,16,D
eastern_bank_plc,1,BALANCE SHEET,Total Assets,total_assets,Tk mn,2025,761604.0,761604.0,,,native_numeric,0,DATASET_11_BANKS_2025-2015_.xlsx,16,C
eastern_bank_plc,1,BALANCE SHEET,Loans & Advances,loans_advances_gross,Tk mn,2015,130226.0,130226.0,,,native_numeric,0,DATASET_11_BANKS_2025-2015_.xlsx,17,M
eastern_bank_plc,1,BALANCE SHEET,Loans & Advances,loans_advances_gross,Tk mn,2016,N/A,,,,missing_marker,0,DATASET_11_BANKS_2025-2015_.xlsx,17,L
eastern_bank_plc,1,BALANCE SHEET,Loans & Advances,loans_advances_gross,Tk mn,2017,184027.0,184027.0,,,native_numeric,0,DATASET_11_BANKS_2025-2015_.xlsx,17,K
eastern_bank_plc,1,BALANCE SHEET,Loans & Advances,loans_advances_gross,Tk mn,2018,209306.0,209306.0,,,native_numeric,0,DATASET_11_BANKS_2025-2015_.xlsx,17,J
eastern_bank_plc,1,BALANCE SHEET,Loans & Advances,loans_advances_gross,Tk mn,2019,232051.0,232051.0,,,native_numeric,0,DATASET_11_BANKS_2025-2015_.xlsx,17,I
eastern_bank_plc,1,BALANCE SHEET,Loans & Advances,loans_advances_gross,Tk mn,2020,228944.0,228944.0,,,native_numeric,0,DATASET_11_BANKS_2025-2015_.xlsx,17,H
eastern_bank_plc,1,BALANCE SHEET,Loans & Advances,loans_advances_gross,Tk mn,2021,269394.0,269394.0,,,native_numeric,0,DATASET_11_BANKS_2025-2015_.xlsx,17,G
eastern_bank_plc,1,BALANCE SHEET,Loans & Advances,loans_advances_gross,Tk mn,2022,308916.0,308916.0,,,native_numeric,0,DATASET_11_BANKS_2025-2015_.xlsx,17,F
eastern_bank_plc,1,BALANCE SHEET,Loans & Advances,loans_advances_gross,Tk mn,2023,353357.0,353357.0,,,native_numeric,0,DATASET_11_BANKS_2025-2015_.xlsx,17,E
eastern_bank_plc,1,BALANCE SHEET,Loans & Advances,loans_advances_gross,Tk mn,2024,410718.0,410718.0,,,native_numeric,0,DATASET_11_BANKS_2025-2015_.xlsx,17,D
eastern_bank_plc,1,BALANCE SHEET,Loans & Advances,loans_advances_gross,Tk mn,2025,477040.0,477040.0,,,native_numeric,0,DATASET_11_BANKS_2025-2015_.xlsx,17,C
eastern_bank_plc,1,BALANCE SHEET,Total Deposits,total_deposits,Tk mn,2015,127990.0,127990.0,,,native_numeric,0,DATASET_11_BANKS_2025-2015_.xlsx,18,M
eastern_bank_plc,1,BALANCE SHEET,Total Deposits,total_deposits,Tk mn,2016,N/A,,,,missing_marker,0,DATASET_11_BANKS_2025-2015_.xlsx,18,L
eastern_bank_plc,1,BALANCE SHEET,Total Deposits,total_deposits,Tk mn,2017,167348.0,167348.0,,,native_numeric,0,DATASET_11_BANKS_2025-2015_.xlsx,18,K
eastern_bank_plc,1,BALANCE SHEET,Total Deposits,total_deposits,Tk mn,2018,199629.0,199629.0,,,native_numeric,0,DATASET_11_BANKS_2025-2015_.xlsx,18,J
eastern_bank_plc,1,BALANCE SHEET,Total Deposits,total_deposits,Tk mn,2019,240164.0,240164.0,,,native_numeric,0,DATASET_11_BANKS_2025-2015_.xlsx,18,I
eastern_bank_plc,1,BALANCE SHEET,Total Deposits,total_deposits,Tk mn,2020,242358.0,242358.0,,,native_numeric,0,DATASET_11_BANKS_2025-2015_.xlsx,18,H
eastern_bank_plc,1,BALANCE SHEET,Total Deposits,total_deposits,Tk mn,2021,268019.0,268019.0,,,native_numeric,0,DATASET_11_BANKS_2025-2015_.xlsx,18,G
eastern_bank_plc,1,BALANCE SHEET,Total Deposits,total_deposits,Tk mn,2022,317097.0,317097.0,,,native_numeric,0,DATASET_11_BANKS_2025-2015_.xlsx,18,F
eastern_bank_plc,1,BALANCE SHEET,Total Deposits,total_deposits,Tk mn,2023,366104.0,366104.0,,,native_numeric,0,DATASET_11_BANKS_2025-2015_.xlsx,18,E
eastern_bank_plc,1,BALANCE SHEET,Total Deposits,total_deposits,Tk mn,2024,457692.0,457692.0,,,native_numeric,0,DATASET_11_BANKS_2025-2015_.xlsx,18,D
eastern_bank_plc,1,BALANCE SHEET,Total Deposits,total_deposits,Tk mn,2025,556454.0,556454.0,,,native_numeric,0,DATASET_11_BANKS_2025-2015_.xlsx,18,C
eastern_bank_plc,1,BALANCE SHEET,Shareholders' Equity,shareholders_equity,Tk mn,2015,20496.0,20496.0,,,native_numeric,0,DATASET_11_BANKS_2025-2015_.xlsx,19,M
eastern_bank_plc,1,BALANCE SHEET,Shareholders' Equity,shareholders_equity,Tk mn,2016,N/A,,,,missing_marker,0,DATASET_11_BANKS_2025-2015_.xlsx,19,L
eastern_bank_plc,1,BALANCE SHEET,Shareholders' Equity,shareholders_equity,Tk mn,2017,21586.0,21586.0,,,native_numeric,0,DATASET_11_BANKS_2025-2015_.xlsx,19,K
eastern_bank_plc,1,BALANCE SHEET,Shareholders' Equity,shareholders_equity,Tk mn,2018,22966.0,22966.0,,,native_numeric,0,DATASET_11_BANKS_2025-2015_.xlsx,19,J
eastern_bank_plc,1,BALANCE SHEET,Shareholders' Equity,shareholders_equity,Tk mn,2019,25567.0,25567.0,,,native_numeric,0,DATASET_11_BANKS_2025-2015_.xlsx,19,I
eastern_bank_plc,1,BALANCE SHEET,Shareholders' Equity,shareholders_equity,Tk mn,2020,28976.0,28976.0,,,native_numeric,0,DATASET_11_BANKS_2025-2015_.xlsx,19,H
eastern_bank_plc,1,BALANCE SHEET,Shareholders' Equity,shareholders_equity,Tk mn,2021,31017.0,31017.0,,,native_numeric,0,DATASET_11_BANKS_2025-2015_.xlsx,19,G
eastern_bank_plc,1,BALANCE SHEET,Shareholders' Equity,shareholders_equity,Tk mn,2022,35045.0,35045.0,,,native_numeric,0,DATASET_11_BANKS_2025-2015_.xlsx,19,F
eastern_bank_plc,1,BALANCE SHEET,Shareholders' Equity,shareholders_equity,Tk mn,2023,37484.0,37484.0,,,native_numeric,0,DATASET_11_BANKS_2025-2015_.xlsx,19,E
eastern_bank_plc,1,BALANCE SHEET,Shareholders' Equity,shareholders_equity,Tk mn,2024,43064.0,43064.0,,,native_numeric,0,DATASET_11_BANKS_2025-2015_.xlsx,19,D
eastern_bank_plc,1,BALANCE SHEET,Shareholders' Equity,shareholders_equity,Tk mn,2025,50850.0,50850.0,,,native_numeric,0,DATASET_11_BANKS_2025-2015_.xlsx,19,C
eastern_bank_plc,1,INCOME STATEMENT,Net Interest Income,net_interest_income,Tk mn,2015,3545.0,3545.0,,,native_numeric,0,DATASET_11_BANKS_2025-2015_.xlsx,21,M
eastern_bank_plc,1,INCOME STATEMENT,Net Interest Income,net_interest_income,Tk mn,2016,N/A,,,,missing_marker,0,DATASET_11_BANKS_2025-2015_.xlsx,21,L
eastern_bank_plc,1,INCOME STATEMENT,Net Interest Income,net_interest_income,Tk mn,2017,5745.0,5745.0,,,native_numeric,0,DATASET_11_BANKS_2025-2015_.xlsx,21,K
eastern_bank_plc,1,INCOME STATEMENT,Net Interest Income,net_interest_income,Tk mn,2018,7506.0,7506.0,,,native_numeric,0,DATASET_11_BANKS_2025-2015_.xlsx,21,J
eastern_bank_plc,1,INCOME STATEMENT,Net Interest Income,net_interest_income,Tk mn,2019,8159.0,8159.0,,,native_numeric,0,DATASET_11_BANKS_2025-2015_.xlsx,21,I
eastern_bank_plc,1,INCOME STATEMENT,Net Interest Income,net_interest_income,Tk mn,2020,5930.0,5930.0,,,native_numeric,0,DATASET_11_BANKS_2025-2015_.xlsx,21,H
eastern_bank_plc,1,INCOME STATEMENT,Net Interest Income,net_interest_income,Tk mn,2021,7761.0,7761.0,,,native_numeric,0,DATASET_11_BANKS_2025-2015_.xlsx,21,G
eastern_bank_plc,1,INCOME STATEMENT,Net Interest Income,net_interest_income,Tk mn,2022,6699.0,6699.0,,,native_numeric,0,DATASET_11_BANKS_2025-2015_.xlsx,21,F
eastern_bank_plc,1,INCOME STATEMENT,Net Interest Income,net_interest_income,Tk mn,2023,8148.0,8148.0,,,native_numeric,0,DATASET_11_BANKS_2025-2015_.xlsx,21,E
eastern_bank_plc,1,INCOME STATEMENT,Net Interest Income,net_interest_income,Tk mn,2024,10585.0,10585.0,,,native_numeric,0,DATASET_11_BANKS_2025-2015_.xlsx,21,D
eastern_bank_plc,1,INCOME STATEMENT,Net Interest Income,net_interest_income,Tk mn,2025,9833.0,9833.0,,,native_numeric,0,DATASET_11_BANKS_2025-2015_.xlsx,21,C
eastern_bank_plc,1,INCOME STATEMENT,Non-Interest Income,non_interest_income,Tk mn,2015,6542.0,6542.0,,,native_numeric,0,DATASET_11_BANKS_2025-2015_.xlsx,22,M
eastern_bank_plc,1,INCOME STATEMENT,Non-Interest Income,non_interest_income,Tk mn,2016,N/A,,,,missing_marker,0,DATASET_11_BANKS_2025-2015_.xlsx,22,L
eastern_bank_plc,1,INCOME STATEMENT,Non-Interest Income,non_interest_income,Tk mn,2017,6656.0,6656.0,,,native_numeric,0,DATASET_11_BANKS_2025-2015_.xlsx,22,K
eastern_bank_plc,1,INCOME STATEMENT,Non-Interest Income,non_interest_income,Tk mn,2018,5633.0,5633.0,,,native_numeric,0,DATASET_11_BANKS_2025-2015_.xlsx,22,J
eastern_bank_plc,1,INCOME STATEMENT,Non-Interest Income,non_interest_income,Tk mn,2019,6439.0,6439.0,,,native_numeric,0,DATASET_11_BANKS_2025-2015_.xlsx,22,I
eastern_bank_plc,1,INCOME STATEMENT,Non-Interest Income,non_interest_income,Tk mn,2020,8204.0,8204.0,,,native_numeric,0,DATASET_11_BANKS_2025-2015_.xlsx,22,H
eastern_bank_plc,1,INCOME STATEMENT,Non-Interest Income,non_interest_income,Tk mn,2021,9397.0,9397.0,,,native_numeric,0,DATASET_11_BANKS_2025-2015_.xlsx,22,G
eastern_bank_plc,1,INCOME STATEMENT,Non-Interest Income,non_interest_income,Tk mn,2022,11090.0,11090.0,,,native_numeric,0,DATASET_11_BANKS_2025-2015_.xlsx,22,F
eastern_bank_plc,1,INCOME STATEMENT,Non-Interest Income,non_interest_income,Tk mn,2023,12380.0,12380.0,,,native_numeric,0,DATASET_11_BANKS_2025-2015_.xlsx,22,E
eastern_bank_plc,1,INCOME STATEMENT,Non-Interest Income,non_interest_income,Tk mn,2024,16042.0,16042.0,,,native_numeric,0,DATASET_11_BANKS_2025-2015_.xlsx,22,D
eastern_bank_plc,1,INCOME STATEMENT,Non-Interest Income,non_interest_income,Tk mn,2025,21144.0,21144.0,,,native_numeric,0,DATASET_11_BANKS_2025-2015_.xlsx,22,C
eastern_bank_plc,1,INCOME STATEMENT,Net Profit After Tax,net_profit_after_tax,Tk mn,2015,2221.0,2221.0,,,native_numeric,0,DATASET_11_BANKS_2025-2015_.xlsx,23,M
eastern_bank_plc,1,INCOME STATEMENT,Net Profit After Tax,net_profit_after_tax,Tk mn,2016,N/A,,,,missing_marker,0,DATASET_11_BANKS_2025-2015_.xlsx,23,L
eastern_bank_plc,1,INCOME STATEMENT,Net Profit After Tax,net_profit_after_tax,Tk mn,2017,2405.0,2405.0,,,native_numeric,0,DATASET_11_BANKS_2025-2015_.xlsx,23,K
eastern_bank_plc,1,INCOME STATEMENT,Net Profit After Tax,net_profit_after_tax,Tk mn,2018,3081.0,3081.0,,,native_numeric,0,DATASET_11_BANKS_2025-2015_.xlsx,23,J
eastern_bank_plc,1,INCOME STATEMENT,Net Profit After Tax,net_profit_after_tax,Tk mn,2019,4008.0,4008.0,,,native_numeric,0,DATASET_11_BANKS_2025-2015_.xlsx,23,I
eastern_bank_plc,1,INCOME STATEMENT,Net Profit After Tax,net_profit_after_tax,Tk mn,2020,4103.0,4103.0,,,native_numeric,0,DATASET_11_BANKS_2025-2015_.xlsx,23,H
eastern_bank_plc,1,INCOME STATEMENT,Net Profit After Tax,net_profit_after_tax,Tk mn,2021,4654.0,4654.0,,,native_numeric,0,DATASET_11_BANKS_2025-2015_.xlsx,23,G
eastern_bank_plc,1,INCOME STATEMENT,Net Profit After Tax,net_profit_after_tax,Tk mn,2022,5107.0,5107.0,,,native_numeric,0,DATASET_11_BANKS_2025-2015_.xlsx,23,F
eastern_bank_plc,1,INCOME STATEMENT,Net Profit After Tax,net_profit_after_tax,Tk mn,2023,6109.0,6109.0,,,native_numeric,0,DATASET_11_BANKS_2025-2015_.xlsx,23,E
eastern_bank_plc,1,INCOME STATEMENT,Net Profit After Tax,net_profit_after_tax,Tk mn,2024,7504.0,7504.0,,,native_numeric,0,DATASET_11_BANKS_2025-2015_.xlsx,23,D
eastern_bank_plc,1,INCOME STATEMENT,Net Profit After Tax,net_profit_after_tax,Tk mn,2025,9010.0,9010.0,,,native_numeric,0,DATASET_11_BANKS_2025-2015_.xlsx,23,C
eastern_bank_plc,1,PER-SHARE & PROFITABILITY,EPS,eps,BDT,2015,3.63,3.63,,,native_numeric,0,DATASET_11_BANKS_2025-2015_.xlsx,25,M
eastern_bank_plc,1,PER-SHARE & PROFITABILITY,EPS,eps,BDT,2016,N/A,,,,missing_marker,0,DATASET_11_BANKS_2025-2015_.xlsx,25,L
eastern_bank_plc,1,PER-SHARE & PROFITABILITY,EPS,eps,BDT,2017,3.26,3.26,,,native_numeric,0,DATASET_11_BANKS_2025-2015_.xlsx,25,K
eastern_bank_plc,1,PER-SHARE & PROFITABILITY,EPS,eps,BDT,2018,4.17,4.17,,,native_numeric,0,DATASET_11_BANKS_2025-2015_.xlsx,25,J
eastern_bank_plc,1,PER-SHARE & PROFITABILITY,EPS,eps,BDT,2019,4.94,4.94,,,native_numeric,0,DATASET_11_BANKS_2025-2015_.xlsx,25,I
eastern_bank_plc,1,PER-SHARE & PROFITABILITY,EPS,eps,BDT,2020,5.05,5.05,,,native_numeric,0,DATASET_11_BANKS_2025-2015_.xlsx,25,H
eastern_bank_plc,1,PER-SHARE & PROFITABILITY,EPS,eps,BDT,2021,4.88,4.88,,,native_numeric,0,DATASET_11_BANKS_2025-2015_.xlsx,25,G
eastern_bank_plc,1,PER-SHARE & PROFITABILITY,EPS,eps,BDT,2022,4.76,4.76,,,native_numeric,0,DATASET_11_BANKS_2025-2015_.xlsx,25,F
eastern_bank_plc,1,PER-SHARE & PROFITABILITY,EPS,eps,BDT,2023,5.06,5.06,,,native_numeric,0,DATASET_11_BANKS_2025-2015_.xlsx,25,E
eastern_bank_plc,1,PER-SHARE & PROFITABILITY,EPS,eps,BDT,2024,5.53,5.53,,,native_numeric,0,DATASET_11_BANKS_2025-2015_.xlsx,25,D
eastern_bank_plc,1,PER-SHARE & PROFITABILITY,EPS,eps,BDT,2025,5.65,5.65,,,native_numeric,0,DATASET_11_BANKS_2025-2015_.xlsx,25,C
eastern_bank_plc,1,PER-SHARE & PROFITABILITY,ROA %,roa_pct,%,2015,1.23,1.23,1.23,percent_points,native_numeric,0,DATASET_11_BANKS_2025-2015_.xlsx,26,M
eastern_bank_plc,1,PER-SHARE & PROFITABILITY,ROA %,roa_pct,%,2016,N/A,,,percent_points,missing_marker,0,DATASET_11_BANKS_2025-2015_.xlsx,26,L
eastern_bank_plc,1,PER-SHARE & PROFITABILITY,ROA %,roa_pct,%,2017,1.04,1.04,1.04,percent_points,native_numeric,0,DATASET_11_BANKS_2025-2015_.xlsx,26,K
eastern_bank_plc,1,PER-SHARE & PROFITABILITY,ROA %,roa_pct,%,2018,1.15,1.15,1.15,percent_points,native_numeric,0,DATASET_11_BANKS_2025-2015_.xlsx,26,J
eastern_bank_plc,1,PER-SHARE & PROFITABILITY,ROA %,roa_pct,%,2019,1.3,1.3,1.3,percent_points,native_numeric,0,DATASET_11_BANKS_2025-2015_.xlsx,26,I
eastern_bank_plc,1,PER-SHARE & PROFITABILITY,ROA %,roa_pct,%,2020,1.22,1.22,1.22,percent_points,native_numeric,0,DATASET_11_BANKS_2025-2015_.xlsx,26,H
eastern_bank_plc,1,PER-SHARE & PROFITABILITY,ROA %,roa_pct,%,2021,1.28,1.28,1.28,percent_points,native_numeric,0,DATASET_11_BANKS_2025-2015_.xlsx,26,G
eastern_bank_plc,1,PER-SHARE & PROFITABILITY,ROA %,roa_pct,%,2022,1.21,1.21,1.21,percent_points,native_numeric,0,DATASET_11_BANKS_2025-2015_.xlsx,26,F
eastern_bank_plc,1,PER-SHARE & PROFITABILITY,ROA %,roa_pct,%,2023,1.27,1.27,1.27,percent_points,native_numeric,0,DATASET_11_BANKS_2025-2015_.xlsx,26,E
eastern_bank_plc,1,PER-SHARE & PROFITABILITY,ROA %,roa_pct,%,2024,1.34,1.34,1.34,percent_points,native_numeric,0,DATASET_11_BANKS_2025-2015_.xlsx,26,D
eastern_bank_plc,1,PER-SHARE & PROFITABILITY,ROA %,roa_pct,%,2025,1.31,1.31,1.31,percent_points,native_numeric,0,DATASET_11_BANKS_2025-2015_.xlsx,26,C
eastern_bank_plc,1,PER-SHARE & PROFITABILITY,ROE %,roe_pct,%,2015,10.95,10.95,10.95,percent_points,native_numeric,0,DATASET_11_BANKS_2025-2015_.xlsx,27,M
eastern_bank_plc,1,PER-SHARE & PROFITABILITY,ROE %,roe_pct,%,2016,N/A,,,percent_points,missing_marker,0,DATASET_11_BANKS_2025-2015_.xlsx,27,L
eastern_bank_plc,1,PER-SHARE & PROFITABILITY,ROE %,roe_pct,%,2017,11.41,11.41,11.41,percent_points,native_numeric,0,DATASET_11_BANKS_2025-2015_.xlsx,27,K
eastern_bank_plc,1,PER-SHARE & PROFITABILITY,ROE %,roe_pct,%,2018,13.83,13.83,13.83,percent_points,native_numeric,0,DATASET_11_BANKS_2025-2015_.xlsx,27,J
eastern_bank_plc,1,PER-SHARE & PROFITABILITY,ROE %,roe_pct,%,2019,16.52,16.52,16.52,percent_points,native_numeric,0,DATASET_11_BANKS_2025-2015_.xlsx,27,I
eastern_bank_plc,1,PER-SHARE & PROFITABILITY,ROE %,roe_pct,%,2020,15.04,15.04,15.04,percent_points,native_numeric,0,DATASET_11_BANKS_2025-2015_.xlsx,27,H
eastern_bank_plc,1,PER-SHARE & PROFITABILITY,ROE %,roe_pct,%,2021,15.51,15.51,15.51,percent_points,native_numeric,0,DATASET_11_BANKS_2025-2015_.xlsx,27,G
eastern_bank_plc,1,PER-SHARE & PROFITABILITY,ROE %,roe_pct,%,2022,15.46,15.46,15.46,percent_points,native_numeric,0,DATASET_11_BANKS_2025-2015_.xlsx,27,F
eastern_bank_plc,1,PER-SHARE & PROFITABILITY,ROE %,roe_pct,%,2023,16.85,16.85,16.85,percent_points,native_numeric,0,DATASET_11_BANKS_2025-2015_.xlsx,27,E
eastern_bank_plc,1,PER-SHARE & PROFITABILITY,ROE %,roe_pct,%,2024,18.63,18.63,18.63,percent_points,native_numeric,0,DATASET_11_BANKS_2025-2015_.xlsx,27,D
eastern_bank_plc,1,PER-SHARE & PROFITABILITY,ROE %,roe_pct,%,2025,19.13,19.13,19.13,percent_points,native_numeric,0,DATASET_11_BANKS_2025-2015_.xlsx,27,C
eastern_bank_plc,1,ASSET QUALITY,Loan-Deposit Ratio %,loan_deposit_ratio_pct,%,2015,87.87,87.87,87.87,percent_points,native_numeric,0,DATASET_11_BANKS_2025-2015_.xlsx,29,M
eastern_bank_plc,1,ASSET QUALITY,Loan-Deposit Ratio %,loan_deposit_ratio_pct,%,2016,N/A,,,percent_points,missing_marker,0,DATASET_11_BANKS_2025-2015_.xlsx,29,L
eastern_bank_plc,1,ASSET QUALITY,Loan-Deposit Ratio %,loan_deposit_ratio_pct,%,2017,83.06,83.06,83.06,percent_points,native_numeric,0,DATASET_11_BANKS_2025-2015_.xlsx,29,K
eastern_bank_plc,1,ASSET QUALITY,Loan-Deposit Ratio %,loan_deposit_ratio_pct,%,2018,83.08,83.08,83.08,percent_points,native_numeric,0,DATASET_11_BANKS_2025-2015_.xlsx,29,J
eastern_bank_plc,1,ASSET QUALITY,Loan-Deposit Ratio %,loan_deposit_ratio_pct,%,2019,77.2,77.2,77.2,percent_points,native_numeric,0,DATASET_11_BANKS_2025-2015_.xlsx,29,I
eastern_bank_plc,1,ASSET QUALITY,Loan-Deposit Ratio %,loan_deposit_ratio_pct,%,2020,74.13,74.13,74.13,percent_points,native_numeric,0,DATASET_11_BANKS_2025-2015_.xlsx,29,H
eastern_bank_plc,1,ASSET QUALITY,Loan-Deposit Ratio %,loan_deposit_ratio_pct,%,2021,79.69,79.69,79.69,percent_points,native_numeric,0,DATASET_11_BANKS_2025-2015_.xlsx,29,G
eastern_bank_plc,1,ASSET QUALITY,Loan-Deposit Ratio %,loan_deposit_ratio_pct,%,2022,77.83,77.83,77.83,percent_points,native_numeric,0,DATASET_11_BANKS_2025-2015_.xlsx,29,F
eastern_bank_plc,1,ASSET QUALITY,Loan-Deposit Ratio %,loan_deposit_ratio_pct,%,2023,79.45,79.45,79.45,percent_points,native_numeric,0,DATASET_11_BANKS_2025-2015_.xlsx,29,E
eastern_bank_plc,1,ASSET QUALITY,Loan-Deposit Ratio %,loan_deposit_ratio_pct,%,2024,80.19,80.19,80.19,percent_points,native_numeric,0,DATASET_11_BANKS_2025-2015_.xlsx,29,D
eastern_bank_plc,1,ASSET QUALITY,Loan-Deposit Ratio %,loan_deposit_ratio_pct,%,2025,74.65,74.65,74.65,percent_points,native_numeric,0,DATASET_11_BANKS_2025-2015_.xlsx,29,C
eastern_bank_plc,1,ASSET QUALITY,NPL % (gross),npl_pct_gross,%,2015,3.27,3.27,3.27,percent_points,native_numeric,0,DATASET_11_BANKS_2025-2015_.xlsx,30,M
eastern_bank_plc,1,ASSET QUALITY,NPL % (gross),npl_pct_gross,%,2016,N/A,,,percent_points,missing_marker,0,DATASET_11_BANKS_2025-2015_.xlsx,30,L
eastern_bank_plc,1,ASSET QUALITY,NPL % (gross),npl_pct_gross,%,2017,2.5,2.5,2.5,percent_points,native_numeric,0,DATASET_11_BANKS_2025-2015_.xlsx,30,K
eastern_bank_plc,1,ASSET QUALITY,NPL % (gross),npl_pct_gross,%,2018,2.35,2.35,2.35,percent_points,native_numeric,0,DATASET_11_BANKS_2025-2015_.xlsx,30,J
eastern_bank_plc,1,ASSET QUALITY,NPL % (gross),npl_pct_gross,%,2019,3.35,3.35,3.35,percent_points,native_numeric,0,DATASET_11_BANKS_2025-2015_.xlsx,30,I
eastern_bank_plc,1,ASSET QUALITY,NPL % (gross),npl_pct_gross,%,2020,2.72,2.72,2.72,percent_points,native_numeric,0,DATASET_11_BANKS_2025-2015_.xlsx,30,H
eastern_bank_plc,1,ASSET QUALITY,NPL % (gross),npl_pct_gross,%,2021,3.7,3.7,3.7,percent_points,native_numeric,0,DATASET_11_BANKS_2025-2015_.xlsx,30,G
eastern_bank_plc,1,ASSET QUALITY,NPL % (gross),npl_pct_gross,%,2022,2.78,2.78,2.78,percent_points,native_numeric,0,DATASET_11_BANKS_2025-2015_.xlsx,30,F
eastern_bank_plc,1,ASSET QUALITY,NPL % (gross),npl_pct_gross,%,2023,3.1,3.1,3.1,percent_points,native_numeric,0,DATASET_11_BANKS_2025-2015_.xlsx,30,E
eastern_bank_plc,1,ASSET QUALITY,NPL % (gross),npl_pct_gross,%,2024,3.34,3.34,3.34,percent_points,native_numeric,0,DATASET_11_BANKS_2025-2015_.xlsx,30,D
eastern_bank_plc,1,ASSET QUALITY,NPL % (gross),npl_pct_gross,%,2025,2.24,2.24,2.24,percent_points,native_numeric,0,DATASET_11_BANKS_2025-2015_.xlsx,30,C
eastern_bank_plc,1,ASSET QUALITY,Provision Coverage %,provision_coverage_pct,%,2015,116.85,116.85,116.85,percent_points_inferred,native_numeric,0,DATASET_11_BANKS_2025-2015_.xlsx,31,M
eastern_bank_plc,1,ASSET QUALITY,Provision Coverage %,provision_coverage_pct,%,2016,N/A,,,percent_points_inferred,missing_marker,0,DATASET_11_BANKS_2025-2015_.xlsx,31,L
eastern_bank_plc,1,ASSET QUALITY,Provision Coverage %,provision_coverage_pct,%,2017,159.52,159.52,159.52,percent_points_inferred,native_numeric,0,DATASET_11_BANKS_2025-2015_.xlsx,31,K
eastern_bank_plc,1,ASSET QUALITY,Provision Coverage %,provision_coverage_pct,%,2018,150.39,150.39,150.39,percent_points_inferred,native_numeric,0,DATASET_11_BANKS_2025-2015_.xlsx,31,J
eastern_bank_plc,1,ASSET QUALITY,Provision Coverage %,provision_coverage_pct,%,2019,120.42,120.42,120.42,percent_points_inferred,native_numeric,0,DATASET_11_BANKS_2025-2015_.xlsx,31,I
eastern_bank_plc,1,ASSET QUALITY,Provision Coverage %,provision_coverage_pct,%,2020,179.51,179.51,179.51,percent_points_inferred,native_numeric,0,DATASET_11_BANKS_2025-2015_.xlsx,31,H
eastern_bank_plc,1,ASSET QUALITY,Provision Coverage %,provision_coverage_pct,%,2021,141.31,141.31,141.31,percent_points_inferred,native_numeric,0,DATASET_11_BANKS_2025-2015_.xlsx,31,G
eastern_bank_plc,1,ASSET QUALITY,Provision Coverage %,provision_coverage_pct,%,2022,168.46,168.46,168.46,percent_points_inferred,native_numeric,0,DATASET_11_BANKS_2025-2015_.xlsx,31,F
eastern_bank_plc,1,ASSET QUALITY,Provision Coverage %,provision_coverage_pct,%,2023,147.61,147.61,147.61,percent_points_inferred,native_numeric,0,DATASET_11_BANKS_2025-2015_.xlsx,31,E
eastern_bank_plc,1,ASSET QUALITY,Provision Coverage %,provision_coverage_pct,%,2024,114.49,114.49,114.49,percent_points_inferred,native_numeric,0,DATASET_11_BANKS_2025-2015_.xlsx,31,D
eastern_bank_plc,1,ASSET QUALITY,Provision Coverage %,provision_coverage_pct,%,2025,161.04,161.04,161.04,percent_points_inferred,native_numeric,0,DATASET_11_BANKS_2025-2015_.xlsx,31,C
eastern_bank_plc,1,CAPITAL & EFFICIENCY,CRAR % (Group),car_pct,%,2015,13.92,13.92,13.92,percent_points_inferred,native_numeric,0,DATASET_11_BANKS_2025-2015_.xlsx,33,M
eastern_bank_plc,1,CAPITAL & EFFICIENCY,CRAR % (Group),car_pct,%,2016,N/A,,,percent_points_inferred,missing_marker,0,DATASET_11_BANKS_2025-2015_.xlsx,33,L
eastern_bank_plc,1,CAPITAL & EFFICIENCY,CRAR % (Group),car_pct,%,2017,14.09,14.09,14.09,percent_points_inferred,native_numeric,0,DATASET_11_BANKS_2025-2015_.xlsx,33,K
eastern_bank_plc,1,CAPITAL & EFFICIENCY,CRAR % (Group),car_pct,%,2018,12.16,12.16,12.16,percent_points_inferred,native_numeric,0,DATASET_11_BANKS_2025-2015_.xlsx,33,J
eastern_bank_plc,1,CAPITAL & EFFICIENCY,CRAR % (Group),car_pct,%,2019,14.74,14.74,14.74,percent_points_inferred,native_numeric,0,DATASET_11_BANKS_2025-2015_.xlsx,33,I
eastern_bank_plc,1,CAPITAL & EFFICIENCY,CRAR % (Group),car_pct,%,2020,15.03,15.03,15.03,percent_points_inferred,native_numeric,0,DATASET_11_BANKS_2025-2015_.xlsx,33,H
eastern_bank_plc,1,CAPITAL & EFFICIENCY,CRAR % (Group),car_pct,%,2021,13.87,13.87,13.87,percent_points_inferred,native_numeric,0,DATASET_11_BANKS_2025-2015_.xlsx,33,G
eastern_bank_plc,1,CAPITAL & EFFICIENCY,CRAR % (Group),car_pct,%,2022,14.61,14.61,14.61,percent_points_inferred,native_numeric,0,DATASET_11_BANKS_2025-2015_.xlsx,33,F
eastern_bank_plc,1,CAPITAL & EFFICIENCY,CRAR % (Group),car_pct,%,2023,15.07,15.07,15.07,percent_points_inferred,native_numeric,0,DATASET_11_BANKS_2025-2015_.xlsx,33,E
eastern_bank_plc,1,CAPITAL & EFFICIENCY,CRAR % (Group),car_pct,%,2024,14.65,14.65,14.65,percent_points_inferred,native_numeric,0,DATASET_11_BANKS_2025-2015_.xlsx,33,D
eastern_bank_plc,1,CAPITAL & EFFICIENCY,CRAR % (Group),car_pct,%,2025,14.88,14.88,14.88,percent_points_inferred,native_numeric,0,DATASET_11_BANKS_2025-2015_.xlsx,33,C
eastern_bank_plc,1,CAPITAL & EFFICIENCY,Cost-to-Income Ratio % (Group),cost_income_pct,%,2015,48.33,48.33,48.33,percent_points_inferred,native_numeric,0,DATASET_11_BANKS_2025-2015_.xlsx,34,M
eastern_bank_plc,1,CAPITAL & EFFICIENCY,Cost-to-Income Ratio % (Group),cost_income_pct,%,2016,N/A,,,percent_points_inferred,missing_marker,0,DATASET_11_BANKS_2025-2015_.xlsx,34,L
eastern_bank_plc,1,CAPITAL & EFFICIENCY,Cost-to-Income Ratio % (Group),cost_income_pct,%,2017,45.2,45.2,45.2,percent_points_inferred,native_numeric,0,DATASET_11_BANKS_2025-2015_.xlsx,34,K
eastern_bank_plc,1,CAPITAL & EFFICIENCY,Cost-to-Income Ratio % (Group),cost_income_pct,%,2018,45.63,45.63,45.63,percent_points_inferred,native_numeric,0,DATASET_11_BANKS_2025-2015_.xlsx,34,J
eastern_bank_plc,1,CAPITAL & EFFICIENCY,Cost-to-Income Ratio % (Group),cost_income_pct,%,2019,43.76,43.76,43.76,percent_points_inferred,native_numeric,0,DATASET_11_BANKS_2025-2015_.xlsx,34,I
eastern_bank_plc,1,CAPITAL & EFFICIENCY,Cost-to-Income Ratio % (Group),cost_income_pct,%,2020,45.8,45.8,45.8,percent_points_inferred,native_numeric,0,DATASET_11_BANKS_2025-2015_.xlsx,34,H
eastern_bank_plc,1,CAPITAL & EFFICIENCY,Cost-to-Income Ratio % (Group),cost_income_pct,%,2021,39.1,39.1,39.1,percent_points_inferred,native_numeric,0,DATASET_11_BANKS_2025-2015_.xlsx,34,G
eastern_bank_plc,1,CAPITAL & EFFICIENCY,Cost-to-Income Ratio % (Group),cost_income_pct,%,2022,43.53,43.53,43.53,percent_points_inferred,native_numeric,0,DATASET_11_BANKS_2025-2015_.xlsx,34,F
eastern_bank_plc,1,CAPITAL & EFFICIENCY,Cost-to-Income Ratio % (Group),cost_income_pct,%,2023,44.22,44.22,44.22,percent_points_inferred,native_numeric,0,DATASET_11_BANKS_2025-2015_.xlsx,34,E
eastern_bank_plc,1,CAPITAL & EFFICIENCY,Cost-to-Income Ratio % (Group),cost_income_pct,%,2024,40.95,40.95,40.95,percent_points_inferred,native_numeric,0,DATASET_11_BANKS_2025-2015_.xlsx,34,D
eastern_bank_plc,1,CAPITAL & EFFICIENCY,Cost-to-Income Ratio % (Group),cost_income_pct,%,2025,41.69,41.69,41.69,percent_points_inferred,native_numeric,0,DATASET_11_BANKS_2025-2015_.xlsx,34,C
eastern_bank_plc,1,DERIVED METRICS,Estimated NPL amount (NPL% x Loans),npl_amount,Tk mn,2015,4258.4,4258.4,,,native_numeric,1,DATASET_11_BANKS_2025-2015_.xlsx,36,M
eastern_bank_plc,1,DERIVED METRICS,Estimated NPL amount (NPL% x Loans),npl_amount,Tk mn,2016,N/A,,,,missing_marker,1,DATASET_11_BANKS_2025-2015_.xlsx,36,L
eastern_bank_plc,1,DERIVED METRICS,Estimated NPL amount (NPL% x Loans),npl_amount,Tk mn,2017,4600.7,4600.7,,,native_numeric,1,DATASET_11_BANKS_2025-2015_.xlsx,36,K
eastern_bank_plc,1,DERIVED METRICS,Estimated NPL amount (NPL% x Loans),npl_amount,Tk mn,2018,4918.7,4918.7,,,native_numeric,1,DATASET_11_BANKS_2025-2015_.xlsx,36,J
eastern_bank_plc,1,DERIVED METRICS,Estimated NPL amount (NPL% x Loans),npl_amount,Tk mn,2019,7773.7,7773.7,,,native_numeric,1,DATASET_11_BANKS_2025-2015_.xlsx,36,I
eastern_bank_plc,1,DERIVED METRICS,Estimated NPL amount (NPL% x Loans),npl_amount,Tk mn,2020,6227.3,6227.3,,,native_numeric,1,DATASET_11_BANKS_2025-2015_.xlsx,36,H
eastern_bank_plc,1,DERIVED METRICS,Estimated NPL amount (NPL% x Loans),npl_amount,Tk mn,2021,9967.6,9967.6,,,native_numeric,1,DATASET_11_BANKS_2025-2015_.xlsx,36,G
eastern_bank_plc,1,DERIVED METRICS,Estimated NPL amount (NPL% x Loans),npl_amount,Tk mn,2022,8587.9,8587.9,,,native_numeric,1,DATASET_11_BANKS_2025-2015_.xlsx,36,F
eastern_bank_plc,1,DERIVED METRICS,Estimated NPL amount (NPL% x Loans),npl_amount,Tk mn,2023,10954.1,10954.1,,,native_numeric,1,DATASET_11_BANKS_2025-2015_.xlsx,36,E
eastern_bank_plc,1,DERIVED METRICS,Estimated NPL amount (NPL% x Loans),npl_amount,Tk mn,2024,13718.0,13718.0,,,native_numeric,1,DATASET_11_BANKS_2025-2015_.xlsx,36,D
eastern_bank_plc,1,DERIVED METRICS,Estimated NPL amount (NPL% x Loans),npl_amount,Tk mn,2025,10685.7,10685.7,,,native_numeric,1,DATASET_11_BANKS_2025-2015_.xlsx,36,C
eastern_bank_plc,1,DERIVED METRICS,NPL / Total Assets % (estimated),npl_to_assets_pct,%,2015,2.25,2.25,2.25,percent_points,native_numeric,1,DATASET_11_BANKS_2025-2015_.xlsx,37,M
eastern_bank_plc,1,DERIVED METRICS,NPL / Total Assets % (estimated),npl_to_assets_pct,%,2016,N/A,,,percent_points,missing_marker,1,DATASET_11_BANKS_2025-2015_.xlsx,37,L
eastern_bank_plc,1,DERIVED METRICS,NPL / Total Assets % (estimated),npl_to_assets_pct,%,2017,1.82,1.82,1.82,percent_points,native_numeric,1,DATASET_11_BANKS_2025-2015_.xlsx,37,K
eastern_bank_plc,1,DERIVED METRICS,NPL / Total Assets % (estimated),npl_to_assets_pct,%,2018,1.74,1.74,1.74,percent_points,native_numeric,1,DATASET_11_BANKS_2025-2015_.xlsx,37,J
eastern_bank_plc,1,DERIVED METRICS,NPL / Total Assets % (estimated),npl_to_assets_pct,%,2019,2.32,2.32,2.32,percent_points,native_numeric,1,DATASET_11_BANKS_2025-2015_.xlsx,37,I
eastern_bank_plc,1,DERIVED METRICS,NPL / Total Assets % (estimated),npl_to_assets_pct,%,2020,1.85,1.85,1.85,percent_points,native_numeric,1,DATASET_11_BANKS_2025-2015_.xlsx,37,H
eastern_bank_plc,1,DERIVED METRICS,NPL / Total Assets % (estimated),npl_to_assets_pct,%,2021,2.56,2.56,2.56,percent_points,native_numeric,1,DATASET_11_BANKS_2025-2015_.xlsx,37,G
eastern_bank_plc,1,DERIVED METRICS,NPL / Total Assets % (estimated),npl_to_assets_pct,%,2022,1.88,1.88,1.88,percent_points,native_numeric,1,DATASET_11_BANKS_2025-2015_.xlsx,37,F
eastern_bank_plc,1,DERIVED METRICS,NPL / Total Assets % (estimated),npl_to_assets_pct,%,2023,2.16,2.16,2.16,percent_points,native_numeric,1,DATASET_11_BANKS_2025-2015_.xlsx,37,E
eastern_bank_plc,1,DERIVED METRICS,NPL / Total Assets % (estimated),npl_to_assets_pct,%,2024,2.23,2.23,2.23,percent_points,native_numeric,1,DATASET_11_BANKS_2025-2015_.xlsx,37,D
eastern_bank_plc,1,DERIVED METRICS,NPL / Total Assets % (estimated),npl_to_assets_pct,%,2025,1.4,1.4,1.4,percent_points,native_numeric,1,DATASET_11_BANKS_2025-2015_.xlsx,37,C
eastern_bank_plc,1,DERIVED METRICS,YoY NPAT growth %,yoy_npat_growth_pct,%,2015,5.4,5.4,5.4,percent_points,native_numeric,0,DATASET_11_BANKS_2025-2015_.xlsx,38,M
eastern_bank_plc,1,DERIVED METRICS,YoY NPAT growth %,yoy_npat_growth_pct,%,2016,N/A,,,percent_points,missing_marker,0,DATASET_11_BANKS_2025-2015_.xlsx,38,L
eastern_bank_plc,1,DERIVED METRICS,YoY NPAT growth %,yoy_npat_growth_pct,%,2017,N/A,,,percent_points,missing_marker,0,DATASET_11_BANKS_2025-2015_.xlsx,38,K
eastern_bank_plc,1,DERIVED METRICS,YoY NPAT growth %,yoy_npat_growth_pct,%,2018,28.1,28.1,28.1,percent_points,native_numeric,0,DATASET_11_BANKS_2025-2015_.xlsx,38,J
eastern_bank_plc,1,DERIVED METRICS,YoY NPAT growth %,yoy_npat_growth_pct,%,2019,30.1,30.1,30.1,percent_points,native_numeric,0,DATASET_11_BANKS_2025-2015_.xlsx,38,I
eastern_bank_plc,1,DERIVED METRICS,YoY NPAT growth %,yoy_npat_growth_pct,%,2020,2.4,2.4,2.4,percent_points,native_numeric,0,DATASET_11_BANKS_2025-2015_.xlsx,38,H
eastern_bank_plc,1,DERIVED METRICS,YoY NPAT growth %,yoy_npat_growth_pct,%,2021,13.4,13.4,13.4,percent_points,native_numeric,0,DATASET_11_BANKS_2025-2015_.xlsx,38,G
eastern_bank_plc,1,DERIVED METRICS,YoY NPAT growth %,yoy_npat_growth_pct,%,2022,9.7,9.7,9.7,percent_points,native_numeric,0,DATASET_11_BANKS_2025-2015_.xlsx,38,F
eastern_bank_plc,1,DERIVED METRICS,YoY NPAT growth %,yoy_npat_growth_pct,%,2023,19.6,19.6,19.6,percent_points,native_numeric,0,DATASET_11_BANKS_2025-2015_.xlsx,38,E
eastern_bank_plc,1,DERIVED METRICS,YoY NPAT growth %,yoy_npat_growth_pct,%,2024,22.8,22.8,22.8,percent_points,native_numeric,0,DATASET_11_BANKS_2025-2015_.xlsx,38,D
eastern_bank_plc,1,DERIVED METRICS,YoY NPAT growth %,yoy_npat_growth_pct,%,2025,20.1,20.1,20.1,percent_points,native_numeric,0,DATASET_11_BANKS_2025-2015_.xlsx,38,C
eastern_bank_plc,1,DERIVED METRICS,YoY Equity growth %,yoy_equity_growth_pct,%,2015,,,,percent_points,missing,0,DATASET_11_BANKS_2025-2015_.xlsx,39,M
eastern_bank_plc,1,DERIVED METRICS,YoY Equity growth %,yoy_equity_growth_pct,%,2016,,,,percent_points,missing,0,DATASET_11_BANKS_2025-2015_.xlsx,39,L
eastern_bank_plc,1,DERIVED METRICS,YoY Equity growth %,yoy_equity_growth_pct,%,2017,,,,percent_points,missing,0,DATASET_11_BANKS_2025-2015_.xlsx,39,K
eastern_bank_plc,1,DERIVED METRICS,YoY Equity growth %,yoy_equity_growth_pct,%,2018,,,,percent_points,missing,0,DATASET_11_BANKS_2025-2015_.xlsx,39,J
eastern_bank_plc,1,DERIVED METRICS,YoY Equity growth %,yoy_equity_growth_pct,%,2019,11.3,11.3,11.3,percent_points,native_numeric,0,DATASET_11_BANKS_2025-2015_.xlsx,39,I
eastern_bank_plc,1,DERIVED METRICS,YoY Equity growth %,yoy_equity_growth_pct,%,2020,13.3,13.3,13.3,percent_points,native_numeric,0,DATASET_11_BANKS_2025-2015_.xlsx,39,H
eastern_bank_plc,1,DERIVED METRICS,YoY Equity growth %,yoy_equity_growth_pct,%,2021,7.0,7.0,7.0,percent_points,native_numeric,0,DATASET_11_BANKS_2025-2015_.xlsx,39,G
eastern_bank_plc,1,DERIVED METRICS,YoY Equity growth %,yoy_equity_growth_pct,%,2022,13.0,13.0,13.0,percent_points,native_numeric,0,DATASET_11_BANKS_2025-2015_.xlsx,39,F
eastern_bank_plc,1,DERIVED METRICS,YoY Equity growth %,yoy_equity_growth_pct,%,2023,7.0,7.0,7.0,percent_points,native_numeric,0,DATASET_11_BANKS_2025-2015_.xlsx,39,E
eastern_bank_plc,1,DERIVED METRICS,YoY Equity growth %,yoy_equity_growth_pct,%,2024,14.9,14.9,14.9,percent_points,native_numeric,0,DATASET_11_BANKS_2025-2015_.xlsx,39,D
eastern_bank_plc,1,DERIVED METRICS,YoY Equity growth %,yoy_equity_growth_pct,%,2025,18.1,18.1,18.1,percent_points,native_numeric,0,DATASET_11_BANKS_2025-2015_.xlsx,39,C
eastern_bank_plc,2,BALANCE SHEET,Total Assets,total_assets,Tk mn,2015,189563.0,189563.0,,,native_numeric,0,DATASET_11_BANKS_2025-2015_.xlsx,50,M
eastern_bank_plc,2,BALANCE SHEET,Total Assets,total_assets,Tk mn,2016,N/A,,,,missing_marker,0,DATASET_11_BANKS_2025-2015_.xlsx,50,L
eastern_bank_plc,2,BALANCE SHEET,Total Assets,total_assets,Tk mn,2017,253068.0,253068.0,,,native_numeric,0,DATASET_11_BANKS_2025-2015_.xlsx,50,K
eastern_bank_plc,2,BALANCE SHEET,Total Assets,total_assets,Tk mn,2018,282451.0,282451.0,,,native_numeric,0,DATASET_11_BANKS_2025-2015_.xlsx,50,J
eastern_bank_plc,2,BALANCE SHEET,Total Assets,total_assets,Tk mn,2019,335163.0,335163.0,,,native_numeric,0,DATASET_11_BANKS_2025-2015_.xlsx,50,I
eastern_bank_plc,2,BALANCE SHEET,Total Assets,total_assets,Tk mn,2020,336936.0,336936.0,,,native_numeric,0,DATASET_11_BANKS_2025-2015_.xlsx,50,H
eastern_bank_plc,2,BALANCE SHEET,Total Assets,total_assets,Tk mn,2021,388815.0,388815.0,,,native_numeric,0,DATASET_11_BANKS_2025-2015_.xlsx,50,G
eastern_bank_plc,2,BALANCE SHEET,Total Assets,total_assets,Tk mn,2022,455989.0,455989.0,,,native_numeric,0,DATASET_11_BANKS_2025-2015_.xlsx,50,F
eastern_bank_plc,2,BALANCE SHEET,Total Assets,total_assets,Tk mn,2023,506271.0,506271.0,,,native_numeric,0,DATASET_11_BANKS_2025-2015_.xlsx,50,E
eastern_bank_plc,2,BALANCE SHEET,Total Assets,total_assets,Tk mn,2024,616050.0,616050.0,,,native_numeric,0,DATASET_11_BANKS_2025-2015_.xlsx,50,D
eastern_bank_plc,2,BALANCE SHEET,Total Assets,total_assets,Tk mn,2025,761604.0,761604.0,,,native_numeric,0,DATASET_11_BANKS_2025-2015_.xlsx,50,C
eastern_bank_plc,2,BALANCE SHEET,Loans & Advances,loans_advances_gross,Tk mn,2015,130226.0,130226.0,,,native_numeric,0,DATASET_11_BANKS_2025-2015_.xlsx,51,M
eastern_bank_plc,2,BALANCE SHEET,Loans & Advances,loans_advances_gross,Tk mn,2016,N/A,,,,missing_marker,0,DATASET_11_BANKS_2025-2015_.xlsx,51,L
eastern_bank_plc,2,BALANCE SHEET,Loans & Advances,loans_advances_gross,Tk mn,2017,184027.0,184027.0,,,native_numeric,0,DATASET_11_BANKS_2025-2015_.xlsx,51,K
eastern_bank_plc,2,BALANCE SHEET,Loans & Advances,loans_advances_gross,Tk mn,2018,209306.0,209306.0,,,native_numeric,0,DATASET_11_BANKS_2025-2015_.xlsx,51,J
eastern_bank_plc,2,BALANCE SHEET,Loans & Advances,loans_advances_gross,Tk mn,2019,232051.0,232051.0,,,native_numeric,0,DATASET_11_BANKS_2025-2015_.xlsx,51,I
eastern_bank_plc,2,BALANCE SHEET,Loans & Advances,loans_advances_gross,Tk mn,2020,228944.0,228944.0,,,native_numeric,0,DATASET_11_BANKS_2025-2015_.xlsx,51,H
eastern_bank_plc,2,BALANCE SHEET,Loans & Advances,loans_advances_gross,Tk mn,2021,269394.0,269394.0,,,native_numeric,0,DATASET_11_BANKS_2025-2015_.xlsx,51,G
eastern_bank_plc,2,BALANCE SHEET,Loans & Advances,loans_advances_gross,Tk mn,2022,308916.0,308916.0,,,native_numeric,0,DATASET_11_BANKS_2025-2015_.xlsx,51,F
eastern_bank_plc,2,BALANCE SHEET,Loans & Advances,loans_advances_gross,Tk mn,2023,353357.0,353357.0,,,native_numeric,0,DATASET_11_BANKS_2025-2015_.xlsx,51,E
eastern_bank_plc,2,BALANCE SHEET,Loans & Advances,loans_advances_gross,Tk mn,2024,410718.0,410718.0,,,native_numeric,0,DATASET_11_BANKS_2025-2015_.xlsx,51,D
eastern_bank_plc,2,BALANCE SHEET,Loans & Advances,loans_advances_gross,Tk mn,2025,477040.0,477040.0,,,native_numeric,0,DATASET_11_BANKS_2025-2015_.xlsx,51,C
eastern_bank_plc,2,BALANCE SHEET,Total Deposits,total_deposits,Tk mn,2015,127990.0,127990.0,,,native_numeric,0,DATASET_11_BANKS_2025-2015_.xlsx,52,M
eastern_bank_plc,2,BALANCE SHEET,Total Deposits,total_deposits,Tk mn,2016,N/A,,,,missing_marker,0,DATASET_11_BANKS_2025-2015_.xlsx,52,L
eastern_bank_plc,2,BALANCE SHEET,Total Deposits,total_deposits,Tk mn,2017,167348.0,167348.0,,,native_numeric,0,DATASET_11_BANKS_2025-2015_.xlsx,52,K
eastern_bank_plc,2,BALANCE SHEET,Total Deposits,total_deposits,Tk mn,2018,199629.0,199629.0,,,native_numeric,0,DATASET_11_BANKS_2025-2015_.xlsx,52,J
eastern_bank_plc,2,BALANCE SHEET,Total Deposits,total_deposits,Tk mn,2019,240164.0,240164.0,,,native_numeric,0,DATASET_11_BANKS_2025-2015_.xlsx,52,I
eastern_bank_plc,2,BALANCE SHEET,Total Deposits,total_deposits,Tk mn,2020,242358.0,242358.0,,,native_numeric,0,DATASET_11_BANKS_2025-2015_.xlsx,52,H
eastern_bank_plc,2,BALANCE SHEET,Total Deposits,total_deposits,Tk mn,2021,268019.0,268019.0,,,native_numeric,0,DATASET_11_BANKS_2025-2015_.xlsx,52,G
eastern_bank_plc,2,BALANCE SHEET,Total Deposits,total_deposits,Tk mn,2022,317097.0,317097.0,,,native_numeric,0,DATASET_11_BANKS_2025-2015_.xlsx,52,F
eastern_bank_plc,2,BALANCE SHEET,Total Deposits,total_deposits,Tk mn,2023,366104.0,366104.0,,,native_numeric,0,DATASET_11_BANKS_2025-2015_.xlsx,52,E
eastern_bank_plc,2,BALANCE SHEET,Total Deposits,total_deposits,Tk mn,2024,457692.0,457692.0,,,native_numeric,0,DATASET_11_BANKS_2025-2015_.xlsx,52,D
eastern_bank_plc,2,BALANCE SHEET,Total Deposits,total_deposits,Tk mn,2025,556454.0,556454.0,,,native_numeric,0,DATASET_11_BANKS_2025-2015_.xlsx,52,C
eastern_bank_plc,2,BALANCE SHEET,Shareholders' Equity,shareholders_equity,Tk mn,2015,20496.0,20496.0,,,native_numeric,0,DATASET_11_BANKS_2025-2015_.xlsx,53,M
eastern_bank_plc,2,BALANCE SHEET,Shareholders' Equity,shareholders_equity,Tk mn,2016,N/A,,,,missing_marker,0,DATASET_11_BANKS_2025-2015_.xlsx,53,L
eastern_bank_plc,2,BALANCE SHEET,Shareholders' Equity,shareholders_equity,Tk mn,2017,21586.0,21586.0,,,native_numeric,0,DATASET_11_BANKS_2025-2015_.xlsx,53,K
eastern_bank_plc,2,BALANCE SHEET,Shareholders' Equity,shareholders_equity,Tk mn,2018,22966.0,22966.0,,,native_numeric,0,DATASET_11_BANKS_2025-2015_.xlsx,53,J
eastern_bank_plc,2,BALANCE SHEET,Shareholders' Equity,shareholders_equity,Tk mn,2019,25567.0,25567.0,,,native_numeric,0,DATASET_11_BANKS_2025-2015_.xlsx,53,I
eastern_bank_plc,2,BALANCE SHEET,Shareholders' Equity,shareholders_equity,Tk mn,2020,28976.0,28976.0,,,native_numeric,0,DATASET_11_BANKS_2025-2015_.xlsx,53,H
eastern_bank_plc,2,BALANCE SHEET,Shareholders' Equity,shareholders_equity,Tk mn,2021,31017.0,31017.0,,,native_numeric,0,DATASET_11_BANKS_2025-2015_.xlsx,53,G
eastern_bank_plc,2,BALANCE SHEET,Shareholders' Equity,shareholders_equity,Tk mn,2022,35045.0,35045.0,,,native_numeric,0,DATASET_11_BANKS_2025-2015_.xlsx,53,F
eastern_bank_plc,2,BALANCE SHEET,Shareholders' Equity,shareholders_equity,Tk mn,2023,37484.0,37484.0,,,native_numeric,0,DATASET_11_BANKS_2025-2015_.xlsx,53,E
eastern_bank_plc,2,BALANCE SHEET,Shareholders' Equity,shareholders_equity,Tk mn,2024,43064.0,43064.0,,,native_numeric,0,DATASET_11_BANKS_2025-2015_.xlsx,53,D
eastern_bank_plc,2,BALANCE SHEET,Shareholders' Equity,shareholders_equity,Tk mn,2025,50850.0,50850.0,,,native_numeric,0,DATASET_11_BANKS_2025-2015_.xlsx,53,C
eastern_bank_plc,2,INCOME STATEMENT,Net Interest Income,net_interest_income,Tk mn,2015,3545.0,3545.0,,,native_numeric,0,DATASET_11_BANKS_2025-2015_.xlsx,55,M
eastern_bank_plc,2,INCOME STATEMENT,Net Interest Income,net_interest_income,Tk mn,2016,N/A,,,,missing_marker,0,DATASET_11_BANKS_2025-2015_.xlsx,55,L
eastern_bank_plc,2,INCOME STATEMENT,Net Interest Income,net_interest_income,Tk mn,2017,5745.0,5745.0,,,native_numeric,0,DATASET_11_BANKS_2025-2015_.xlsx,55,K
eastern_bank_plc,2,INCOME STATEMENT,Net Interest Income,net_interest_income,Tk mn,2018,7506.0,7506.0,,,native_numeric,0,DATASET_11_BANKS_2025-2015_.xlsx,55,J
eastern_bank_plc,2,INCOME STATEMENT,Net Interest Income,net_interest_income,Tk mn,2019,8159.0,8159.0,,,native_numeric,0,DATASET_11_BANKS_2025-2015_.xlsx,55,I
eastern_bank_plc,2,INCOME STATEMENT,Net Interest Income,net_interest_income,Tk mn,2020,5930.0,5930.0,,,native_numeric,0,DATASET_11_BANKS_2025-2015_.xlsx,55,H
eastern_bank_plc,2,INCOME STATEMENT,Net Interest Income,net_interest_income,Tk mn,2021,7761.0,7761.0,,,native_numeric,0,DATASET_11_BANKS_2025-2015_.xlsx,55,G
eastern_bank_plc,2,INCOME STATEMENT,Net Interest Income,net_interest_income,Tk mn,2022,6699.0,6699.0,,,native_numeric,0,DATASET_11_BANKS_2025-2015_.xlsx,55,F
eastern_bank_plc,2,INCOME STATEMENT,Net Interest Income,net_interest_income,Tk mn,2023,8148.0,8148.0,,,native_numeric,0,DATASET_11_BANKS_2025-2015_.xlsx,55,E
eastern_bank_plc,2,INCOME STATEMENT,Net Interest Income,net_interest_income,Tk mn,2024,10585.0,10585.0,,,native_numeric,0,DATASET_11_BANKS_2025-2015_.xlsx,55,D
eastern_bank_plc,2,INCOME STATEMENT,Net Interest Income,net_interest_income,Tk mn,2025,9833.0,9833.0,,,native_numeric,0,DATASET_11_BANKS_2025-2015_.xlsx,55,C
eastern_bank_plc,2,INCOME STATEMENT,Non-Interest Income,non_interest_income,Tk mn,2015,6542.0,6542.0,,,native_numeric,0,DATASET_11_BANKS_2025-2015_.xlsx,56,M
eastern_bank_plc,2,INCOME STATEMENT,Non-Interest Income,non_interest_income,Tk mn,2016,N/A,,,,missing_marker,0,DATASET_11_BANKS_2025-2015_.xlsx,56,L
eastern_bank_plc,2,INCOME STATEMENT,Non-Interest Income,non_interest_income,Tk mn,2017,6656.0,6656.0,,,native_numeric,0,DATASET_11_BANKS_2025-2015_.xlsx,56,K
eastern_bank_plc,2,INCOME STATEMENT,Non-Interest Income,non_interest_income,Tk mn,2018,5633.0,5633.0,,,native_numeric,0,DATASET_11_BANKS_2025-2015_.xlsx,56,J
eastern_bank_plc,2,INCOME STATEMENT,Non-Interest Income,non_interest_income,Tk mn,2019,6439.0,6439.0,,,native_numeric,0,DATASET_11_BANKS_2025-2015_.xlsx,56,I
eastern_bank_plc,2,INCOME STATEMENT,Non-Interest Income,non_interest_income,Tk mn,2020,8204.0,8204.0,,,native_numeric,0,DATASET_11_BANKS_2025-2015_.xlsx,56,H
eastern_bank_plc,2,INCOME STATEMENT,Non-Interest Income,non_interest_income,Tk mn,2021,9397.0,9397.0,,,native_numeric,0,DATASET_11_BANKS_2025-2015_.xlsx,56,G
eastern_bank_plc,2,INCOME STATEMENT,Non-Interest Income,non_interest_income,Tk mn,2022,11090.0,11090.0,,,native_numeric,0,DATASET_11_BANKS_2025-2015_.xlsx,56,F
eastern_bank_plc,2,INCOME STATEMENT,Non-Interest Income,non_interest_income,Tk mn,2023,12380.0,12380.0,,,native_numeric,0,DATASET_11_BANKS_2025-2015_.xlsx,56,E
eastern_bank_plc,2,INCOME STATEMENT,Non-Interest Income,non_interest_income,Tk mn,2024,16042.0,16042.0,,,native_numeric,0,DATASET_11_BANKS_2025-2015_.xlsx,56,D
eastern_bank_plc,2,INCOME STATEMENT,Non-Interest Income,non_interest_income,Tk mn,2025,21144.0,21144.0,,,native_numeric,0,DATASET_11_BANKS_2025-2015_.xlsx,56,C
eastern_bank_plc,2,INCOME STATEMENT,Net Profit After Tax,net_profit_after_tax,Tk mn,2015,2221.0,2221.0,,,native_numeric,0,DATASET_11_BANKS_2025-2015_.xlsx,57,M
eastern_bank_plc,2,INCOME STATEMENT,Net Profit After Tax,net_profit_after_tax,Tk mn,2016,N/A,,,,missing_marker,0,DATASET_11_BANKS_2025-2015_.xlsx,57,L
eastern_bank_plc,2,INCOME STATEMENT,Net Profit After Tax,net_profit_after_tax,Tk mn,2017,2405.0,2405.0,,,native_numeric,0,DATASET_11_BANKS_2025-2015_.xlsx,57,K
eastern_bank_plc,2,INCOME STATEMENT,Net Profit After Tax,net_profit_after_tax,Tk mn,2018,3081.0,3081.0,,,native_numeric,0,DATASET_11_BANKS_2025-2015_.xlsx,57,J
eastern_bank_plc,2,INCOME STATEMENT,Net Profit After Tax,net_profit_after_tax,Tk mn,2019,4008.0,4008.0,,,native_numeric,0,DATASET_11_BANKS_2025-2015_.xlsx,57,I
eastern_bank_plc,2,INCOME STATEMENT,Net Profit After Tax,net_profit_after_tax,Tk mn,2020,4103.0,4103.0,,,native_numeric,0,DATASET_11_BANKS_2025-2015_.xlsx,57,H
eastern_bank_plc,2,INCOME STATEMENT,Net Profit After Tax,net_profit_after_tax,Tk mn,2021,4654.0,4654.0,,,native_numeric,0,DATASET_11_BANKS_2025-2015_.xlsx,57,G
eastern_bank_plc,2,INCOME STATEMENT,Net Profit After Tax,net_profit_after_tax,Tk mn,2022,5107.0,5107.0,,,native_numeric,0,DATASET_11_BANKS_2025-2015_.xlsx,57,F
eastern_bank_plc,2,INCOME STATEMENT,Net Profit After Tax,net_profit_after_tax,Tk mn,2023,6109.0,6109.0,,,native_numeric,0,DATASET_11_BANKS_2025-2015_.xlsx,57,E
eastern_bank_plc,2,INCOME STATEMENT,Net Profit After Tax,net_profit_after_tax,Tk mn,2024,7504.0,7504.0,,,native_numeric,0,DATASET_11_BANKS_2025-2015_.xlsx,57,D
eastern_bank_plc,2,INCOME STATEMENT,Net Profit After Tax,net_profit_after_tax,Tk mn,2025,9010.0,9010.0,,,native_numeric,0,DATASET_11_BANKS_2025-2015_.xlsx,57,C
eastern_bank_plc,2,PER-SHARE & PROFITABILITY,EPS,eps,BDT,2015,3.63,3.63,,,native_numeric,0,DATASET_11_BANKS_2025-2015_.xlsx,59,M
eastern_bank_plc,2,PER-SHARE & PROFITABILITY,EPS,eps,BDT,2016,N/A,,,,missing_marker,0,DATASET_11_BANKS_2025-2015_.xlsx,59,L
eastern_bank_plc,2,PER-SHARE & PROFITABILITY,EPS,eps,BDT,2017,3.26,3.26,,,native_numeric,0,DATASET_11_BANKS_2025-2015_.xlsx,59,K
eastern_bank_plc,2,PER-SHARE & PROFITABILITY,EPS,eps,BDT,2018,4.17,4.17,,,native_numeric,0,DATASET_11_BANKS_2025-2015_.xlsx,59,J
eastern_bank_plc,2,PER-SHARE & PROFITABILITY,EPS,eps,BDT,2019,4.94,4.94,,,native_numeric,0,DATASET_11_BANKS_2025-2015_.xlsx,59,I
eastern_bank_plc,2,PER-SHARE & PROFITABILITY,EPS,eps,BDT,2020,5.05,5.05,,,native_numeric,0,DATASET_11_BANKS_2025-2015_.xlsx,59,H
eastern_bank_plc,2,PER-SHARE & PROFITABILITY,EPS,eps,BDT,2021,4.88,4.88,,,native_numeric,0,DATASET_11_BANKS_2025-2015_.xlsx,59,G
eastern_bank_plc,2,PER-SHARE & PROFITABILITY,EPS,eps,BDT,2022,4.76,4.76,,,native_numeric,0,DATASET_11_BANKS_2025-2015_.xlsx,59,F
eastern_bank_plc,2,PER-SHARE & PROFITABILITY,EPS,eps,BDT,2023,5.06,5.06,,,native_numeric,0,DATASET_11_BANKS_2025-2015_.xlsx,59,E
eastern_bank_plc,2,PER-SHARE & PROFITABILITY,EPS,eps,BDT,2024,5.53,5.53,,,native_numeric,0,DATASET_11_BANKS_2025-2015_.xlsx,59,D
eastern_bank_plc,2,PER-SHARE & PROFITABILITY,EPS,eps,BDT,2025,5.65,5.65,,,native_numeric,0,DATASET_11_BANKS_2025-2015_.xlsx,59,C
eastern_bank_plc,2,PER-SHARE & PROFITABILITY,ROA %,roa_pct,%,2015,1.23,1.23,1.23,percent_points,native_numeric,0,DATASET_11_BANKS_2025-2015_.xlsx,60,M
eastern_bank_plc,2,PER-SHARE & PROFITABILITY,ROA %,roa_pct,%,2016,N/A,,,percent_points,missing_marker,0,DATASET_11_BANKS_2025-2015_.xlsx,60,L
eastern_bank_plc,2,PER-SHARE & PROFITABILITY,ROA %,roa_pct,%,2017,1.04,1.04,1.04,percent_points,native_numeric,0,DATASET_11_BANKS_2025-2015_.xlsx,60,K
eastern_bank_plc,2,PER-SHARE & PROFITABILITY,ROA %,roa_pct,%,2018,1.15,1.15,1.15,percent_points,native_numeric,0,DATASET_11_BANKS_2025-2015_.xlsx,60,J
eastern_bank_plc,2,PER-SHARE & PROFITABILITY,ROA %,roa_pct,%,2019,1.3,1.3,1.3,percent_points,native_numeric,0,DATASET_11_BANKS_2025-2015_.xlsx,60,I
eastern_bank_plc,2,PER-SHARE & PROFITABILITY,ROA %,roa_pct,%,2020,1.22,1.22,1.22,percent_points,native_numeric,0,DATASET_11_BANKS_2025-2015_.xlsx,60,H
eastern_bank_plc,2,PER-SHARE & PROFITABILITY,ROA %,roa_pct,%,2021,1.28,1.28,1.28,percent_points,native_numeric,0,DATASET_11_BANKS_2025-2015_.xlsx,60,G
eastern_bank_plc,2,PER-SHARE & PROFITABILITY,ROA %,roa_pct,%,2022,1.21,1.21,1.21,percent_points,native_numeric,0,DATASET_11_BANKS_2025-2015_.xlsx,60,F
eastern_bank_plc,2,PER-SHARE & PROFITABILITY,ROA %,roa_pct,%,2023,1.27,1.27,1.27,percent_points,native_numeric,0,DATASET_11_BANKS_2025-2015_.xlsx,60,E
eastern_bank_plc,2,PER-SHARE & PROFITABILITY,ROA %,roa_pct,%,2024,1.34,1.34,1.34,percent_points,native_numeric,0,DATASET_11_BANKS_2025-2015_.xlsx,60,D
eastern_bank_plc,2,PER-SHARE & PROFITABILITY,ROA %,roa_pct,%,2025,1.31,1.31,1.31,percent_points,native_numeric,0,DATASET_11_BANKS_2025-2015_.xlsx,60,C
eastern_bank_plc,2,PER-SHARE & PROFITABILITY,ROE %,roe_pct,%,2015,10.95,10.95,10.95,percent_points,native_numeric,0,DATASET_11_BANKS_2025-2015_.xlsx,61,M
eastern_bank_plc,2,PER-SHARE & PROFITABILITY,ROE %,roe_pct,%,2016,N/A,,,percent_points,missing_marker,0,DATASET_11_BANKS_2025-2015_.xlsx,61,L
eastern_bank_plc,2,PER-SHARE & PROFITABILITY,ROE %,roe_pct,%,2017,11.41,11.41,11.41,percent_points,native_numeric,0,DATASET_11_BANKS_2025-2015_.xlsx,61,K
eastern_bank_plc,2,PER-SHARE & PROFITABILITY,ROE %,roe_pct,%,2018,13.83,13.83,13.83,percent_points,native_numeric,0,DATASET_11_BANKS_2025-2015_.xlsx,61,J
eastern_bank_plc,2,PER-SHARE & PROFITABILITY,ROE %,roe_pct,%,2019,16.52,16.52,16.52,percent_points,native_numeric,0,DATASET_11_BANKS_2025-2015_.xlsx,61,I
eastern_bank_plc,2,PER-SHARE & PROFITABILITY,ROE %,roe_pct,%,2020,15.04,15.04,15.04,percent_points,native_numeric,0,DATASET_11_BANKS_2025-2015_.xlsx,61,H
eastern_bank_plc,2,PER-SHARE & PROFITABILITY,ROE %,roe_pct,%,2021,15.51,15.51,15.51,percent_points,native_numeric,0,DATASET_11_BANKS_2025-2015_.xlsx,61,G
eastern_bank_plc,2,PER-SHARE & PROFITABILITY,ROE %,roe_pct,%,2022,15.46,15.46,15.46,percent_points,native_numeric,0,DATASET_11_BANKS_2025-2015_.xlsx,61,F
eastern_bank_plc,2,PER-SHARE & PROFITABILITY,ROE %,roe_pct,%,2023,16.85,16.85,16.85,percent_points,native_numeric,0,DATASET_11_BANKS_2025-2015_.xlsx,61,E
eastern_bank_plc,2,PER-SHARE & PROFITABILITY,ROE %,roe_pct,%,2024,18.63,18.63,18.63,percent_points,native_numeric,0,DATASET_11_BANKS_2025-2015_.xlsx,61,D
eastern_bank_plc,2,PER-SHARE & PROFITABILITY,ROE %,roe_pct,%,2025,19.13,19.13,19.13,percent_points,native_numeric,0,DATASET_11_BANKS_2025-2015_.xlsx,61,C
eastern_bank_plc,2,ASSET QUALITY,Loan-Deposit Ratio %,loan_deposit_ratio_pct,%,2015,87.87,87.87,87.87,percent_points,native_numeric,0,DATASET_11_BANKS_2025-2015_.xlsx,63,M
eastern_bank_plc,2,ASSET QUALITY,Loan-Deposit Ratio %,loan_deposit_ratio_pct,%,2016,N/A,,,percent_points,missing_marker,0,DATASET_11_BANKS_2025-2015_.xlsx,63,L
eastern_bank_plc,2,ASSET QUALITY,Loan-Deposit Ratio %,loan_deposit_ratio_pct,%,2017,83.06,83.06,83.06,percent_points,native_numeric,0,DATASET_11_BANKS_2025-2015_.xlsx,63,K
eastern_bank_plc,2,ASSET QUALITY,Loan-Deposit Ratio %,loan_deposit_ratio_pct,%,2018,83.08,83.08,83.08,percent_points,native_numeric,0,DATASET_11_BANKS_2025-2015_.xlsx,63,J
eastern_bank_plc,2,ASSET QUALITY,Loan-Deposit Ratio %,loan_deposit_ratio_pct,%,2019,77.2,77.2,77.2,percent_points,native_numeric,0,DATASET_11_BANKS_2025-2015_.xlsx,63,I
eastern_bank_plc,2,ASSET QUALITY,Loan-Deposit Ratio %,loan_deposit_ratio_pct,%,2020,74.13,74.13,74.13,percent_points,native_numeric,0,DATASET_11_BANKS_2025-2015_.xlsx,63,H
eastern_bank_plc,2,ASSET QUALITY,Loan-Deposit Ratio %,loan_deposit_ratio_pct,%,2021,79.69,79.69,79.69,percent_points,native_numeric,0,DATASET_11_BANKS_2025-2015_.xlsx,63,G
eastern_bank_plc,2,ASSET QUALITY,Loan-Deposit Ratio %,loan_deposit_ratio_pct,%,2022,77.83,77.83,77.83,percent_points,native_numeric,0,DATASET_11_BANKS_2025-2015_.xlsx,63,F
eastern_bank_plc,2,ASSET QUALITY,Loan-Deposit Ratio %,loan_deposit_ratio_pct,%,2023,79.45,79.45,79.45,percent_points,native_numeric,0,DATASET_11_BANKS_2025-2015_.xlsx,63,E
eastern_bank_plc,2,ASSET QUALITY,Loan-Deposit Ratio %,loan_deposit_ratio_pct,%,2024,80.19,80.19,80.19,percent_points,native_numeric,0,DATASET_11_BANKS_2025-2015_.xlsx,63,D
eastern_bank_plc,2,ASSET QUALITY,Loan-Deposit Ratio %,loan_deposit_ratio_pct,%,2025,74.65,74.65,74.65,percent_points,native_numeric,0,DATASET_11_BANKS_2025-2015_.xlsx,63,C
eastern_bank_plc,2,ASSET QUALITY,NPL % (gross),npl_pct_gross,%,2015,3.27,3.27,3.27,percent_points,native_numeric,0,DATASET_11_BANKS_2025-2015_.xlsx,64,M
eastern_bank_plc,2,ASSET QUALITY,NPL % (gross),npl_pct_gross,%,2016,N/A,,,percent_points,missing_marker,0,DATASET_11_BANKS_2025-2015_.xlsx,64,L
eastern_bank_plc,2,ASSET QUALITY,NPL % (gross),npl_pct_gross,%,2017,2.5,2.5,2.5,percent_points,native_numeric,0,DATASET_11_BANKS_2025-2015_.xlsx,64,K
eastern_bank_plc,2,ASSET QUALITY,NPL % (gross),npl_pct_gross,%,2018,2.35,2.35,2.35,percent_points,native_numeric,0,DATASET_11_BANKS_2025-2015_.xlsx,64,J
eastern_bank_plc,2,ASSET QUALITY,NPL % (gross),npl_pct_gross,%,2019,3.35,3.35,3.35,percent_points,native_numeric,0,DATASET_11_BANKS_2025-2015_.xlsx,64,I
eastern_bank_plc,2,ASSET QUALITY,NPL % (gross),npl_pct_gross,%,2020,2.72,2.72,2.72,percent_points,native_numeric,0,DATASET_11_BANKS_2025-2015_.xlsx,64,H
eastern_bank_plc,2,ASSET QUALITY,NPL % (gross),npl_pct_gross,%,2021,3.7,3.7,3.7,percent_points,native_numeric,0,DATASET_11_BANKS_2025-2015_.xlsx,64,G
eastern_bank_plc,2,ASSET QUALITY,NPL % (gross),npl_pct_gross,%,2022,2.78,2.78,2.78,percent_points,native_numeric,0,DATASET_11_BANKS_2025-2015_.xlsx,64,F
eastern_bank_plc,2,ASSET QUALITY,NPL % (gross),npl_pct_gross,%,2023,3.1,3.1,3.1,percent_points,native_numeric,0,DATASET_11_BANKS_2025-2015_.xlsx,64,E
eastern_bank_plc,2,ASSET QUALITY,NPL % (gross),npl_pct_gross,%,2024,3.34,3.34,3.34,percent_points,native_numeric,0,DATASET_11_BANKS_2025-2015_.xlsx,64,D
eastern_bank_plc,2,ASSET QUALITY,NPL % (gross),npl_pct_gross,%,2025,2.24,2.24,2.24,percent_points,native_numeric,0,DATASET_11_BANKS_2025-2015_.xlsx,64,C
eastern_bank_plc,2,ASSET QUALITY,Provision Coverage %,provision_coverage_pct,%,2015,116.85,116.85,116.85,percent_points_inferred,native_numeric,0,DATASET_11_BANKS_2025-2015_.xlsx,65,M
eastern_bank_plc,2,ASSET QUALITY,Provision Coverage %,provision_coverage_pct,%,2016,N/A,,,percent_points_inferred,missing_marker,0,DATASET_11_BANKS_2025-2015_.xlsx,65,L
eastern_bank_plc,2,ASSET QUALITY,Provision Coverage %,provision_coverage_pct,%,2017,159.52,159.52,159.52,percent_points_inferred,native_numeric,0,DATASET_11_BANKS_2025-2015_.xlsx,65,K
eastern_bank_plc,2,ASSET QUALITY,Provision Coverage %,provision_coverage_pct,%,2018,150.39,150.39,150.39,percent_points_inferred,native_numeric,0,DATASET_11_BANKS_2025-2015_.xlsx,65,J
eastern_bank_plc,2,ASSET QUALITY,Provision Coverage %,provision_coverage_pct,%,2019,120.42,120.42,120.42,percent_points_inferred,native_numeric,0,DATASET_11_BANKS_2025-2015_.xlsx,65,I
eastern_bank_plc,2,ASSET QUALITY,Provision Coverage %,provision_coverage_pct,%,2020,179.51,179.51,179.51,percent_points_inferred,native_numeric,0,DATASET_11_BANKS_2025-2015_.xlsx,65,H
eastern_bank_plc,2,ASSET QUALITY,Provision Coverage %,provision_coverage_pct,%,2021,141.31,141.31,141.31,percent_points_inferred,native_numeric,0,DATASET_11_BANKS_2025-2015_.xlsx,65,G
eastern_bank_plc,2,ASSET QUALITY,Provision Coverage %,provision_coverage_pct,%,2022,168.46,168.46,168.46,percent_points_inferred,native_numeric,0,DATASET_11_BANKS_2025-2015_.xlsx,65,F
eastern_bank_plc,2,ASSET QUALITY,Provision Coverage %,provision_coverage_pct,%,2023,147.61,147.61,147.61,percent_points_inferred,native_numeric,0,DATASET_11_BANKS_2025-2015_.xlsx,65,E
eastern_bank_plc,2,ASSET QUALITY,Provision Coverage %,provision_coverage_pct,%,2024,114.49,114.49,114.49,percent_points_inferred,native_numeric,0,DATASET_11_BANKS_2025-2015_.xlsx,65,D
eastern_bank_plc,2,ASSET QUALITY,Provision Coverage %,provision_coverage_pct,%,2025,161.04,161.04,161.04,percent_points_inferred,native_numeric,0,DATASET_11_BANKS_2025-2015_.xlsx,65,C
eastern_bank_plc,2,CAPITAL & EFFICIENCY,CRAR % (Group),car_pct,%,2015,13.92,13.92,13.92,percent_points_inferred,native_numeric,0,DATASET_11_BANKS_2025-2015_.xlsx,67,M
eastern_bank_plc,2,CAPITAL & EFFICIENCY,CRAR % (Group),car_pct,%,2016,N/A,,,percent_points_inferred,missing_marker,0,DATASET_11_BANKS_2025-2015_.xlsx,67,L
eastern_bank_plc,2,CAPITAL & EFFICIENCY,CRAR % (Group),car_pct,%,2017,14.09,14.09,14.09,percent_points_inferred,native_numeric,0,DATASET_11_BANKS_2025-2015_.xlsx,67,K
eastern_bank_plc,2,CAPITAL & EFFICIENCY,CRAR % (Group),car_pct,%,2018,12.16,12.16,12.16,percent_points_inferred,native_numeric,0,DATASET_11_BANKS_2025-2015_.xlsx,67,J
eastern_bank_plc,2,CAPITAL & EFFICIENCY,CRAR % (Group),car_pct,%,2019,14.74,14.74,14.74,percent_points_inferred,native_numeric,0,DATASET_11_BANKS_2025-2015_.xlsx,67,I
eastern_bank_plc,2,CAPITAL & EFFICIENCY,CRAR % (Group),car_pct,%,2020,15.03,15.03,15.03,percent_points_inferred,native_numeric,0,DATASET_11_BANKS_2025-2015_.xlsx,67,H
eastern_bank_plc,2,CAPITAL & EFFICIENCY,CRAR % (Group),car_pct,%,2021,13.87,13.87,13.87,percent_points_inferred,native_numeric,0,DATASET_11_BANKS_2025-2015_.xlsx,67,G
eastern_bank_plc,2,CAPITAL & EFFICIENCY,CRAR % (Group),car_pct,%,2022,14.61,14.61,14.61,percent_points_inferred,native_numeric,0,DATASET_11_BANKS_2025-2015_.xlsx,67,F
eastern_bank_plc,2,CAPITAL & EFFICIENCY,CRAR % (Group),car_pct,%,2023,15.07,15.07,15.07,percent_points_inferred,native_numeric,0,DATASET_11_BANKS_2025-2015_.xlsx,67,E
eastern_bank_plc,2,CAPITAL & EFFICIENCY,CRAR % (Group),car_pct,%,2024,14.65,14.65,14.65,percent_points_inferred,native_numeric,0,DATASET_11_BANKS_2025-2015_.xlsx,67,D
eastern_bank_plc,2,CAPITAL & EFFICIENCY,CRAR % (Group),car_pct,%,2025,14.88,14.88,14.88,percent_points_inferred,native_numeric,0,DATASET_11_BANKS_2025-2015_.xlsx,67,C
eastern_bank_plc,2,CAPITAL & EFFICIENCY,Cost-to-Income Ratio % (Group),cost_income_pct,%,2015,48.33,48.33,48.33,percent_points_inferred,native_numeric,0,DATASET_11_BANKS_2025-2015_.xlsx,68,M
eastern_bank_plc,2,CAPITAL & EFFICIENCY,Cost-to-Income Ratio % (Group),cost_income_pct,%,2016,N/A,,,percent_points_inferred,missing_marker,0,DATASET_11_BANKS_2025-2015_.xlsx,68,L
eastern_bank_plc,2,CAPITAL & EFFICIENCY,Cost-to-Income Ratio % (Group),cost_income_pct,%,2017,45.2,45.2,45.2,percent_points_inferred,native_numeric,0,DATASET_11_BANKS_2025-2015_.xlsx,68,K
eastern_bank_plc,2,CAPITAL & EFFICIENCY,Cost-to-Income Ratio % (Group),cost_income_pct,%,2018,45.63,45.63,45.63,percent_points_inferred,native_numeric,0,DATASET_11_BANKS_2025-2015_.xlsx,68,J
eastern_bank_plc,2,CAPITAL & EFFICIENCY,Cost-to-Income Ratio % (Group),cost_income_pct,%,2019,43.76,43.76,43.76,percent_points_inferred,native_numeric,0,DATASET_11_BANKS_2025-2015_.xlsx,68,I
eastern_bank_plc,2,CAPITAL & EFFICIENCY,Cost-to-Income Ratio % (Group),cost_income_pct,%,2020,45.8,45.8,45.8,percent_points_inferred,native_numeric,0,DATASET_11_BANKS_2025-2015_.xlsx,68,H
eastern_bank_plc,2,CAPITAL & EFFICIENCY,Cost-to-Income Ratio % (Group),cost_income_pct,%,2021,39.1,39.1,39.1,percent_points_inferred,native_numeric,0,DATASET_11_BANKS_2025-2015_.xlsx,68,G
eastern_bank_plc,2,CAPITAL & EFFICIENCY,Cost-to-Income Ratio % (Group),cost_income_pct,%,2022,43.53,43.53,43.53,percent_points_inferred,native_numeric,0,DATASET_11_BANKS_2025-2015_.xlsx,68,F
eastern_bank_plc,2,CAPITAL & EFFICIENCY,Cost-to-Income Ratio % (Group),cost_income_pct,%,2023,44.22,44.22,44.22,percent_points_inferred,native_numeric,0,DATASET_11_BANKS_2025-2015_.xlsx,68,E
eastern_bank_plc,2,CAPITAL & EFFICIENCY,Cost-to-Income Ratio % (Group),cost_income_pct,%,2024,40.95,40.95,40.95,percent_points_inferred,native_numeric,0,DATASET_11_BANKS_2025-2015_.xlsx,68,D
eastern_bank_plc,2,CAPITAL & EFFICIENCY,Cost-to-Income Ratio % (Group),cost_income_pct,%,2025,41.69,41.69,41.69,percent_points_inferred,native_numeric,0,DATASET_11_BANKS_2025-2015_.xlsx,68,C
eastern_bank_plc,2,DERIVED METRICS,Estimated NPL amount (NPL% x Loans),npl_amount,Tk mn,2015,4258.4,4258.4,,,native_numeric,1,DATASET_11_BANKS_2025-2015_.xlsx,70,M
eastern_bank_plc,2,DERIVED METRICS,Estimated NPL amount (NPL% x Loans),npl_amount,Tk mn,2016,N/A,,,,missing_marker,1,DATASET_11_BANKS_2025-2015_.xlsx,70,L
eastern_bank_plc,2,DERIVED METRICS,Estimated NPL amount (NPL% x Loans),npl_amount,Tk mn,2017,4600.7,4600.7,,,native_numeric,1,DATASET_11_BANKS_2025-2015_.xlsx,70,K
eastern_bank_plc,2,DERIVED METRICS,Estimated NPL amount (NPL% x Loans),npl_amount,Tk mn,2018,4918.7,4918.7,,,native_numeric,1,DATASET_11_BANKS_2025-2015_.xlsx,70,J
eastern_bank_plc,2,DERIVED METRICS,Estimated NPL amount (NPL% x Loans),npl_amount,Tk mn,2019,7773.7,7773.7,,,native_numeric,1,DATASET_11_BANKS_2025-2015_.xlsx,70,I
eastern_bank_plc,2,DERIVED METRICS,Estimated NPL amount (NPL% x Loans),npl_amount,Tk mn,2020,6227.3,6227.3,,,native_numeric,1,DATASET_11_BANKS_2025-2015_.xlsx,70,H
eastern_bank_plc,2,DERIVED METRICS,Estimated NPL amount (NPL% x Loans),npl_amount,Tk mn,2021,9967.6,9967.6,,,native_numeric,1,DATASET_11_BANKS_2025-2015_.xlsx,70,G
eastern_bank_plc,2,DERIVED METRICS,Estimated NPL amount (NPL% x Loans),npl_amount,Tk mn,2022,8587.9,8587.9,,,native_numeric,1,DATASET_11_BANKS_2025-2015_.xlsx,70,F
eastern_bank_plc,2,DERIVED METRICS,Estimated NPL amount (NPL% x Loans),npl_amount,Tk mn,2023,10954.1,10954.1,,,native_numeric,1,DATASET_11_BANKS_2025-2015_.xlsx,70,E
eastern_bank_plc,2,DERIVED METRICS,Estimated NPL amount (NPL% x Loans),npl_amount,Tk mn,2024,13718.0,13718.0,,,native_numeric,1,DATASET_11_BANKS_2025-2015_.xlsx,70,D
eastern_bank_plc,2,DERIVED METRICS,Estimated NPL amount (NPL% x Loans),npl_amount,Tk mn,2025,10685.7,10685.7,,,native_numeric,1,DATASET_11_BANKS_2025-2015_.xlsx,70,C
eastern_bank_plc,2,DERIVED METRICS,NPL / Total Assets % (estimated),npl_to_assets_pct,%,2015,2.25,2.25,2.25,percent_points,native_numeric,1,DATASET_11_BANKS_2025-2015_.xlsx,71,M
eastern_bank_plc,2,DERIVED METRICS,NPL / Total Assets % (estimated),npl_to_assets_pct,%,2016,N/A,,,percent_points,missing_marker,1,DATASET_11_BANKS_2025-2015_.xlsx,71,L
eastern_bank_plc,2,DERIVED METRICS,NPL / Total Assets % (estimated),npl_to_assets_pct,%,2017,1.82,1.82,1.82,percent_points,native_numeric,1,DATASET_11_BANKS_2025-2015_.xlsx,71,K
eastern_bank_plc,2,DERIVED METRICS,NPL / Total Assets % (estimated),npl_to_assets_pct,%,2018,1.74,1.74,1.74,percent_points,native_numeric,1,DATASET_11_BANKS_2025-2015_.xlsx,71,J
eastern_bank_plc,2,DERIVED METRICS,NPL / Total Assets % (estimated),npl_to_assets_pct,%,2019,2.32,2.32,2.32,percent_points,native_numeric,1,DATASET_11_BANKS_2025-2015_.xlsx,71,I
eastern_bank_plc,2,DERIVED METRICS,NPL / Total Assets % (estimated),npl_to_assets_pct,%,2020,1.85,1.85,1.85,percent_points,native_numeric,1,DATASET_11_BANKS_2025-2015_.xlsx,71,H
eastern_bank_plc,2,DERIVED METRICS,NPL / Total Assets % (estimated),npl_to_assets_pct,%,2021,2.56,2.56,2.56,percent_points,native_numeric,1,DATASET_11_BANKS_2025-2015_.xlsx,71,G
eastern_bank_plc,2,DERIVED METRICS,NPL / Total Assets % (estimated),npl_to_assets_pct,%,2022,1.88,1.88,1.88,percent_points,native_numeric,1,DATASET_11_BANKS_2025-2015_.xlsx,71,F
eastern_bank_plc,2,DERIVED METRICS,NPL / Total Assets % (estimated),npl_to_assets_pct,%,2023,2.16,2.16,2.16,percent_points,native_numeric,1,DATASET_11_BANKS_2025-2015_.xlsx,71,E
eastern_bank_plc,2,DERIVED METRICS,NPL / Total Assets % (estimated),npl_to_assets_pct,%,2024,2.23,2.23,2.23,percent_points,native_numeric,1,DATASET_11_BANKS_2025-2015_.xlsx,71,D
eastern_bank_plc,2,DERIVED METRICS,NPL / Total Assets % (estimated),npl_to_assets_pct,%,2025,1.4,1.4,1.4,percent_points,native_numeric,1,DATASET_11_BANKS_2025-2015_.xlsx,71,C
eastern_bank_plc,2,DERIVED METRICS,YoY NPAT growth %,yoy_npat_growth_pct,%,2015,5.4,5.4,5.4,percent_points,native_numeric,0,DATASET_11_BANKS_2025-2015_.xlsx,72,M
eastern_bank_plc,2,DERIVED METRICS,YoY NPAT growth %,yoy_npat_growth_pct,%,2016,N/A,,,percent_points,missing_marker,0,DATASET_11_BANKS_2025-2015_.xlsx,72,L
eastern_bank_plc,2,DERIVED METRICS,YoY NPAT growth %,yoy_npat_growth_pct,%,2017,N/A,,,percent_points,missing_marker,0,DATASET_11_BANKS_2025-2015_.xlsx,72,K
eastern_bank_plc,2,DERIVED METRICS,YoY NPAT growth %,yoy_npat_growth_pct,%,2018,28.1,28.1,28.1,percent_points,native_numeric,0,DATASET_11_BANKS_2025-2015_.xlsx,72,J
eastern_bank_plc,2,DERIVED METRICS,YoY NPAT growth %,yoy_npat_growth_pct,%,2019,30.1,30.1,30.1,percent_points,native_numeric,0,DATASET_11_BANKS_2025-2015_.xlsx,72,I
eastern_bank_plc,2,DERIVED METRICS,YoY NPAT growth %,yoy_npat_growth_pct,%,2020,2.4,2.4,2.4,percent_points,native_numeric,0,DATASET_11_BANKS_2025-2015_.xlsx,72,H
eastern_bank_plc,2,DERIVED METRICS,YoY NPAT growth %,yoy_npat_growth_pct,%,2021,13.4,13.4,13.4,percent_points,native_numeric,0,DATASET_11_BANKS_2025-2015_.xlsx,72,G
eastern_bank_plc,2,DERIVED METRICS,YoY NPAT growth %,yoy_npat_growth_pct,%,2022,9.7,9.7,9.7,percent_points,native_numeric,0,DATASET_11_BANKS_2025-2015_.xlsx,72,F
eastern_bank_plc,2,DERIVED METRICS,YoY NPAT growth %,yoy_npat_growth_pct,%,2023,19.6,19.6,19.6,percent_points,native_numeric,0,DATASET_11_BANKS_2025-2015_.xlsx,72,E
eastern_bank_plc,2,DERIVED METRICS,YoY NPAT growth %,yoy_npat_growth_pct,%,2024,22.8,22.8,22.8,percent_points,native_numeric,0,DATASET_11_BANKS_2025-2015_.xlsx,72,D
eastern_bank_plc,2,DERIVED METRICS,YoY NPAT growth %,yoy_npat_growth_pct,%,2025,20.1,20.1,20.1,percent_points,native_numeric,0,DATASET_11_BANKS_2025-2015_.xlsx,72,C
eastern_bank_plc,2,DERIVED METRICS,YoY Equity growth %,yoy_equity_growth_pct,%,2015,,,,percent_points,missing,0,DATASET_11_BANKS_2025-2015_.xlsx,73,M
eastern_bank_plc,2,DERIVED METRICS,YoY Equity growth %,yoy_equity_growth_pct,%,2016,0.101,0.101,0.101,percent_points,native_numeric,0,DATASET_11_BANKS_2025-2015_.xlsx,73,L
eastern_bank_plc,2,DERIVED METRICS,YoY Equity growth %,yoy_equity_growth_pct,%,2017,N/A,,,percent_points,missing_marker,0,DATASET_11_BANKS_2025-2015_.xlsx,73,K
eastern_bank_plc,2,DERIVED METRICS,YoY Equity growth %,yoy_equity_growth_pct,%,2018,N/A,,,percent_points,missing_marker,0,DATASET_11_BANKS_2025-2015_.xlsx,73,J
eastern_bank_plc,2,DERIVED METRICS,YoY Equity growth %,yoy_equity_growth_pct,%,2019,11.3,11.3,11.3,percent_points,native_numeric,0,DATASET_11_BANKS_2025-2015_.xlsx,73,I
eastern_bank_plc,2,DERIVED METRICS,YoY Equity growth %,yoy_equity_growth_pct,%,2020,13.3,13.3,13.3,percent_points,native_numeric,0,DATASET_11_BANKS_2025-2015_.xlsx,73,H
eastern_bank_plc,2,DERIVED METRICS,YoY Equity growth %,yoy_equity_growth_pct,%,2021,7.0,7.0,7.0,percent_points,native_numeric,0,DATASET_11_BANKS_2025-2015_.xlsx,73,G
eastern_bank_plc,2,DERIVED METRICS,YoY Equity growth %,yoy_equity_growth_pct,%,2022,13.0,13.0,13.0,percent_points,native_numeric,0,DATASET_11_BANKS_2025-2015_.xlsx,73,F
eastern_bank_plc,2,DERIVED METRICS,YoY Equity growth %,yoy_equity_growth_pct,%,2023,7.0,7.0,7.0,percent_points,native_numeric,0,DATASET_11_BANKS_2025-2015_.xlsx,73,E
eastern_bank_plc,2,DERIVED METRICS,YoY Equity growth %,yoy_equity_growth_pct,%,2024,14.9,14.9,14.9,percent_points,native_numeric,0,DATASET_11_BANKS_2025-2015_.xlsx,73,D
eastern_bank_plc,2,DERIVED METRICS,YoY Equity growth %,yoy_equity_growth_pct,%,2025,18.1,18.1,18.1,percent_points,native_numeric,0,DATASET_11_BANKS_2025-2015_.xlsx,73,C
eastern_bank_plc,2,DERIVED METRICS,YoY NPAT growth %,yoy_npat_growth_pct,,2015,0.054,0.054,0.054,percent_points,native_numeric,0,DATASET_11_BANKS_2025-2015_.xlsx,74,L
eastern_bank_plc,2,DERIVED METRICS,YoY NPAT growth %,yoy_npat_growth_pct,,2016,N/A,,,percent_points,missing_marker,0,DATASET_11_BANKS_2025-2015_.xlsx,74,K
eastern_bank_plc,2,DERIVED METRICS,YoY NPAT growth %,yoy_npat_growth_pct,,2017,N/A⁴,,,percent_points,missing_marker,0,DATASET_11_BANKS_2025-2015_.xlsx,74,J
eastern_bank_plc,2,DERIVED METRICS,YoY NPAT growth %,yoy_npat_growth_pct,,2018,0.281,0.281,0.281,percent_points,native_numeric,0,DATASET_11_BANKS_2025-2015_.xlsx,74,I
eastern_bank_plc,2,DERIVED METRICS,YoY NPAT growth %,yoy_npat_growth_pct,,2019,0.301,0.301,0.301,percent_points,native_numeric,0,DATASET_11_BANKS_2025-2015_.xlsx,74,H
eastern_bank_plc,2,DERIVED METRICS,YoY NPAT growth %,yoy_npat_growth_pct,,2020,0.024,0.024,0.024,percent_points,native_numeric,0,DATASET_11_BANKS_2025-2015_.xlsx,74,G
eastern_bank_plc,2,DERIVED METRICS,YoY NPAT growth %,yoy_npat_growth_pct,,2021,0.134,0.134,0.134,percent_points,native_numeric,0,DATASET_11_BANKS_2025-2015_.xlsx,74,F
eastern_bank_plc,2,DERIVED METRICS,YoY NPAT growth %,yoy_npat_growth_pct,,2022,0.097,0.097,0.097,percent_points,native_numeric,0,DATASET_11_BANKS_2025-2015_.xlsx,74,E
eastern_bank_plc,2,DERIVED METRICS,YoY NPAT growth %,yoy_npat_growth_pct,,2023,0.196,0.196,0.196,percent_points,native_numeric,0,DATASET_11_BANKS_2025-2015_.xlsx,74,D
eastern_bank_plc,2,DERIVED METRICS,YoY NPAT growth %,yoy_npat_growth_pct,,2024,0.228,0.228,0.228,percent_points,native_numeric,0,DATASET_11_BANKS_2025-2015_.xlsx,74,C
eastern_bank_plc,2,DERIVED METRICS,YoY NPAT growth %,yoy_npat_growth_pct,,2025,0.201,0.201,0.201,percent_points,native_numeric,0,DATASET_11_BANKS_2025-2015_.xlsx,74,B
eastern_bank_plc,2,DERIVED METRICS,YoY Equity growth %,yoy_equity_growth_pct,,2015,0.02,0.02,0.02,percent_points,native_numeric,0,DATASET_11_BANKS_2025-2015_.xlsx,75,L
eastern_bank_plc,2,DERIVED METRICS,YoY Equity growth %,yoy_equity_growth_pct,,2016,N/A,,,percent_points,missing_marker,0,DATASET_11_BANKS_2025-2015_.xlsx,75,K
eastern_bank_plc,2,DERIVED METRICS,YoY Equity growth %,yoy_equity_growth_pct,,2017,N/A⁴,,,percent_points,missing_marker,0,DATASET_11_BANKS_2025-2015_.xlsx,75,J
eastern_bank_plc,2,DERIVED METRICS,YoY Equity growth %,yoy_equity_growth_pct,,2018,0.064,0.064,0.064,percent_points,native_numeric,0,DATASET_11_BANKS_2025-2015_.xlsx,75,I
eastern_bank_plc,2,DERIVED METRICS,YoY Equity growth %,yoy_equity_growth_pct,,2019,0.113,0.113,0.113,percent_points,native_numeric,0,DATASET_11_BANKS_2025-2015_.xlsx,75,H
eastern_bank_plc,2,DERIVED METRICS,YoY Equity growth %,yoy_equity_growth_pct,,2020,0.133,0.133,0.133,percent_points,native_numeric,0,DATASET_11_BANKS_2025-2015_.xlsx,75,G
eastern_bank_plc,2,DERIVED METRICS,YoY Equity growth %,yoy_equity_growth_pct,,2021,0.07,0.07,0.07,percent_points,native_numeric,0,DATASET_11_BANKS_2025-2015_.xlsx,75,F
eastern_bank_plc,2,DERIVED METRICS,YoY Equity growth %,yoy_equity_growth_pct,,2022,0.13,0.13,0.13,percent_points,native_numeric,0,DATASET_11_BANKS_2025-2015_.xlsx,75,E
eastern_bank_plc,2,DERIVED METRICS,YoY Equity growth %,yoy_equity_growth_pct,,2023,0.07,0.07,0.07,percent_points,native_numeric,0,DATASET_11_BANKS_2025-2015_.xlsx,75,D
eastern_bank_plc,2,DERIVED METRICS,YoY Equity growth %,yoy_equity_growth_pct,,2024,0.149,0.149,0.149,percent_points,native_numeric,0,DATASET_11_BANKS_2025-2015_.xlsx,75,C
eastern_bank_plc,2,DERIVED METRICS,YoY Equity growth %,yoy_equity_growth_pct,,2025,0.181,0.181,0.181,percent_points,native_numeric,0,DATASET_11_BANKS_2025-2015_.xlsx,75,B
ific_bank_plc,1,BALANCE SHEET,Total Assets,total_assets,Tk mn,2015,180737.39,180737.39,,,native_numeric,0,DATASET_11_BANKS_2025-2015_.xlsx,17,M
ific_bank_plc,1,BALANCE SHEET,Total Assets,total_assets,Tk mn,2016,200251.06,200251.06,,,native_numeric,0,DATASET_11_BANKS_2025-2015_.xlsx,17,L
ific_bank_plc,1,BALANCE SHEET,Total Assets,total_assets,Tk mn,2017,253249.0,253249.0,,,native_numeric,0,DATASET_11_BANKS_2025-2015_.xlsx,17,K
ific_bank_plc,1,BALANCE SHEET,Total Assets,total_assets,Tk mn,2018,283073.0,283073.0,,,native_numeric,0,DATASET_11_BANKS_2025-2015_.xlsx,17,J
ific_bank_plc,1,BALANCE SHEET,Total Assets,total_assets,Tk mn,2019,316950.0,316950.0,,,native_numeric,0,DATASET_11_BANKS_2025-2015_.xlsx,17,I
ific_bank_plc,1,BALANCE SHEET,Total Assets,total_assets,Tk mn,2020,363412.0,363412.0,,,native_numeric,0,DATASET_11_BANKS_2025-2015_.xlsx,17,H
ific_bank_plc,1,BALANCE SHEET,Total Assets,total_assets,Tk mn,2021,410402.92,410402.92,,,native_numeric,0,DATASET_11_BANKS_2025-2015_.xlsx,17,G
ific_bank_plc,1,BALANCE SHEET,Total Assets,total_assets,Tk mn,2022,470548.02,470548.02,,,native_numeric,0,DATASET_11_BANKS_2025-2015_.xlsx,17,F
ific_bank_plc,1,BALANCE SHEET,Total Assets,total_assets,Tk mn,2023,529936.5,529936.5,,,native_numeric,0,DATASET_11_BANKS_2025-2015_.xlsx,17,E
ific_bank_plc,1,BALANCE SHEET,Total Assets,total_assets,Tk mn,2024,565693.6,565693.6,,,native_numeric,0,DATASET_11_BANKS_2025-2015_.xlsx,17,D
ific_bank_plc,1,BALANCE SHEET,Total Assets,total_assets,Tk mn,2025,586402.1,586402.1,,,native_numeric,0,DATASET_11_BANKS_2025-2015_.xlsx,17,C
ific_bank_plc,1,BALANCE SHEET,Loans & Advances,loans_advances_gross,Tk mn,2015,125668.04,125668.04,,,native_numeric,0,DATASET_11_BANKS_2025-2015_.xlsx,18,M
ific_bank_plc,1,BALANCE SHEET,Loans & Advances,loans_advances_gross,Tk mn,2016,141258.76,141258.76,,,native_numeric,0,DATASET_11_BANKS_2025-2015_.xlsx,18,L
ific_bank_plc,1,BALANCE SHEET,Loans & Advances,loans_advances_gross,Tk mn,2017,179264.0,179264.0,,,native_numeric,0,DATASET_11_BANKS_2025-2015_.xlsx,18,K
ific_bank_plc,1,BALANCE SHEET,Loans & Advances,loans_advances_gross,Tk mn,2018,206930.0,206930.0,,,native_numeric,0,DATASET_11_BANKS_2025-2015_.xlsx,18,J
ific_bank_plc,1,BALANCE SHEET,Loans & Advances,loans_advances_gross,Tk mn,2019,228589.0,228589.0,,,native_numeric,0,DATASET_11_BANKS_2025-2015_.xlsx,18,I
ific_bank_plc,1,BALANCE SHEET,Loans & Advances,loans_advances_gross,Tk mn,2020,260650.0,260650.0,,,native_numeric,0,DATASET_11_BANKS_2025-2015_.xlsx,18,H
ific_bank_plc,1,BALANCE SHEET,Loans & Advances,loans_advances_gross,Tk mn,2021,306333.35,306333.35,,,native_numeric,0,DATASET_11_BANKS_2025-2015_.xlsx,18,G
ific_bank_plc,1,BALANCE SHEET,Loans & Advances,loans_advances_gross,Tk mn,2022,355858.87,355858.87,,,native_numeric,0,DATASET_11_BANKS_2025-2015_.xlsx,18,F
ific_bank_plc,1,BALANCE SHEET,Loans & Advances,loans_advances_gross,Tk mn,2023,414982.8,414982.8,,,native_numeric,0,DATASET_11_BANKS_2025-2015_.xlsx,18,E
ific_bank_plc,1,BALANCE SHEET,Loans & Advances,loans_advances_gross,Tk mn,2024,447266.1,447266.1,,,native_numeric,0,DATASET_11_BANKS_2025-2015_.xlsx,18,D
ific_bank_plc,1,BALANCE SHEET,Loans & Advances,loans_advances_gross,Tk mn,2025,443295.0,443295.0,,,native_numeric,0,DATASET_11_BANKS_2025-2015_.xlsx,18,C
ific_bank_plc,1,BALANCE SHEET,Total Deposits,total_deposits,Tk mn,2015,146848.21,146848.21,,,native_numeric,0,DATASET_11_BANKS_2025-2015_.xlsx,19,M
ific_bank_plc,1,BALANCE SHEET,Total Deposits,total_deposits,Tk mn,2016,160132.62,160132.62,,,native_numeric,0,DATASET_11_BANKS_2025-2015_.xlsx,19,L
ific_bank_plc,1,BALANCE SHEET,Total Deposits,total_deposits,Tk mn,2017,200206.0,200206.0,,,native_numeric,0,DATASET_11_BANKS_2025-2015_.xlsx,19,K
ific_bank_plc,1,BALANCE SHEET,Total Deposits,total_deposits,Tk mn,2018,226364.0,226364.0,,,native_numeric,0,DATASET_11_BANKS_2025-2015_.xlsx,19,J
ific_bank_plc,1,BALANCE SHEET,Total Deposits,total_deposits,Tk mn,2019,258368.0,258368.0,,,native_numeric,0,DATASET_11_BANKS_2025-2015_.xlsx,19,I
ific_bank_plc,1,BALANCE SHEET,Total Deposits,total_deposits,Tk mn,2020,296374.0,296374.0,,,native_numeric,0,DATASET_11_BANKS_2025-2015_.xlsx,19,H
ific_bank_plc,1,BALANCE SHEET,Total Deposits,total_deposits,Tk mn,2021,332751.26,332751.26,,,native_numeric,0,DATASET_11_BANKS_2025-2015_.xlsx,19,G
ific_bank_plc,1,BALANCE SHEET,Total Deposits,total_deposits,Tk mn,2022,375552.71,375552.71,,,native_numeric,0,DATASET_11_BANKS_2025-2015_.xlsx,19,F
ific_bank_plc,1,BALANCE SHEET,Total Deposits,total_deposits,Tk mn,2023,442071.4,442071.4,,,native_numeric,0,DATASET_11_BANKS_2025-2015_.xlsx,19,E
ific_bank_plc,1,BALANCE SHEET,Total Deposits,total_deposits,Tk mn,2024,474592.0,474592.0,,,native_numeric,0,DATASET_11_BANKS_2025-2015_.xlsx,19,D
ific_bank_plc,1,BALANCE SHEET,Total Deposits,total_deposits,Tk mn,2025,517162.0,517162.0,,,native_numeric,0,DATASET_11_BANKS_2025-2015_.xlsx,19,C
ific_bank_plc,1,BALANCE SHEET,Shareholders' Equity,shareholders_equity,Tk mn,2015,12370.38,12370.38,,,native_numeric,0,DATASET_11_BANKS_2025-2015_.xlsx,20,M
ific_bank_plc,1,BALANCE SHEET,Shareholders' Equity,shareholders_equity,Tk mn,2016,13922.4,13922.4,,,native_numeric,0,DATASET_11_BANKS_2025-2015_.xlsx,20,L
ific_bank_plc,1,BALANCE SHEET,Shareholders' Equity,shareholders_equity,Tk mn,2017,20539.0,20539.0,,,native_numeric,0,DATASET_11_BANKS_2025-2015_.xlsx,20,K
ific_bank_plc,1,BALANCE SHEET,Shareholders' Equity,shareholders_equity,Tk mn,2018,22116.0,22116.0,,,native_numeric,0,DATASET_11_BANKS_2025-2015_.xlsx,20,J
ific_bank_plc,1,BALANCE SHEET,Shareholders' Equity,shareholders_equity,Tk mn,2019,24597.0,24597.0,,,native_numeric,0,DATASET_11_BANKS_2025-2015_.xlsx,20,I
ific_bank_plc,1,BALANCE SHEET,Shareholders' Equity,shareholders_equity,Tk mn,2020,25217.0,25217.0,,,native_numeric,0,DATASET_11_BANKS_2025-2015_.xlsx,20,H
ific_bank_plc,1,BALANCE SHEET,Shareholders' Equity,shareholders_equity,Tk mn,2021,30236.31,30236.31,,,native_numeric,0,DATASET_11_BANKS_2025-2015_.xlsx,20,G
ific_bank_plc,1,BALANCE SHEET,Shareholders' Equity,shareholders_equity,Tk mn,2022,33609.0,33609.0,,,native_numeric,0,DATASET_11_BANKS_2025-2015_.xlsx,20,F
ific_bank_plc,1,BALANCE SHEET,Shareholders' Equity,shareholders_equity,Tk mn,2023,36125.3,36125.3,,,native_numeric,0,DATASET_11_BANKS_2025-2015_.xlsx,20,E
ific_bank_plc,1,BALANCE SHEET,Shareholders' Equity,shareholders_equity,Tk mn,2024,31045.4,31045.4,,,native_numeric,0,DATASET_11_BANKS_2025-2015_.xlsx,20,D
ific_bank_plc,1,BALANCE SHEET,Shareholders' Equity,shareholders_equity,Tk mn,2025,5658.3,5658.3,,,native_numeric,0,DATASET_11_BANKS_2025-2015_.xlsx,20,C
ific_bank_plc,1,INCOME STATEMENT,Net Interest Income,net_interest_income,Tk mn,2015,3774.51,3774.51,,,native_numeric,0,DATASET_11_BANKS_2025-2015_.xlsx,22,M
ific_bank_plc,1,INCOME STATEMENT,Net Interest Income,net_interest_income,Tk mn,2016,4405.43,4405.43,,,native_numeric,0,DATASET_11_BANKS_2025-2015_.xlsx,22,L
ific_bank_plc,1,INCOME STATEMENT,Net Interest Income,net_interest_income,Tk mn,2017,5492.0,5492.0,,,native_numeric,0,DATASET_11_BANKS_2025-2015_.xlsx,22,K
ific_bank_plc,1,INCOME STATEMENT,Net Interest Income,net_interest_income,Tk mn,2018,4560.0,4560.0,,,native_numeric,0,DATASET_11_BANKS_2025-2015_.xlsx,22,J
ific_bank_plc,1,INCOME STATEMENT,Net Interest Income,net_interest_income,Tk mn,2019,6398.0,6398.0,,,native_numeric,0,DATASET_11_BANKS_2025-2015_.xlsx,22,I
ific_bank_plc,1,INCOME STATEMENT,Net Interest Income,net_interest_income,Tk mn,2020,2864.0,2864.0,,,native_numeric,0,DATASET_11_BANKS_2025-2015_.xlsx,22,H
ific_bank_plc,1,INCOME STATEMENT,Net Interest Income,net_interest_income,Tk mn,2021,7165.0,7165.0,,,native_numeric,0,DATASET_11_BANKS_2025-2015_.xlsx,22,G
ific_bank_plc,1,INCOME STATEMENT,Net Interest Income,net_interest_income,Tk mn,2022,8099.0,8099.0,,,native_numeric,0,DATASET_11_BANKS_2025-2015_.xlsx,22,F
ific_bank_plc,1,INCOME STATEMENT,Net Interest Income,net_interest_income,Tk mn,2023,8377.0,8377.0,,,native_numeric,0,DATASET_11_BANKS_2025-2015_.xlsx,22,E
ific_bank_plc,1,INCOME STATEMENT,Net Interest Income,net_interest_income,Tk mn,2024,2733.6,2733.6,,,native_numeric,0,DATASET_11_BANKS_2025-2015_.xlsx,22,D
ific_bank_plc,1,INCOME STATEMENT,Net Interest Income,net_interest_income,Tk mn,2025,-22094.7,-22094.7,,,native_numeric,0,DATASET_11_BANKS_2025-2015_.xlsx,22,C
ific_bank_plc,1,INCOME STATEMENT,Non-Interest Income,non_interest_income,Tk mn,2015,4305.47,4305.47,,,native_numeric,0,DATASET_11_BANKS_2025-2015_.xlsx,23,M
ific_bank_plc,1,INCOME STATEMENT,Non-Interest Income,non_interest_income,Tk mn,2016,4247.43,4247.43,,,native_numeric,0,DATASET_11_BANKS_2025-2015_.xlsx,23,L
ific_bank_plc,1,INCOME STATEMENT,Non-Interest Income,non_interest_income,Tk mn,2017,4270.0,4270.0,,,native_numeric,0,DATASET_11_BANKS_2025-2015_.xlsx,23,K
ific_bank_plc,1,INCOME STATEMENT,Non-Interest Income,non_interest_income,Tk mn,2018,4441.0,4441.0,,,native_numeric,0,DATASET_11_BANKS_2025-2015_.xlsx,23,J
ific_bank_plc,1,INCOME STATEMENT,Non-Interest Income,non_interest_income,Tk mn,2019,4722.0,4722.0,,,native_numeric,0,DATASET_11_BANKS_2025-2015_.xlsx,23,I
ific_bank_plc,1,INCOME STATEMENT,Non-Interest Income,non_interest_income,Tk mn,2020,5560.0,5560.0,,,native_numeric,0,DATASET_11_BANKS_2025-2015_.xlsx,23,H
ific_bank_plc,1,INCOME STATEMENT,Non-Interest Income,non_interest_income,Tk mn,2021,7188.0,7188.0,,,native_numeric,0,DATASET_11_BANKS_2025-2015_.xlsx,23,G
ific_bank_plc,1,INCOME STATEMENT,Non-Interest Income,non_interest_income,Tk mn,2022,7458.0,7458.0,,,native_numeric,0,DATASET_11_BANKS_2025-2015_.xlsx,23,F
ific_bank_plc,1,INCOME STATEMENT,Non-Interest Income,non_interest_income,Tk mn,2023,7282.6,7282.6,,,native_numeric,0,DATASET_11_BANKS_2025-2015_.xlsx,23,E
ific_bank_plc,1,INCOME STATEMENT,Non-Interest Income,non_interest_income,Tk mn,2024,8823.6,8823.6,,,native_numeric,0,DATASET_11_BANKS_2025-2015_.xlsx,23,D
ific_bank_plc,1,INCOME STATEMENT,Non-Interest Income,non_interest_income,Tk mn,2025,10182.5,10182.5,,,native_numeric,0,DATASET_11_BANKS_2025-2015_.xlsx,23,C
ific_bank_plc,1,INCOME STATEMENT,Net Profit After Tax,net_profit_after_tax,Tk mn,2015,1057.14,1057.14,,,native_numeric,0,DATASET_11_BANKS_2025-2015_.xlsx,24,M
ific_bank_plc,1,INCOME STATEMENT,Net Profit After Tax,net_profit_after_tax,Tk mn,2016,1582.53,1582.53,,,native_numeric,0,DATASET_11_BANKS_2025-2015_.xlsx,24,L
ific_bank_plc,1,INCOME STATEMENT,Net Profit After Tax,net_profit_after_tax,Tk mn,2017,2068.0,2068.0,,,native_numeric,0,DATASET_11_BANKS_2025-2015_.xlsx,24,K
ific_bank_plc,1,INCOME STATEMENT,Net Profit After Tax,net_profit_after_tax,Tk mn,2018,1570.0,1570.0,,,native_numeric,0,DATASET_11_BANKS_2025-2015_.xlsx,24,J
ific_bank_plc,1,INCOME STATEMENT,Net Profit After Tax,net_profit_after_tax,Tk mn,2019,2444.0,2444.0,,,native_numeric,0,DATASET_11_BANKS_2025-2015_.xlsx,24,I
ific_bank_plc,1,INCOME STATEMENT,Net Profit After Tax,net_profit_after_tax,Tk mn,2020,562.0,562.0,,,native_numeric,0,DATASET_11_BANKS_2025-2015_.xlsx,24,H
ific_bank_plc,1,INCOME STATEMENT,Net Profit After Tax,net_profit_after_tax,Tk mn,2021,2541.0,2541.0,,,native_numeric,0,DATASET_11_BANKS_2025-2015_.xlsx,24,G
ific_bank_plc,1,INCOME STATEMENT,Net Profit After Tax,net_profit_after_tax,Tk mn,2022,3442.0,3442.0,,,native_numeric,0,DATASET_11_BANKS_2025-2015_.xlsx,24,F
ific_bank_plc,1,INCOME STATEMENT,Net Profit After Tax,net_profit_after_tax,Tk mn,2023,3005.2,3005.2,,,native_numeric,0,DATASET_11_BANKS_2025-2015_.xlsx,24,E
ific_bank_plc,1,INCOME STATEMENT,Net Profit After Tax,net_profit_after_tax,Tk mn,2024,-1024.7,-1024.7,,,native_numeric,0,DATASET_11_BANKS_2025-2015_.xlsx,24,D
ific_bank_plc,1,INCOME STATEMENT,Net Profit After Tax,net_profit_after_tax,Tk mn,2025,-25616.9,-25616.9,,,native_numeric,0,DATASET_11_BANKS_2025-2015_.xlsx,24,C
ific_bank_plc,1,PER-SHARE & PROFITABILITY,EPS,eps,BDT,2015,1.87,1.87,,,native_numeric,0,DATASET_11_BANKS_2025-2015_.xlsx,26,M
ific_bank_plc,1,PER-SHARE & PROFITABILITY,EPS,eps,BDT,2016,2.81,2.81,,,native_numeric,0,DATASET_11_BANKS_2025-2015_.xlsx,26,L
ific_bank_plc,1,PER-SHARE & PROFITABILITY,EPS,eps,BDT,2017,1.54,1.54,,,native_numeric,0,DATASET_11_BANKS_2025-2015_.xlsx,26,K
ific_bank_plc,1,PER-SHARE & PROFITABILITY,EPS,eps,BDT,2018,1.07,1.07,,,native_numeric,0,DATASET_11_BANKS_2025-2015_.xlsx,26,J
ific_bank_plc,1,PER-SHARE & PROFITABILITY,EPS,eps,BDT,2019,1.51,1.51,,,native_numeric,0,DATASET_11_BANKS_2025-2015_.xlsx,26,I
ific_bank_plc,1,PER-SHARE & PROFITABILITY,EPS,eps,BDT,2020,0.35,0.35,,,native_numeric,0,DATASET_11_BANKS_2025-2015_.xlsx,26,H
ific_bank_plc,1,PER-SHARE & PROFITABILITY,EPS,eps,BDT,2021,1.42,1.42,,,native_numeric,0,DATASET_11_BANKS_2025-2015_.xlsx,26,G
ific_bank_plc,1,PER-SHARE & PROFITABILITY,EPS,eps,BDT,2022,1.93,1.93,,,native_numeric,0,DATASET_11_BANKS_2025-2015_.xlsx,26,F
ific_bank_plc,1,PER-SHARE & PROFITABILITY,EPS,eps,BDT,2023,1.56,1.56,,,native_numeric,0,DATASET_11_BANKS_2025-2015_.xlsx,26,E
ific_bank_plc,1,PER-SHARE & PROFITABILITY,EPS,eps,BDT,2024,-0.53,-0.53,,,native_numeric,0,DATASET_11_BANKS_2025-2015_.xlsx,26,D
ific_bank_plc,1,PER-SHARE & PROFITABILITY,EPS,eps,BDT,2025,-13.33,-13.33,,,native_numeric,0,DATASET_11_BANKS_2025-2015_.xlsx,26,C
ific_bank_plc,1,PER-SHARE & PROFITABILITY,ROA %,roa_pct,%,2015,0.53,0.53,0.53,percent_points,native_numeric,0,DATASET_11_BANKS_2025-2015_.xlsx,27,M
ific_bank_plc,1,PER-SHARE & PROFITABILITY,ROA %,roa_pct,%,2016,0.65,0.65,0.65,percent_points,native_numeric,0,DATASET_11_BANKS_2025-2015_.xlsx,27,L
ific_bank_plc,1,PER-SHARE & PROFITABILITY,ROA %,roa_pct,%,2017,0.9,0.9,0.9,percent_points,native_numeric,0,DATASET_11_BANKS_2025-2015_.xlsx,27,K
ific_bank_plc,1,PER-SHARE & PROFITABILITY,ROA %,roa_pct,%,2018,0.6,0.6,0.6,percent_points,native_numeric,0,DATASET_11_BANKS_2025-2015_.xlsx,27,J
ific_bank_plc,1,PER-SHARE & PROFITABILITY,ROA %,roa_pct,%,2019,0.8,0.8,0.8,percent_points,native_numeric,0,DATASET_11_BANKS_2025-2015_.xlsx,27,I
ific_bank_plc,1,PER-SHARE & PROFITABILITY,ROA %,roa_pct,%,2020,0.2,0.2,0.2,percent_points,native_numeric,0,DATASET_11_BANKS_2025-2015_.xlsx,27,H
ific_bank_plc,1,PER-SHARE & PROFITABILITY,ROA %,roa_pct,%,2021,0.61,0.61,0.61,percent_points,native_numeric,0,DATASET_11_BANKS_2025-2015_.xlsx,27,G
ific_bank_plc,1,PER-SHARE & PROFITABILITY,ROA %,roa_pct,%,2022,0.78,0.78,0.78,percent_points,native_numeric,0,DATASET_11_BANKS_2025-2015_.xlsx,27,F
ific_bank_plc,1,PER-SHARE & PROFITABILITY,ROA %,roa_pct,%,2023,0.57,0.57,0.57,percent_points,native_numeric,0,DATASET_11_BANKS_2025-2015_.xlsx,27,E
ific_bank_plc,1,PER-SHARE & PROFITABILITY,ROA %,roa_pct,%,2024,-0.19,-0.19,-0.19,percent_points,native_numeric,0,DATASET_11_BANKS_2025-2015_.xlsx,27,D
ific_bank_plc,1,PER-SHARE & PROFITABILITY,ROA %,roa_pct,%,2025,-4.45,-4.45,-4.45,percent_points,native_numeric,0,DATASET_11_BANKS_2025-2015_.xlsx,27,C
ific_bank_plc,1,PER-SHARE & PROFITABILITY,ROE %,roe_pct,%,2015,7.61,7.61,7.61,percent_points,native_numeric,0,DATASET_11_BANKS_2025-2015_.xlsx,28,M
ific_bank_plc,1,PER-SHARE & PROFITABILITY,ROE %,roe_pct,%,2016,9.46,9.46,9.46,percent_points,native_numeric,0,DATASET_11_BANKS_2025-2015_.xlsx,28,L
ific_bank_plc,1,PER-SHARE & PROFITABILITY,ROE %,roe_pct,%,2017,12.4,12.4,12.4,percent_points,native_numeric,0,DATASET_11_BANKS_2025-2015_.xlsx,28,K
ific_bank_plc,1,PER-SHARE & PROFITABILITY,ROE %,roe_pct,%,2018,7.4,7.4,7.4,percent_points,native_numeric,0,DATASET_11_BANKS_2025-2015_.xlsx,28,J
ific_bank_plc,1,PER-SHARE & PROFITABILITY,ROE %,roe_pct,%,2019,10.5,10.5,10.5,percent_points,native_numeric,0,DATASET_11_BANKS_2025-2015_.xlsx,28,I
ific_bank_plc,1,PER-SHARE & PROFITABILITY,ROE %,roe_pct,%,2020,2.3,2.3,2.3,percent_points,native_numeric,0,DATASET_11_BANKS_2025-2015_.xlsx,28,H
ific_bank_plc,1,PER-SHARE & PROFITABILITY,ROE %,roe_pct,%,2021,8.4,8.4,8.4,percent_points,native_numeric,0,DATASET_11_BANKS_2025-2015_.xlsx,28,G
ific_bank_plc,1,PER-SHARE & PROFITABILITY,ROE %,roe_pct,%,2022,10.24,10.24,10.24,percent_points,native_numeric,0,DATASET_11_BANKS_2025-2015_.xlsx,28,F
ific_bank_plc,1,PER-SHARE & PROFITABILITY,ROE %,roe_pct,%,2023,8.32,8.32,8.32,percent_points,native_numeric,0,DATASET_11_BANKS_2025-2015_.xlsx,28,E
ific_bank_plc,1,PER-SHARE & PROFITABILITY,ROE %,roe_pct,%,2024,-3.25,-3.25,-3.25,percent_points,native_numeric,0,DATASET_11_BANKS_2025-2015_.xlsx,28,D
ific_bank_plc,1,PER-SHARE & PROFITABILITY,ROE %,roe_pct,%,2025,-139.59,-139.59,-139.59,percent_points,native_numeric,0,DATASET_11_BANKS_2025-2015_.xlsx,28,C
ific_bank_plc,1,ASSET QUALITY,Loan-Deposit Ratio %,loan_deposit_ratio_pct,%,2015,83.96,83.96,83.96,percent_points,native_numeric,0,DATASET_11_BANKS_2025-2015_.xlsx,30,M
ific_bank_plc,1,ASSET QUALITY,Loan-Deposit Ratio %,loan_deposit_ratio_pct,%,2016,85.62,85.62,85.62,percent_points,native_numeric,0,DATASET_11_BANKS_2025-2015_.xlsx,30,L
ific_bank_plc,1,ASSET QUALITY,Loan-Deposit Ratio %,loan_deposit_ratio_pct,%,2017,85.04,85.04,85.04,percent_points,native_numeric,0,DATASET_11_BANKS_2025-2015_.xlsx,30,K
ific_bank_plc,1,ASSET QUALITY,Loan-Deposit Ratio %,loan_deposit_ratio_pct,%,2018,86.83,86.83,86.83,percent_points,native_numeric,0,DATASET_11_BANKS_2025-2015_.xlsx,30,J
ific_bank_plc,1,ASSET QUALITY,Loan-Deposit Ratio %,loan_deposit_ratio_pct,%,2019,84.08,84.08,84.08,percent_points,native_numeric,0,DATASET_11_BANKS_2025-2015_.xlsx,30,I
ific_bank_plc,1,ASSET QUALITY,Loan-Deposit Ratio %,loan_deposit_ratio_pct,%,2020,82.4,82.4,82.4,percent_points,native_numeric,0,DATASET_11_BANKS_2025-2015_.xlsx,30,H
ific_bank_plc,1,ASSET QUALITY,Loan-Deposit Ratio %,loan_deposit_ratio_pct,%,2021,92.06,92.06,92.06,percent_points,native_numeric,0,DATASET_11_BANKS_2025-2015_.xlsx,30,G
ific_bank_plc,1,ASSET QUALITY,Loan-Deposit Ratio %,loan_deposit_ratio_pct,%,2022,94.76,94.76,94.76,percent_points,native_numeric,0,DATASET_11_BANKS_2025-2015_.xlsx,30,F
ific_bank_plc,1,ASSET QUALITY,Loan-Deposit Ratio %,loan_deposit_ratio_pct,%,2023,93.9,93.9,93.9,percent_points,native_numeric,0,DATASET_11_BANKS_2025-2015_.xlsx,30,E
ific_bank_plc,1,ASSET QUALITY,Loan-Deposit Ratio %,loan_deposit_ratio_pct,%,2024,91.34,91.34,91.34,percent_points,native_numeric,0,DATASET_11_BANKS_2025-2015_.xlsx,30,D
ific_bank_plc,1,ASSET QUALITY,Loan-Deposit Ratio %,loan_deposit_ratio_pct,%,2025,84.19,84.19,84.19,percent_points,native_numeric,0,DATASET_11_BANKS_2025-2015_.xlsx,30,C
ific_bank_plc,1,ASSET QUALITY,NPL % (gross),npl_pct_gross,%,2015,6.46,6.46,6.46,percent_points,native_numeric,0,DATASET_11_BANKS_2025-2015_.xlsx,31,M
ific_bank_plc,1,ASSET QUALITY,NPL % (gross),npl_pct_gross,%,2016,5.29,5.29,5.29,percent_points,native_numeric,0,DATASET_11_BANKS_2025-2015_.xlsx,31,L
ific_bank_plc,1,ASSET QUALITY,NPL % (gross),npl_pct_gross,%,2017,6.4,6.4,6.4,percent_points,native_numeric,0,DATASET_11_BANKS_2025-2015_.xlsx,31,K
ific_bank_plc,1,ASSET QUALITY,NPL % (gross),npl_pct_gross,%,2018,6.16,6.16,6.16,percent_points,native_numeric,0,DATASET_11_BANKS_2025-2015_.xlsx,31,J
ific_bank_plc,1,ASSET QUALITY,NPL % (gross),npl_pct_gross,%,2019,5.37,5.37,5.37,percent_points,native_numeric,0,DATASET_11_BANKS_2025-2015_.xlsx,31,I
ific_bank_plc,1,ASSET QUALITY,NPL % (gross),npl_pct_gross,%,2020,3.97,3.97,3.97,percent_points,native_numeric,0,DATASET_11_BANKS_2025-2015_.xlsx,31,H
ific_bank_plc,1,ASSET QUALITY,NPL % (gross),npl_pct_gross,%,2021,6.09,6.09,6.09,percent_points,native_numeric,0,DATASET_11_BANKS_2025-2015_.xlsx,31,G
ific_bank_plc,1,ASSET QUALITY,NPL % (gross),npl_pct_gross,%,2022,5.61,5.61,5.61,percent_points,native_numeric,0,DATASET_11_BANKS_2025-2015_.xlsx,31,F
ific_bank_plc,1,ASSET QUALITY,NPL % (gross),npl_pct_gross,%,2023,7.99,7.99,7.99,percent_points,native_numeric,0,DATASET_11_BANKS_2025-2015_.xlsx,31,E
ific_bank_plc,1,ASSET QUALITY,NPL % (gross),npl_pct_gross,%,2024,54.97,54.97,54.97,percent_points,native_numeric,0,DATASET_11_BANKS_2025-2015_.xlsx,31,D
ific_bank_plc,1,ASSET QUALITY,NPL % (gross),npl_pct_gross,%,2025,61.47,61.47,61.47,percent_points,native_numeric,0,DATASET_11_BANKS_2025-2015_.xlsx,31,C
ific_bank_plc,1,ASSET QUALITY,Provision Coverage %,provision_coverage_pct,%,2015,33.92,33.92,33.92,percent_points_inferred,native_numeric,0,DATASET_11_BANKS_2025-2015_.xlsx,32,M
ific_bank_plc,1,ASSET QUALITY,Provision Coverage %,provision_coverage_pct,%,2016,32.48,32.48,32.48,percent_points_inferred,native_numeric,0,DATASET_11_BANKS_2025-2015_.xlsx,32,L
ific_bank_plc,1,ASSET QUALITY,Provision Coverage %,provision_coverage_pct,%,2017,51.5,51.5,51.5,percent_points_inferred,native_numeric,0,DATASET_11_BANKS_2025-2015_.xlsx,32,K
ific_bank_plc,1,ASSET QUALITY,Provision Coverage %,provision_coverage_pct,%,2018,46.7,46.7,46.7,percent_points_inferred,native_numeric,0,DATASET_11_BANKS_2025-2015_.xlsx,32,J
ific_bank_plc,1,ASSET QUALITY,Provision Coverage %,provision_coverage_pct,%,2019,49.2,49.2,49.2,percent_points_inferred,native_numeric,0,DATASET_11_BANKS_2025-2015_.xlsx,32,I
ific_bank_plc,1,ASSET QUALITY,Provision Coverage %,provision_coverage_pct,%,2020,75.8,75.8,75.8,percent_points_inferred,native_numeric,0,DATASET_11_BANKS_2025-2015_.xlsx,32,H
ific_bank_plc,1,ASSET QUALITY,Provision Coverage %,provision_coverage_pct,%,2021,54.47,54.47,54.47,percent_points_inferred,native_numeric,0,DATASET_11_BANKS_2025-2015_.xlsx,32,G
ific_bank_plc,1,ASSET QUALITY,Provision Coverage %,provision_coverage_pct,%,2022,66.11,66.11,66.11,percent_points_inferred,native_numeric,0,DATASET_11_BANKS_2025-2015_.xlsx,32,F
ific_bank_plc,1,ASSET QUALITY,Provision Coverage %,provision_coverage_pct,%,2023,44.0,44.0,44.0,percent_points_inferred,native_numeric,0,DATASET_11_BANKS_2025-2015_.xlsx,32,E
ific_bank_plc,1,ASSET QUALITY,Provision Coverage %,provision_coverage_pct,%,2024,5.46,5.46,5.46,percent_points_inferred,native_numeric,0,DATASET_11_BANKS_2025-2015_.xlsx,32,D
ific_bank_plc,1,ASSET QUALITY,Provision Coverage %,provision_coverage_pct,%,2025,2.91,2.91,2.91,percent_points_inferred,native_numeric,0,DATASET_11_BANKS_2025-2015_.xlsx,32,C
ific_bank_plc,1,CAPITAL & EFFICIENCY,CRAR % (Group),car_pct,%,2015,10.24,10.24,10.24,percent_points_inferred,native_numeric,0,DATASET_11_BANKS_2025-2015_.xlsx,34,M
ific_bank_plc,1,CAPITAL & EFFICIENCY,CRAR % (Group),car_pct,%,2016,11.73,11.73,11.73,percent_points_inferred,native_numeric,0,DATASET_11_BANKS_2025-2015_.xlsx,34,L
ific_bank_plc,1,CAPITAL & EFFICIENCY,CRAR % (Group),car_pct,%,2017,13.06,13.06,13.06,percent_points_inferred,native_numeric,0,DATASET_11_BANKS_2025-2015_.xlsx,34,K
ific_bank_plc,1,CAPITAL & EFFICIENCY,CRAR % (Group),car_pct,%,2018,12.99,12.99,12.99,percent_points_inferred,native_numeric,0,DATASET_11_BANKS_2025-2015_.xlsx,34,J
ific_bank_plc,1,CAPITAL & EFFICIENCY,CRAR % (Group),car_pct,%,2019,13.42,13.42,13.42,percent_points_inferred,native_numeric,0,DATASET_11_BANKS_2025-2015_.xlsx,34,I
ific_bank_plc,1,CAPITAL & EFFICIENCY,CRAR % (Group),car_pct,%,2020,12.96,12.96,12.96,percent_points_inferred,native_numeric,0,DATASET_11_BANKS_2025-2015_.xlsx,34,H
ific_bank_plc,1,CAPITAL & EFFICIENCY,CRAR % (Group),car_pct,%,2021,13.89,13.89,13.89,percent_points_inferred,native_numeric,0,DATASET_11_BANKS_2025-2015_.xlsx,34,G
ific_bank_plc,1,CAPITAL & EFFICIENCY,CRAR % (Group),car_pct,%,2022,13.62,13.62,13.62,percent_points_inferred,native_numeric,0,DATASET_11_BANKS_2025-2015_.xlsx,34,F
ific_bank_plc,1,CAPITAL & EFFICIENCY,CRAR % (Group),car_pct,%,2023,12.74,12.74,12.74,percent_points_inferred,native_numeric,0,DATASET_11_BANKS_2025-2015_.xlsx,34,E
ific_bank_plc,1,CAPITAL & EFFICIENCY,CRAR % (Group),car_pct,%,2024,7.96,7.96,7.96,percent_points_inferred,native_numeric,0,DATASET_11_BANKS_2025-2015_.xlsx,34,D
ific_bank_plc,1,CAPITAL & EFFICIENCY,CRAR % (Group),car_pct,%,2025,2.45,2.45,2.45,percent_points_inferred,native_numeric,0,DATASET_11_BANKS_2025-2015_.xlsx,34,C
ific_bank_plc,1,CAPITAL & EFFICIENCY,Cost-to-Income Ratio % (Group),cost_income_pct,%,2015,55.3,55.3,55.3,percent_points_inferred,native_numeric,0,DATASET_11_BANKS_2025-2015_.xlsx,35,M
ific_bank_plc,1,CAPITAL & EFFICIENCY,Cost-to-Income Ratio % (Group),cost_income_pct,%,2016,60.02,60.02,60.02,percent_points_inferred,native_numeric,0,DATASET_11_BANKS_2025-2015_.xlsx,35,L
ific_bank_plc,1,CAPITAL & EFFICIENCY,Cost-to-Income Ratio % (Group),cost_income_pct,%,2017,,,,percent_points_inferred,missing,0,DATASET_11_BANKS_2025-2015_.xlsx,35,K
ific_bank_plc,1,CAPITAL & EFFICIENCY,Cost-to-Income Ratio % (Group),cost_income_pct,%,2018,,,,percent_points_inferred,missing,0,DATASET_11_BANKS_2025-2015_.xlsx,35,J
ific_bank_plc,1,CAPITAL & EFFICIENCY,Cost-to-Income Ratio % (Group),cost_income_pct,%,2019,54.9,54.9,54.9,percent_points_inferred,native_numeric,0,DATASET_11_BANKS_2025-2015_.xlsx,35,I
ific_bank_plc,1,CAPITAL & EFFICIENCY,Cost-to-Income Ratio % (Group),cost_income_pct,%,2020,65.4,65.4,65.4,percent_points_inferred,native_numeric,0,DATASET_11_BANKS_2025-2015_.xlsx,35,H
ific_bank_plc,1,CAPITAL & EFFICIENCY,Cost-to-Income Ratio % (Group),cost_income_pct,%,2021,47.05,47.05,47.05,percent_points_inferred,native_numeric,0,DATASET_11_BANKS_2025-2015_.xlsx,35,G
ific_bank_plc,1,CAPITAL & EFFICIENCY,Cost-to-Income Ratio % (Group),cost_income_pct,%,2022,54.17,54.17,54.17,percent_points_inferred,native_numeric,0,DATASET_11_BANKS_2025-2015_.xlsx,35,F
ific_bank_plc,1,CAPITAL & EFFICIENCY,Cost-to-Income Ratio % (Group),cost_income_pct,%,2023,65.3,65.3,65.3,percent_points_inferred,native_numeric,0,DATASET_11_BANKS_2025-2015_.xlsx,35,E
ific_bank_plc,1,CAPITAL & EFFICIENCY,Cost-to-Income Ratio % (Group),cost_income_pct,%,2024,98.73,98.73,98.73,percent_points_inferred,native_numeric,0,DATASET_11_BANKS_2025-2015_.xlsx,35,D
ific_bank_plc,1,CAPITAL & EFFICIENCY,Cost-to-Income Ratio % (Group),cost_income_pct,%,2025,-101.27,-101.27,-101.27,percent_points_inferred,native_numeric,0,DATASET_11_BANKS_2025-2015_.xlsx,35,C
ific_bank_plc,1,DERIVED METRICS,Estimated NPL amount (NPL% x Loans),npl_amount,Tk mn,2015,8118.155384,8118.155384,,,native_numeric,1,DATASET_11_BANKS_2025-2015_.xlsx,37,M
ific_bank_plc,1,DERIVED METRICS,Estimated NPL amount (NPL% x Loans),npl_amount,Tk mn,2016,7472.588404,7472.588404,,,native_numeric,1,DATASET_11_BANKS_2025-2015_.xlsx,37,L
ific_bank_plc,1,DERIVED METRICS,Estimated NPL amount (NPL% x Loans),npl_amount,Tk mn,2017,11472.896,11472.896,,,native_numeric,1,DATASET_11_BANKS_2025-2015_.xlsx,37,K
ific_bank_plc,1,DERIVED METRICS,Estimated NPL amount (NPL% x Loans),npl_amount,Tk mn,2018,12746.888,12746.888,,,native_numeric,1,DATASET_11_BANKS_2025-2015_.xlsx,37,J
ific_bank_plc,1,DERIVED METRICS,Estimated NPL amount (NPL% x Loans),npl_amount,Tk mn,2019,12275.2293,12275.2293,,,native_numeric,1,DATASET_11_BANKS_2025-2015_.xlsx,37,I
ific_bank_plc,1,DERIVED METRICS,Estimated NPL amount (NPL% x Loans),npl_amount,Tk mn,2020,10347.805,10347.805,,,native_numeric,1,DATASET_11_BANKS_2025-2015_.xlsx,37,H
ific_bank_plc,1,DERIVED METRICS,Estimated NPL amount (NPL% x Loans),npl_amount,Tk mn,2021,18655.70102,18655.70102,,,native_numeric,1,DATASET_11_BANKS_2025-2015_.xlsx,37,G
ific_bank_plc,1,DERIVED METRICS,Estimated NPL amount (NPL% x Loans),npl_amount,Tk mn,2022,19963.68261,19963.68261,,,native_numeric,1,DATASET_11_BANKS_2025-2015_.xlsx,37,F
ific_bank_plc,1,DERIVED METRICS,Estimated NPL amount (NPL% x Loans),npl_amount,Tk mn,2023,33157.12572,33157.12572,,,native_numeric,1,DATASET_11_BANKS_2025-2015_.xlsx,37,E
ific_bank_plc,1,DERIVED METRICS,Estimated NPL amount (NPL% x Loans),npl_amount,Tk mn,2024,245862.1752,245862.1752,,,native_numeric,1,DATASET_11_BANKS_2025-2015_.xlsx,37,D
ific_bank_plc,1,DERIVED METRICS,Estimated NPL amount (NPL% x Loans),npl_amount,Tk mn,2025,272493.4365,272493.4365,,,native_numeric,1,DATASET_11_BANKS_2025-2015_.xlsx,37,C
ific_bank_plc,1,DERIVED METRICS,NPL / Total Assets % (estimated),npl_to_assets_pct,%,2015,4.491685635,4.491685635,4.491685635,percent_points,native_numeric,1,DATASET_11_BANKS_2025-2015_.xlsx,38,M
ific_bank_plc,1,DERIVED METRICS,NPL / Total Assets % (estimated),npl_to_assets_pct,%,2016,3.731609912,3.731609912,3.731609912,percent_points,native_numeric,1,DATASET_11_BANKS_2025-2015_.xlsx,38,L
ific_bank_plc,1,DERIVED METRICS,NPL / Total Assets % (estimated),npl_to_assets_pct,%,2017,4.530282844,4.530282844,4.530282844,percent_points,native_numeric,1,DATASET_11_BANKS_2025-2015_.xlsx,38,K
ific_bank_plc,1,DERIVED METRICS,NPL / Total Assets % (estimated),npl_to_assets_pct,%,2018,4.503039145,4.503039145,4.503039145,percent_points,native_numeric,1,DATASET_11_BANKS_2025-2015_.xlsx,38,J
ific_bank_plc,1,DERIVED METRICS,NPL / Total Assets % (estimated),npl_to_assets_pct,%,2019,3.872922953,3.872922953,3.872922953,percent_points,native_numeric,1,DATASET_11_BANKS_2025-2015_.xlsx,38,I
ific_bank_plc,1,DERIVED METRICS,NPL / Total Assets % (estimated),npl_to_assets_pct,%,2020,2.847403223,2.847403223,2.847403223,percent_points,native_numeric,1,DATASET_11_BANKS_2025-2015_.xlsx,38,H
ific_bank_plc,1,DERIVED METRICS,NPL / Total Assets % (estimated),npl_to_assets_pct,%,2021,4.545703772,4.545703772,4.545703772,percent_points,native_numeric,1,DATASET_11_BANKS_2025-2015_.xlsx,38,G
ific_bank_plc,1,DERIVED METRICS,NPL / Total Assets % (estimated),npl_to_assets_pct,%,2022,4.24264512,4.24264512,4.24264512,percent_points,native_numeric,1,DATASET_11_BANKS_2025-2015_.xlsx,38,F
ific_bank_plc,1,DERIVED METRICS,NPL / Total Assets % (estimated),npl_to_assets_pct,%,2023,6.256811093,6.256811093,6.256811093,percent_points,native_numeric,1,DATASET_11_BANKS_2025-2015_.xlsx,38,E
ific_bank_plc,1,DERIVED METRICS,NPL / Total Assets % (estimated),npl_to_assets_pct,%,2024,43.46207473,43.46207473,43.46207473,percent_points,native_numeric,1,DATASET_11_BANKS_2025-2015_.xlsx,38,D
ific_bank_plc,1,DERIVED METRICS,NPL / Total Assets % (estimated),npl_to_assets_pct,%,2025,46.46870066,46.46870066,46.46870066,percent_points,native_numeric,1,DATASET_11_BANKS_2025-2015_.xlsx,38,C
ific_bank_plc,1,DERIVED METRICS,YoY NPAT growth %,yoy_npat_growth_pct,%,2015,,,,percent_points,missing,0,DATASET_11_BANKS_2025-2015_.xlsx,39,M
ific_bank_plc,1,DERIVED METRICS,YoY NPAT growth %,yoy_npat_growth_pct,%,2016,0.4969918838,0.4969918838,0.4969918838,percent_points,native_numeric,0,DATASET_11_BANKS_2025-2015_.xlsx,39,L
ific_bank_plc,1,DERIVED METRICS,YoY NPAT growth %,yoy_npat_growth_pct,%,2017,0.3067682761,0.3067682761,0.3067682761,percent_points,native_numeric,0,DATASET_11_BANKS_2025-2015_.xlsx,39,K
ific_bank_plc,1,DERIVED METRICS,YoY NPAT growth %,yoy_npat_growth_pct,%,2018,-0.2408123791,-0.2408123791,-0.2408123791,percent_points,native_numeric,0,DATASET_11_BANKS_2025-2015_.xlsx,39,J
ific_bank_plc,1,DERIVED METRICS,YoY NPAT growth %,yoy_npat_growth_pct,%,2019,0.5566878981,0.5566878981,0.5566878981,percent_points,native_numeric,0,DATASET_11_BANKS_2025-2015_.xlsx,39,I
ific_bank_plc,1,DERIVED METRICS,YoY NPAT growth %,yoy_npat_growth_pct,%,2020,-0.7700490998,-0.7700490998,-0.7700490998,percent_points,native_numeric,0,DATASET_11_BANKS_2025-2015_.xlsx,39,H
ific_bank_plc,1,DERIVED METRICS,YoY NPAT growth %,yoy_npat_growth_pct,%,2021,3.521352313,3.521352313,3.521352313,percent_points,native_numeric,0,DATASET_11_BANKS_2025-2015_.xlsx,39,G
ific_bank_plc,1,DERIVED METRICS,YoY NPAT growth %,yoy_npat_growth_pct,%,2022,0.3545848091,0.3545848091,0.3545848091,percent_points,native_numeric,0,DATASET_11_BANKS_2025-2015_.xlsx,39,F
ific_bank_plc,1,DERIVED METRICS,YoY NPAT growth %,yoy_npat_growth_pct,%,2023,-0.1269029634,-0.1269029634,-0.1269029634,percent_points,native_numeric,0,DATASET_11_BANKS_2025-2015_.xlsx,39,E
ific_bank_plc,1,DERIVED METRICS,YoY NPAT growth %,yoy_npat_growth_pct,%,2024,-1.340975642,-1.340975642,-1.340975642,percent_points,native_numeric,0,DATASET_11_BANKS_2025-2015_.xlsx,39,D
ific_bank_plc,1,DERIVED METRICS,YoY NPAT growth %,yoy_npat_growth_pct,%,2025,-25.99941446,-25.99941446,-25.99941446,percent_points,native_numeric,0,DATASET_11_BANKS_2025-2015_.xlsx,39,C
ific_bank_plc,1,DERIVED METRICS,YoY Equity growth %,yoy_equity_growth_pct,%,2015,,,,fraction,missing,0,DATASET_11_BANKS_2025-2015_.xlsx,40,M
ific_bank_plc,1,DERIVED METRICS,YoY Equity growth %,yoy_equity_growth_pct,%,2016,0.1254625969,0.1254625969,12.54625969,fraction,native_numeric,0,DATASET_11_BANKS_2025-2015_.xlsx,40,L
ific_bank_plc,1,DERIVED METRICS,YoY Equity growth %,yoy_equity_growth_pct,%,2017,0.4752485204,0.4752485204,47.52485204,fraction,native_numeric,0,DATASET_11_BANKS_2025-2015_.xlsx,40,K
ific_bank_plc,1,DERIVED METRICS,YoY Equity growth %,yoy_equity_growth_pct,%,2018,0.07678075856,0.07678075856,7.6780758559999995,fraction,native_numeric,0,DATASET_11_BANKS_2025-2015_.xlsx,40,J
ific_bank_plc,1,DERIVED METRICS,YoY Equity growth %,yoy_equity_growth_pct,%,2019,0.1121812263,0.1121812263,11.21812263,fraction,native_numeric,0,DATASET_11_BANKS_2025-2015_.xlsx,40,I
ific_bank_plc,1,DERIVED METRICS,YoY Equity growth %,yoy_equity_growth_pct,%,2020,0.02520632597,0.02520632597,2.5206325969999996,fraction,native_numeric,0,DATASET_11_BANKS_2025-2015_.xlsx,40,H
ific_bank_plc,1,DERIVED METRICS,YoY Equity growth %,yoy_equity_growth_pct,%,2021,0.1990446921,0.1990446921,19.904469210000002,fraction,native_numeric,0,DATASET_11_BANKS_2025-2015_.xlsx,40,G
ific_bank_plc,1,DERIVED METRICS,YoY Equity growth %,yoy_equity_growth_pct,%,2022,0.111544365,0.111544365,11.154436500000001,fraction,native_numeric,0,DATASET_11_BANKS_2025-2015_.xlsx,40,F
ific_bank_plc,1,DERIVED METRICS,YoY Equity growth %,yoy_equity_growth_pct,%,2023,0.07486982653,0.07486982653,7.486982653,fraction,native_numeric,0,DATASET_11_BANKS_2025-2015_.xlsx,40,E
ific_bank_plc,1,DERIVED METRICS,YoY Equity growth %,yoy_equity_growth_pct,%,2024,-0.1406189014,-0.1406189014,-14.06189014,fraction,native_numeric,0,DATASET_11_BANKS_2025-2015_.xlsx,40,D
ific_bank_plc,1,DERIVED METRICS,YoY Equity growth %,yoy_equity_growth_pct,%,2025,-0.8177411146,-0.8177411146,-81.77411146,fraction,native_numeric,0,DATASET_11_BANKS_2025-2015_.xlsx,40,C
mercantile_bank_plc,1,BALANCE SHEET (BDT million),Total Assets,total_assets,Tk mn,2015,182800.17,182800.17,,,native_numeric,0,DATASET_11_BANKS_2025-2015_.xlsx,17,M
mercantile_bank_plc,1,BALANCE SHEET (BDT million),Total Assets,total_assets,Tk mn,2016,204127.47,204127.47,,,native_numeric,0,DATASET_11_BANKS_2025-2015_.xlsx,17,L
mercantile_bank_plc,1,BALANCE SHEET (BDT million),Total Assets,total_assets,Tk mn,2017,260169.93,260169.93,,,native_numeric,0,DATASET_11_BANKS_2025-2015_.xlsx,17,K
mercantile_bank_plc,1,BALANCE SHEET (BDT million),Total Assets,total_assets,Tk mn,2018,291385.64,291385.64,,,native_numeric,0,DATASET_11_BANKS_2025-2015_.xlsx,17,J
mercantile_bank_plc,1,BALANCE SHEET (BDT million),Total Assets,total_assets,Tk mn,2019,316363.47,316363.47,,,native_numeric,0,DATASET_11_BANKS_2025-2015_.xlsx,17,I
mercantile_bank_plc,1,BALANCE SHEET (BDT million),Total Assets,total_assets,Tk mn,2020,330785.56,330785.56,,,native_numeric,0,DATASET_11_BANKS_2025-2015_.xlsx,17,H
mercantile_bank_plc,1,BALANCE SHEET (BDT million),Total Assets,total_assets,Tk mn,2021,359411.36,359411.36,,,native_numeric,0,DATASET_11_BANKS_2025-2015_.xlsx,17,G
mercantile_bank_plc,1,BALANCE SHEET (BDT million),Total Assets,total_assets,Tk mn,2022,382328.47,382328.47,,,native_numeric,0,DATASET_11_BANKS_2025-2015_.xlsx,17,F
mercantile_bank_plc,1,BALANCE SHEET (BDT million),Total Assets,total_assets,Tk mn,2023,402173.04,402173.04,,,native_numeric,0,DATASET_11_BANKS_2025-2015_.xlsx,17,E
mercantile_bank_plc,1,BALANCE SHEET (BDT million),Total Assets,total_assets,Tk mn,2024,444690.3,444690.3,,,native_numeric,0,DATASET_11_BANKS_2025-2015_.xlsx,17,D
mercantile_bank_plc,1,BALANCE SHEET (BDT million),Total Assets,total_assets,Tk mn,2025,477887.53,477887.53,,,native_numeric,0,DATASET_11_BANKS_2025-2015_.xlsx,17,C
mercantile_bank_plc,1,BALANCE SHEET (BDT million),Loans & Advances,loans_advances_gross,Tk mn,2015,126338.83,126338.83,,,native_numeric,0,DATASET_11_BANKS_2025-2015_.xlsx,18,M
mercantile_bank_plc,1,BALANCE SHEET (BDT million),Loans & Advances,loans_advances_gross,Tk mn,2016,150912.52,150912.52,,,native_numeric,0,DATASET_11_BANKS_2025-2015_.xlsx,18,L
mercantile_bank_plc,1,BALANCE SHEET (BDT million),Loans & Advances,loans_advances_gross,Tk mn,2017,199660.72,199660.72,,,native_numeric,0,DATASET_11_BANKS_2025-2015_.xlsx,18,K
mercantile_bank_plc,1,BALANCE SHEET (BDT million),Loans & Advances,loans_advances_gross,Tk mn,2018,224230.61,224230.61,,,native_numeric,0,DATASET_11_BANKS_2025-2015_.xlsx,18,J
mercantile_bank_plc,1,BALANCE SHEET (BDT million),Loans & Advances,loans_advances_gross,Tk mn,2019,236890.45,236890.45,,,native_numeric,0,DATASET_11_BANKS_2025-2015_.xlsx,18,I
mercantile_bank_plc,1,BALANCE SHEET (BDT million),Loans & Advances,loans_advances_gross,Tk mn,2020,248994.39,248994.39,,,native_numeric,0,DATASET_11_BANKS_2025-2015_.xlsx,18,H
mercantile_bank_plc,1,BALANCE SHEET (BDT million),Loans & Advances,loans_advances_gross,Tk mn,2021,266766.89,266766.89,,,native_numeric,0,DATASET_11_BANKS_2025-2015_.xlsx,18,G
mercantile_bank_plc,1,BALANCE SHEET (BDT million),Loans & Advances,loans_advances_gross,Tk mn,2022,280890.53,280890.53,,,native_numeric,0,DATASET_11_BANKS_2025-2015_.xlsx,18,F
mercantile_bank_plc,1,BALANCE SHEET (BDT million),Loans & Advances,loans_advances_gross,Tk mn,2023,284830.98,284830.98,,,native_numeric,0,DATASET_11_BANKS_2025-2015_.xlsx,18,E
mercantile_bank_plc,1,BALANCE SHEET (BDT million),Loans & Advances,loans_advances_gross,Tk mn,2024,300025.11,300025.11,,,native_numeric,0,DATASET_11_BANKS_2025-2015_.xlsx,18,D
mercantile_bank_plc,1,BALANCE SHEET (BDT million),Loans & Advances,loans_advances_gross,Tk mn,2025,285935.57,285935.57,,,native_numeric,0,DATASET_11_BANKS_2025-2015_.xlsx,18,C
mercantile_bank_plc,1,BALANCE SHEET (BDT million),Total Deposits,total_deposits,Tk mn,2015,154869.52,154869.52,,,native_numeric,0,DATASET_11_BANKS_2025-2015_.xlsx,19,M
mercantile_bank_plc,1,BALANCE SHEET (BDT million),Total Deposits,total_deposits,Tk mn,2016,165257.45,165257.45,,,native_numeric,0,DATASET_11_BANKS_2025-2015_.xlsx,19,L
mercantile_bank_plc,1,BALANCE SHEET (BDT million),Total Deposits,total_deposits,Tk mn,2017,220516.63,220516.63,,,native_numeric,0,DATASET_11_BANKS_2025-2015_.xlsx,19,K
mercantile_bank_plc,1,BALANCE SHEET (BDT million),Total Deposits,total_deposits,Tk mn,2018,243643.42,243643.42,,,native_numeric,0,DATASET_11_BANKS_2025-2015_.xlsx,19,J
mercantile_bank_plc,1,BALANCE SHEET (BDT million),Total Deposits,total_deposits,Tk mn,2019,262961.05,262961.05,,,native_numeric,0,DATASET_11_BANKS_2025-2015_.xlsx,19,I
mercantile_bank_plc,1,BALANCE SHEET (BDT million),Total Deposits,total_deposits,Tk mn,2020,252817.4,252817.4,,,native_numeric,0,DATASET_11_BANKS_2025-2015_.xlsx,19,H
mercantile_bank_plc,1,BALANCE SHEET (BDT million),Total Deposits,total_deposits,Tk mn,2021,274905.61,274905.61,,,native_numeric,0,DATASET_11_BANKS_2025-2015_.xlsx,19,G
mercantile_bank_plc,1,BALANCE SHEET (BDT million),Total Deposits,total_deposits,Tk mn,2022,294060.0,294060.0,,,native_numeric,0,DATASET_11_BANKS_2025-2015_.xlsx,19,F
mercantile_bank_plc,1,BALANCE SHEET (BDT million),Total Deposits,total_deposits,Tk mn,2023,317227.09,317227.09,,,native_numeric,0,DATASET_11_BANKS_2025-2015_.xlsx,19,E
mercantile_bank_plc,1,BALANCE SHEET (BDT million),Total Deposits,total_deposits,Tk mn,2024,355121.12,355121.12,,,native_numeric,0,DATASET_11_BANKS_2025-2015_.xlsx,19,D
mercantile_bank_plc,1,BALANCE SHEET (BDT million),Total Deposits,total_deposits,Tk mn,2025,394682.05,394682.05,,,native_numeric,0,DATASET_11_BANKS_2025-2015_.xlsx,19,C
mercantile_bank_plc,1,BALANCE SHEET (BDT million),Shareholders' Equity,shareholders_equity,Tk mn,2015,15513.73,15513.73,,,native_numeric,0,DATASET_11_BANKS_2025-2015_.xlsx,20,M
mercantile_bank_plc,1,BALANCE SHEET (BDT million),Shareholders' Equity,shareholders_equity,Tk mn,2016,16809.61,16809.61,,,native_numeric,0,DATASET_11_BANKS_2025-2015_.xlsx,20,L
mercantile_bank_plc,1,BALANCE SHEET (BDT million),Shareholders' Equity,shareholders_equity,Tk mn,2017,17584.02,17584.02,,,native_numeric,0,DATASET_11_BANKS_2025-2015_.xlsx,20,K
mercantile_bank_plc,1,BALANCE SHEET (BDT million),Shareholders' Equity,shareholders_equity,Tk mn,2018,18683.55,18683.55,,,native_numeric,0,DATASET_11_BANKS_2025-2015_.xlsx,20,J
mercantile_bank_plc,1,BALANCE SHEET (BDT million),Shareholders' Equity,shareholders_equity,Tk mn,2019,20908.29,20908.29,,,native_numeric,0,DATASET_11_BANKS_2025-2015_.xlsx,20,I
mercantile_bank_plc,1,BALANCE SHEET (BDT million),Shareholders' Equity,shareholders_equity,Tk mn,2020,22101.78,22101.78,,,native_numeric,0,DATASET_11_BANKS_2025-2015_.xlsx,20,H
mercantile_bank_plc,1,BALANCE SHEET (BDT million),Shareholders' Equity,shareholders_equity,Tk mn,2021,24403.9,24403.9,,,native_numeric,0,DATASET_11_BANKS_2025-2015_.xlsx,20,G
mercantile_bank_plc,1,BALANCE SHEET (BDT million),Shareholders' Equity,shareholders_equity,Tk mn,2022,25275.15,25275.15,,,native_numeric,0,DATASET_11_BANKS_2025-2015_.xlsx,20,F
mercantile_bank_plc,1,BALANCE SHEET (BDT million),Shareholders' Equity,shareholders_equity,Tk mn,2023,25984.47,25984.47,,,native_numeric,0,DATASET_11_BANKS_2025-2015_.xlsx,20,E
mercantile_bank_plc,1,BALANCE SHEET (BDT million),Shareholders' Equity,shareholders_equity,Tk mn,2024,25810.06,25810.06,,,native_numeric,0,DATASET_11_BANKS_2025-2015_.xlsx,20,D
mercantile_bank_plc,1,BALANCE SHEET (BDT million),Shareholders' Equity,shareholders_equity,Tk mn,2025,26465.41,26465.41,,,native_numeric,0,DATASET_11_BANKS_2025-2015_.xlsx,20,C
mercantile_bank_plc,1,INCOME STATEMENT (BDT million),Net Interest Income,net_interest_income,Tk mn,2015,2304.15,2304.15,,,native_numeric,0,DATASET_11_BANKS_2025-2015_.xlsx,22,M
mercantile_bank_plc,1,INCOME STATEMENT (BDT million),Net Interest Income,net_interest_income,Tk mn,2016,3157.72,3157.72,,,native_numeric,0,DATASET_11_BANKS_2025-2015_.xlsx,22,L
mercantile_bank_plc,1,INCOME STATEMENT (BDT million),Net Interest Income,net_interest_income,Tk mn,2017,6203.98,6203.98,,,native_numeric,0,DATASET_11_BANKS_2025-2015_.xlsx,22,K
mercantile_bank_plc,1,INCOME STATEMENT (BDT million),Net Interest Income,net_interest_income,Tk mn,2018,7482.8,7482.8,,,native_numeric,0,DATASET_11_BANKS_2025-2015_.xlsx,22,J
mercantile_bank_plc,1,INCOME STATEMENT (BDT million),Net Interest Income,net_interest_income,Tk mn,2019,8600.64,8600.64,,,native_numeric,0,DATASET_11_BANKS_2025-2015_.xlsx,22,I
mercantile_bank_plc,1,INCOME STATEMENT (BDT million),Net Interest Income,net_interest_income,Tk mn,2020,6616.23,6616.23,,,native_numeric,0,DATASET_11_BANKS_2025-2015_.xlsx,22,H
mercantile_bank_plc,1,INCOME STATEMENT (BDT million),Net Interest Income,net_interest_income,Tk mn,2021,8895.23,8895.23,,,native_numeric,0,DATASET_11_BANKS_2025-2015_.xlsx,22,G
mercantile_bank_plc,1,INCOME STATEMENT (BDT million),Net Interest Income,net_interest_income,Tk mn,2022,8628.54,8628.54,,,native_numeric,0,DATASET_11_BANKS_2025-2015_.xlsx,22,F
mercantile_bank_plc,1,INCOME STATEMENT (BDT million),Net Interest Income,net_interest_income,Tk mn,2023,7413.24,7413.24,,,native_numeric,0,DATASET_11_BANKS_2025-2015_.xlsx,22,E
mercantile_bank_plc,1,INCOME STATEMENT (BDT million),Net Interest Income,net_interest_income,Tk mn,2024,7904.06,7904.06,,,native_numeric,0,DATASET_11_BANKS_2025-2015_.xlsx,22,D
mercantile_bank_plc,1,INCOME STATEMENT (BDT million),Net Interest Income,net_interest_income,Tk mn,2025,9546.99,9546.99,,,native_numeric,0,DATASET_11_BANKS_2025-2015_.xlsx,22,C
mercantile_bank_plc,1,INCOME STATEMENT (BDT million),Non-Interest Income,non_interest_income,Tk mn,2015,5639.87,5639.87,,,native_numeric,0,DATASET_11_BANKS_2025-2015_.xlsx,23,M
mercantile_bank_plc,1,INCOME STATEMENT (BDT million),Non-Interest Income,non_interest_income,Tk mn,2016,6931.26,6931.26,,,native_numeric,0,DATASET_11_BANKS_2025-2015_.xlsx,23,L
mercantile_bank_plc,1,INCOME STATEMENT (BDT million),Non-Interest Income,non_interest_income,Tk mn,2017,5650.33,5650.33,,,native_numeric,0,DATASET_11_BANKS_2025-2015_.xlsx,23,K
mercantile_bank_plc,1,INCOME STATEMENT (BDT million),Non-Interest Income,non_interest_income,Tk mn,2018,4357.71,4357.71,,,native_numeric,0,DATASET_11_BANKS_2025-2015_.xlsx,23,J
mercantile_bank_plc,1,INCOME STATEMENT (BDT million),Non-Interest Income,non_interest_income,Tk mn,2019,4575.36,4575.36,,,native_numeric,0,DATASET_11_BANKS_2025-2015_.xlsx,23,I
mercantile_bank_plc,1,INCOME STATEMENT (BDT million),Non-Interest Income,non_interest_income,Tk mn,2020,3927.34,3927.34,,,native_numeric,0,DATASET_11_BANKS_2025-2015_.xlsx,23,H
mercantile_bank_plc,1,INCOME STATEMENT (BDT million),Non-Interest Income,non_interest_income,Tk mn,2021,4482.98,4482.98,,,native_numeric,0,DATASET_11_BANKS_2025-2015_.xlsx,23,G
mercantile_bank_plc,1,INCOME STATEMENT (BDT million),Non-Interest Income,non_interest_income,Tk mn,2022,6729.1,6729.1,,,native_numeric,0,DATASET_11_BANKS_2025-2015_.xlsx,23,F
mercantile_bank_plc,1,INCOME STATEMENT (BDT million),Non-Interest Income,non_interest_income,Tk mn,2023,6336.05,6336.05,,,native_numeric,0,DATASET_11_BANKS_2025-2015_.xlsx,23,E
mercantile_bank_plc,1,INCOME STATEMENT (BDT million),Non-Interest Income,non_interest_income,Tk mn,2024,6202.27,6202.27,,,native_numeric,0,DATASET_11_BANKS_2025-2015_.xlsx,23,D
mercantile_bank_plc,1,INCOME STATEMENT (BDT million),Non-Interest Income,non_interest_income,Tk mn,2025,4347.58,4347.58,,,native_numeric,0,DATASET_11_BANKS_2025-2015_.xlsx,23,C
mercantile_bank_plc,1,INCOME STATEMENT (BDT million),Net Profit After Tax,net_profit_after_tax,Tk mn,2015,1393.29,1393.29,,,native_numeric,0,DATASET_11_BANKS_2025-2015_.xlsx,24,M
mercantile_bank_plc,1,INCOME STATEMENT (BDT million),Net Profit After Tax,net_profit_after_tax,Tk mn,2016,2227.36,2227.36,,,native_numeric,0,DATASET_11_BANKS_2025-2015_.xlsx,24,L
mercantile_bank_plc,1,INCOME STATEMENT (BDT million),Net Profit After Tax,net_profit_after_tax,Tk mn,2017,3017.73,3017.73,,,native_numeric,0,DATASET_11_BANKS_2025-2015_.xlsx,24,K
mercantile_bank_plc,1,INCOME STATEMENT (BDT million),Net Profit After Tax,net_profit_after_tax,Tk mn,2018,3000.95,3000.95,,,native_numeric,0,DATASET_11_BANKS_2025-2015_.xlsx,24,J
mercantile_bank_plc,1,INCOME STATEMENT (BDT million),Net Profit After Tax,net_profit_after_tax,Tk mn,2019,2175.49,2175.49,,,native_numeric,0,DATASET_11_BANKS_2025-2015_.xlsx,24,I
mercantile_bank_plc,1,INCOME STATEMENT (BDT million),Net Profit After Tax,net_profit_after_tax,Tk mn,2020,2161.32,2161.32,,,native_numeric,0,DATASET_11_BANKS_2025-2015_.xlsx,24,H
mercantile_bank_plc,1,INCOME STATEMENT (BDT million),Net Profit After Tax,net_profit_after_tax,Tk mn,2021,3418.62,3418.62,,,native_numeric,0,DATASET_11_BANKS_2025-2015_.xlsx,24,G
mercantile_bank_plc,1,INCOME STATEMENT (BDT million),Net Profit After Tax,net_profit_after_tax,Tk mn,2022,2202.58,2202.58,,,native_numeric,0,DATASET_11_BANKS_2025-2015_.xlsx,24,F
mercantile_bank_plc,1,INCOME STATEMENT (BDT million),Net Profit After Tax,net_profit_after_tax,Tk mn,2023,2028.61,2028.61,,,native_numeric,0,DATASET_11_BANKS_2025-2015_.xlsx,24,E
mercantile_bank_plc,1,INCOME STATEMENT (BDT million),Net Profit After Tax,net_profit_after_tax,Tk mn,2024,631.22,631.22,,,native_numeric,0,DATASET_11_BANKS_2025-2015_.xlsx,24,D
mercantile_bank_plc,1,INCOME STATEMENT (BDT million),Net Profit After Tax,net_profit_after_tax,Tk mn,2025,1199.87,1199.87,,,native_numeric,0,DATASET_11_BANKS_2025-2015_.xlsx,24,C
mercantile_bank_plc,1,PER-SHARE & PROFITABILITY,EPS,eps,BDT,2015,1.88,1.88,,,native_numeric,0,DATASET_11_BANKS_2025-2015_.xlsx,26,M
mercantile_bank_plc,1,PER-SHARE & PROFITABILITY,EPS,eps,BDT,2016,3.01,3.01,,,native_numeric,0,DATASET_11_BANKS_2025-2015_.xlsx,26,L
mercantile_bank_plc,1,PER-SHARE & PROFITABILITY,EPS,eps,BDT,2017,3.7,3.7,,,native_numeric,0,DATASET_11_BANKS_2025-2015_.xlsx,26,K
mercantile_bank_plc,1,PER-SHARE & PROFITABILITY,EPS,eps,BDT,2018,3.68,3.68,,,native_numeric,0,DATASET_11_BANKS_2025-2015_.xlsx,26,J
mercantile_bank_plc,1,PER-SHARE & PROFITABILITY,EPS,eps,BDT,2019,2.32,2.32,,,native_numeric,0,DATASET_11_BANKS_2025-2015_.xlsx,26,I
mercantile_bank_plc,1,PER-SHARE & PROFITABILITY,EPS,eps,BDT,2020,2.2,2.2,,,native_numeric,0,DATASET_11_BANKS_2025-2015_.xlsx,26,H
mercantile_bank_plc,1,PER-SHARE & PROFITABILITY,EPS,eps,BDT,2021,3.31,3.31,,,native_numeric,0,DATASET_11_BANKS_2025-2015_.xlsx,26,G
mercantile_bank_plc,1,PER-SHARE & PROFITABILITY,EPS,eps,BDT,2022,1.99,1.99,,,native_numeric,0,DATASET_11_BANKS_2025-2015_.xlsx,26,F
mercantile_bank_plc,1,PER-SHARE & PROFITABILITY,EPS,eps,BDT,2023,1.83,1.83,,,native_numeric,0,DATASET_11_BANKS_2025-2015_.xlsx,26,E
mercantile_bank_plc,1,PER-SHARE & PROFITABILITY,EPS,eps,BDT,2024,0.57,0.57,,,native_numeric,0,DATASET_11_BANKS_2025-2015_.xlsx,26,D
mercantile_bank_plc,1,PER-SHARE & PROFITABILITY,EPS,eps,BDT,2025,1.08,1.08,,,native_numeric,0,DATASET_11_BANKS_2025-2015_.xlsx,26,C
mercantile_bank_plc,1,PER-SHARE & PROFITABILITY,ROA %,roa_pct,%,2015,0.0079,0.0079,0.79,fraction,native_numeric,0,DATASET_11_BANKS_2025-2015_.xlsx,27,M
mercantile_bank_plc,1,PER-SHARE & PROFITABILITY,ROA %,roa_pct,%,2016,0.0115,0.0115,1.15,fraction,native_numeric,0,DATASET_11_BANKS_2025-2015_.xlsx,27,L
mercantile_bank_plc,1,PER-SHARE & PROFITABILITY,ROA %,roa_pct,%,2017,0.013,0.013,1.3,fraction,native_numeric,0,DATASET_11_BANKS_2025-2015_.xlsx,27,K
mercantile_bank_plc,1,PER-SHARE & PROFITABILITY,ROA %,roa_pct,%,2018,0.0109,0.0109,1.09,fraction,native_numeric,0,DATASET_11_BANKS_2025-2015_.xlsx,27,J
mercantile_bank_plc,1,PER-SHARE & PROFITABILITY,ROA %,roa_pct,%,2019,0.0078,0.0078,0.7799999999999999,fraction,native_numeric,0,DATASET_11_BANKS_2025-2015_.xlsx,27,I
mercantile_bank_plc,1,PER-SHARE & PROFITABILITY,ROA %,roa_pct,%,2020,0.0073,0.0073,0.73,fraction,native_numeric,0,DATASET_11_BANKS_2025-2015_.xlsx,27,H
mercantile_bank_plc,1,PER-SHARE & PROFITABILITY,ROA %,roa_pct,%,2021,0.0099,0.0099,0.9900000000000001,fraction,native_numeric,0,DATASET_11_BANKS_2025-2015_.xlsx,27,G
mercantile_bank_plc,1,PER-SHARE & PROFITABILITY,ROA %,roa_pct,%,2022,0.0059,0.0059,0.59,fraction,native_numeric,0,DATASET_11_BANKS_2025-2015_.xlsx,27,F
mercantile_bank_plc,1,PER-SHARE & PROFITABILITY,ROA %,roa_pct,%,2023,0.0052,0.0052,0.52,fraction,native_numeric,0,DATASET_11_BANKS_2025-2015_.xlsx,27,E
mercantile_bank_plc,1,PER-SHARE & PROFITABILITY,ROA %,roa_pct,%,2024,0.0015,0.0015,0.15,fraction,native_numeric,0,DATASET_11_BANKS_2025-2015_.xlsx,27,D
mercantile_bank_plc,1,PER-SHARE & PROFITABILITY,ROA %,roa_pct,%,2025,0.0026,0.0026,0.26,fraction,native_numeric,0,DATASET_11_BANKS_2025-2015_.xlsx,27,C
mercantile_bank_plc,1,PER-SHARE & PROFITABILITY,ROE %,roe_pct,%,2015,0.096,0.096,9.6,fraction,native_numeric,0,DATASET_11_BANKS_2025-2015_.xlsx,28,M
mercantile_bank_plc,1,PER-SHARE & PROFITABILITY,ROE %,roe_pct,%,2016,0.1378,0.1378,13.780000000000001,fraction,native_numeric,0,DATASET_11_BANKS_2025-2015_.xlsx,28,L
mercantile_bank_plc,1,PER-SHARE & PROFITABILITY,ROE %,roe_pct,%,2017,0.1755,0.1755,17.549999999999997,fraction,native_numeric,0,DATASET_11_BANKS_2025-2015_.xlsx,28,K
mercantile_bank_plc,1,PER-SHARE & PROFITABILITY,ROE %,roe_pct,%,2018,0.1655,0.1655,16.55,fraction,native_numeric,0,DATASET_11_BANKS_2025-2015_.xlsx,28,J
mercantile_bank_plc,1,PER-SHARE & PROFITABILITY,ROE %,roe_pct,%,2019,0.1099,0.1099,10.99,fraction,native_numeric,0,DATASET_11_BANKS_2025-2015_.xlsx,28,I
mercantile_bank_plc,1,PER-SHARE & PROFITABILITY,ROE %,roe_pct,%,2020,0.1005,0.1005,10.05,fraction,native_numeric,0,DATASET_11_BANKS_2025-2015_.xlsx,28,H
mercantile_bank_plc,1,PER-SHARE & PROFITABILITY,ROE %,roe_pct,%,2021,0.147,0.147,14.7,fraction,native_numeric,0,DATASET_11_BANKS_2025-2015_.xlsx,28,G
mercantile_bank_plc,1,PER-SHARE & PROFITABILITY,ROE %,roe_pct,%,2022,0.0887,0.0887,8.870000000000001,fraction,native_numeric,0,DATASET_11_BANKS_2025-2015_.xlsx,28,F
mercantile_bank_plc,1,PER-SHARE & PROFITABILITY,ROE %,roe_pct,%,2023,0.0792,0.0792,7.920000000000001,fraction,native_numeric,0,DATASET_11_BANKS_2025-2015_.xlsx,28,E
mercantile_bank_plc,1,PER-SHARE & PROFITABILITY,ROE %,roe_pct,%,2024,0.0244,0.0244,2.44,fraction,native_numeric,0,DATASET_11_BANKS_2025-2015_.xlsx,28,D
mercantile_bank_plc,1,PER-SHARE & PROFITABILITY,ROE %,roe_pct,%,2025,0.0459,0.0459,4.590000000000001,fraction,native_numeric,0,DATASET_11_BANKS_2025-2015_.xlsx,28,C
mercantile_bank_plc,1,ASSET QUALITY,Loan-Deposit Ratio %,loan_deposit_ratio_pct,%,2015,0.8158,0.8158,81.58,fraction,native_numeric,0,DATASET_11_BANKS_2025-2015_.xlsx,30,M
mercantile_bank_plc,1,ASSET QUALITY,Loan-Deposit Ratio %,loan_deposit_ratio_pct,%,2016,0.9132,0.9132,91.32000000000001,fraction,native_numeric,0,DATASET_11_BANKS_2025-2015_.xlsx,30,L
mercantile_bank_plc,1,ASSET QUALITY,Loan-Deposit Ratio %,loan_deposit_ratio_pct,%,2017,0.8425,0.8425,84.25,fraction,native_numeric,0,DATASET_11_BANKS_2025-2015_.xlsx,30,K
mercantile_bank_plc,1,ASSET QUALITY,Loan-Deposit Ratio %,loan_deposit_ratio_pct,%,2018,0.863,0.863,86.3,fraction,native_numeric,0,DATASET_11_BANKS_2025-2015_.xlsx,30,J
mercantile_bank_plc,1,ASSET QUALITY,Loan-Deposit Ratio %,loan_deposit_ratio_pct,%,2019,0.841,0.841,84.1,fraction,native_numeric,0,DATASET_11_BANKS_2025-2015_.xlsx,30,I
mercantile_bank_plc,1,ASSET QUALITY,Loan-Deposit Ratio %,loan_deposit_ratio_pct,%,2020,0.843,0.843,84.3,fraction,native_numeric,0,DATASET_11_BANKS_2025-2015_.xlsx,30,H
mercantile_bank_plc,1,ASSET QUALITY,Loan-Deposit Ratio %,loan_deposit_ratio_pct,%,2021,0.8598,0.8598,85.98,fraction,native_numeric,0,DATASET_11_BANKS_2025-2015_.xlsx,30,G
mercantile_bank_plc,1,ASSET QUALITY,Loan-Deposit Ratio %,loan_deposit_ratio_pct,%,2022,0.8682,0.8682,86.82,fraction,native_numeric,0,DATASET_11_BANKS_2025-2015_.xlsx,30,F
mercantile_bank_plc,1,ASSET QUALITY,Loan-Deposit Ratio %,loan_deposit_ratio_pct,%,2023,0.8557,0.8557,85.57000000000001,fraction,native_numeric,0,DATASET_11_BANKS_2025-2015_.xlsx,30,E
mercantile_bank_plc,1,ASSET QUALITY,Loan-Deposit Ratio %,loan_deposit_ratio_pct,%,2024,0.8253,0.8253,82.53,fraction,native_numeric,0,DATASET_11_BANKS_2025-2015_.xlsx,30,D
mercantile_bank_plc,1,ASSET QUALITY,Loan-Deposit Ratio %,loan_deposit_ratio_pct,%,2025,0.7289,0.7289,72.89,fraction,native_numeric,0,DATASET_11_BANKS_2025-2015_.xlsx,30,C
mercantile_bank_plc,1,ASSET QUALITY,NPL % (gross),npl_pct_gross,%,2015,0.0495,0.0495,4.95,fraction,native_numeric,0,DATASET_11_BANKS_2025-2015_.xlsx,31,M
mercantile_bank_plc,1,ASSET QUALITY,NPL % (gross),npl_pct_gross,%,2016,0.0513,0.0513,5.13,fraction,native_numeric,0,DATASET_11_BANKS_2025-2015_.xlsx,31,L
mercantile_bank_plc,1,ASSET QUALITY,NPL % (gross),npl_pct_gross,%,2017,0.0379,0.0379,3.7900000000000005,fraction,native_numeric,0,DATASET_11_BANKS_2025-2015_.xlsx,31,K
mercantile_bank_plc,1,ASSET QUALITY,NPL % (gross),npl_pct_gross,%,2018,0.0482,0.0482,4.82,fraction,native_numeric,0,DATASET_11_BANKS_2025-2015_.xlsx,31,J
mercantile_bank_plc,1,ASSET QUALITY,NPL % (gross),npl_pct_gross,%,2019,0.0486,0.0486,4.859999999999999,fraction,native_numeric,0,DATASET_11_BANKS_2025-2015_.xlsx,31,I
mercantile_bank_plc,1,ASSET QUALITY,NPL % (gross),npl_pct_gross,%,2020,0.0472,0.0472,4.72,fraction,native_numeric,0,DATASET_11_BANKS_2025-2015_.xlsx,31,H
mercantile_bank_plc,1,ASSET QUALITY,NPL % (gross),npl_pct_gross,%,2021,0.0454,0.0454,4.54,fraction,native_numeric,0,DATASET_11_BANKS_2025-2015_.xlsx,31,G
mercantile_bank_plc,1,ASSET QUALITY,NPL % (gross),npl_pct_gross,%,2022,0.0709,0.0709,7.090000000000001,fraction,native_numeric,0,DATASET_11_BANKS_2025-2015_.xlsx,31,F
mercantile_bank_plc,1,ASSET QUALITY,NPL % (gross),npl_pct_gross,%,2023,0.0608,0.0608,6.08,fraction,native_numeric,0,DATASET_11_BANKS_2025-2015_.xlsx,31,E
mercantile_bank_plc,1,ASSET QUALITY,NPL % (gross),npl_pct_gross,%,2024,0.1725,0.1725,17.25,fraction,native_numeric,0,DATASET_11_BANKS_2025-2015_.xlsx,31,D
mercantile_bank_plc,1,ASSET QUALITY,NPL % (gross),npl_pct_gross,%,2025,0.1519,0.1519,15.190000000000001,fraction,native_numeric,0,DATASET_11_BANKS_2025-2015_.xlsx,31,C
mercantile_bank_plc,1,ASSET QUALITY,Provision Coverage %,provision_coverage_pct,%,2015,1.0007,1.0007,100.07,fraction_inferred,native_numeric,0,DATASET_11_BANKS_2025-2015_.xlsx,32,M
mercantile_bank_plc,1,ASSET QUALITY,Provision Coverage %,provision_coverage_pct,%,2016,0.9081,0.9081,90.81,fraction_inferred,native_numeric,0,DATASET_11_BANKS_2025-2015_.xlsx,32,L
mercantile_bank_plc,1,ASSET QUALITY,Provision Coverage %,provision_coverage_pct,%,2017,0.5244,0.5244,52.44,fraction_inferred,native_numeric,0,DATASET_11_BANKS_2025-2015_.xlsx,32,K
mercantile_bank_plc,1,ASSET QUALITY,Provision Coverage %,provision_coverage_pct,%,2018,0.441,0.441,44.1,fraction_inferred,native_numeric,0,DATASET_11_BANKS_2025-2015_.xlsx,32,J
mercantile_bank_plc,1,ASSET QUALITY,Provision Coverage %,provision_coverage_pct,%,2019,0.393,0.393,39.300000000000004,fraction_inferred,native_numeric,0,DATASET_11_BANKS_2025-2015_.xlsx,32,I
mercantile_bank_plc,1,ASSET QUALITY,Provision Coverage %,provision_coverage_pct,%,2020,0.4155,0.4155,41.55,fraction_inferred,native_numeric,0,DATASET_11_BANKS_2025-2015_.xlsx,32,H
mercantile_bank_plc,1,ASSET QUALITY,Provision Coverage %,provision_coverage_pct,%,2021,0.4236,0.4236,42.36,fraction_inferred,native_numeric,0,DATASET_11_BANKS_2025-2015_.xlsx,32,G
mercantile_bank_plc,1,ASSET QUALITY,Provision Coverage %,provision_coverage_pct,%,2022,0.4046,0.4046,40.46,fraction_inferred,native_numeric,0,DATASET_11_BANKS_2025-2015_.xlsx,32,F
mercantile_bank_plc,1,ASSET QUALITY,Provision Coverage %,provision_coverage_pct,%,2023,0.3696,0.3696,36.96,fraction_inferred,native_numeric,0,DATASET_11_BANKS_2025-2015_.xlsx,32,E
mercantile_bank_plc,1,ASSET QUALITY,Provision Coverage %,provision_coverage_pct,%,2024,0.2212,0.2212,22.12,fraction_inferred,native_numeric,0,DATASET_11_BANKS_2025-2015_.xlsx,32,D
mercantile_bank_plc,1,ASSET QUALITY,Provision Coverage %,provision_coverage_pct,%,2025,0.1487,0.1487,14.87,fraction_inferred,native_numeric,0,DATASET_11_BANKS_2025-2015_.xlsx,32,C
mercantile_bank_plc,1,CAPITAL & EFFICIENCY,CRAR % (Group),car_pct,%,2015,0.1187,0.1187,11.87,fraction_inferred,native_numeric,0,DATASET_11_BANKS_2025-2015_.xlsx,34,M
mercantile_bank_plc,1,CAPITAL & EFFICIENCY,CRAR % (Group),car_pct,%,2016,0.1303,0.1303,13.03,fraction_inferred,native_numeric,0,DATASET_11_BANKS_2025-2015_.xlsx,34,L
mercantile_bank_plc,1,CAPITAL & EFFICIENCY,CRAR % (Group),car_pct,%,2017,0.1193,0.1193,11.93,fraction_inferred,native_numeric,0,DATASET_11_BANKS_2025-2015_.xlsx,34,K
mercantile_bank_plc,1,CAPITAL & EFFICIENCY,CRAR % (Group),car_pct,%,2018,0.1328,0.1328,13.28,fraction_inferred,native_numeric,0,DATASET_11_BANKS_2025-2015_.xlsx,34,J
mercantile_bank_plc,1,CAPITAL & EFFICIENCY,CRAR % (Group),car_pct,%,2019,0.1392,0.1392,13.919999999999998,fraction_inferred,native_numeric,0,DATASET_11_BANKS_2025-2015_.xlsx,34,I
mercantile_bank_plc,1,CAPITAL & EFFICIENCY,CRAR % (Group),car_pct,%,2020,0.1361,0.1361,13.61,fraction_inferred,native_numeric,0,DATASET_11_BANKS_2025-2015_.xlsx,34,H
mercantile_bank_plc,1,CAPITAL & EFFICIENCY,CRAR % (Group),car_pct,%,2021,0.1409,0.1409,14.09,fraction_inferred,native_numeric,0,DATASET_11_BANKS_2025-2015_.xlsx,34,G
mercantile_bank_plc,1,CAPITAL & EFFICIENCY,CRAR % (Group),car_pct,%,2022,0.1435,0.1435,14.35,fraction_inferred,native_numeric,0,DATASET_11_BANKS_2025-2015_.xlsx,34,F
mercantile_bank_plc,1,CAPITAL & EFFICIENCY,CRAR % (Group),car_pct,%,2023,0.1479,0.1479,14.790000000000001,fraction_inferred,native_numeric,0,DATASET_11_BANKS_2025-2015_.xlsx,34,E
mercantile_bank_plc,1,CAPITAL & EFFICIENCY,CRAR % (Group),car_pct,%,2024,0.1307,0.1307,13.07,fraction_inferred,native_numeric,0,DATASET_11_BANKS_2025-2015_.xlsx,34,D
mercantile_bank_plc,1,CAPITAL & EFFICIENCY,CRAR % (Group),car_pct,%,2025,0.1252,0.1252,12.520000000000001,fraction_inferred,native_numeric,0,DATASET_11_BANKS_2025-2015_.xlsx,34,C
mercantile_bank_plc,1,CAPITAL & EFFICIENCY,Cost-to-Income Ratio % (Group),cost_income_pct,%,2015,0.5046,0.5046,50.46000000000001,fraction_inferred,native_numeric,0,DATASET_11_BANKS_2025-2015_.xlsx,35,M
mercantile_bank_plc,1,CAPITAL & EFFICIENCY,Cost-to-Income Ratio % (Group),cost_income_pct,%,2016,0.5603,0.5603,56.03,fraction_inferred,native_numeric,0,DATASET_11_BANKS_2025-2015_.xlsx,35,L
mercantile_bank_plc,1,CAPITAL & EFFICIENCY,Cost-to-Income Ratio % (Group),cost_income_pct,%,2017,0.4457,0.4457,44.57,fraction_inferred,native_numeric,0,DATASET_11_BANKS_2025-2015_.xlsx,35,K
mercantile_bank_plc,1,CAPITAL & EFFICIENCY,Cost-to-Income Ratio % (Group),cost_income_pct,%,2018,0.4641,0.4641,46.410000000000004,fraction_inferred,native_numeric,0,DATASET_11_BANKS_2025-2015_.xlsx,35,J
mercantile_bank_plc,1,CAPITAL & EFFICIENCY,Cost-to-Income Ratio % (Group),cost_income_pct,%,2019,0.4417,0.4417,44.17,fraction_inferred,native_numeric,0,DATASET_11_BANKS_2025-2015_.xlsx,35,I
mercantile_bank_plc,1,CAPITAL & EFFICIENCY,Cost-to-Income Ratio % (Group),cost_income_pct,%,2020,0.6256,0.6256,62.56,fraction_inferred,native_numeric,0,DATASET_11_BANKS_2025-2015_.xlsx,35,H
mercantile_bank_plc,1,CAPITAL & EFFICIENCY,Cost-to-Income Ratio % (Group),cost_income_pct,%,2021,0.5431,0.5431,54.31,fraction_inferred,native_numeric,0,DATASET_11_BANKS_2025-2015_.xlsx,35,G
mercantile_bank_plc,1,CAPITAL & EFFICIENCY,Cost-to-Income Ratio % (Group),cost_income_pct,%,2022,0.5352,0.5352,53.52,fraction_inferred,native_numeric,0,DATASET_11_BANKS_2025-2015_.xlsx,35,F
mercantile_bank_plc,1,CAPITAL & EFFICIENCY,Cost-to-Income Ratio % (Group),cost_income_pct,%,2023,0.6065,0.6065,60.650000000000006,fraction_inferred,native_numeric,0,DATASET_11_BANKS_2025-2015_.xlsx,35,E
mercantile_bank_plc,1,CAPITAL & EFFICIENCY,Cost-to-Income Ratio % (Group),cost_income_pct,%,2024,0.6006,0.6006,60.06,fraction_inferred,native_numeric,0,DATASET_11_BANKS_2025-2015_.xlsx,35,D
mercantile_bank_plc,1,CAPITAL & EFFICIENCY,Cost-to-Income Ratio % (Group),cost_income_pct,%,2025,0.5813,0.5813,58.13,fraction_inferred,native_numeric,0,DATASET_11_BANKS_2025-2015_.xlsx,35,C
mercantile_bank_plc,1,DERIVED METRICS,Estimated NPL amount,npl_amount,Tk mn,2015,6250.77,6250.77,,,native_numeric,1,DATASET_11_BANKS_2025-2015_.xlsx,37,M
mercantile_bank_plc,1,DERIVED METRICS,Estimated NPL amount,npl_amount,Tk mn,2016,7745.88,7745.88,,,native_numeric,1,DATASET_11_BANKS_2025-2015_.xlsx,37,L
mercantile_bank_plc,1,DERIVED METRICS,Estimated NPL amount,npl_amount,Tk mn,2017,7564.72,7564.72,,,native_numeric,1,DATASET_11_BANKS_2025-2015_.xlsx,37,K
mercantile_bank_plc,1,DERIVED METRICS,Estimated NPL amount,npl_amount,Tk mn,2018,10802.43,10802.43,,,native_numeric,1,DATASET_11_BANKS_2025-2015_.xlsx,37,J
mercantile_bank_plc,1,DERIVED METRICS,Estimated NPL amount,npl_amount,Tk mn,2019,11502.61,11502.61,,,native_numeric,1,DATASET_11_BANKS_2025-2015_.xlsx,37,I
mercantile_bank_plc,1,DERIVED METRICS,Estimated NPL amount,npl_amount,Tk mn,2020,11751.16,11751.16,,,native_numeric,1,DATASET_11_BANKS_2025-2015_.xlsx,37,H
mercantile_bank_plc,1,DERIVED METRICS,Estimated NPL amount,npl_amount,Tk mn,2021,12112.51,12112.51,,,native_numeric,1,DATASET_11_BANKS_2025-2015_.xlsx,37,G
mercantile_bank_plc,1,DERIVED METRICS,Estimated NPL amount,npl_amount,Tk mn,2022,19928.63,19928.63,,,native_numeric,1,DATASET_11_BANKS_2025-2015_.xlsx,37,F
mercantile_bank_plc,1,DERIVED METRICS,Estimated NPL amount,npl_amount,Tk mn,2023,17313.35,17313.35,,,native_numeric,1,DATASET_11_BANKS_2025-2015_.xlsx,37,E
mercantile_bank_plc,1,DERIVED METRICS,Estimated NPL amount,npl_amount,Tk mn,2024,51761.7,51761.7,,,native_numeric,1,DATASET_11_BANKS_2025-2015_.xlsx,37,D
mercantile_bank_plc,1,DERIVED METRICS,Estimated NPL amount,npl_amount,Tk mn,2025,43420.65,43420.65,,,native_numeric,1,DATASET_11_BANKS_2025-2015_.xlsx,37,C
mercantile_bank_plc,1,DERIVED METRICS,NPL / Total Assets %,npl_to_assets_pct,%,2015,0.0342,0.0342,3.42,fraction,native_numeric,0,DATASET_11_BANKS_2025-2015_.xlsx,38,M
mercantile_bank_plc,1,DERIVED METRICS,NPL / Total Assets %,npl_to_assets_pct,%,2016,0.0379,0.0379,3.7900000000000005,fraction,native_numeric,0,DATASET_11_BANKS_2025-2015_.xlsx,38,L
mercantile_bank_plc,1,DERIVED METRICS,NPL / Total Assets %,npl_to_assets_pct,%,2017,0.0291,0.0291,2.91,fraction,native_numeric,0,DATASET_11_BANKS_2025-2015_.xlsx,38,K
mercantile_bank_plc,1,DERIVED METRICS,NPL / Total Assets %,npl_to_assets_pct,%,2018,0.0371,0.0371,3.71,fraction,native_numeric,0,DATASET_11_BANKS_2025-2015_.xlsx,38,J
mercantile_bank_plc,1,DERIVED METRICS,NPL / Total Assets %,npl_to_assets_pct,%,2019,0.0364,0.0364,3.64,fraction,native_numeric,0,DATASET_11_BANKS_2025-2015_.xlsx,38,I
mercantile_bank_plc,1,DERIVED METRICS,NPL / Total Assets %,npl_to_assets_pct,%,2020,0.0355,0.0355,3.55,fraction,native_numeric,0,DATASET_11_BANKS_2025-2015_.xlsx,38,H
mercantile_bank_plc,1,DERIVED METRICS,NPL / Total Assets %,npl_to_assets_pct,%,2021,0.0337,0.0337,3.37,fraction,native_numeric,0,DATASET_11_BANKS_2025-2015_.xlsx,38,G
mercantile_bank_plc,1,DERIVED METRICS,NPL / Total Assets %,npl_to_assets_pct,%,2022,0.0521,0.0521,5.21,fraction,native_numeric,0,DATASET_11_BANKS_2025-2015_.xlsx,38,F
mercantile_bank_plc,1,DERIVED METRICS,NPL / Total Assets %,npl_to_assets_pct,%,2023,0.0431,0.0431,4.31,fraction,native_numeric,0,DATASET_11_BANKS_2025-2015_.xlsx,38,E
mercantile_bank_plc,1,DERIVED METRICS,NPL / Total Assets %,npl_to_assets_pct,%,2024,0.1164,0.1164,11.64,fraction,native_numeric,0,DATASET_11_BANKS_2025-2015_.xlsx,38,D
mercantile_bank_plc,1,DERIVED METRICS,NPL / Total Assets %,npl_to_assets_pct,%,2025,0.0909,0.0909,9.09,fraction,native_numeric,0,DATASET_11_BANKS_2025-2015_.xlsx,38,C
mercantile_bank_plc,1,DERIVED METRICS,YoY NPAT growth %,yoy_npat_growth_pct,%,2015,0.1723,0.1723,17.23,fraction,native_numeric,0,DATASET_11_BANKS_2025-2015_.xlsx,39,M
mercantile_bank_plc,1,DERIVED METRICS,YoY NPAT growth %,yoy_npat_growth_pct,%,2016,0.5987,0.5987,59.870000000000005,fraction,native_numeric,0,DATASET_11_BANKS_2025-2015_.xlsx,39,L
mercantile_bank_plc,1,DERIVED METRICS,YoY NPAT growth %,yoy_npat_growth_pct,%,2017,N/A,,,fraction,missing_marker,0,DATASET_11_BANKS_2025-2015_.xlsx,39,K
mercantile_bank_plc,1,DERIVED METRICS,YoY NPAT growth %,yoy_npat_growth_pct,%,2018,-0.0056,-0.0056,-0.5599999999999999,fraction,native_numeric,0,DATASET_11_BANKS_2025-2015_.xlsx,39,J
mercantile_bank_plc,1,DERIVED METRICS,YoY NPAT growth %,yoy_npat_growth_pct,%,2019,-0.2751,-0.2751,-27.51,fraction,native_numeric,0,DATASET_11_BANKS_2025-2015_.xlsx,39,I
mercantile_bank_plc,1,DERIVED METRICS,YoY NPAT growth %,yoy_npat_growth_pct,%,2020,-0.0065,-0.0065,-0.65,fraction,native_numeric,0,DATASET_11_BANKS_2025-2015_.xlsx,39,H
mercantile_bank_plc,1,DERIVED METRICS,YoY NPAT growth %,yoy_npat_growth_pct,%,2021,0.5818,0.5818,58.18,fraction,native_numeric,0,DATASET_11_BANKS_2025-2015_.xlsx,39,G
mercantile_bank_plc,1,DERIVED METRICS,YoY NPAT growth %,yoy_npat_growth_pct,%,2022,-0.3557,-0.3557,-35.57,fraction,native_numeric,0,DATASET_11_BANKS_2025-2015_.xlsx,39,F
mercantile_bank_plc,1,DERIVED METRICS,YoY NPAT growth %,yoy_npat_growth_pct,%,2023,-0.079,-0.079,-7.9,fraction,native_numeric,0,DATASET_11_BANKS_2025-2015_.xlsx,39,E
mercantile_bank_plc,1,DERIVED METRICS,YoY NPAT growth %,yoy_npat_growth_pct,%,2024,-0.6888,-0.6888,-68.88,fraction,native_numeric,0,DATASET_11_BANKS_2025-2015_.xlsx,39,D
mercantile_bank_plc,1,DERIVED METRICS,YoY NPAT growth %,yoy_npat_growth_pct,%,2025,0.9009,0.9009,90.09,fraction,native_numeric,0,DATASET_11_BANKS_2025-2015_.xlsx,39,C
mercantile_bank_plc,1,DERIVED METRICS,YoY Equity growth %,yoy_equity_growth_pct,%,2015,0.1475,0.1475,14.75,fraction,native_numeric,0,DATASET_11_BANKS_2025-2015_.xlsx,40,M
mercantile_bank_plc,1,DERIVED METRICS,YoY Equity growth %,yoy_equity_growth_pct,%,2016,0.0835,0.0835,8.35,fraction,native_numeric,0,DATASET_11_BANKS_2025-2015_.xlsx,40,L
mercantile_bank_plc,1,DERIVED METRICS,YoY Equity growth %,yoy_equity_growth_pct,%,2017,N/A,,,fraction,missing_marker,0,DATASET_11_BANKS_2025-2015_.xlsx,40,K
mercantile_bank_plc,1,DERIVED METRICS,YoY Equity growth %,yoy_equity_growth_pct,%,2018,0.0625,0.0625,6.25,fraction,native_numeric,0,DATASET_11_BANKS_2025-2015_.xlsx,40,J
mercantile_bank_plc,1,DERIVED METRICS,YoY Equity growth %,yoy_equity_growth_pct,%,2019,0.1191,0.1191,11.91,fraction,native_numeric,0,DATASET_11_BANKS_2025-2015_.xlsx,40,I
mercantile_bank_plc,1,DERIVED METRICS,YoY Equity growth %,yoy_equity_growth_pct,%,2020,0.0571,0.0571,5.71,fraction,native_numeric,0,DATASET_11_BANKS_2025-2015_.xlsx,40,H
mercantile_bank_plc,1,DERIVED METRICS,YoY Equity growth %,yoy_equity_growth_pct,%,2021,0.1042,0.1042,10.42,fraction,native_numeric,0,DATASET_11_BANKS_2025-2015_.xlsx,40,G
mercantile_bank_plc,1,DERIVED METRICS,YoY Equity growth %,yoy_equity_growth_pct,%,2022,0.0357,0.0357,3.5700000000000003,fraction,native_numeric,0,DATASET_11_BANKS_2025-2015_.xlsx,40,F
mercantile_bank_plc,1,DERIVED METRICS,YoY Equity growth %,yoy_equity_growth_pct,%,2023,0.0281,0.0281,2.81,fraction,native_numeric,0,DATASET_11_BANKS_2025-2015_.xlsx,40,E
mercantile_bank_plc,1,DERIVED METRICS,YoY Equity growth %,yoy_equity_growth_pct,%,2024,-0.0067,-0.0067,-0.67,fraction,native_numeric,0,DATASET_11_BANKS_2025-2015_.xlsx,40,D
mercantile_bank_plc,1,DERIVED METRICS,YoY Equity growth %,yoy_equity_growth_pct,%,2025,0.0254,0.0254,2.54,fraction,native_numeric,0,DATASET_11_BANKS_2025-2015_.xlsx,40,C
mutual_trust_bank_plc,1,BALANCE SHEET,Total Assets,total_assets,Tk mn,2015,189563.0,189563.0,,,native_numeric,0,DATASET_11_BANKS_2025-2015_.xlsx,17,M
mutual_trust_bank_plc,1,BALANCE SHEET,Total Assets,total_assets,Tk mn,2016,"165,370†",165370.0,,,recovered_from_text,0,DATASET_11_BANKS_2025-2015_.xlsx,17,L
mutual_trust_bank_plc,1,BALANCE SHEET,Total Assets,total_assets,Tk mn,2017,253068.0,253068.0,,,native_numeric,0,DATASET_11_BANKS_2025-2015_.xlsx,17,K
mutual_trust_bank_plc,1,BALANCE SHEET,Total Assets,total_assets,Tk mn,2018,282451.0,282451.0,,,native_numeric,0,DATASET_11_BANKS_2025-2015_.xlsx,17,J
mutual_trust_bank_plc,1,BALANCE SHEET,Total Assets,total_assets,Tk mn,2019,335163.0,335163.0,,,native_numeric,0,DATASET_11_BANKS_2025-2015_.xlsx,17,I
mutual_trust_bank_plc,1,BALANCE SHEET,Total Assets,total_assets,Tk mn,2020,336936.0,336936.0,,,native_numeric,0,DATASET_11_BANKS_2025-2015_.xlsx,17,H
mutual_trust_bank_plc,1,BALANCE SHEET,Total Assets,total_assets,Tk mn,2021,306501.0,306501.0,,,native_numeric,0,DATASET_11_BANKS_2025-2015_.xlsx,17,G
mutual_trust_bank_plc,1,BALANCE SHEET,Total Assets,total_assets,Tk mn,2022,353644.0,353644.0,,,native_numeric,0,DATASET_11_BANKS_2025-2015_.xlsx,17,F
mutual_trust_bank_plc,1,BALANCE SHEET,Total Assets,total_assets,Tk mn,2023,366606.0,366606.0,,,native_numeric,0,DATASET_11_BANKS_2025-2015_.xlsx,17,E
mutual_trust_bank_plc,1,BALANCE SHEET,Total Assets,total_assets,Tk mn,2024,457204.0,457204.0,,,native_numeric,0,DATASET_11_BANKS_2025-2015_.xlsx,17,D
mutual_trust_bank_plc,1,BALANCE SHEET,Total Assets,total_assets,Tk mn,2025,505192.0,505192.0,,,native_numeric,0,DATASET_11_BANKS_2025-2015_.xlsx,17,C
mutual_trust_bank_plc,1,BALANCE SHEET,Loans & Advances,loans_advances_gross,Tk mn,2015,130226.0,130226.0,,,native_numeric,0,DATASET_11_BANKS_2025-2015_.xlsx,18,M
mutual_trust_bank_plc,1,BALANCE SHEET,Loans & Advances,loans_advances_gross,Tk mn,2016,"114,356†",114356.0,,,recovered_from_text,0,DATASET_11_BANKS_2025-2015_.xlsx,18,L
mutual_trust_bank_plc,1,BALANCE SHEET,Loans & Advances,loans_advances_gross,Tk mn,2017,184027.0,184027.0,,,native_numeric,0,DATASET_11_BANKS_2025-2015_.xlsx,18,K
mutual_trust_bank_plc,1,BALANCE SHEET,Loans & Advances,loans_advances_gross,Tk mn,2018,209306.0,209306.0,,,native_numeric,0,DATASET_11_BANKS_2025-2015_.xlsx,18,J
mutual_trust_bank_plc,1,BALANCE SHEET,Loans & Advances,loans_advances_gross,Tk mn,2019,232051.0,232051.0,,,native_numeric,0,DATASET_11_BANKS_2025-2015_.xlsx,18,I
mutual_trust_bank_plc,1,BALANCE SHEET,Loans & Advances,loans_advances_gross,Tk mn,2020,228944.0,228944.0,,,native_numeric,0,DATASET_11_BANKS_2025-2015_.xlsx,18,H
mutual_trust_bank_plc,1,BALANCE SHEET,Loans & Advances,loans_advances_gross,Tk mn,2021,226012.0,226012.0,,,native_numeric,0,DATASET_11_BANKS_2025-2015_.xlsx,18,G
mutual_trust_bank_plc,1,BALANCE SHEET,Loans & Advances,loans_advances_gross,Tk mn,2022,253836.0,253836.0,,,native_numeric,0,DATASET_11_BANKS_2025-2015_.xlsx,18,F
mutual_trust_bank_plc,1,BALANCE SHEET,Loans & Advances,loans_advances_gross,Tk mn,2023,261023.0,261023.0,,,native_numeric,0,DATASET_11_BANKS_2025-2015_.xlsx,18,E
mutual_trust_bank_plc,1,BALANCE SHEET,Loans & Advances,loans_advances_gross,Tk mn,2024,300780.0,300780.0,,,native_numeric,0,DATASET_11_BANKS_2025-2015_.xlsx,18,D
mutual_trust_bank_plc,1,BALANCE SHEET,Loans & Advances,loans_advances_gross,Tk mn,2025,319105.0,319105.0,,,native_numeric,0,DATASET_11_BANKS_2025-2015_.xlsx,18,C
mutual_trust_bank_plc,1,BALANCE SHEET,Total Deposits,total_deposits,Tk mn,2015,127990.0,127990.0,,,native_numeric,0,DATASET_11_BANKS_2025-2015_.xlsx,19,M
mutual_trust_bank_plc,1,BALANCE SHEET,Total Deposits,total_deposits,Tk mn,2016,"131,272†",131272.0,,,recovered_from_text,0,DATASET_11_BANKS_2025-2015_.xlsx,19,L
mutual_trust_bank_plc,1,BALANCE SHEET,Total Deposits,total_deposits,Tk mn,2017,167348.0,167348.0,,,native_numeric,0,DATASET_11_BANKS_2025-2015_.xlsx,19,K
mutual_trust_bank_plc,1,BALANCE SHEET,Total Deposits,total_deposits,Tk mn,2018,199629.0,199629.0,,,native_numeric,0,DATASET_11_BANKS_2025-2015_.xlsx,19,J
mutual_trust_bank_plc,1,BALANCE SHEET,Total Deposits,total_deposits,Tk mn,2019,240164.0,240164.0,,,native_numeric,0,DATASET_11_BANKS_2025-2015_.xlsx,19,I
mutual_trust_bank_plc,1,BALANCE SHEET,Total Deposits,total_deposits,Tk mn,2020,242358.0,242358.0,,,native_numeric,0,DATASET_11_BANKS_2025-2015_.xlsx,19,H
mutual_trust_bank_plc,1,BALANCE SHEET,Total Deposits,total_deposits,Tk mn,2021,211782.0,211782.0,,,native_numeric,0,DATASET_11_BANKS_2025-2015_.xlsx,19,G
mutual_trust_bank_plc,1,BALANCE SHEET,Total Deposits,total_deposits,Tk mn,2022,232657.0,232657.0,,,native_numeric,0,DATASET_11_BANKS_2025-2015_.xlsx,19,F
mutual_trust_bank_plc,1,BALANCE SHEET,Total Deposits,total_deposits,Tk mn,2023,262584.0,262584.0,,,native_numeric,0,DATASET_11_BANKS_2025-2015_.xlsx,19,E
mutual_trust_bank_plc,1,BALANCE SHEET,Total Deposits,total_deposits,Tk mn,2024,328837.0,328837.0,,,native_numeric,0,DATASET_11_BANKS_2025-2015_.xlsx,19,D
mutual_trust_bank_plc,1,BALANCE SHEET,Total Deposits,total_deposits,Tk mn,2025,364086.0,364086.0,,,native_numeric,0,DATASET_11_BANKS_2025-2015_.xlsx,19,C
mutual_trust_bank_plc,1,BALANCE SHEET,Shareholders' Equity,shareholders_equity,Tk mn,2015,20496.0,20496.0,,,native_numeric,0,DATASET_11_BANKS_2025-2015_.xlsx,20,M
mutual_trust_bank_plc,1,BALANCE SHEET,Shareholders' Equity,shareholders_equity,Tk mn,2016,N/A,,,,missing_marker,0,DATASET_11_BANKS_2025-2015_.xlsx,20,L
mutual_trust_bank_plc,1,BALANCE SHEET,Shareholders' Equity,shareholders_equity,Tk mn,2017,21586.0,21586.0,,,native_numeric,0,DATASET_11_BANKS_2025-2015_.xlsx,20,K
mutual_trust_bank_plc,1,BALANCE SHEET,Shareholders' Equity,shareholders_equity,Tk mn,2018,22966.0,22966.0,,,native_numeric,0,DATASET_11_BANKS_2025-2015_.xlsx,20,J
mutual_trust_bank_plc,1,BALANCE SHEET,Shareholders' Equity,shareholders_equity,Tk mn,2019,25567.0,25567.0,,,native_numeric,0,DATASET_11_BANKS_2025-2015_.xlsx,20,I
mutual_trust_bank_plc,1,BALANCE SHEET,Shareholders' Equity,shareholders_equity,Tk mn,2020,28976.0,28976.0,,,native_numeric,0,DATASET_11_BANKS_2025-2015_.xlsx,20,H
mutual_trust_bank_plc,1,BALANCE SHEET,Shareholders' Equity,shareholders_equity,Tk mn,2021,19655.0,19655.0,,,native_numeric,0,DATASET_11_BANKS_2025-2015_.xlsx,20,G
mutual_trust_bank_plc,1,BALANCE SHEET,Shareholders' Equity,shareholders_equity,Tk mn,2022,21331.0,21331.0,,,native_numeric,0,DATASET_11_BANKS_2025-2015_.xlsx,20,F
mutual_trust_bank_plc,1,BALANCE SHEET,Shareholders' Equity,shareholders_equity,Tk mn,2023,24106.0,24106.0,,,native_numeric,0,DATASET_11_BANKS_2025-2015_.xlsx,20,E
mutual_trust_bank_plc,1,BALANCE SHEET,Shareholders' Equity,shareholders_equity,Tk mn,2024,25505.0,25505.0,,,native_numeric,0,DATASET_11_BANKS_2025-2015_.xlsx,20,D
mutual_trust_bank_plc,1,BALANCE SHEET,Shareholders' Equity,shareholders_equity,Tk mn,2025,30403.0,30403.0,,,native_numeric,0,DATASET_11_BANKS_2025-2015_.xlsx,20,C
mutual_trust_bank_plc,1,INCOME STATEMENT,Net Interest Income,net_interest_income,Tk mn,2015,3545.0,3545.0,,,native_numeric,0,DATASET_11_BANKS_2025-2015_.xlsx,22,M
mutual_trust_bank_plc,1,INCOME STATEMENT,Net Interest Income,net_interest_income,Tk mn,2016,N/A,,,,missing_marker,0,DATASET_11_BANKS_2025-2015_.xlsx,22,L
mutual_trust_bank_plc,1,INCOME STATEMENT,Net Interest Income,net_interest_income,Tk mn,2017,5745.0,5745.0,,,native_numeric,0,DATASET_11_BANKS_2025-2015_.xlsx,22,K
mutual_trust_bank_plc,1,INCOME STATEMENT,Net Interest Income,net_interest_income,Tk mn,2018,7506.0,7506.0,,,native_numeric,0,DATASET_11_BANKS_2025-2015_.xlsx,22,J
mutual_trust_bank_plc,1,INCOME STATEMENT,Net Interest Income,net_interest_income,Tk mn,2019,8159.0,8159.0,,,native_numeric,0,DATASET_11_BANKS_2025-2015_.xlsx,22,I
mutual_trust_bank_plc,1,INCOME STATEMENT,Net Interest Income,net_interest_income,Tk mn,2020,5930.0,5930.0,,,native_numeric,0,DATASET_11_BANKS_2025-2015_.xlsx,22,H
mutual_trust_bank_plc,1,INCOME STATEMENT,Net Interest Income,net_interest_income,Tk mn,2021,5747.0,5747.0,,,native_numeric,0,DATASET_11_BANKS_2025-2015_.xlsx,22,G
mutual_trust_bank_plc,1,INCOME STATEMENT,Net Interest Income,net_interest_income,Tk mn,2022,3867.0,3867.0,,,native_numeric,0,DATASET_11_BANKS_2025-2015_.xlsx,22,F
mutual_trust_bank_plc,1,INCOME STATEMENT,Net Interest Income,net_interest_income,Tk mn,2023,7253.0,7253.0,,,native_numeric,0,DATASET_11_BANKS_2025-2015_.xlsx,22,E
mutual_trust_bank_plc,1,INCOME STATEMENT,Net Interest Income,net_interest_income,Tk mn,2024,8065.0,8065.0,,,native_numeric,0,DATASET_11_BANKS_2025-2015_.xlsx,22,D
mutual_trust_bank_plc,1,INCOME STATEMENT,Net Interest Income,net_interest_income,Tk mn,2025,2848.0,2848.0,,,native_numeric,0,DATASET_11_BANKS_2025-2015_.xlsx,22,C
mutual_trust_bank_plc,1,INCOME STATEMENT,Non-Interest Income,non_interest_income,Tk mn,2015,6542.0,6542.0,,,native_numeric,0,DATASET_11_BANKS_2025-2015_.xlsx,23,M
mutual_trust_bank_plc,1,INCOME STATEMENT,Non-Interest Income,non_interest_income,Tk mn,2016,N/A,,,,missing_marker,0,DATASET_11_BANKS_2025-2015_.xlsx,23,L
mutual_trust_bank_plc,1,INCOME STATEMENT,Non-Interest Income,non_interest_income,Tk mn,2017,6656.0,6656.0,,,native_numeric,0,DATASET_11_BANKS_2025-2015_.xlsx,23,K
mutual_trust_bank_plc,1,INCOME STATEMENT,Non-Interest Income,non_interest_income,Tk mn,2018,5633.0,5633.0,,,native_numeric,0,DATASET_11_BANKS_2025-2015_.xlsx,23,J
mutual_trust_bank_plc,1,INCOME STATEMENT,Non-Interest Income,non_interest_income,Tk mn,2019,6439.0,6439.0,,,native_numeric,0,DATASET_11_BANKS_2025-2015_.xlsx,23,I
mutual_trust_bank_plc,1,INCOME STATEMENT,Non-Interest Income,non_interest_income,Tk mn,2020,8204.0,8204.0,,,native_numeric,0,DATASET_11_BANKS_2025-2015_.xlsx,23,H
mutual_trust_bank_plc,1,INCOME STATEMENT,Non-Interest Income,non_interest_income,Tk mn,2021,7057.0,7057.0,,,native_numeric,0,DATASET_11_BANKS_2025-2015_.xlsx,23,G
mutual_trust_bank_plc,1,INCOME STATEMENT,Non-Interest Income,non_interest_income,Tk mn,2022,12235.0,12235.0,,,native_numeric,0,DATASET_11_BANKS_2025-2015_.xlsx,23,F
mutual_trust_bank_plc,1,INCOME STATEMENT,Non-Interest Income,non_interest_income,Tk mn,2023,10233.0,10233.0,,,native_numeric,0,DATASET_11_BANKS_2025-2015_.xlsx,23,E
mutual_trust_bank_plc,1,INCOME STATEMENT,Non-Interest Income,non_interest_income,Tk mn,2024,14444.0,14444.0,,,native_numeric,0,DATASET_11_BANKS_2025-2015_.xlsx,23,D
mutual_trust_bank_plc,1,INCOME STATEMENT,Non-Interest Income,non_interest_income,Tk mn,2025,19647.0,19647.0,,,native_numeric,0,DATASET_11_BANKS_2025-2015_.xlsx,23,C
mutual_trust_bank_plc,1,INCOME STATEMENT,Net Profit After Tax,net_profit_after_tax,Tk mn,2015,2221.0,2221.0,,,native_numeric,0,DATASET_11_BANKS_2025-2015_.xlsx,24,M
mutual_trust_bank_plc,1,INCOME STATEMENT,Net Profit After Tax,net_profit_after_tax,Tk mn,2016,1464.0,1464.0,,,native_numeric,0,DATASET_11_BANKS_2025-2015_.xlsx,24,L
mutual_trust_bank_plc,1,INCOME STATEMENT,Net Profit After Tax,net_profit_after_tax,Tk mn,2017,2405.0,2405.0,,,native_numeric,0,DATASET_11_BANKS_2025-2015_.xlsx,24,K
mutual_trust_bank_plc,1,INCOME STATEMENT,Net Profit After Tax,net_profit_after_tax,Tk mn,2018,3081.0,3081.0,,,native_numeric,0,DATASET_11_BANKS_2025-2015_.xlsx,24,J
mutual_trust_bank_plc,1,INCOME STATEMENT,Net Profit After Tax,net_profit_after_tax,Tk mn,2019,4008.0,4008.0,,,native_numeric,0,DATASET_11_BANKS_2025-2015_.xlsx,24,I
mutual_trust_bank_plc,1,INCOME STATEMENT,Net Profit After Tax,net_profit_after_tax,Tk mn,2020,4103.0,4103.0,,,native_numeric,0,DATASET_11_BANKS_2025-2015_.xlsx,24,H
mutual_trust_bank_plc,1,INCOME STATEMENT,Net Profit After Tax,net_profit_after_tax,Tk mn,2021,2973.0,2973.0,,,native_numeric,0,DATASET_11_BANKS_2025-2015_.xlsx,24,G
mutual_trust_bank_plc,1,INCOME STATEMENT,Net Profit After Tax,net_profit_after_tax,Tk mn,2022,2369.0,2369.0,,,native_numeric,0,DATASET_11_BANKS_2025-2015_.xlsx,24,F
mutual_trust_bank_plc,1,INCOME STATEMENT,Net Profit After Tax,net_profit_after_tax,Tk mn,2023,2860.0,2860.0,,,native_numeric,0,DATASET_11_BANKS_2025-2015_.xlsx,24,E
mutual_trust_bank_plc,1,INCOME STATEMENT,Net Profit After Tax,net_profit_after_tax,Tk mn,2024,3167.0,3167.0,,,native_numeric,0,DATASET_11_BANKS_2025-2015_.xlsx,24,D
mutual_trust_bank_plc,1,INCOME STATEMENT,Net Profit After Tax,net_profit_after_tax,Tk mn,2025,3393.0,3393.0,,,native_numeric,0,DATASET_11_BANKS_2025-2015_.xlsx,24,C
mutual_trust_bank_plc,1,PER-SHARE & PROFITABILITY,EPS,eps,BDT,2015,3.63,3.63,,,native_numeric,0,DATASET_11_BANKS_2025-2015_.xlsx,26,M
mutual_trust_bank_plc,1,PER-SHARE & PROFITABILITY,EPS,eps,BDT,2016,3.3,3.3,,,native_numeric,0,DATASET_11_BANKS_2025-2015_.xlsx,26,L
mutual_trust_bank_plc,1,PER-SHARE & PROFITABILITY,EPS,eps,BDT,2017,3.26,3.26,,,native_numeric,0,DATASET_11_BANKS_2025-2015_.xlsx,26,K
mutual_trust_bank_plc,1,PER-SHARE & PROFITABILITY,EPS,eps,BDT,2018,4.17,4.17,,,native_numeric,0,DATASET_11_BANKS_2025-2015_.xlsx,26,J
mutual_trust_bank_plc,1,PER-SHARE & PROFITABILITY,EPS,eps,BDT,2019,4.94,4.94,,,native_numeric,0,DATASET_11_BANKS_2025-2015_.xlsx,26,I
mutual_trust_bank_plc,1,PER-SHARE & PROFITABILITY,EPS,eps,BDT,2020,5.05,5.05,,,native_numeric,0,DATASET_11_BANKS_2025-2015_.xlsx,26,H
mutual_trust_bank_plc,1,PER-SHARE & PROFITABILITY,EPS,eps,BDT,2021,3.66,3.66,,,native_numeric,0,DATASET_11_BANKS_2025-2015_.xlsx,26,G
mutual_trust_bank_plc,1,PER-SHARE & PROFITABILITY,EPS,eps,BDT,2022,2.65,2.65,,,native_numeric,0,DATASET_11_BANKS_2025-2015_.xlsx,26,F
mutual_trust_bank_plc,1,PER-SHARE & PROFITABILITY,EPS,eps,BDT,2023,2.91,2.91,,,native_numeric,0,DATASET_11_BANKS_2025-2015_.xlsx,26,E
mutual_trust_bank_plc,1,PER-SHARE & PROFITABILITY,EPS,eps,BDT,2024,3.22,3.22,,,native_numeric,0,DATASET_11_BANKS_2025-2015_.xlsx,26,D
mutual_trust_bank_plc,1,PER-SHARE & PROFITABILITY,EPS,eps,BDT,2025,3.14,3.14,,,native_numeric,0,DATASET_11_BANKS_2025-2015_.xlsx,26,C
mutual_trust_bank_plc,1,PER-SHARE & PROFITABILITY,ROA %,roa_pct,%,2015,0.0123,0.0123,1.23,fraction,native_numeric,0,DATASET_11_BANKS_2025-2015_.xlsx,27,M
mutual_trust_bank_plc,1,PER-SHARE & PROFITABILITY,ROA %,roa_pct,%,2016,N/A,,,fraction,missing_marker,0,DATASET_11_BANKS_2025-2015_.xlsx,27,L
mutual_trust_bank_plc,1,PER-SHARE & PROFITABILITY,ROA %,roa_pct,%,2017,0.0104,0.0104,1.04,fraction,native_numeric,0,DATASET_11_BANKS_2025-2015_.xlsx,27,K
mutual_trust_bank_plc,1,PER-SHARE & PROFITABILITY,ROA %,roa_pct,%,2018,0.0115,0.0115,1.15,fraction,native_numeric,0,DATASET_11_BANKS_2025-2015_.xlsx,27,J
mutual_trust_bank_plc,1,PER-SHARE & PROFITABILITY,ROA %,roa_pct,%,2019,0.013,0.013,1.3,fraction,native_numeric,0,DATASET_11_BANKS_2025-2015_.xlsx,27,I
mutual_trust_bank_plc,1,PER-SHARE & PROFITABILITY,ROA %,roa_pct,%,2020,0.0122,0.0122,1.22,fraction,native_numeric,0,DATASET_11_BANKS_2025-2015_.xlsx,27,H
mutual_trust_bank_plc,1,PER-SHARE & PROFITABILITY,ROA %,roa_pct,%,2021,0.0103,0.0103,1.03,fraction,native_numeric,0,DATASET_11_BANKS_2025-2015_.xlsx,27,G
mutual_trust_bank_plc,1,PER-SHARE & PROFITABILITY,ROA %,roa_pct,%,2022,0.0072,0.0072,0.72,fraction,native_numeric,0,DATASET_11_BANKS_2025-2015_.xlsx,27,F
mutual_trust_bank_plc,1,PER-SHARE & PROFITABILITY,ROA %,roa_pct,%,2023,0.0079,0.0079,0.79,fraction,native_numeric,0,DATASET_11_BANKS_2025-2015_.xlsx,27,E
mutual_trust_bank_plc,1,PER-SHARE & PROFITABILITY,ROA %,roa_pct,%,2024,0.0077,0.0077,0.77,fraction,native_numeric,0,DATASET_11_BANKS_2025-2015_.xlsx,27,D
mutual_trust_bank_plc,1,PER-SHARE & PROFITABILITY,ROA %,roa_pct,%,2025,0.0071,0.0071,0.7100000000000001,fraction,native_numeric,0,DATASET_11_BANKS_2025-2015_.xlsx,27,C
mutual_trust_bank_plc,1,PER-SHARE & PROFITABILITY,ROE %,roe_pct,%,2015,0.1095,0.1095,10.95,fraction,native_numeric,0,DATASET_11_BANKS_2025-2015_.xlsx,28,M
mutual_trust_bank_plc,1,PER-SHARE & PROFITABILITY,ROE %,roe_pct,%,2016,0.1561,0.1561,15.61,fraction,native_numeric,0,DATASET_11_BANKS_2025-2015_.xlsx,28,L
mutual_trust_bank_plc,1,PER-SHARE & PROFITABILITY,ROE %,roe_pct,%,2017,0.1141,0.1141,11.41,fraction,native_numeric,0,DATASET_11_BANKS_2025-2015_.xlsx,28,K
mutual_trust_bank_plc,1,PER-SHARE & PROFITABILITY,ROE %,roe_pct,%,2018,0.1383,0.1383,13.83,fraction,native_numeric,0,DATASET_11_BANKS_2025-2015_.xlsx,28,J
mutual_trust_bank_plc,1,PER-SHARE & PROFITABILITY,ROE %,roe_pct,%,2019,0.1652,0.1652,16.520000000000003,fraction,native_numeric,0,DATASET_11_BANKS_2025-2015_.xlsx,28,I
mutual_trust_bank_plc,1,PER-SHARE & PROFITABILITY,ROE %,roe_pct,%,2020,0.1504,0.1504,15.040000000000001,fraction,native_numeric,0,DATASET_11_BANKS_2025-2015_.xlsx,28,H
mutual_trust_bank_plc,1,PER-SHARE & PROFITABILITY,ROE %,roe_pct,%,2021,0.1622,0.1622,16.220000000000002,fraction,native_numeric,0,DATASET_11_BANKS_2025-2015_.xlsx,28,G
mutual_trust_bank_plc,1,PER-SHARE & PROFITABILITY,ROE %,roe_pct,%,2022,0.1156,0.1156,11.559999999999999,fraction,native_numeric,0,DATASET_11_BANKS_2025-2015_.xlsx,28,F
mutual_trust_bank_plc,1,PER-SHARE & PROFITABILITY,ROE %,roe_pct,%,2023,0.1259,0.1259,12.590000000000002,fraction,native_numeric,0,DATASET_11_BANKS_2025-2015_.xlsx,28,E
mutual_trust_bank_plc,1,PER-SHARE & PROFITABILITY,ROE %,roe_pct,%,2024,0.1277,0.1277,12.770000000000001,fraction,native_numeric,0,DATASET_11_BANKS_2025-2015_.xlsx,28,D
mutual_trust_bank_plc,1,PER-SHARE & PROFITABILITY,ROE %,roe_pct,%,2025,0.1214,0.1214,12.139999999999999,fraction,native_numeric,0,DATASET_11_BANKS_2025-2015_.xlsx,28,C
mutual_trust_bank_plc,1,ASSET QUALITY,Loan-Deposit Ratio %,loan_deposit_ratio_pct,%,2015,0.8787,0.8787,87.87,fraction,native_numeric,0,DATASET_11_BANKS_2025-2015_.xlsx,30,M
mutual_trust_bank_plc,1,ASSET QUALITY,Loan-Deposit Ratio %,loan_deposit_ratio_pct,%,2016,N/A,,,fraction,missing_marker,0,DATASET_11_BANKS_2025-2015_.xlsx,30,L
mutual_trust_bank_plc,1,ASSET QUALITY,Loan-Deposit Ratio %,loan_deposit_ratio_pct,%,2017,0.8306,0.8306,83.06,fraction,native_numeric,0,DATASET_11_BANKS_2025-2015_.xlsx,30,K
mutual_trust_bank_plc,1,ASSET QUALITY,Loan-Deposit Ratio %,loan_deposit_ratio_pct,%,2018,0.8308,0.8308,83.08,fraction,native_numeric,0,DATASET_11_BANKS_2025-2015_.xlsx,30,J
mutual_trust_bank_plc,1,ASSET QUALITY,Loan-Deposit Ratio %,loan_deposit_ratio_pct,%,2019,0.772,0.772,77.2,fraction,native_numeric,0,DATASET_11_BANKS_2025-2015_.xlsx,30,I
mutual_trust_bank_plc,1,ASSET QUALITY,Loan-Deposit Ratio %,loan_deposit_ratio_pct,%,2020,0.7413,0.7413,74.13,fraction,native_numeric,0,DATASET_11_BANKS_2025-2015_.xlsx,30,H
mutual_trust_bank_plc,1,ASSET QUALITY,Loan-Deposit Ratio %,loan_deposit_ratio_pct,%,2021,0.8242,0.8242,82.42,fraction,native_numeric,0,DATASET_11_BANKS_2025-2015_.xlsx,30,G
mutual_trust_bank_plc,1,ASSET QUALITY,Loan-Deposit Ratio %,loan_deposit_ratio_pct,%,2022,0.8397,0.8397,83.97,fraction,native_numeric,0,DATASET_11_BANKS_2025-2015_.xlsx,30,F
mutual_trust_bank_plc,1,ASSET QUALITY,Loan-Deposit Ratio %,loan_deposit_ratio_pct,%,2023,0.8419,0.8419,84.19,fraction,native_numeric,0,DATASET_11_BANKS_2025-2015_.xlsx,30,E
mutual_trust_bank_plc,1,ASSET QUALITY,Loan-Deposit Ratio %,loan_deposit_ratio_pct,%,2024,0.7676,0.7676,76.75999999999999,fraction,native_numeric,0,DATASET_11_BANKS_2025-2015_.xlsx,30,D
mutual_trust_bank_plc,1,ASSET QUALITY,Loan-Deposit Ratio %,loan_deposit_ratio_pct,%,2025,0.7505,0.7505,75.05,fraction,native_numeric,0,DATASET_11_BANKS_2025-2015_.xlsx,30,C
mutual_trust_bank_plc,1,ASSET QUALITY,NPL % (gross),npl_pct_gross,%,2015,0.0327,0.0327,3.27,fraction,native_numeric,0,DATASET_11_BANKS_2025-2015_.xlsx,31,M
mutual_trust_bank_plc,1,ASSET QUALITY,NPL % (gross),npl_pct_gross,%,2016,N/A,,,fraction,missing_marker,0,DATASET_11_BANKS_2025-2015_.xlsx,31,L
mutual_trust_bank_plc,1,ASSET QUALITY,NPL % (gross),npl_pct_gross,%,2017,0.025,0.025,2.5,fraction,native_numeric,0,DATASET_11_BANKS_2025-2015_.xlsx,31,K
mutual_trust_bank_plc,1,ASSET QUALITY,NPL % (gross),npl_pct_gross,%,2018,0.0235,0.0235,2.35,fraction,native_numeric,0,DATASET_11_BANKS_2025-2015_.xlsx,31,J
mutual_trust_bank_plc,1,ASSET QUALITY,NPL % (gross),npl_pct_gross,%,2019,0.0335,0.0335,3.35,fraction,native_numeric,0,DATASET_11_BANKS_2025-2015_.xlsx,31,I
mutual_trust_bank_plc,1,ASSET QUALITY,NPL % (gross),npl_pct_gross,%,2020,0.0272,0.0272,2.7199999999999998,fraction,native_numeric,0,DATASET_11_BANKS_2025-2015_.xlsx,31,H
mutual_trust_bank_plc,1,ASSET QUALITY,NPL % (gross),npl_pct_gross,%,2021,0.058,0.058,5.800000000000001,fraction,native_numeric,0,DATASET_11_BANKS_2025-2015_.xlsx,31,G
mutual_trust_bank_plc,1,ASSET QUALITY,NPL % (gross),npl_pct_gross,%,2022,0.0577,0.0577,5.7700000000000005,fraction,native_numeric,0,DATASET_11_BANKS_2025-2015_.xlsx,31,F
mutual_trust_bank_plc,1,ASSET QUALITY,NPL % (gross),npl_pct_gross,%,2023,0.066,0.066,6.6000000000000005,fraction,native_numeric,0,DATASET_11_BANKS_2025-2015_.xlsx,31,E
mutual_trust_bank_plc,1,ASSET QUALITY,NPL % (gross),npl_pct_gross,%,2024,0.0695,0.0695,6.950000000000001,fraction,native_numeric,0,DATASET_11_BANKS_2025-2015_.xlsx,31,D
mutual_trust_bank_plc,1,ASSET QUALITY,NPL % (gross),npl_pct_gross,%,2025,0.0577,0.0577,5.7700000000000005,fraction,native_numeric,0,DATASET_11_BANKS_2025-2015_.xlsx,31,C
mutual_trust_bank_plc,1,ASSET QUALITY,Provision Coverage %,provision_coverage_pct,%,2015,1.1685,1.1685,116.85000000000001,fraction_inferred,native_numeric,0,DATASET_11_BANKS_2025-2015_.xlsx,32,M
mutual_trust_bank_plc,1,ASSET QUALITY,Provision Coverage %,provision_coverage_pct,%,2016,N/A,,,fraction_inferred,missing_marker,0,DATASET_11_BANKS_2025-2015_.xlsx,32,L
mutual_trust_bank_plc,1,ASSET QUALITY,Provision Coverage %,provision_coverage_pct,%,2017,1.5952,1.5952,159.51999999999998,fraction_inferred,native_numeric,0,DATASET_11_BANKS_2025-2015_.xlsx,32,K
mutual_trust_bank_plc,1,ASSET QUALITY,Provision Coverage %,provision_coverage_pct,%,2018,1.5039,1.5039,150.39000000000001,fraction_inferred,native_numeric,0,DATASET_11_BANKS_2025-2015_.xlsx,32,J
mutual_trust_bank_plc,1,ASSET QUALITY,Provision Coverage %,provision_coverage_pct,%,2019,1.2042,1.2042,120.41999999999999,fraction_inferred,native_numeric,0,DATASET_11_BANKS_2025-2015_.xlsx,32,I
mutual_trust_bank_plc,1,ASSET QUALITY,Provision Coverage %,provision_coverage_pct,%,2020,1.7951,1.7951,179.51,fraction_inferred,native_numeric,0,DATASET_11_BANKS_2025-2015_.xlsx,32,H
mutual_trust_bank_plc,1,ASSET QUALITY,Provision Coverage %,provision_coverage_pct,%,2021,0.7111,0.7111,71.11,fraction_inferred,native_numeric,0,DATASET_11_BANKS_2025-2015_.xlsx,32,G
mutual_trust_bank_plc,1,ASSET QUALITY,Provision Coverage %,provision_coverage_pct,%,2022,0.857,0.857,85.7,fraction_inferred,native_numeric,0,DATASET_11_BANKS_2025-2015_.xlsx,32,F
mutual_trust_bank_plc,1,ASSET QUALITY,Provision Coverage %,provision_coverage_pct,%,2023,0.917,0.917,91.7,fraction_inferred,native_numeric,0,DATASET_11_BANKS_2025-2015_.xlsx,32,E
mutual_trust_bank_plc,1,ASSET QUALITY,Provision Coverage %,provision_coverage_pct,%,2024,0.9666,0.9666,96.66,fraction_inferred,native_numeric,0,DATASET_11_BANKS_2025-2015_.xlsx,32,D
mutual_trust_bank_plc,1,ASSET QUALITY,Provision Coverage %,provision_coverage_pct,%,2025,1.1107,1.1107,111.07000000000001,fraction_inferred,native_numeric,0,DATASET_11_BANKS_2025-2015_.xlsx,32,C
mutual_trust_bank_plc,1,CAPITAL & EFFICIENCY,CRAR % (Group),car_pct,%,2015,0.1392,0.1392,13.919999999999998,fraction_inferred,native_numeric,0,DATASET_11_BANKS_2025-2015_.xlsx,34,M
mutual_trust_bank_plc,1,CAPITAL & EFFICIENCY,CRAR % (Group),car_pct,%,2016,N/A‡,,,fraction_inferred,missing_marker,0,DATASET_11_BANKS_2025-2015_.xlsx,34,L
mutual_trust_bank_plc,1,CAPITAL & EFFICIENCY,CRAR % (Group),car_pct,%,2017,0.1409,0.1409,14.09,fraction_inferred,native_numeric,0,DATASET_11_BANKS_2025-2015_.xlsx,34,K
mutual_trust_bank_plc,1,CAPITAL & EFFICIENCY,CRAR % (Group),car_pct,%,2018,0.1216,0.1216,12.16,fraction_inferred,native_numeric,0,DATASET_11_BANKS_2025-2015_.xlsx,34,J
mutual_trust_bank_plc,1,CAPITAL & EFFICIENCY,CRAR % (Group),car_pct,%,2019,0.1474,0.1474,14.74,fraction_inferred,native_numeric,0,DATASET_11_BANKS_2025-2015_.xlsx,34,I
mutual_trust_bank_plc,1,CAPITAL & EFFICIENCY,CRAR % (Group),car_pct,%,2020,0.1503,0.1503,15.03,fraction_inferred,native_numeric,0,DATASET_11_BANKS_2025-2015_.xlsx,34,H
mutual_trust_bank_plc,1,CAPITAL & EFFICIENCY,CRAR % (Group),car_pct,%,2021,0.1441,0.1441,14.41,fraction_inferred,native_numeric,0,DATASET_11_BANKS_2025-2015_.xlsx,34,G
mutual_trust_bank_plc,1,CAPITAL & EFFICIENCY,CRAR % (Group),car_pct,%,2022,0.145,0.145,14.499999999999998,fraction_inferred,native_numeric,0,DATASET_11_BANKS_2025-2015_.xlsx,34,F
mutual_trust_bank_plc,1,CAPITAL & EFFICIENCY,CRAR % (Group),car_pct,%,2023,0.1498,0.1498,14.979999999999999,fraction_inferred,native_numeric,0,DATASET_11_BANKS_2025-2015_.xlsx,34,E
mutual_trust_bank_plc,1,CAPITAL & EFFICIENCY,CRAR % (Group),car_pct,%,2024,0.1362,0.1362,13.62,fraction_inferred,native_numeric,0,DATASET_11_BANKS_2025-2015_.xlsx,34,D
mutual_trust_bank_plc,1,CAPITAL & EFFICIENCY,CRAR % (Group),car_pct,%,2025,0.1355,0.1355,13.55,fraction_inferred,native_numeric,0,DATASET_11_BANKS_2025-2015_.xlsx,34,C
mutual_trust_bank_plc,1,CAPITAL & EFFICIENCY,Cost-to-Income Ratio % (Group),cost_income_pct,%,2015,0.4833,0.4833,48.33,fraction_inferred,native_numeric,0,DATASET_11_BANKS_2025-2015_.xlsx,35,M
mutual_trust_bank_plc,1,CAPITAL & EFFICIENCY,Cost-to-Income Ratio % (Group),cost_income_pct,%,2016,N/A,,,fraction_inferred,missing_marker,0,DATASET_11_BANKS_2025-2015_.xlsx,35,L
mutual_trust_bank_plc,1,CAPITAL & EFFICIENCY,Cost-to-Income Ratio % (Group),cost_income_pct,%,2017,0.452,0.452,45.2,fraction_inferred,native_numeric,0,DATASET_11_BANKS_2025-2015_.xlsx,35,K
mutual_trust_bank_plc,1,CAPITAL & EFFICIENCY,Cost-to-Income Ratio % (Group),cost_income_pct,%,2018,0.4563,0.4563,45.629999999999995,fraction_inferred,native_numeric,0,DATASET_11_BANKS_2025-2015_.xlsx,35,J
mutual_trust_bank_plc,1,CAPITAL & EFFICIENCY,Cost-to-Income Ratio % (Group),cost_income_pct,%,2019,0.4376,0.4376,43.76,fraction_inferred,native_numeric,0,DATASET_11_BANKS_2025-2015_.xlsx,35,I
mutual_trust_bank_plc,1,CAPITAL & EFFICIENCY,Cost-to-Income Ratio % (Group),cost_income_pct,%,2020,0.458,0.458,45.800000000000004,fraction_inferred,native_numeric,0,DATASET_11_BANKS_2025-2015_.xlsx,35,H
mutual_trust_bank_plc,1,CAPITAL & EFFICIENCY,Cost-to-Income Ratio % (Group),cost_income_pct,%,2021,0.5579,0.5579,55.78999999999999,fraction_inferred,native_numeric,0,DATASET_11_BANKS_2025-2015_.xlsx,35,G
mutual_trust_bank_plc,1,CAPITAL & EFFICIENCY,Cost-to-Income Ratio % (Group),cost_income_pct,%,2022,0.5154,0.5154,51.54,fraction_inferred,native_numeric,0,DATASET_11_BANKS_2025-2015_.xlsx,35,F
mutual_trust_bank_plc,1,CAPITAL & EFFICIENCY,Cost-to-Income Ratio % (Group),cost_income_pct,%,2023,0.5305,0.5305,53.05,fraction_inferred,native_numeric,0,DATASET_11_BANKS_2025-2015_.xlsx,35,E
mutual_trust_bank_plc,1,CAPITAL & EFFICIENCY,Cost-to-Income Ratio % (Group),cost_income_pct,%,2024,0.4759,0.4759,47.589999999999996,fraction_inferred,native_numeric,0,DATASET_11_BANKS_2025-2015_.xlsx,35,D
mutual_trust_bank_plc,1,CAPITAL & EFFICIENCY,Cost-to-Income Ratio % (Group),cost_income_pct,%,2025,0.5379,0.5379,53.790000000000006,fraction_inferred,native_numeric,0,DATASET_11_BANKS_2025-2015_.xlsx,35,C
mutual_trust_bank_plc,1,DERIVED METRICS,Estimated NPL amount,npl_amount,Tk mn,2015,4258.4,4258.4,,,native_numeric,1,DATASET_11_BANKS_2025-2015_.xlsx,37,M
mutual_trust_bank_plc,1,DERIVED METRICS,Estimated NPL amount,npl_amount,Tk mn,2016,N/A,,,,missing_marker,1,DATASET_11_BANKS_2025-2015_.xlsx,37,L
mutual_trust_bank_plc,1,DERIVED METRICS,Estimated NPL amount,npl_amount,Tk mn,2017,4600.7,4600.7,,,native_numeric,1,DATASET_11_BANKS_2025-2015_.xlsx,37,K
mutual_trust_bank_plc,1,DERIVED METRICS,Estimated NPL amount,npl_amount,Tk mn,2018,4918.7,4918.7,,,native_numeric,1,DATASET_11_BANKS_2025-2015_.xlsx,37,J
mutual_trust_bank_plc,1,DERIVED METRICS,Estimated NPL amount,npl_amount,Tk mn,2019,7773.7,7773.7,,,native_numeric,1,DATASET_11_BANKS_2025-2015_.xlsx,37,I
mutual_trust_bank_plc,1,DERIVED METRICS,Estimated NPL amount,npl_amount,Tk mn,2020,6227.3,6227.3,,,native_numeric,1,DATASET_11_BANKS_2025-2015_.xlsx,37,H
mutual_trust_bank_plc,1,DERIVED METRICS,Estimated NPL amount,npl_amount,Tk mn,2021,13108.7,13108.7,,,native_numeric,1,DATASET_11_BANKS_2025-2015_.xlsx,37,G
mutual_trust_bank_plc,1,DERIVED METRICS,Estimated NPL amount,npl_amount,Tk mn,2022,14646.3,14646.3,,,native_numeric,1,DATASET_11_BANKS_2025-2015_.xlsx,37,F
mutual_trust_bank_plc,1,DERIVED METRICS,Estimated NPL amount,npl_amount,Tk mn,2023,17227.52,17227.52,,,native_numeric,1,DATASET_11_BANKS_2025-2015_.xlsx,37,E
mutual_trust_bank_plc,1,DERIVED METRICS,Estimated NPL amount,npl_amount,Tk mn,2024,20904.21,20904.21,,,native_numeric,1,DATASET_11_BANKS_2025-2015_.xlsx,37,D
mutual_trust_bank_plc,1,DERIVED METRICS,Estimated NPL amount,npl_amount,Tk mn,2025,18412.76,18412.76,,,native_numeric,1,DATASET_11_BANKS_2025-2015_.xlsx,37,C
mutual_trust_bank_plc,1,DERIVED METRICS,NPL / Total Assets %,npl_to_assets_pct,%,2015,0.0225,0.0225,2.25,fraction,native_numeric,0,DATASET_11_BANKS_2025-2015_.xlsx,38,M
mutual_trust_bank_plc,1,DERIVED METRICS,NPL / Total Assets %,npl_to_assets_pct,%,2016,N/A,,,fraction,missing_marker,0,DATASET_11_BANKS_2025-2015_.xlsx,38,L
mutual_trust_bank_plc,1,DERIVED METRICS,NPL / Total Assets %,npl_to_assets_pct,%,2017,0.0182,0.0182,1.82,fraction,native_numeric,0,DATASET_11_BANKS_2025-2015_.xlsx,38,K
mutual_trust_bank_plc,1,DERIVED METRICS,NPL / Total Assets %,npl_to_assets_pct,%,2018,0.0174,0.0174,1.7399999999999998,fraction,native_numeric,0,DATASET_11_BANKS_2025-2015_.xlsx,38,J
mutual_trust_bank_plc,1,DERIVED METRICS,NPL / Total Assets %,npl_to_assets_pct,%,2019,0.0232,0.0232,2.32,fraction,native_numeric,0,DATASET_11_BANKS_2025-2015_.xlsx,38,I
mutual_trust_bank_plc,1,DERIVED METRICS,NPL / Total Assets %,npl_to_assets_pct,%,2020,0.0185,0.0185,1.8499999999999999,fraction,native_numeric,0,DATASET_11_BANKS_2025-2015_.xlsx,38,H
mutual_trust_bank_plc,1,DERIVED METRICS,NPL / Total Assets %,npl_to_assets_pct,%,2021,0.0428,0.0428,4.279999999999999,fraction,native_numeric,0,DATASET_11_BANKS_2025-2015_.xlsx,38,G
mutual_trust_bank_plc,1,DERIVED METRICS,NPL / Total Assets %,npl_to_assets_pct,%,2022,0.0414,0.0414,4.14,fraction,native_numeric,0,DATASET_11_BANKS_2025-2015_.xlsx,38,F
mutual_trust_bank_plc,1,DERIVED METRICS,NPL / Total Assets %,npl_to_assets_pct,%,2023,0.047,0.047,4.7,fraction,native_numeric,0,DATASET_11_BANKS_2025-2015_.xlsx,38,E
mutual_trust_bank_plc,1,DERIVED METRICS,NPL / Total Assets %,npl_to_assets_pct,%,2024,0.0457,0.0457,4.569999999999999,fraction,native_numeric,0,DATASET_11_BANKS_2025-2015_.xlsx,38,D
mutual_trust_bank_plc,1,DERIVED METRICS,NPL / Total Assets %,npl_to_assets_pct,%,2025,0.0364,0.0364,3.64,fraction,native_numeric,0,DATASET_11_BANKS_2025-2015_.xlsx,38,C
mutual_trust_bank_plc,1,DERIVED METRICS,YoY NPAT growth %,yoy_npat_growth_pct,%,2015,0.054,0.054,5.4,fraction,native_numeric,0,DATASET_11_BANKS_2025-2015_.xlsx,39,M
mutual_trust_bank_plc,1,DERIVED METRICS,YoY NPAT growth %,yoy_npat_growth_pct,%,2016,0.0713,0.0713,7.13,fraction,native_numeric,0,DATASET_11_BANKS_2025-2015_.xlsx,39,L
mutual_trust_bank_plc,1,DERIVED METRICS,YoY NPAT growth %,yoy_npat_growth_pct,%,2017,N/A,,,fraction,missing_marker,0,DATASET_11_BANKS_2025-2015_.xlsx,39,K
mutual_trust_bank_plc,1,DERIVED METRICS,YoY NPAT growth %,yoy_npat_growth_pct,%,2018,0.281,0.281,28.1,fraction,native_numeric,0,DATASET_11_BANKS_2025-2015_.xlsx,39,J
mutual_trust_bank_plc,1,DERIVED METRICS,YoY NPAT growth %,yoy_npat_growth_pct,%,2019,0.301,0.301,30.099999999999998,fraction,native_numeric,0,DATASET_11_BANKS_2025-2015_.xlsx,39,I
mutual_trust_bank_plc,1,DERIVED METRICS,YoY NPAT growth %,yoy_npat_growth_pct,%,2020,0.024,0.024,2.4,fraction,native_numeric,0,DATASET_11_BANKS_2025-2015_.xlsx,39,H
mutual_trust_bank_plc,1,DERIVED METRICS,YoY NPAT growth %,yoy_npat_growth_pct,%,2021,n/a*,,,fraction,missing_marker,0,DATASET_11_BANKS_2025-2015_.xlsx,39,G
mutual_trust_bank_plc,1,DERIVED METRICS,YoY NPAT growth %,yoy_npat_growth_pct,%,2022,-0.2032,-0.2032,-20.32,fraction,native_numeric,0,DATASET_11_BANKS_2025-2015_.xlsx,39,F
mutual_trust_bank_plc,1,DERIVED METRICS,YoY NPAT growth %,yoy_npat_growth_pct,%,2023,0.2073,0.2073,20.73,fraction,native_numeric,0,DATASET_11_BANKS_2025-2015_.xlsx,39,E
mutual_trust_bank_plc,1,DERIVED METRICS,YoY NPAT growth %,yoy_npat_growth_pct,%,2024,0.1073,0.1073,10.73,fraction,native_numeric,0,DATASET_11_BANKS_2025-2015_.xlsx,39,D
mutual_trust_bank_plc,1,DERIVED METRICS,YoY NPAT growth %,yoy_npat_growth_pct,%,2025,0.0714,0.0714,7.140000000000001,fraction,native_numeric,0,DATASET_11_BANKS_2025-2015_.xlsx,39,C
mutual_trust_bank_plc,1,DERIVED METRICS,YoY Equity growth %,yoy_equity_growth_pct,%,2015,N/A,,,fraction,missing_marker,0,DATASET_11_BANKS_2025-2015_.xlsx,40,M
mutual_trust_bank_plc,1,DERIVED METRICS,YoY Equity growth %,yoy_equity_growth_pct,%,2016,N/A,,,fraction,missing_marker,0,DATASET_11_BANKS_2025-2015_.xlsx,40,L
mutual_trust_bank_plc,1,DERIVED METRICS,YoY Equity growth %,yoy_equity_growth_pct,%,2017,N/A,,,fraction,missing_marker,0,DATASET_11_BANKS_2025-2015_.xlsx,40,K
mutual_trust_bank_plc,1,DERIVED METRICS,YoY Equity growth %,yoy_equity_growth_pct,%,2018,N/A,,,fraction,missing_marker,0,DATASET_11_BANKS_2025-2015_.xlsx,40,J
mutual_trust_bank_plc,1,DERIVED METRICS,YoY Equity growth %,yoy_equity_growth_pct,%,2019,0.113,0.113,11.3,fraction,native_numeric,0,DATASET_11_BANKS_2025-2015_.xlsx,40,I
mutual_trust_bank_plc,1,DERIVED METRICS,YoY Equity growth %,yoy_equity_growth_pct,%,2020,0.133,0.133,13.3,fraction,native_numeric,0,DATASET_11_BANKS_2025-2015_.xlsx,40,H
mutual_trust_bank_plc,1,DERIVED METRICS,YoY Equity growth %,yoy_equity_growth_pct,%,2021,n/a*,,,fraction,missing_marker,0,DATASET_11_BANKS_2025-2015_.xlsx,40,G
mutual_trust_bank_plc,1,DERIVED METRICS,YoY Equity growth %,yoy_equity_growth_pct,%,2022,0.0853,0.0853,8.53,fraction,native_numeric,0,DATASET_11_BANKS_2025-2015_.xlsx,40,F
mutual_trust_bank_plc,1,DERIVED METRICS,YoY Equity growth %,yoy_equity_growth_pct,%,2023,0.1301,0.1301,13.01,fraction,native_numeric,0,DATASET_11_BANKS_2025-2015_.xlsx,40,E
mutual_trust_bank_plc,1,DERIVED METRICS,YoY Equity growth %,yoy_equity_growth_pct,%,2024,0.058,0.058,5.800000000000001,fraction,native_numeric,0,DATASET_11_BANKS_2025-2015_.xlsx,40,D
mutual_trust_bank_plc,1,DERIVED METRICS,YoY Equity growth %,yoy_equity_growth_pct,%,2025,0.192,0.192,19.2,fraction,native_numeric,0,DATASET_11_BANKS_2025-2015_.xlsx,40,C
prime_bank_plc,1,BALANCE SHEET,Total Assets,total_assets,Tk mn,2015,252161.0,252161.0,,,native_numeric,0,DATASET_11_BANKS_2025-2015_.xlsx,16,M
prime_bank_plc,1,BALANCE SHEET,Total Assets,total_assets,Tk mn,2016,256599.0,256599.0,,,native_numeric,0,DATASET_11_BANKS_2025-2015_.xlsx,16,L
prime_bank_plc,1,BALANCE SHEET,Total Assets,total_assets,Tk mn,2017,281467.0,281467.0,,,native_numeric,0,DATASET_11_BANKS_2025-2015_.xlsx,16,K
prime_bank_plc,1,BALANCE SHEET,Total Assets,total_assets,Tk mn,2018,295613.0,295613.0,,,native_numeric,0,DATASET_11_BANKS_2025-2015_.xlsx,16,J
prime_bank_plc,1,BALANCE SHEET,Total Assets,total_assets,Tk mn,2019,323788.0,323788.0,,,native_numeric,0,DATASET_11_BANKS_2025-2015_.xlsx,16,I
prime_bank_plc,1,BALANCE SHEET,Total Assets,total_assets,Tk mn,2020,345724.0,345724.0,,,native_numeric,0,DATASET_11_BANKS_2025-2015_.xlsx,16,H
prime_bank_plc,1,BALANCE SHEET,Total Assets,total_assets,Tk mn,2021,388100.0,388100.0,,,native_numeric,0,DATASET_11_BANKS_2025-2015_.xlsx,16,G
prime_bank_plc,1,BALANCE SHEET,Total Assets,total_assets,Tk mn,2022,431604.0,431604.0,,,native_numeric,0,DATASET_11_BANKS_2025-2015_.xlsx,16,F
prime_bank_plc,1,BALANCE SHEET,Total Assets,total_assets,Tk mn,2023,471285.0,471285.0,,,native_numeric,0,DATASET_11_BANKS_2025-2015_.xlsx,16,E
prime_bank_plc,1,BALANCE SHEET,Total Assets,total_assets,Tk mn,2024,548118.0,548118.0,,,native_numeric,0,DATASET_11_BANKS_2025-2015_.xlsx,16,D
prime_bank_plc,1,BALANCE SHEET,Total Assets,total_assets,Tk mn,2025,648977.0,648977.0,,,native_numeric,0,DATASET_11_BANKS_2025-2015_.xlsx,16,C
prime_bank_plc,1,BALANCE SHEET,Loans & Advances,loans_advances_gross,Tk mn,2015,151865.0,151865.0,,,native_numeric,0,DATASET_11_BANKS_2025-2015_.xlsx,17,M
prime_bank_plc,1,BALANCE SHEET,Loans & Advances,loans_advances_gross,Tk mn,2016,170212.0,170212.0,,,native_numeric,0,DATASET_11_BANKS_2025-2015_.xlsx,17,L
prime_bank_plc,1,BALANCE SHEET,Loans & Advances,loans_advances_gross,Tk mn,2017,198323.0,198323.0,,,native_numeric,0,DATASET_11_BANKS_2025-2015_.xlsx,17,K
prime_bank_plc,1,BALANCE SHEET,Loans & Advances,loans_advances_gross,Tk mn,2018,205810.0,205810.0,,,native_numeric,0,DATASET_11_BANKS_2025-2015_.xlsx,17,J
prime_bank_plc,1,BALANCE SHEET,Loans & Advances,loans_advances_gross,Tk mn,2019,213955.0,213955.0,,,native_numeric,0,DATASET_11_BANKS_2025-2015_.xlsx,17,I
prime_bank_plc,1,BALANCE SHEET,Loans & Advances,loans_advances_gross,Tk mn,2020,232400.0,232400.0,,,native_numeric,0,DATASET_11_BANKS_2025-2015_.xlsx,17,H
prime_bank_plc,1,BALANCE SHEET,Loans & Advances,loans_advances_gross,Tk mn,2021,263015.0,263015.0,,,native_numeric,0,DATASET_11_BANKS_2025-2015_.xlsx,17,G
prime_bank_plc,1,BALANCE SHEET,Loans & Advances,loans_advances_gross,Tk mn,2022,296481.0,296481.0,,,native_numeric,0,DATASET_11_BANKS_2025-2015_.xlsx,17,F
prime_bank_plc,1,BALANCE SHEET,Loans & Advances,loans_advances_gross,Tk mn,2023,315293.0,315293.0,,,native_numeric,0,DATASET_11_BANKS_2025-2015_.xlsx,17,E
prime_bank_plc,1,BALANCE SHEET,Loans & Advances,loans_advances_gross,Tk mn,2024,343458.0,343458.0,,,native_numeric,0,DATASET_11_BANKS_2025-2015_.xlsx,17,D
prime_bank_plc,1,BALANCE SHEET,Loans & Advances,loans_advances_gross,Tk mn,2025,353255.0,353255.0,,,native_numeric,0,DATASET_11_BANKS_2025-2015_.xlsx,17,C
prime_bank_plc,1,BALANCE SHEET,Total Deposits,total_deposits,Tk mn,2015,194825.0,194825.0,,,native_numeric,0,DATASET_11_BANKS_2025-2015_.xlsx,18,M
prime_bank_plc,1,BALANCE SHEET,Total Deposits,total_deposits,Tk mn,2016,197934.0,197934.0,,,native_numeric,0,DATASET_11_BANKS_2025-2015_.xlsx,18,L
prime_bank_plc,1,BALANCE SHEET,Total Deposits,total_deposits,Tk mn,2017,199014.0,199014.0,,,native_numeric,0,DATASET_11_BANKS_2025-2015_.xlsx,18,K
prime_bank_plc,1,BALANCE SHEET,Total Deposits,total_deposits,Tk mn,2018,197518.0,197518.0,,,native_numeric,0,DATASET_11_BANKS_2025-2015_.xlsx,18,J
prime_bank_plc,1,BALANCE SHEET,Total Deposits,total_deposits,Tk mn,2019,216444.0,216444.0,,,native_numeric,0,DATASET_11_BANKS_2025-2015_.xlsx,18,I
prime_bank_plc,1,BALANCE SHEET,Total Deposits,total_deposits,Tk mn,2020,233028.0,233028.0,,,native_numeric,0,DATASET_11_BANKS_2025-2015_.xlsx,18,H
prime_bank_plc,1,BALANCE SHEET,Total Deposits,total_deposits,Tk mn,2021,243070.0,243070.0,,,native_numeric,0,DATASET_11_BANKS_2025-2015_.xlsx,18,G
prime_bank_plc,1,BALANCE SHEET,Total Deposits,total_deposits,Tk mn,2022,265841.0,265841.0,,,native_numeric,0,DATASET_11_BANKS_2025-2015_.xlsx,18,F
prime_bank_plc,1,BALANCE SHEET,Total Deposits,total_deposits,Tk mn,2023,305269.0,305269.0,,,native_numeric,0,DATASET_11_BANKS_2025-2015_.xlsx,18,E
prime_bank_plc,1,BALANCE SHEET,Total Deposits,total_deposits,Tk mn,2024,358868.0,358868.0,,,native_numeric,0,DATASET_11_BANKS_2025-2015_.xlsx,18,D
prime_bank_plc,1,BALANCE SHEET,Total Deposits,total_deposits,Tk mn,2025,444943.0,444943.0,,,native_numeric,0,DATASET_11_BANKS_2025-2015_.xlsx,18,C
prime_bank_plc,1,BALANCE SHEET,Shareholders' Equity,shareholders_equity,Tk mn,2015,26415.0,26415.0,,,native_numeric,0,DATASET_11_BANKS_2025-2015_.xlsx,19,M
prime_bank_plc,1,BALANCE SHEET,Shareholders' Equity,shareholders_equity,Tk mn,2016,25285.0,25285.0,,,native_numeric,0,DATASET_11_BANKS_2025-2015_.xlsx,19,L
prime_bank_plc,1,BALANCE SHEET,Shareholders' Equity,shareholders_equity,Tk mn,2017,24901.0,24901.0,,,native_numeric,0,DATASET_11_BANKS_2025-2015_.xlsx,19,K
prime_bank_plc,1,BALANCE SHEET,Shareholders' Equity,shareholders_equity,Tk mn,2018,27894.0,27894.0,,,native_numeric,0,DATASET_11_BANKS_2025-2015_.xlsx,19,J
prime_bank_plc,1,BALANCE SHEET,Shareholders' Equity,shareholders_equity,Tk mn,2019,28150.0,28150.0,,,native_numeric,0,DATASET_11_BANKS_2025-2015_.xlsx,19,I
prime_bank_plc,1,BALANCE SHEET,Shareholders' Equity,shareholders_equity,Tk mn,2020,27254.0,27254.0,,,native_numeric,0,DATASET_11_BANKS_2025-2015_.xlsx,19,H
prime_bank_plc,1,BALANCE SHEET,Shareholders' Equity,shareholders_equity,Tk mn,2021,28377.0,28377.0,,,native_numeric,0,DATASET_11_BANKS_2025-2015_.xlsx,19,G
prime_bank_plc,1,BALANCE SHEET,Shareholders' Equity,shareholders_equity,Tk mn,2022,30863.0,30863.0,,,native_numeric,0,DATASET_11_BANKS_2025-2015_.xlsx,19,F
prime_bank_plc,1,BALANCE SHEET,Shareholders' Equity,shareholders_equity,Tk mn,2023,33614.0,33614.0,,,native_numeric,0,DATASET_11_BANKS_2025-2015_.xlsx,19,E
prime_bank_plc,1,BALANCE SHEET,Shareholders' Equity,shareholders_equity,Tk mn,2024,39020.0,39020.0,,,native_numeric,0,DATASET_11_BANKS_2025-2015_.xlsx,19,D
prime_bank_plc,1,BALANCE SHEET,Shareholders' Equity,shareholders_equity,Tk mn,2025,46394.0,46394.0,,,native_numeric,0,DATASET_11_BANKS_2025-2015_.xlsx,19,C
prime_bank_plc,1,INCOME STATEMENT,Net Interest Income,net_interest_income,Tk mn,2015,1294.0,1294.0,,,native_numeric,0,DATASET_11_BANKS_2025-2015_.xlsx,21,M
prime_bank_plc,1,INCOME STATEMENT,Net Interest Income,net_interest_income,Tk mn,2016,3313.0,3313.0,,,native_numeric,0,DATASET_11_BANKS_2025-2015_.xlsx,21,L
prime_bank_plc,1,INCOME STATEMENT,Net Interest Income,net_interest_income,Tk mn,2017,4894.0,4894.0,,,native_numeric,0,DATASET_11_BANKS_2025-2015_.xlsx,21,K
prime_bank_plc,1,INCOME STATEMENT,Net Interest Income,net_interest_income,Tk mn,2018,7650.0,7650.0,,,native_numeric,0,DATASET_11_BANKS_2025-2015_.xlsx,21,J
prime_bank_plc,1,INCOME STATEMENT,Net Interest Income,net_interest_income,Tk mn,2019,8273.0,8273.0,,,native_numeric,0,DATASET_11_BANKS_2025-2015_.xlsx,21,I
prime_bank_plc,1,INCOME STATEMENT,Net Interest Income,net_interest_income,Tk mn,2020,5574.0,5574.0,,,native_numeric,0,DATASET_11_BANKS_2025-2015_.xlsx,21,H
prime_bank_plc,1,INCOME STATEMENT,Net Interest Income,net_interest_income,Tk mn,2021,8063.0,8063.0,,,native_numeric,0,DATASET_11_BANKS_2025-2015_.xlsx,21,G
prime_bank_plc,1,INCOME STATEMENT,Net Interest Income,net_interest_income,Tk mn,2022,8363.0,8363.0,,,native_numeric,0,DATASET_11_BANKS_2025-2015_.xlsx,21,F
prime_bank_plc,1,INCOME STATEMENT,Net Interest Income,net_interest_income,Tk mn,2023,9284.0,9284.0,,,native_numeric,0,DATASET_11_BANKS_2025-2015_.xlsx,21,E
prime_bank_plc,1,INCOME STATEMENT,Net Interest Income,net_interest_income,Tk mn,2024,9222.0,9222.0,,,native_numeric,0,DATASET_11_BANKS_2025-2015_.xlsx,21,D
prime_bank_plc,1,INCOME STATEMENT,Net Interest Income,net_interest_income,Tk mn,2025,3766.0,3766.0,,,native_numeric,0,DATASET_11_BANKS_2025-2015_.xlsx,21,C
prime_bank_plc,1,INCOME STATEMENT,Non-Interest Income,non_interest_income,Tk mn,2015,10779.0,10779.0,,,native_numeric,0,DATASET_11_BANKS_2025-2015_.xlsx,22,M
prime_bank_plc,1,INCOME STATEMENT,Non-Interest Income,non_interest_income,Tk mn,2016,8710.0,8710.0,,,native_numeric,0,DATASET_11_BANKS_2025-2015_.xlsx,22,L
prime_bank_plc,1,INCOME STATEMENT,Non-Interest Income,non_interest_income,Tk mn,2017,7255.0,7255.0,,,native_numeric,0,DATASET_11_BANKS_2025-2015_.xlsx,22,K
prime_bank_plc,1,INCOME STATEMENT,Non-Interest Income,non_interest_income,Tk mn,2018,5250.0,5250.0,,,native_numeric,0,DATASET_11_BANKS_2025-2015_.xlsx,22,J
prime_bank_plc,1,INCOME STATEMENT,Non-Interest Income,non_interest_income,Tk mn,2019,5858.0,5858.0,,,native_numeric,0,DATASET_11_BANKS_2025-2015_.xlsx,22,I
prime_bank_plc,1,INCOME STATEMENT,Non-Interest Income,non_interest_income,Tk mn,2020,7080.0,7080.0,,,native_numeric,0,DATASET_11_BANKS_2025-2015_.xlsx,22,H
prime_bank_plc,1,INCOME STATEMENT,Non-Interest Income,non_interest_income,Tk mn,2021,6986.0,6986.0,,,native_numeric,0,DATASET_11_BANKS_2025-2015_.xlsx,22,G
prime_bank_plc,1,INCOME STATEMENT,Non-Interest Income,non_interest_income,Tk mn,2022,8139.0,8139.0,,,native_numeric,0,DATASET_11_BANKS_2025-2015_.xlsx,22,F
prime_bank_plc,1,INCOME STATEMENT,Non-Interest Income,non_interest_income,Tk mn,2023,8483.0,8483.0,,,native_numeric,0,DATASET_11_BANKS_2025-2015_.xlsx,22,E
prime_bank_plc,1,INCOME STATEMENT,Non-Interest Income,non_interest_income,Tk mn,2024,14616.0,14616.0,,,native_numeric,0,DATASET_11_BANKS_2025-2015_.xlsx,22,D
prime_bank_plc,1,INCOME STATEMENT,Non-Interest Income,non_interest_income,Tk mn,2025,21770.0,21770.0,,,native_numeric,0,DATASET_11_BANKS_2025-2015_.xlsx,22,C
prime_bank_plc,1,INCOME STATEMENT,Net Profit After Tax,net_profit_after_tax,Tk mn,2015,2139.0,2139.0,,,native_numeric,0,DATASET_11_BANKS_2025-2015_.xlsx,23,M
prime_bank_plc,1,INCOME STATEMENT,Net Profit After Tax,net_profit_after_tax,Tk mn,2016,2195.0,2195.0,,,native_numeric,0,DATASET_11_BANKS_2025-2015_.xlsx,23,L
prime_bank_plc,1,INCOME STATEMENT,Net Profit After Tax,net_profit_after_tax,Tk mn,2017,1252.0,1252.0,,,native_numeric,0,DATASET_11_BANKS_2025-2015_.xlsx,23,K
prime_bank_plc,1,INCOME STATEMENT,Net Profit After Tax,net_profit_after_tax,Tk mn,2018,2193.0,2193.0,,,native_numeric,0,DATASET_11_BANKS_2025-2015_.xlsx,23,J
prime_bank_plc,1,INCOME STATEMENT,Net Profit After Tax,net_profit_after_tax,Tk mn,2019,1662.0,1662.0,,,native_numeric,0,DATASET_11_BANKS_2025-2015_.xlsx,23,I
prime_bank_plc,1,INCOME STATEMENT,Net Profit After Tax,net_profit_after_tax,Tk mn,2020,1797.0,1797.0,,,native_numeric,0,DATASET_11_BANKS_2025-2015_.xlsx,23,H
prime_bank_plc,1,INCOME STATEMENT,Net Profit After Tax,net_profit_after_tax,Tk mn,2021,3111.0,3111.0,,,native_numeric,0,DATASET_11_BANKS_2025-2015_.xlsx,23,G
prime_bank_plc,1,INCOME STATEMENT,Net Profit After Tax,net_profit_after_tax,Tk mn,2022,4022.0,4022.0,,,native_numeric,0,DATASET_11_BANKS_2025-2015_.xlsx,23,F
prime_bank_plc,1,INCOME STATEMENT,Net Profit After Tax,net_profit_after_tax,Tk mn,2023,4838.0,4838.0,,,native_numeric,0,DATASET_11_BANKS_2025-2015_.xlsx,23,E
prime_bank_plc,1,INCOME STATEMENT,Net Profit After Tax,net_profit_after_tax,Tk mn,2024,7446.0,7446.0,,,native_numeric,0,DATASET_11_BANKS_2025-2015_.xlsx,23,D
prime_bank_plc,1,INCOME STATEMENT,Net Profit After Tax,net_profit_after_tax,Tk mn,2025,8904.0,8904.0,,,native_numeric,0,DATASET_11_BANKS_2025-2015_.xlsx,23,C
prime_bank_plc,1,PER-SHARE & PROFITABILITY,EPS,eps,BDT,2015,2.08,2.08,,,native_numeric,0,DATASET_11_BANKS_2025-2015_.xlsx,25,M
prime_bank_plc,1,PER-SHARE & PROFITABILITY,EPS,eps,BDT,2016,2.13,2.13,,,native_numeric,0,DATASET_11_BANKS_2025-2015_.xlsx,25,L
prime_bank_plc,1,PER-SHARE & PROFITABILITY,EPS,eps,BDT,2017,1.11,1.11,,,native_numeric,0,DATASET_11_BANKS_2025-2015_.xlsx,25,K
prime_bank_plc,1,PER-SHARE & PROFITABILITY,EPS,eps,BDT,2018,1.94,1.94,,,native_numeric,0,DATASET_11_BANKS_2025-2015_.xlsx,25,J
prime_bank_plc,1,PER-SHARE & PROFITABILITY,EPS,eps,BDT,2019,1.47,1.47,,,native_numeric,0,DATASET_11_BANKS_2025-2015_.xlsx,25,I
prime_bank_plc,1,PER-SHARE & PROFITABILITY,EPS,eps,BDT,2020,1.59,1.59,,,native_numeric,0,DATASET_11_BANKS_2025-2015_.xlsx,25,H
prime_bank_plc,1,PER-SHARE & PROFITABILITY,EPS,eps,BDT,2021,2.75,2.75,,,native_numeric,0,DATASET_11_BANKS_2025-2015_.xlsx,25,G
prime_bank_plc,1,PER-SHARE & PROFITABILITY,EPS,eps,BDT,2022,3.55,3.55,,,native_numeric,0,DATASET_11_BANKS_2025-2015_.xlsx,25,F
prime_bank_plc,1,PER-SHARE & PROFITABILITY,EPS,eps,BDT,2023,4.27,4.27,,,native_numeric,0,DATASET_11_BANKS_2025-2015_.xlsx,25,E
prime_bank_plc,1,PER-SHARE & PROFITABILITY,EPS,eps,BDT,2024,6.42,6.42,,,native_numeric,0,DATASET_11_BANKS_2025-2015_.xlsx,25,D
prime_bank_plc,1,PER-SHARE & PROFITABILITY,EPS,eps,BDT,2025,7.67,7.67,,,native_numeric,0,DATASET_11_BANKS_2025-2015_.xlsx,25,C
prime_bank_plc,1,PER-SHARE & PROFITABILITY,ROA %,roa_pct,%,2015,0.84,0.84,0.84,percent_points,native_numeric,0,DATASET_11_BANKS_2025-2015_.xlsx,26,M
prime_bank_plc,1,PER-SHARE & PROFITABILITY,ROA %,roa_pct,%,2016,0.86,0.86,0.86,percent_points,native_numeric,0,DATASET_11_BANKS_2025-2015_.xlsx,26,L
prime_bank_plc,1,PER-SHARE & PROFITABILITY,ROA %,roa_pct,%,2017,0.45,0.45,0.45,percent_points,native_numeric,0,DATASET_11_BANKS_2025-2015_.xlsx,26,K
prime_bank_plc,1,PER-SHARE & PROFITABILITY,ROA %,roa_pct,%,2018,0.76,0.76,0.76,percent_points,native_numeric,0,DATASET_11_BANKS_2025-2015_.xlsx,26,J
prime_bank_plc,1,PER-SHARE & PROFITABILITY,ROA %,roa_pct,%,2019,0.54,0.54,0.54,percent_points,native_numeric,0,DATASET_11_BANKS_2025-2015_.xlsx,26,I
prime_bank_plc,1,PER-SHARE & PROFITABILITY,ROA %,roa_pct,%,2020,0.54,0.54,0.54,percent_points,native_numeric,0,DATASET_11_BANKS_2025-2015_.xlsx,26,H
prime_bank_plc,1,PER-SHARE & PROFITABILITY,ROA %,roa_pct,%,2021,0.85,0.85,0.85,percent_points,native_numeric,0,DATASET_11_BANKS_2025-2015_.xlsx,26,G
prime_bank_plc,1,PER-SHARE & PROFITABILITY,ROA %,roa_pct,%,2022,0.98,0.98,0.98,percent_points,native_numeric,0,DATASET_11_BANKS_2025-2015_.xlsx,26,F
prime_bank_plc,1,PER-SHARE & PROFITABILITY,ROA %,roa_pct,%,2023,1.07,1.07,1.07,percent_points,native_numeric,0,DATASET_11_BANKS_2025-2015_.xlsx,26,E
prime_bank_plc,1,PER-SHARE & PROFITABILITY,ROA %,roa_pct,%,2024,1.46,1.46,1.46,percent_points,native_numeric,0,DATASET_11_BANKS_2025-2015_.xlsx,26,D
prime_bank_plc,1,PER-SHARE & PROFITABILITY,ROA %,roa_pct,%,2025,1.49,1.49,1.49,percent_points,native_numeric,0,DATASET_11_BANKS_2025-2015_.xlsx,26,C
prime_bank_plc,1,PER-SHARE & PROFITABILITY,ROE %,roe_pct,%,2015,8.41,8.41,8.41,percent_points,native_numeric,0,DATASET_11_BANKS_2025-2015_.xlsx,27,M
prime_bank_plc,1,PER-SHARE & PROFITABILITY,ROE %,roe_pct,%,2016,8.49,8.49,8.49,percent_points,native_numeric,0,DATASET_11_BANKS_2025-2015_.xlsx,27,L
prime_bank_plc,1,PER-SHARE & PROFITABILITY,ROE %,roe_pct,%,2017,5.07,5.07,5.07,percent_points,native_numeric,0,DATASET_11_BANKS_2025-2015_.xlsx,27,K
prime_bank_plc,1,PER-SHARE & PROFITABILITY,ROE %,roe_pct,%,2018,8.31,8.31,8.31,percent_points,native_numeric,0,DATASET_11_BANKS_2025-2015_.xlsx,27,J
prime_bank_plc,1,PER-SHARE & PROFITABILITY,ROE %,roe_pct,%,2019,5.93,5.93,5.93,percent_points,native_numeric,0,DATASET_11_BANKS_2025-2015_.xlsx,27,I
prime_bank_plc,1,PER-SHARE & PROFITABILITY,ROE %,roe_pct,%,2020,6.67,6.67,6.67,percent_points,native_numeric,0,DATASET_11_BANKS_2025-2015_.xlsx,27,H
prime_bank_plc,1,PER-SHARE & PROFITABILITY,ROE %,roe_pct,%,2021,11.18,11.18,11.18,percent_points,native_numeric,0,DATASET_11_BANKS_2025-2015_.xlsx,27,G
prime_bank_plc,1,PER-SHARE & PROFITABILITY,ROE %,roe_pct,%,2022,13.58,13.58,13.58,percent_points,native_numeric,0,DATASET_11_BANKS_2025-2015_.xlsx,27,F
prime_bank_plc,1,PER-SHARE & PROFITABILITY,ROE %,roe_pct,%,2023,15.01,15.01,15.01,percent_points,native_numeric,0,DATASET_11_BANKS_2025-2015_.xlsx,27,E
prime_bank_plc,1,PER-SHARE & PROFITABILITY,ROE %,roe_pct,%,2024,20.56,20.56,20.56,percent_points,native_numeric,0,DATASET_11_BANKS_2025-2015_.xlsx,27,D
prime_bank_plc,1,PER-SHARE & PROFITABILITY,ROE %,roe_pct,%,2025,20.85,20.85,20.85,percent_points,native_numeric,0,DATASET_11_BANKS_2025-2015_.xlsx,27,C
prime_bank_plc,1,ASSET QUALITY,Loan-Deposit Ratio %,loan_deposit_ratio_pct,%,2015,77.95,77.95,77.95,percent_points,native_numeric,0,DATASET_11_BANKS_2025-2015_.xlsx,29,M
prime_bank_plc,1,ASSET QUALITY,Loan-Deposit Ratio %,loan_deposit_ratio_pct,%,2016,85.99,85.99,85.99,percent_points,native_numeric,0,DATASET_11_BANKS_2025-2015_.xlsx,29,L
prime_bank_plc,1,ASSET QUALITY,Loan-Deposit Ratio %,loan_deposit_ratio_pct,%,2017,84.43,84.43,84.43,percent_points,native_numeric,0,DATASET_11_BANKS_2025-2015_.xlsx,29,K
prime_bank_plc,1,ASSET QUALITY,Loan-Deposit Ratio %,loan_deposit_ratio_pct,%,2018,82.65,82.65,82.65,percent_points,native_numeric,0,DATASET_11_BANKS_2025-2015_.xlsx,29,J
prime_bank_plc,1,ASSET QUALITY,Loan-Deposit Ratio %,loan_deposit_ratio_pct,%,2019,80.11,80.11,80.11,percent_points,native_numeric,0,DATASET_11_BANKS_2025-2015_.xlsx,29,I
prime_bank_plc,1,ASSET QUALITY,Loan-Deposit Ratio %,loan_deposit_ratio_pct,%,2020,79.5,79.5,79.5,percent_points,native_numeric,0,DATASET_11_BANKS_2025-2015_.xlsx,29,H
prime_bank_plc,1,ASSET QUALITY,Loan-Deposit Ratio %,loan_deposit_ratio_pct,%,2021,83.99,83.99,83.99,percent_points,native_numeric,0,DATASET_11_BANKS_2025-2015_.xlsx,29,G
prime_bank_plc,1,ASSET QUALITY,Loan-Deposit Ratio %,loan_deposit_ratio_pct,%,2022,85.3,85.3,85.3,percent_points,native_numeric,0,DATASET_11_BANKS_2025-2015_.xlsx,29,F
prime_bank_plc,1,ASSET QUALITY,Loan-Deposit Ratio %,loan_deposit_ratio_pct,%,2023,79.35,79.35,79.35,percent_points,native_numeric,0,DATASET_11_BANKS_2025-2015_.xlsx,29,E
prime_bank_plc,1,ASSET QUALITY,Loan-Deposit Ratio %,loan_deposit_ratio_pct,%,2024,78.1,78.1,78.1,percent_points,native_numeric,0,DATASET_11_BANKS_2025-2015_.xlsx,29,D
prime_bank_plc,1,ASSET QUALITY,Loan-Deposit Ratio %,loan_deposit_ratio_pct,%,2025,68.28,68.28,68.28,percent_points,native_numeric,0,DATASET_11_BANKS_2025-2015_.xlsx,29,C
prime_bank_plc,1,ASSET QUALITY,NPL % (gross),npl_pct_gross,%,2015,7.82,7.82,7.82,percent_points,native_numeric,0,DATASET_11_BANKS_2025-2015_.xlsx,30,M
prime_bank_plc,1,ASSET QUALITY,NPL % (gross),npl_pct_gross,%,2016,5.96,5.96,5.96,percent_points,native_numeric,0,DATASET_11_BANKS_2025-2015_.xlsx,30,L
prime_bank_plc,1,ASSET QUALITY,NPL % (gross),npl_pct_gross,%,2017,5.45,5.45,5.45,percent_points,native_numeric,0,DATASET_11_BANKS_2025-2015_.xlsx,30,K
prime_bank_plc,1,ASSET QUALITY,NPL % (gross),npl_pct_gross,%,2018,6.16,6.16,6.16,percent_points,native_numeric,0,DATASET_11_BANKS_2025-2015_.xlsx,30,J
prime_bank_plc,1,ASSET QUALITY,NPL % (gross),npl_pct_gross,%,2019,4.66,4.66,4.66,percent_points,native_numeric,0,DATASET_11_BANKS_2025-2015_.xlsx,30,I
prime_bank_plc,1,ASSET QUALITY,NPL % (gross),npl_pct_gross,%,2020,3.46,3.46,3.46,percent_points,native_numeric,0,DATASET_11_BANKS_2025-2015_.xlsx,30,H
prime_bank_plc,1,ASSET QUALITY,NPL % (gross),npl_pct_gross,%,2021,4.83,4.83,4.83,percent_points,native_numeric,0,DATASET_11_BANKS_2025-2015_.xlsx,30,G
prime_bank_plc,1,ASSET QUALITY,NPL % (gross),npl_pct_gross,%,2022,3.42,3.42,3.42,percent_points,native_numeric,0,DATASET_11_BANKS_2025-2015_.xlsx,30,F
prime_bank_plc,1,ASSET QUALITY,NPL % (gross),npl_pct_gross,%,2023,3.54,3.54,3.54,percent_points,native_numeric,0,DATASET_11_BANKS_2025-2015_.xlsx,30,E
prime_bank_plc,1,ASSET QUALITY,NPL % (gross),npl_pct_gross,%,2024,4.22,4.22,4.22,percent_points,native_numeric,0,DATASET_11_BANKS_2025-2015_.xlsx,30,D
prime_bank_plc,1,ASSET QUALITY,NPL % (gross),npl_pct_gross,%,2025,2.73,2.73,2.73,percent_points,native_numeric,0,DATASET_11_BANKS_2025-2015_.xlsx,30,C
prime_bank_plc,1,ASSET QUALITY,Provision Coverage %,provision_coverage_pct,%,2015,44.83,44.83,44.83,percent_points_inferred,native_numeric,0,DATASET_11_BANKS_2025-2015_.xlsx,31,M
prime_bank_plc,1,ASSET QUALITY,Provision Coverage %,provision_coverage_pct,%,2016,33.53,33.53,33.53,percent_points_inferred,native_numeric,0,DATASET_11_BANKS_2025-2015_.xlsx,31,L
prime_bank_plc,1,ASSET QUALITY,Provision Coverage %,provision_coverage_pct,%,2017,83.0,83.0,83.0,percent_points_inferred,native_numeric,0,DATASET_11_BANKS_2025-2015_.xlsx,31,K
prime_bank_plc,1,ASSET QUALITY,Provision Coverage %,provision_coverage_pct,%,2018,65.0,65.0,65.0,percent_points_inferred,native_numeric,0,DATASET_11_BANKS_2025-2015_.xlsx,31,J
prime_bank_plc,1,ASSET QUALITY,Provision Coverage %,provision_coverage_pct,%,2019,103.0,103.0,103.0,percent_points_inferred,native_numeric,0,DATASET_11_BANKS_2025-2015_.xlsx,31,I
prime_bank_plc,1,ASSET QUALITY,Provision Coverage %,provision_coverage_pct,%,2020,151.0,151.0,151.0,percent_points_inferred,native_numeric,0,DATASET_11_BANKS_2025-2015_.xlsx,31,H
prime_bank_plc,1,ASSET QUALITY,Provision Coverage %,provision_coverage_pct,%,2021,109.0,109.0,109.0,percent_points_inferred,native_numeric,0,DATASET_11_BANKS_2025-2015_.xlsx,31,G
prime_bank_plc,1,ASSET QUALITY,Provision Coverage %,provision_coverage_pct,%,2022,140.0,140.0,140.0,percent_points_inferred,native_numeric,0,DATASET_11_BANKS_2025-2015_.xlsx,31,F
prime_bank_plc,1,ASSET QUALITY,Provision Coverage %,provision_coverage_pct,%,2023,150.0,150.0,150.0,percent_points_inferred,native_numeric,0,DATASET_11_BANKS_2025-2015_.xlsx,31,E
prime_bank_plc,1,ASSET QUALITY,Provision Coverage %,provision_coverage_pct,%,2024,119.0,119.0,119.0,percent_points_inferred,native_numeric,0,DATASET_11_BANKS_2025-2015_.xlsx,31,D
prime_bank_plc,1,ASSET QUALITY,Provision Coverage %,provision_coverage_pct,%,2025,151.0,151.0,151.0,percent_points_inferred,native_numeric,0,DATASET_11_BANKS_2025-2015_.xlsx,31,C
prime_bank_plc,1,CAPITAL & EFFICIENCY,CRAR % (Group),car_pct,%,2015,12.69,12.69,12.69,percent_points_inferred,native_numeric,0,DATASET_11_BANKS_2025-2015_.xlsx,33,M
prime_bank_plc,1,CAPITAL & EFFICIENCY,CRAR % (Group),car_pct,%,2016,12.3,12.3,12.3,percent_points_inferred,native_numeric,0,DATASET_11_BANKS_2025-2015_.xlsx,33,L
prime_bank_plc,1,CAPITAL & EFFICIENCY,CRAR % (Group),car_pct,%,2017,14.01,14.01,14.01,percent_points_inferred,native_numeric,0,DATASET_11_BANKS_2025-2015_.xlsx,33,K
prime_bank_plc,1,CAPITAL & EFFICIENCY,CRAR % (Group),car_pct,%,2018,17.04,17.04,17.04,percent_points_inferred,native_numeric,0,DATASET_11_BANKS_2025-2015_.xlsx,33,J
prime_bank_plc,1,CAPITAL & EFFICIENCY,CRAR % (Group),car_pct,%,2019,17.42,17.42,17.42,percent_points_inferred,native_numeric,0,DATASET_11_BANKS_2025-2015_.xlsx,33,I
prime_bank_plc,1,CAPITAL & EFFICIENCY,CRAR % (Group),car_pct,%,2020,17.28,17.28,17.28,percent_points_inferred,native_numeric,0,DATASET_11_BANKS_2025-2015_.xlsx,33,H
prime_bank_plc,1,CAPITAL & EFFICIENCY,CRAR % (Group),car_pct,%,2021,17.17,17.17,17.17,percent_points_inferred,native_numeric,0,DATASET_11_BANKS_2025-2015_.xlsx,33,G
prime_bank_plc,1,CAPITAL & EFFICIENCY,CRAR % (Group),car_pct,%,2022,16.78,16.78,16.78,percent_points_inferred,native_numeric,0,DATASET_11_BANKS_2025-2015_.xlsx,33,F
prime_bank_plc,1,CAPITAL & EFFICIENCY,CRAR % (Group),car_pct,%,2023,17.59,17.59,17.59,percent_points_inferred,native_numeric,0,DATASET_11_BANKS_2025-2015_.xlsx,33,E
prime_bank_plc,1,CAPITAL & EFFICIENCY,CRAR % (Group),car_pct,%,2024,17.37,17.37,17.37,percent_points_inferred,native_numeric,0,DATASET_11_BANKS_2025-2015_.xlsx,33,D
prime_bank_plc,1,CAPITAL & EFFICIENCY,CRAR % (Group),car_pct,%,2025,18.07,18.07,18.07,percent_points_inferred,native_numeric,0,DATASET_11_BANKS_2025-2015_.xlsx,33,C
prime_bank_plc,1,CAPITAL & EFFICIENCY,Cost-to-Income Ratio % (Group),cost_income_pct,%,2015,51.71,51.71,51.71,percent_points_inferred,native_numeric,0,DATASET_11_BANKS_2025-2015_.xlsx,34,M
prime_bank_plc,1,CAPITAL & EFFICIENCY,Cost-to-Income Ratio % (Group),cost_income_pct,%,2016,53.75,53.75,53.75,percent_points_inferred,native_numeric,0,DATASET_11_BANKS_2025-2015_.xlsx,34,L
prime_bank_plc,1,CAPITAL & EFFICIENCY,Cost-to-Income Ratio % (Group),cost_income_pct,%,2017,55.98,55.98,55.98,percent_points_inferred,native_numeric,0,DATASET_11_BANKS_2025-2015_.xlsx,34,K
prime_bank_plc,1,CAPITAL & EFFICIENCY,Cost-to-Income Ratio % (Group),cost_income_pct,%,2018,55.66,55.66,55.66,percent_points_inferred,native_numeric,0,DATASET_11_BANKS_2025-2015_.xlsx,34,J
prime_bank_plc,1,CAPITAL & EFFICIENCY,Cost-to-Income Ratio % (Group),cost_income_pct,%,2019,50.82,50.82,50.82,percent_points_inferred,native_numeric,0,DATASET_11_BANKS_2025-2015_.xlsx,34,I
prime_bank_plc,1,CAPITAL & EFFICIENCY,Cost-to-Income Ratio % (Group),cost_income_pct,%,2020,54.88,54.88,54.88,percent_points_inferred,native_numeric,0,DATASET_11_BANKS_2025-2015_.xlsx,34,H
prime_bank_plc,1,CAPITAL & EFFICIENCY,Cost-to-Income Ratio % (Group),cost_income_pct,%,2021,45.24,45.24,45.24,percent_points_inferred,native_numeric,0,DATASET_11_BANKS_2025-2015_.xlsx,34,G
prime_bank_plc,1,CAPITAL & EFFICIENCY,Cost-to-Income Ratio % (Group),cost_income_pct,%,2022,46.99,46.99,46.99,percent_points_inferred,native_numeric,0,DATASET_11_BANKS_2025-2015_.xlsx,34,F
prime_bank_plc,1,CAPITAL & EFFICIENCY,Cost-to-Income Ratio % (Group),cost_income_pct,%,2023,47.12,47.12,47.12,percent_points_inferred,native_numeric,0,DATASET_11_BANKS_2025-2015_.xlsx,34,E
prime_bank_plc,1,CAPITAL & EFFICIENCY,Cost-to-Income Ratio % (Group),cost_income_pct,%,2024,40.15,40.15,40.15,percent_points_inferred,native_numeric,0,DATASET_11_BANKS_2025-2015_.xlsx,34,D
prime_bank_plc,1,CAPITAL & EFFICIENCY,Cost-to-Income Ratio % (Group),cost_income_pct,%,2025,44.23,44.23,44.23,percent_points_inferred,native_numeric,0,DATASET_11_BANKS_2025-2015_.xlsx,34,C
prime_bank_plc,1,DERIVED METRICS,Estimated NPL amount,npl_amount,Tk mn,2015,11882.8,11882.8,,,native_numeric,1,DATASET_11_BANKS_2025-2015_.xlsx,36,M
prime_bank_plc,1,DERIVED METRICS,Estimated NPL amount,npl_amount,Tk mn,2016,10139.48,10139.48,,,native_numeric,1,DATASET_11_BANKS_2025-2015_.xlsx,36,L
prime_bank_plc,1,DERIVED METRICS,Estimated NPL amount,npl_amount,Tk mn,2017,10799.0,10799.0,,,native_numeric,1,DATASET_11_BANKS_2025-2015_.xlsx,36,K
prime_bank_plc,1,DERIVED METRICS,Estimated NPL amount,npl_amount,Tk mn,2018,12686.0,12686.0,,,native_numeric,1,DATASET_11_BANKS_2025-2015_.xlsx,36,J
prime_bank_plc,1,DERIVED METRICS,Estimated NPL amount,npl_amount,Tk mn,2019,9966.0,9966.0,,,native_numeric,1,DATASET_11_BANKS_2025-2015_.xlsx,36,I
prime_bank_plc,1,DERIVED METRICS,Estimated NPL amount,npl_amount,Tk mn,2020,8034.0,8034.0,,,native_numeric,1,DATASET_11_BANKS_2025-2015_.xlsx,36,H
prime_bank_plc,1,DERIVED METRICS,Estimated NPL amount,npl_amount,Tk mn,2021,12713.0,12713.0,,,native_numeric,1,DATASET_11_BANKS_2025-2015_.xlsx,36,G
prime_bank_plc,1,DERIVED METRICS,Estimated NPL amount,npl_amount,Tk mn,2022,10132.0,10132.0,,,native_numeric,1,DATASET_11_BANKS_2025-2015_.xlsx,36,F
prime_bank_plc,1,DERIVED METRICS,Estimated NPL amount,npl_amount,Tk mn,2023,11168.0,11168.0,,,native_numeric,1,DATASET_11_BANKS_2025-2015_.xlsx,36,E
prime_bank_plc,1,DERIVED METRICS,Estimated NPL amount,npl_amount,Tk mn,2024,14489.0,14489.0,,,native_numeric,1,DATASET_11_BANKS_2025-2015_.xlsx,36,D
prime_bank_plc,1,DERIVED METRICS,Estimated NPL amount,npl_amount,Tk mn,2025,9631.0,9631.0,,,native_numeric,1,DATASET_11_BANKS_2025-2015_.xlsx,36,C
prime_bank_plc,1,DERIVED METRICS,NPL / Total Assets %,npl_to_assets_pct,%,2015,4.71,4.71,4.71,percent_points,native_numeric,0,DATASET_11_BANKS_2025-2015_.xlsx,37,M
prime_bank_plc,1,DERIVED METRICS,NPL / Total Assets %,npl_to_assets_pct,%,2016,3.95,3.95,3.95,percent_points,native_numeric,0,DATASET_11_BANKS_2025-2015_.xlsx,37,L
prime_bank_plc,1,DERIVED METRICS,NPL / Total Assets %,npl_to_assets_pct,%,2017,3.84,3.84,3.84,percent_points,native_numeric,0,DATASET_11_BANKS_2025-2015_.xlsx,37,K
prime_bank_plc,1,DERIVED METRICS,NPL / Total Assets %,npl_to_assets_pct,%,2018,4.29,4.29,4.29,percent_points,native_numeric,0,DATASET_11_BANKS_2025-2015_.xlsx,37,J
prime_bank_plc,1,DERIVED METRICS,NPL / Total Assets %,npl_to_assets_pct,%,2019,3.08,3.08,3.08,percent_points,native_numeric,0,DATASET_11_BANKS_2025-2015_.xlsx,37,I
prime_bank_plc,1,DERIVED METRICS,NPL / Total Assets %,npl_to_assets_pct,%,2020,2.32,2.32,2.32,percent_points,native_numeric,0,DATASET_11_BANKS_2025-2015_.xlsx,37,H
prime_bank_plc,1,DERIVED METRICS,NPL / Total Assets %,npl_to_assets_pct,%,2021,3.28,3.28,3.28,percent_points,native_numeric,0,DATASET_11_BANKS_2025-2015_.xlsx,37,G
prime_bank_plc,1,DERIVED METRICS,NPL / Total Assets %,npl_to_assets_pct,%,2022,2.35,2.35,2.35,percent_points,native_numeric,0,DATASET_11_BANKS_2025-2015_.xlsx,37,F
prime_bank_plc,1,DERIVED METRICS,NPL / Total Assets %,npl_to_assets_pct,%,2023,2.37,2.37,2.37,percent_points,native_numeric,0,DATASET_11_BANKS_2025-2015_.xlsx,37,E
prime_bank_plc,1,DERIVED METRICS,NPL / Total Assets %,npl_to_assets_pct,%,2024,2.64,2.64,2.64,percent_points,native_numeric,0,DATASET_11_BANKS_2025-2015_.xlsx,37,D
prime_bank_plc,1,DERIVED METRICS,NPL / Total Assets %,npl_to_assets_pct,%,2025,1.48,1.48,1.48,percent_points,native_numeric,0,DATASET_11_BANKS_2025-2015_.xlsx,37,C
prime_bank_plc,1,DERIVED METRICS,YoY NPAT growth %,yoy_npat_growth_pct,%,2015,N/A,,,percent_points,missing_marker,0,DATASET_11_BANKS_2025-2015_.xlsx,38,M
prime_bank_plc,1,DERIVED METRICS,YoY NPAT growth %,yoy_npat_growth_pct,%,2016,2.62,2.62,2.62,percent_points,native_numeric,0,DATASET_11_BANKS_2025-2015_.xlsx,38,L
prime_bank_plc,1,DERIVED METRICS,YoY NPAT growth %,yoy_npat_growth_pct,%,2017,-11.21,-11.21,-11.21,percent_points,native_numeric,0,DATASET_11_BANKS_2025-2015_.xlsx,38,K
prime_bank_plc,1,DERIVED METRICS,YoY NPAT growth %,yoy_npat_growth_pct,%,2018,75.16,75.16,75.16,percent_points,native_numeric,0,DATASET_11_BANKS_2025-2015_.xlsx,38,J
prime_bank_plc,1,DERIVED METRICS,YoY NPAT growth %,yoy_npat_growth_pct,%,2019,-24.21,-24.21,-24.21,percent_points,native_numeric,0,DATASET_11_BANKS_2025-2015_.xlsx,38,I
prime_bank_plc,1,DERIVED METRICS,YoY NPAT growth %,yoy_npat_growth_pct,%,2020,n/a,,,percent_points,missing_marker,0,DATASET_11_BANKS_2025-2015_.xlsx,38,H
prime_bank_plc,1,DERIVED METRICS,YoY NPAT growth %,yoy_npat_growth_pct,%,2021,73.12,73.12,73.12,percent_points,native_numeric,0,DATASET_11_BANKS_2025-2015_.xlsx,38,G
prime_bank_plc,1,DERIVED METRICS,YoY NPAT growth %,yoy_npat_growth_pct,%,2022,29.28,29.28,29.28,percent_points,native_numeric,0,DATASET_11_BANKS_2025-2015_.xlsx,38,F
prime_bank_plc,1,DERIVED METRICS,YoY NPAT growth %,yoy_npat_growth_pct,%,2023,20.29,20.29,20.29,percent_points,native_numeric,0,DATASET_11_BANKS_2025-2015_.xlsx,38,E
prime_bank_plc,1,DERIVED METRICS,YoY NPAT growth %,yoy_npat_growth_pct,%,2024,53.9,53.9,53.9,percent_points,native_numeric,0,DATASET_11_BANKS_2025-2015_.xlsx,38,D
prime_bank_plc,1,DERIVED METRICS,YoY NPAT growth %,yoy_npat_growth_pct,%,2025,19.58,19.58,19.58,percent_points,native_numeric,0,DATASET_11_BANKS_2025-2015_.xlsx,38,C
prime_bank_plc,1,DERIVED METRICS,YoY Equity growth %,yoy_equity_growth_pct,%,2015,N/A,,,percent_points,missing_marker,0,DATASET_11_BANKS_2025-2015_.xlsx,39,M
prime_bank_plc,1,DERIVED METRICS,YoY Equity growth %,yoy_equity_growth_pct,%,2016,-4.28,-4.28,-4.28,percent_points,native_numeric,0,DATASET_11_BANKS_2025-2015_.xlsx,39,L
prime_bank_plc,1,DERIVED METRICS,YoY Equity growth %,yoy_equity_growth_pct,%,2017,1.64,1.64,1.64,percent_points,native_numeric,0,DATASET_11_BANKS_2025-2015_.xlsx,39,K
prime_bank_plc,1,DERIVED METRICS,YoY Equity growth %,yoy_equity_growth_pct,%,2018,12.02,12.02,12.02,percent_points,native_numeric,0,DATASET_11_BANKS_2025-2015_.xlsx,39,J
prime_bank_plc,1,DERIVED METRICS,YoY Equity growth %,yoy_equity_growth_pct,%,2019,0.92,0.92,0.92,percent_points,native_numeric,0,DATASET_11_BANKS_2025-2015_.xlsx,39,I
prime_bank_plc,1,DERIVED METRICS,YoY Equity growth %,yoy_equity_growth_pct,%,2020,n/a,,,percent_points,missing_marker,0,DATASET_11_BANKS_2025-2015_.xlsx,39,H
prime_bank_plc,1,DERIVED METRICS,YoY Equity growth %,yoy_equity_growth_pct,%,2021,4.12,4.12,4.12,percent_points,native_numeric,0,DATASET_11_BANKS_2025-2015_.xlsx,39,G
prime_bank_plc,1,DERIVED METRICS,YoY Equity growth %,yoy_equity_growth_pct,%,2022,8.76,8.76,8.76,percent_points,native_numeric,0,DATASET_11_BANKS_2025-2015_.xlsx,39,F
prime_bank_plc,1,DERIVED METRICS,YoY Equity growth %,yoy_equity_growth_pct,%,2023,8.91,8.91,8.91,percent_points,native_numeric,0,DATASET_11_BANKS_2025-2015_.xlsx,39,E
prime_bank_plc,1,DERIVED METRICS,YoY Equity growth %,yoy_equity_growth_pct,%,2024,16.08,16.08,16.08,percent_points,native_numeric,0,DATASET_11_BANKS_2025-2015_.xlsx,39,D
prime_bank_plc,1,DERIVED METRICS,YoY Equity growth %,yoy_equity_growth_pct,%,2025,18.9,18.9,18.9,percent_points,native_numeric,0,DATASET_11_BANKS_2025-2015_.xlsx,39,C
pubali_bank_plc,1,BALANCE SHEET (BDT million),Total Assets,total_assets,Tk mn,2015,N/A,,,,missing_marker,0,DATASET_11_BANKS_2025-2015_.xlsx,17,M
pubali_bank_plc,1,BALANCE SHEET (BDT million),Total Assets,total_assets,Tk mn,2016,320361.89,320361.89,,,native_numeric,0,DATASET_11_BANKS_2025-2015_.xlsx,17,L
pubali_bank_plc,1,BALANCE SHEET (BDT million),Total Assets,total_assets,Tk mn,2017,368314.62,368314.62,,,native_numeric,0,DATASET_11_BANKS_2025-2015_.xlsx,17,K
pubali_bank_plc,1,BALANCE SHEET (BDT million),Total Assets,total_assets,Tk mn,2018,409744.09,409744.09,,,native_numeric,0,DATASET_11_BANKS_2025-2015_.xlsx,17,J
pubali_bank_plc,1,BALANCE SHEET (BDT million),Total Assets,total_assets,Tk mn,2019,478074.84,478074.84,,,native_numeric,0,DATASET_11_BANKS_2025-2015_.xlsx,17,I
pubali_bank_plc,1,BALANCE SHEET (BDT million),Total Assets,total_assets,Tk mn,2020,565032.07,565032.07,,,native_numeric,0,DATASET_11_BANKS_2025-2015_.xlsx,17,H
pubali_bank_plc,1,BALANCE SHEET (BDT million),Total Assets,total_assets,Tk mn,2021,629481.34,629481.34,,,native_numeric,0,DATASET_11_BANKS_2025-2015_.xlsx,17,G
pubali_bank_plc,1,BALANCE SHEET (BDT million),Total Assets,total_assets,Tk mn,2022,712755.71,712755.71,,,native_numeric,0,DATASET_11_BANKS_2025-2015_.xlsx,17,F
pubali_bank_plc,1,BALANCE SHEET (BDT million),Total Assets,total_assets,Tk mn,2023,814866.57,814866.57,,,native_numeric,0,DATASET_11_BANKS_2025-2015_.xlsx,17,E
pubali_bank_plc,1,BALANCE SHEET (BDT million),Total Assets,total_assets,Tk mn,2024,981203.16,981203.16,,,native_numeric,0,DATASET_11_BANKS_2025-2015_.xlsx,17,D
pubali_bank_plc,1,BALANCE SHEET (BDT million),Total Assets,total_assets,Tk mn,2025,1180136.62,1180136.62,,,native_numeric,0,DATASET_11_BANKS_2025-2015_.xlsx,17,C
pubali_bank_plc,1,BALANCE SHEET (BDT million),Loans & Advances,loans_advances_gross,Tk mn,2015,N/A,,,,missing_marker,0,DATASET_11_BANKS_2025-2015_.xlsx,18,M
pubali_bank_plc,1,BALANCE SHEET (BDT million),Loans & Advances,loans_advances_gross,Tk mn,2016,203011.23,203011.23,,,native_numeric,0,DATASET_11_BANKS_2025-2015_.xlsx,18,L
pubali_bank_plc,1,BALANCE SHEET (BDT million),Loans & Advances,loans_advances_gross,Tk mn,2017,239539.6,239539.6,,,native_numeric,0,DATASET_11_BANKS_2025-2015_.xlsx,18,K
pubali_bank_plc,1,BALANCE SHEET (BDT million),Loans & Advances,loans_advances_gross,Tk mn,2018,270909.51,270909.51,,,native_numeric,0,DATASET_11_BANKS_2025-2015_.xlsx,18,J
pubali_bank_plc,1,BALANCE SHEET (BDT million),Loans & Advances,loans_advances_gross,Tk mn,2019,287034.67,287034.67,,,native_numeric,0,DATASET_11_BANKS_2025-2015_.xlsx,18,I
pubali_bank_plc,1,BALANCE SHEET (BDT million),Loans & Advances,loans_advances_gross,Tk mn,2020,315578.9,315578.9,,,native_numeric,0,DATASET_11_BANKS_2025-2015_.xlsx,18,H
pubali_bank_plc,1,BALANCE SHEET (BDT million),Loans & Advances,loans_advances_gross,Tk mn,2021,376656.43,376656.43,,,native_numeric,0,DATASET_11_BANKS_2025-2015_.xlsx,18,G
pubali_bank_plc,1,BALANCE SHEET (BDT million),Loans & Advances,loans_advances_gross,Tk mn,2022,461884.13,461884.13,,,native_numeric,0,DATASET_11_BANKS_2025-2015_.xlsx,18,F
pubali_bank_plc,1,BALANCE SHEET (BDT million),Loans & Advances,loans_advances_gross,Tk mn,2023,554495.5,554495.5,,,native_numeric,0,DATASET_11_BANKS_2025-2015_.xlsx,18,E
pubali_bank_plc,1,BALANCE SHEET (BDT million),Loans & Advances,loans_advances_gross,Tk mn,2024,629254.27,629254.27,,,native_numeric,0,DATASET_11_BANKS_2025-2015_.xlsx,18,D
pubali_bank_plc,1,BALANCE SHEET (BDT million),Loans & Advances,loans_advances_gross,Tk mn,2025,711406.26,711406.26,,,native_numeric,0,DATASET_11_BANKS_2025-2015_.xlsx,18,C
pubali_bank_plc,1,BALANCE SHEET (BDT million),Total Deposits,total_deposits,Tk mn,2015,N/A,,,,missing_marker,0,DATASET_11_BANKS_2025-2015_.xlsx,19,M
pubali_bank_plc,1,BALANCE SHEET (BDT million),Total Deposits,total_deposits,Tk mn,2016,247278.5,247278.5,,,native_numeric,0,DATASET_11_BANKS_2025-2015_.xlsx,19,L
pubali_bank_plc,1,BALANCE SHEET (BDT million),Total Deposits,total_deposits,Tk mn,2017,271605.83,271605.83,,,native_numeric,0,DATASET_11_BANKS_2025-2015_.xlsx,19,K
pubali_bank_plc,1,BALANCE SHEET (BDT million),Total Deposits,total_deposits,Tk mn,2018,308899.77,308899.77,,,native_numeric,0,DATASET_11_BANKS_2025-2015_.xlsx,19,J
pubali_bank_plc,1,BALANCE SHEET (BDT million),Total Deposits,total_deposits,Tk mn,2019,359418.89,359418.89,,,native_numeric,0,DATASET_11_BANKS_2025-2015_.xlsx,19,I
pubali_bank_plc,1,BALANCE SHEET (BDT million),Total Deposits,total_deposits,Tk mn,2020,429343.02,429343.02,,,native_numeric,0,DATASET_11_BANKS_2025-2015_.xlsx,19,H
pubali_bank_plc,1,BALANCE SHEET (BDT million),Total Deposits,total_deposits,Tk mn,2021,462400.22,462400.22,,,native_numeric,0,DATASET_11_BANKS_2025-2015_.xlsx,19,G
pubali_bank_plc,1,BALANCE SHEET (BDT million),Total Deposits,total_deposits,Tk mn,2022,510836.52,510836.52,,,native_numeric,0,DATASET_11_BANKS_2025-2015_.xlsx,19,F
pubali_bank_plc,1,BALANCE SHEET (BDT million),Total Deposits,total_deposits,Tk mn,2023,606296.41,606296.41,,,native_numeric,0,DATASET_11_BANKS_2025-2015_.xlsx,19,E
pubali_bank_plc,1,BALANCE SHEET (BDT million),Total Deposits,total_deposits,Tk mn,2024,745231.77,745231.77,,,native_numeric,0,DATASET_11_BANKS_2025-2015_.xlsx,19,D
pubali_bank_plc,1,BALANCE SHEET (BDT million),Total Deposits,total_deposits,Tk mn,2025,895194.94,895194.94,,,native_numeric,0,DATASET_11_BANKS_2025-2015_.xlsx,19,C
pubali_bank_plc,1,BALANCE SHEET (BDT million),Shareholders' Equity,shareholders_equity,Tk mn,2015,N/A,,,,missing_marker,0,DATASET_11_BANKS_2025-2015_.xlsx,20,M
pubali_bank_plc,1,BALANCE SHEET (BDT million),Shareholders' Equity,shareholders_equity,Tk mn,2016,25144.4,25144.4,,,native_numeric,0,DATASET_11_BANKS_2025-2015_.xlsx,20,L
pubali_bank_plc,1,BALANCE SHEET (BDT million),Shareholders' Equity,shareholders_equity,Tk mn,2017,24420.31,24420.31,,,native_numeric,0,DATASET_11_BANKS_2025-2015_.xlsx,20,K
pubali_bank_plc,1,BALANCE SHEET (BDT million),Shareholders' Equity,shareholders_equity,Tk mn,2018,27377.1,27377.1,,,native_numeric,0,DATASET_11_BANKS_2025-2015_.xlsx,20,J
pubali_bank_plc,1,BALANCE SHEET (BDT million),Shareholders' Equity,shareholders_equity,Tk mn,2019,32271.71,32271.71,,,native_numeric,0,DATASET_11_BANKS_2025-2015_.xlsx,20,I
pubali_bank_plc,1,BALANCE SHEET (BDT million),Shareholders' Equity,shareholders_equity,Tk mn,2020,38808.04,38808.04,,,native_numeric,0,DATASET_11_BANKS_2025-2015_.xlsx,20,H
pubali_bank_plc,1,BALANCE SHEET (BDT million),Shareholders' Equity,shareholders_equity,Tk mn,2021,39453.55,39453.55,,,native_numeric,0,DATASET_11_BANKS_2025-2015_.xlsx,20,G
pubali_bank_plc,1,BALANCE SHEET (BDT million),Shareholders' Equity,shareholders_equity,Tk mn,2022,42486.09,42486.09,,,native_numeric,0,DATASET_11_BANKS_2025-2015_.xlsx,20,F
pubali_bank_plc,1,BALANCE SHEET (BDT million),Shareholders' Equity,shareholders_equity,Tk mn,2023,46844.04,46844.04,,,native_numeric,0,DATASET_11_BANKS_2025-2015_.xlsx,20,E
pubali_bank_plc,1,BALANCE SHEET (BDT million),Shareholders' Equity,shareholders_equity,Tk mn,2024,52605.95,52605.95,,,native_numeric,0,DATASET_11_BANKS_2025-2015_.xlsx,20,D
pubali_bank_plc,1,BALANCE SHEET (BDT million),Shareholders' Equity,shareholders_equity,Tk mn,2025,69611.97,69611.97,,,native_numeric,0,DATASET_11_BANKS_2025-2015_.xlsx,20,C
pubali_bank_plc,1,INCOME STATEMENT (BDT million),Net Interest Income,net_interest_income,Tk mn,2015,N/A,,,,missing_marker,0,DATASET_11_BANKS_2025-2015_.xlsx,22,M
pubali_bank_plc,1,INCOME STATEMENT (BDT million),Net Interest Income,net_interest_income,Tk mn,2016,7144.23,7144.23,,,native_numeric,0,DATASET_11_BANKS_2025-2015_.xlsx,22,L
pubali_bank_plc,1,INCOME STATEMENT (BDT million),Net Interest Income,net_interest_income,Tk mn,2017,7855.9,7855.9,,,native_numeric,0,DATASET_11_BANKS_2025-2015_.xlsx,22,K
pubali_bank_plc,1,INCOME STATEMENT (BDT million),Net Interest Income,net_interest_income,Tk mn,2018,9021.49,9021.49,,,native_numeric,0,DATASET_11_BANKS_2025-2015_.xlsx,22,J
pubali_bank_plc,1,INCOME STATEMENT (BDT million),Net Interest Income,net_interest_income,Tk mn,2019,8368.88,8368.88,,,native_numeric,0,DATASET_11_BANKS_2025-2015_.xlsx,22,I
pubali_bank_plc,1,INCOME STATEMENT (BDT million),Net Interest Income,net_interest_income,Tk mn,2020,2865.04,2865.04,,,native_numeric,0,DATASET_11_BANKS_2025-2015_.xlsx,22,H
pubali_bank_plc,1,INCOME STATEMENT (BDT million),Net Interest Income,net_interest_income,Tk mn,2021,836.88,836.88,,,native_numeric,0,DATASET_11_BANKS_2025-2015_.xlsx,22,G
pubali_bank_plc,1,INCOME STATEMENT (BDT million),Net Interest Income,net_interest_income,Tk mn,2022,6572.6,6572.6,,,native_numeric,0,DATASET_11_BANKS_2025-2015_.xlsx,22,F
pubali_bank_plc,1,INCOME STATEMENT (BDT million),Net Interest Income,net_interest_income,Tk mn,2023,10019.77,10019.77,,,native_numeric,0,DATASET_11_BANKS_2025-2015_.xlsx,22,E
pubali_bank_plc,1,INCOME STATEMENT (BDT million),Net Interest Income,net_interest_income,Tk mn,2024,15081.43,15081.43,,,native_numeric,0,DATASET_11_BANKS_2025-2015_.xlsx,22,D
pubali_bank_plc,1,INCOME STATEMENT (BDT million),Net Interest Income,net_interest_income,Tk mn,2025,9495.7,9495.7,,,native_numeric,0,DATASET_11_BANKS_2025-2015_.xlsx,22,C
pubali_bank_plc,1,INCOME STATEMENT (BDT million),Non-Interest Income,non_interest_income,Tk mn,2015,N/A,,,,missing_marker,0,DATASET_11_BANKS_2025-2015_.xlsx,23,M
pubali_bank_plc,1,INCOME STATEMENT (BDT million),Non-Interest Income,non_interest_income,Tk mn,2016,6804.81,6804.81,,,native_numeric,0,DATASET_11_BANKS_2025-2015_.xlsx,23,L
pubali_bank_plc,1,INCOME STATEMENT (BDT million),Non-Interest Income,non_interest_income,Tk mn,2017,8293.92,8293.92,,,native_numeric,0,DATASET_11_BANKS_2025-2015_.xlsx,23,K
pubali_bank_plc,1,INCOME STATEMENT (BDT million),Non-Interest Income,non_interest_income,Tk mn,2018,8237.97,8237.97,,,native_numeric,0,DATASET_11_BANKS_2025-2015_.xlsx,23,J
pubali_bank_plc,1,INCOME STATEMENT (BDT million),Non-Interest Income,non_interest_income,Tk mn,2019,10041.0,10041.0,,,native_numeric,0,DATASET_11_BANKS_2025-2015_.xlsx,23,I
pubali_bank_plc,1,INCOME STATEMENT (BDT million),Non-Interest Income,non_interest_income,Tk mn,2020,15458.99,15458.99,,,native_numeric,0,DATASET_11_BANKS_2025-2015_.xlsx,23,H
pubali_bank_plc,1,INCOME STATEMENT (BDT million),Non-Interest Income,non_interest_income,Tk mn,2021,3616.72,3616.72,,,native_numeric,0,DATASET_11_BANKS_2025-2015_.xlsx,23,G
pubali_bank_plc,1,INCOME STATEMENT (BDT million),Non-Interest Income,non_interest_income,Tk mn,2022,4881.74,4881.74,,,native_numeric,0,DATASET_11_BANKS_2025-2015_.xlsx,23,F
pubali_bank_plc,1,INCOME STATEMENT (BDT million),Non-Interest Income,non_interest_income,Tk mn,2023,4897.96,4897.96,,,native_numeric,0,DATASET_11_BANKS_2025-2015_.xlsx,23,E
pubali_bank_plc,1,INCOME STATEMENT (BDT million),Non-Interest Income,non_interest_income,Tk mn,2024,6545.02,6545.02,,,native_numeric,0,DATASET_11_BANKS_2025-2015_.xlsx,23,D
pubali_bank_plc,1,INCOME STATEMENT (BDT million),Non-Interest Income,non_interest_income,Tk mn,2025,7126.15,7126.15,,,native_numeric,0,DATASET_11_BANKS_2025-2015_.xlsx,23,C
pubali_bank_plc,1,INCOME STATEMENT (BDT million),Net Profit After Tax,net_profit_after_tax,Tk mn,2015,N/A,,,,missing_marker,0,DATASET_11_BANKS_2025-2015_.xlsx,24,M
pubali_bank_plc,1,INCOME STATEMENT (BDT million),Net Profit After Tax,net_profit_after_tax,Tk mn,2016,1334.95,1334.95,,,native_numeric,0,DATASET_11_BANKS_2025-2015_.xlsx,24,L
pubali_bank_plc,1,INCOME STATEMENT (BDT million),Net Profit After Tax,net_profit_after_tax,Tk mn,2017,-281.2,-281.2,,,native_numeric,0,DATASET_11_BANKS_2025-2015_.xlsx,24,K
pubali_bank_plc,1,INCOME STATEMENT (BDT million),Net Profit After Tax,net_profit_after_tax,Tk mn,2018,3424.06,3424.06,,,native_numeric,0,DATASET_11_BANKS_2025-2015_.xlsx,24,J
pubali_bank_plc,1,INCOME STATEMENT (BDT million),Net Profit After Tax,net_profit_after_tax,Tk mn,2019,2143.27,2143.27,,,native_numeric,0,DATASET_11_BANKS_2025-2015_.xlsx,24,I
pubali_bank_plc,1,INCOME STATEMENT (BDT million),Net Profit After Tax,net_profit_after_tax,Tk mn,2020,3669.51,3669.51,,,native_numeric,0,DATASET_11_BANKS_2025-2015_.xlsx,24,H
pubali_bank_plc,1,INCOME STATEMENT (BDT million),Net Profit After Tax,net_profit_after_tax,Tk mn,2021,3904.55,3904.55,,,native_numeric,0,DATASET_11_BANKS_2025-2015_.xlsx,24,G
pubali_bank_plc,1,INCOME STATEMENT (BDT million),Net Profit After Tax,net_profit_after_tax,Tk mn,2022,5321.77,5321.77,,,native_numeric,0,DATASET_11_BANKS_2025-2015_.xlsx,24,F
pubali_bank_plc,1,INCOME STATEMENT (BDT million),Net Profit After Tax,net_profit_after_tax,Tk mn,2023,6808.47,6808.47,,,native_numeric,0,DATASET_11_BANKS_2025-2015_.xlsx,24,E
pubali_bank_plc,1,INCOME STATEMENT (BDT million),Net Profit After Tax,net_profit_after_tax,Tk mn,2024,7624.52,7624.52,,,native_numeric,0,DATASET_11_BANKS_2025-2015_.xlsx,24,D
pubali_bank_plc,1,INCOME STATEMENT (BDT million),Net Profit After Tax,net_profit_after_tax,Tk mn,2025,10795.56,10795.56,,,native_numeric,0,DATASET_11_BANKS_2025-2015_.xlsx,24,C
pubali_bank_plc,1,PER-SHARE & PROFITABILITY,EPS,eps,BDT,2015,N/A,,,,missing_marker,0,DATASET_11_BANKS_2025-2015_.xlsx,26,M
pubali_bank_plc,1,PER-SHARE & PROFITABILITY,EPS,eps,BDT,2016,1.4,1.4,,,native_numeric,0,DATASET_11_BANKS_2025-2015_.xlsx,26,L
pubali_bank_plc,1,PER-SHARE & PROFITABILITY,EPS,eps,BDT,2017,-0.28,-0.28,,,native_numeric,0,DATASET_11_BANKS_2025-2015_.xlsx,26,K
pubali_bank_plc,1,PER-SHARE & PROFITABILITY,EPS,eps,BDT,2018,3.33,3.33,,,native_numeric,0,DATASET_11_BANKS_2025-2015_.xlsx,26,J
pubali_bank_plc,1,PER-SHARE & PROFITABILITY,EPS,eps,BDT,2019,2.08,2.08,,,native_numeric,0,DATASET_11_BANKS_2025-2015_.xlsx,26,I
pubali_bank_plc,1,PER-SHARE & PROFITABILITY,EPS,eps,BDT,2020,3.57,3.57,,,native_numeric,0,DATASET_11_BANKS_2025-2015_.xlsx,26,H
pubali_bank_plc,1,PER-SHARE & PROFITABILITY,EPS,eps,BDT,2021,3.8,3.8,,,native_numeric,0,DATASET_11_BANKS_2025-2015_.xlsx,26,G
pubali_bank_plc,1,PER-SHARE & PROFITABILITY,EPS,eps,BDT,2022,5.18,5.18,,,native_numeric,0,DATASET_11_BANKS_2025-2015_.xlsx,26,F
pubali_bank_plc,1,PER-SHARE & PROFITABILITY,EPS,eps,BDT,2023,5.89,5.89,,,native_numeric,0,DATASET_11_BANKS_2025-2015_.xlsx,26,E
pubali_bank_plc,1,PER-SHARE & PROFITABILITY,EPS,eps,BDT,2024,5.86,5.86,,,native_numeric,0,DATASET_11_BANKS_2025-2015_.xlsx,26,D
pubali_bank_plc,1,PER-SHARE & PROFITABILITY,EPS,eps,BDT,2025,8.3,8.3,,,native_numeric,0,DATASET_11_BANKS_2025-2015_.xlsx,26,C
pubali_bank_plc,1,PER-SHARE & PROFITABILITY,ROA %,roa_pct,%,2015,N/A,,,fraction,missing_marker,0,DATASET_11_BANKS_2025-2015_.xlsx,27,M
pubali_bank_plc,1,PER-SHARE & PROFITABILITY,ROA %,roa_pct,%,2016,0.0042,0.0042,0.42,fraction,native_numeric,0,DATASET_11_BANKS_2025-2015_.xlsx,27,L
pubali_bank_plc,1,PER-SHARE & PROFITABILITY,ROA %,roa_pct,%,2017,-0.0008,-0.0008,-0.08,fraction,native_numeric,0,DATASET_11_BANKS_2025-2015_.xlsx,27,K
pubali_bank_plc,1,PER-SHARE & PROFITABILITY,ROA %,roa_pct,%,2018,0.0084,0.0084,0.84,fraction,native_numeric,0,DATASET_11_BANKS_2025-2015_.xlsx,27,J
pubali_bank_plc,1,PER-SHARE & PROFITABILITY,ROA %,roa_pct,%,2019,0.0045,0.0045,0.44999999999999996,fraction,native_numeric,0,DATASET_11_BANKS_2025-2015_.xlsx,27,I
pubali_bank_plc,1,PER-SHARE & PROFITABILITY,ROA %,roa_pct,%,2020,0.0065,0.0065,0.65,fraction,native_numeric,0,DATASET_11_BANKS_2025-2015_.xlsx,27,H
pubali_bank_plc,1,PER-SHARE & PROFITABILITY,ROA %,roa_pct,%,2021,0.0065,0.0065,0.65,fraction,native_numeric,0,DATASET_11_BANKS_2025-2015_.xlsx,27,G
pubali_bank_plc,1,PER-SHARE & PROFITABILITY,ROA %,roa_pct,%,2022,0.0079,0.0079,0.79,fraction,native_numeric,0,DATASET_11_BANKS_2025-2015_.xlsx,27,F
pubali_bank_plc,1,PER-SHARE & PROFITABILITY,ROA %,roa_pct,%,2023,0.0089,0.0089,0.89,fraction,native_numeric,0,DATASET_11_BANKS_2025-2015_.xlsx,27,E
pubali_bank_plc,1,PER-SHARE & PROFITABILITY,ROA %,roa_pct,%,2024,0.0085,0.0085,0.8500000000000001,fraction,native_numeric,0,DATASET_11_BANKS_2025-2015_.xlsx,27,D
pubali_bank_plc,1,PER-SHARE & PROFITABILITY,ROA %,roa_pct,%,2025,0.01,0.01,1.0,fraction,native_numeric,0,DATASET_11_BANKS_2025-2015_.xlsx,27,C
pubali_bank_plc,1,PER-SHARE & PROFITABILITY,ROE %,roe_pct,%,2015,N/A,,,fraction,missing_marker,0,DATASET_11_BANKS_2025-2015_.xlsx,28,M
pubali_bank_plc,1,PER-SHARE & PROFITABILITY,ROE %,roe_pct,%,2016,0.0531,0.0531,5.3100000000000005,fraction,native_numeric,0,DATASET_11_BANKS_2025-2015_.xlsx,28,L
pubali_bank_plc,1,PER-SHARE & PROFITABILITY,ROE %,roe_pct,%,2017,-0.0115,-0.0115,-1.15,fraction,native_numeric,0,DATASET_11_BANKS_2025-2015_.xlsx,28,K
pubali_bank_plc,1,PER-SHARE & PROFITABILITY,ROE %,roe_pct,%,2018,0.1251,0.1251,12.509999999999998,fraction,native_numeric,0,DATASET_11_BANKS_2025-2015_.xlsx,28,J
pubali_bank_plc,1,PER-SHARE & PROFITABILITY,ROE %,roe_pct,%,2019,0.0751,0.0751,7.51,fraction,native_numeric,0,DATASET_11_BANKS_2025-2015_.xlsx,28,I
pubali_bank_plc,1,PER-SHARE & PROFITABILITY,ROE %,roe_pct,%,2020,0.0946,0.0946,9.46,fraction,native_numeric,0,DATASET_11_BANKS_2025-2015_.xlsx,28,H
pubali_bank_plc,1,PER-SHARE & PROFITABILITY,ROE %,roe_pct,%,2021,0.0982,0.0982,9.82,fraction,native_numeric,0,DATASET_11_BANKS_2025-2015_.xlsx,28,G
pubali_bank_plc,1,PER-SHARE & PROFITABILITY,ROE %,roe_pct,%,2022,0.1253,0.1253,12.53,fraction,native_numeric,0,DATASET_11_BANKS_2025-2015_.xlsx,28,F
pubali_bank_plc,1,PER-SHARE & PROFITABILITY,ROE %,roe_pct,%,2023,0.1526,0.1526,15.260000000000002,fraction,native_numeric,0,DATASET_11_BANKS_2025-2015_.xlsx,28,E
pubali_bank_plc,1,PER-SHARE & PROFITABILITY,ROE %,roe_pct,%,2024,0.1457,0.1457,14.57,fraction,native_numeric,0,DATASET_11_BANKS_2025-2015_.xlsx,28,D
pubali_bank_plc,1,PER-SHARE & PROFITABILITY,ROE %,roe_pct,%,2025,0.1551,0.1551,15.509999999999998,fraction,native_numeric,0,DATASET_11_BANKS_2025-2015_.xlsx,28,C
pubali_bank_plc,1,ASSET QUALITY,Loan-Deposit Ratio %,loan_deposit_ratio_pct,%,2015,N/A,,,fraction,missing_marker,0,DATASET_11_BANKS_2025-2015_.xlsx,30,M
pubali_bank_plc,1,ASSET QUALITY,Loan-Deposit Ratio %,loan_deposit_ratio_pct,%,2016,0.821,0.821,82.1,fraction,native_numeric,0,DATASET_11_BANKS_2025-2015_.xlsx,30,L
pubali_bank_plc,1,ASSET QUALITY,Loan-Deposit Ratio %,loan_deposit_ratio_pct,%,2017,0.8334,0.8334,83.34,fraction,native_numeric,0,DATASET_11_BANKS_2025-2015_.xlsx,30,K
pubali_bank_plc,1,ASSET QUALITY,Loan-Deposit Ratio %,loan_deposit_ratio_pct,%,2018,0.8294,0.8294,82.94,fraction,native_numeric,0,DATASET_11_BANKS_2025-2015_.xlsx,30,J
pubali_bank_plc,1,ASSET QUALITY,Loan-Deposit Ratio %,loan_deposit_ratio_pct,%,2019,0.7621,0.7621,76.21,fraction,native_numeric,0,DATASET_11_BANKS_2025-2015_.xlsx,30,I
pubali_bank_plc,1,ASSET QUALITY,Loan-Deposit Ratio %,loan_deposit_ratio_pct,%,2020,0.7071,0.7071,70.71,fraction,native_numeric,0,DATASET_11_BANKS_2025-2015_.xlsx,30,H
pubali_bank_plc,1,ASSET QUALITY,Loan-Deposit Ratio %,loan_deposit_ratio_pct,%,2021,0.7758,0.7758,77.58,fraction,native_numeric,0,DATASET_11_BANKS_2025-2015_.xlsx,30,G
pubali_bank_plc,1,ASSET QUALITY,Loan-Deposit Ratio %,loan_deposit_ratio_pct,%,2022,0.8479,0.8479,84.78999999999999,fraction,native_numeric,0,DATASET_11_BANKS_2025-2015_.xlsx,30,F
pubali_bank_plc,1,ASSET QUALITY,Loan-Deposit Ratio %,loan_deposit_ratio_pct,%,2023,0.8685,0.8685,86.85000000000001,fraction,native_numeric,0,DATASET_11_BANKS_2025-2015_.xlsx,30,E
pubali_bank_plc,1,ASSET QUALITY,Loan-Deposit Ratio %,loan_deposit_ratio_pct,%,2024,0.7732,0.7732,77.32,fraction,native_numeric,0,DATASET_11_BANKS_2025-2015_.xlsx,30,D
pubali_bank_plc,1,ASSET QUALITY,Loan-Deposit Ratio %,loan_deposit_ratio_pct,%,2025,0.7253,0.7253,72.53,fraction,native_numeric,0,DATASET_11_BANKS_2025-2015_.xlsx,30,C
pubali_bank_plc,1,ASSET QUALITY,NPL % (gross),npl_pct_gross,%,2015,N/A,,,fraction,missing_marker,0,DATASET_11_BANKS_2025-2015_.xlsx,31,M
pubali_bank_plc,1,ASSET QUALITY,NPL % (gross),npl_pct_gross,%,2016,0.0538,0.0538,5.38,fraction,native_numeric,0,DATASET_11_BANKS_2025-2015_.xlsx,31,L
pubali_bank_plc,1,ASSET QUALITY,NPL % (gross),npl_pct_gross,%,2017,0.0868,0.0868,8.68,fraction,native_numeric,0,DATASET_11_BANKS_2025-2015_.xlsx,31,K
pubali_bank_plc,1,ASSET QUALITY,NPL % (gross),npl_pct_gross,%,2018,0.0546,0.0546,5.46,fraction,native_numeric,0,DATASET_11_BANKS_2025-2015_.xlsx,31,J
pubali_bank_plc,1,ASSET QUALITY,NPL % (gross),npl_pct_gross,%,2019,0.0438,0.0438,4.38,fraction,native_numeric,0,DATASET_11_BANKS_2025-2015_.xlsx,31,I
pubali_bank_plc,1,ASSET QUALITY,NPL % (gross),npl_pct_gross,%,2020,0.0273,0.0273,2.73,fraction,native_numeric,0,DATASET_11_BANKS_2025-2015_.xlsx,31,H
pubali_bank_plc,1,ASSET QUALITY,NPL % (gross),npl_pct_gross,%,2021,0.0305,0.0305,3.05,fraction,native_numeric,0,DATASET_11_BANKS_2025-2015_.xlsx,31,G
pubali_bank_plc,1,ASSET QUALITY,NPL % (gross),npl_pct_gross,%,2022,0.0262,0.0262,2.62,fraction,native_numeric,0,DATASET_11_BANKS_2025-2015_.xlsx,31,F
pubali_bank_plc,1,ASSET QUALITY,NPL % (gross),npl_pct_gross,%,2023,0.0286,0.0286,2.86,fraction,native_numeric,0,DATASET_11_BANKS_2025-2015_.xlsx,31,E
pubali_bank_plc,1,ASSET QUALITY,NPL % (gross),npl_pct_gross,%,2024,0.0436,0.0436,4.36,fraction,native_numeric,0,DATASET_11_BANKS_2025-2015_.xlsx,31,D
pubali_bank_plc,1,ASSET QUALITY,NPL % (gross),npl_pct_gross,%,2025,0.022,0.022,2.1999999999999997,fraction,native_numeric,0,DATASET_11_BANKS_2025-2015_.xlsx,31,C
pubali_bank_plc,1,ASSET QUALITY,Provision Coverage %,provision_coverage_pct,%,2015,N/A,,,fraction_inferred,missing_marker,0,DATASET_11_BANKS_2025-2015_.xlsx,32,M
pubali_bank_plc,1,ASSET QUALITY,Provision Coverage %,provision_coverage_pct,%,2016,1.0697,1.0697,106.97000000000001,fraction_inferred,native_numeric,0,DATASET_11_BANKS_2025-2015_.xlsx,32,L
pubali_bank_plc,1,ASSET QUALITY,Provision Coverage %,provision_coverage_pct,%,2017,1.0001,1.0001,100.01,fraction_inferred,native_numeric,0,DATASET_11_BANKS_2025-2015_.xlsx,32,K
pubali_bank_plc,1,ASSET QUALITY,Provision Coverage %,provision_coverage_pct,%,2018,1.0,1.0,100.0,fraction_inferred,native_numeric,0,DATASET_11_BANKS_2025-2015_.xlsx,32,J
pubali_bank_plc,1,ASSET QUALITY,Provision Coverage %,provision_coverage_pct,%,2019,1.0001,1.0001,100.01,fraction_inferred,native_numeric,0,DATASET_11_BANKS_2025-2015_.xlsx,32,I
pubali_bank_plc,1,ASSET QUALITY,Provision Coverage %,provision_coverage_pct,%,2020,1.0619,1.0619,106.19000000000001,fraction_inferred,native_numeric,0,DATASET_11_BANKS_2025-2015_.xlsx,32,H
pubali_bank_plc,1,ASSET QUALITY,Provision Coverage %,provision_coverage_pct,%,2021,1.0011,1.0011,100.11000000000001,fraction_inferred,native_numeric,0,DATASET_11_BANKS_2025-2015_.xlsx,32,G
pubali_bank_plc,1,ASSET QUALITY,Provision Coverage %,provision_coverage_pct,%,2022,1.0013,1.0013,100.13000000000001,fraction_inferred,native_numeric,0,DATASET_11_BANKS_2025-2015_.xlsx,32,F
pubali_bank_plc,1,ASSET QUALITY,Provision Coverage %,provision_coverage_pct,%,2023,1.0031,1.0031,100.31000000000002,fraction_inferred,native_numeric,0,DATASET_11_BANKS_2025-2015_.xlsx,32,E
pubali_bank_plc,1,ASSET QUALITY,Provision Coverage %,provision_coverage_pct,%,2024,1.0015,1.0015,100.15,fraction_inferred,native_numeric,0,DATASET_11_BANKS_2025-2015_.xlsx,32,D
pubali_bank_plc,1,ASSET QUALITY,Provision Coverage %,provision_coverage_pct,%,2025,1.0,1.0,100.0,fraction_inferred,native_numeric,0,DATASET_11_BANKS_2025-2015_.xlsx,32,C
pubali_bank_plc,1,CAPITAL & EFFICIENCY,CRAR % (Group),car_pct,%,2015,N/A,,,fraction_inferred,missing_marker,0,DATASET_11_BANKS_2025-2015_.xlsx,34,M
pubali_bank_plc,1,CAPITAL & EFFICIENCY,CRAR % (Group),car_pct,%,2016,0.1122,0.1122,11.219999999999999,fraction_inferred,native_numeric,0,DATASET_11_BANKS_2025-2015_.xlsx,34,L
pubali_bank_plc,1,CAPITAL & EFFICIENCY,CRAR % (Group),car_pct,%,2017,0.1234,0.1234,12.34,fraction_inferred,native_numeric,0,DATASET_11_BANKS_2025-2015_.xlsx,34,K
pubali_bank_plc,1,CAPITAL & EFFICIENCY,CRAR % (Group),car_pct,%,2018,0.1217,0.1217,12.17,fraction_inferred,native_numeric,0,DATASET_11_BANKS_2025-2015_.xlsx,34,J
pubali_bank_plc,1,CAPITAL & EFFICIENCY,CRAR % (Group),car_pct,%,2019,0.138,0.138,13.8,fraction_inferred,native_numeric,0,DATASET_11_BANKS_2025-2015_.xlsx,34,I
pubali_bank_plc,1,CAPITAL & EFFICIENCY,CRAR % (Group),car_pct,%,2020,0.1473,0.1473,14.729999999999999,fraction_inferred,native_numeric,0,DATASET_11_BANKS_2025-2015_.xlsx,34,H
pubali_bank_plc,1,CAPITAL & EFFICIENCY,CRAR % (Group),car_pct,%,2021,0.1423,0.1423,14.23,fraction_inferred,native_numeric,0,DATASET_11_BANKS_2025-2015_.xlsx,34,G
pubali_bank_plc,1,CAPITAL & EFFICIENCY,CRAR % (Group),car_pct,%,2022,0.1384,0.1384,13.84,fraction_inferred,native_numeric,0,DATASET_11_BANKS_2025-2015_.xlsx,34,F
pubali_bank_plc,1,CAPITAL & EFFICIENCY,CRAR % (Group),car_pct,%,2023,0.1387,0.1387,13.87,fraction_inferred,native_numeric,0,DATASET_11_BANKS_2025-2015_.xlsx,34,E
pubali_bank_plc,1,CAPITAL & EFFICIENCY,CRAR % (Group),car_pct,%,2024,0.1377,0.1377,13.77,fraction_inferred,native_numeric,0,DATASET_11_BANKS_2025-2015_.xlsx,34,D
pubali_bank_plc,1,CAPITAL & EFFICIENCY,CRAR % (Group),car_pct,%,2025,0.1534,0.1534,15.340000000000002,fraction_inferred,native_numeric,0,DATASET_11_BANKS_2025-2015_.xlsx,34,C
pubali_bank_plc,1,CAPITAL & EFFICIENCY,Cost-to-Income Ratio % (Group),cost_income_pct,%,2015,N/A,,,fraction_inferred,missing_marker,0,DATASET_11_BANKS_2025-2015_.xlsx,35,M
pubali_bank_plc,1,CAPITAL & EFFICIENCY,Cost-to-Income Ratio % (Group),cost_income_pct,%,2016,0.53,0.53,53.0,fraction_inferred,native_numeric,0,DATASET_11_BANKS_2025-2015_.xlsx,35,L
pubali_bank_plc,1,CAPITAL & EFFICIENCY,Cost-to-Income Ratio % (Group),cost_income_pct,%,2017,0.4948,0.4948,49.480000000000004,fraction_inferred,native_numeric,0,DATASET_11_BANKS_2025-2015_.xlsx,35,K
pubali_bank_plc,1,CAPITAL & EFFICIENCY,Cost-to-Income Ratio % (Group),cost_income_pct,%,2018,0.4868,0.4868,48.68,fraction_inferred,native_numeric,0,DATASET_11_BANKS_2025-2015_.xlsx,35,J
pubali_bank_plc,1,CAPITAL & EFFICIENCY,Cost-to-Income Ratio % (Group),cost_income_pct,%,2019,0.4863,0.4863,48.63,fraction_inferred,native_numeric,0,DATASET_11_BANKS_2025-2015_.xlsx,35,I
pubali_bank_plc,1,CAPITAL & EFFICIENCY,Cost-to-Income Ratio % (Group),cost_income_pct,%,2020,0.5427,0.5427,54.269999999999996,fraction_inferred,native_numeric,0,DATASET_11_BANKS_2025-2015_.xlsx,35,H
pubali_bank_plc,1,CAPITAL & EFFICIENCY,Cost-to-Income Ratio % (Group),cost_income_pct,%,2021,0.5308,0.5308,53.080000000000005,fraction_inferred,native_numeric,0,DATASET_11_BANKS_2025-2015_.xlsx,35,G
pubali_bank_plc,1,CAPITAL & EFFICIENCY,Cost-to-Income Ratio % (Group),cost_income_pct,%,2022,0.55,0.55,55.00000000000001,fraction_inferred,native_numeric,0,DATASET_11_BANKS_2025-2015_.xlsx,35,F
pubali_bank_plc,1,CAPITAL & EFFICIENCY,Cost-to-Income Ratio % (Group),cost_income_pct,%,2023,0.4975,0.4975,49.75,fraction_inferred,native_numeric,0,DATASET_11_BANKS_2025-2015_.xlsx,35,E
pubali_bank_plc,1,CAPITAL & EFFICIENCY,Cost-to-Income Ratio % (Group),cost_income_pct,%,2024,0.4605,0.4605,46.050000000000004,fraction_inferred,native_numeric,0,DATASET_11_BANKS_2025-2015_.xlsx,35,D
pubali_bank_plc,1,CAPITAL & EFFICIENCY,Cost-to-Income Ratio % (Group),cost_income_pct,%,2025,0.4447,0.4447,44.47,fraction_inferred,native_numeric,0,DATASET_11_BANKS_2025-2015_.xlsx,35,C
pubali_bank_plc,1,DERIVED METRICS,Estimated NPL amount,npl_amount,Tk mn,2015,N/A,,,,missing_marker,1,DATASET_11_BANKS_2025-2015_.xlsx,37,M
pubali_bank_plc,1,DERIVED METRICS,Estimated NPL amount,npl_amount,Tk mn,2016,10921.46,10921.46,,,native_numeric,1,DATASET_11_BANKS_2025-2015_.xlsx,37,L
pubali_bank_plc,1,DERIVED METRICS,Estimated NPL amount,npl_amount,Tk mn,2017,20786.94,20786.94,,,native_numeric,1,DATASET_11_BANKS_2025-2015_.xlsx,37,K
pubali_bank_plc,1,DERIVED METRICS,Estimated NPL amount,npl_amount,Tk mn,2018,14778.27,14778.27,,,native_numeric,1,DATASET_11_BANKS_2025-2015_.xlsx,37,J
pubali_bank_plc,1,DERIVED METRICS,Estimated NPL amount,npl_amount,Tk mn,2019,12560.6,12560.6,,,native_numeric,1,DATASET_11_BANKS_2025-2015_.xlsx,37,I
pubali_bank_plc,1,DERIVED METRICS,Estimated NPL amount,npl_amount,Tk mn,2020,8622.01,8622.01,,,native_numeric,1,DATASET_11_BANKS_2025-2015_.xlsx,37,H
pubali_bank_plc,1,DERIVED METRICS,Estimated NPL amount,npl_amount,Tk mn,2021,11480.11,11480.11,,,native_numeric,1,DATASET_11_BANKS_2025-2015_.xlsx,37,G
pubali_bank_plc,1,DERIVED METRICS,Estimated NPL amount,npl_amount,Tk mn,2022,12121.23,12121.23,,,native_numeric,1,DATASET_11_BANKS_2025-2015_.xlsx,37,F
pubali_bank_plc,1,DERIVED METRICS,Estimated NPL amount,npl_amount,Tk mn,2023,15862.02,15862.02,,,native_numeric,1,DATASET_11_BANKS_2025-2015_.xlsx,37,E
pubali_bank_plc,1,DERIVED METRICS,Estimated NPL amount,npl_amount,Tk mn,2024,27407.76,27407.76,,,native_numeric,1,DATASET_11_BANKS_2025-2015_.xlsx,37,D
pubali_bank_plc,1,DERIVED METRICS,Estimated NPL amount,npl_amount,Tk mn,2025,15643.59,15643.59,,,native_numeric,1,DATASET_11_BANKS_2025-2015_.xlsx,37,C
pubali_bank_plc,1,DERIVED METRICS,NPL / Total Assets %,npl_to_assets_pct,%,2015,N/A,,,fraction,missing_marker,0,DATASET_11_BANKS_2025-2015_.xlsx,38,M
pubali_bank_plc,1,DERIVED METRICS,NPL / Total Assets %,npl_to_assets_pct,%,2016,0.0341,0.0341,3.4099999999999997,fraction,native_numeric,0,DATASET_11_BANKS_2025-2015_.xlsx,38,L
pubali_bank_plc,1,DERIVED METRICS,NPL / Total Assets %,npl_to_assets_pct,%,2017,0.0564,0.0564,5.64,fraction,native_numeric,0,DATASET_11_BANKS_2025-2015_.xlsx,38,K
pubali_bank_plc,1,DERIVED METRICS,NPL / Total Assets %,npl_to_assets_pct,%,2018,0.0361,0.0361,3.61,fraction,native_numeric,0,DATASET_11_BANKS_2025-2015_.xlsx,38,J
pubali_bank_plc,1,DERIVED METRICS,NPL / Total Assets %,npl_to_assets_pct,%,2019,0.0263,0.0263,2.63,fraction,native_numeric,0,DATASET_11_BANKS_2025-2015_.xlsx,38,I
pubali_bank_plc,1,DERIVED METRICS,NPL / Total Assets %,npl_to_assets_pct,%,2020,0.0153,0.0153,1.53,fraction,native_numeric,0,DATASET_11_BANKS_2025-2015_.xlsx,38,H
pubali_bank_plc,1,DERIVED METRICS,NPL / Total Assets %,npl_to_assets_pct,%,2021,0.0182,0.0182,1.82,fraction,native_numeric,0,DATASET_11_BANKS_2025-2015_.xlsx,38,G
pubali_bank_plc,1,DERIVED METRICS,NPL / Total Assets %,npl_to_assets_pct,%,2022,0.017,0.017,1.7000000000000002,fraction,native_numeric,0,DATASET_11_BANKS_2025-2015_.xlsx,38,F
pubali_bank_plc,1,DERIVED METRICS,NPL / Total Assets %,npl_to_assets_pct,%,2023,0.0195,0.0195,1.95,fraction,native_numeric,0,DATASET_11_BANKS_2025-2015_.xlsx,38,E
pubali_bank_plc,1,DERIVED METRICS,NPL / Total Assets %,npl_to_assets_pct,%,2024,0.0279,0.0279,2.79,fraction,native_numeric,0,DATASET_11_BANKS_2025-2015_.xlsx,38,D
pubali_bank_plc,1,DERIVED METRICS,NPL / Total Assets %,npl_to_assets_pct,%,2025,0.0133,0.0133,1.3299999999999998,fraction,native_numeric,0,DATASET_11_BANKS_2025-2015_.xlsx,38,C
pubali_bank_plc,1,DERIVED METRICS,YoY NPAT growth %,yoy_npat_growth_pct,%,2015,N/A,,,fraction,missing_marker,0,DATASET_11_BANKS_2025-2015_.xlsx,39,M
pubali_bank_plc,1,DERIVED METRICS,YoY NPAT growth %,yoy_npat_growth_pct,%,2016,N/A,,,fraction,missing_marker,0,DATASET_11_BANKS_2025-2015_.xlsx,39,L
pubali_bank_plc,1,DERIVED METRICS,YoY NPAT growth %,yoy_npat_growth_pct,%,2017,-1.2107,-1.2107,-121.07000000000001,fraction,native_numeric,0,DATASET_11_BANKS_2025-2015_.xlsx,39,K
pubali_bank_plc,1,DERIVED METRICS,YoY NPAT growth %,yoy_npat_growth_pct,%,2018,N/M,,,fraction,missing_marker,0,DATASET_11_BANKS_2025-2015_.xlsx,39,J
pubali_bank_plc,1,DERIVED METRICS,YoY NPAT growth %,yoy_npat_growth_pct,%,2019,-0.374,-0.374,-37.4,fraction,native_numeric,0,DATASET_11_BANKS_2025-2015_.xlsx,39,I
pubali_bank_plc,1,DERIVED METRICS,YoY NPAT growth %,yoy_npat_growth_pct,%,2020,0.7122,0.7122,71.22,fraction,native_numeric,0,DATASET_11_BANKS_2025-2015_.xlsx,39,H
pubali_bank_plc,1,DERIVED METRICS,YoY NPAT growth %,yoy_npat_growth_pct,%,2021,N/A,,,fraction,missing_marker,0,DATASET_11_BANKS_2025-2015_.xlsx,39,G
pubali_bank_plc,1,DERIVED METRICS,YoY NPAT growth %,yoy_npat_growth_pct,%,2022,0.363,0.363,36.3,fraction,native_numeric,0,DATASET_11_BANKS_2025-2015_.xlsx,39,F
pubali_bank_plc,1,DERIVED METRICS,YoY NPAT growth %,yoy_npat_growth_pct,%,2023,0.2794,0.2794,27.939999999999998,fraction,native_numeric,0,DATASET_11_BANKS_2025-2015_.xlsx,39,E
pubali_bank_plc,1,DERIVED METRICS,YoY NPAT growth %,yoy_npat_growth_pct,%,2024,0.1199,0.1199,11.99,fraction,native_numeric,0,DATASET_11_BANKS_2025-2015_.xlsx,39,D
pubali_bank_plc,1,DERIVED METRICS,YoY NPAT growth %,yoy_npat_growth_pct,%,2025,0.416,0.416,41.6,fraction,native_numeric,0,DATASET_11_BANKS_2025-2015_.xlsx,39,C
pubali_bank_plc,1,DERIVED METRICS,YoY Equity growth %,yoy_equity_growth_pct,%,2015,N/A,,,fraction,missing_marker,0,DATASET_11_BANKS_2025-2015_.xlsx,40,M
pubali_bank_plc,1,DERIVED METRICS,YoY Equity growth %,yoy_equity_growth_pct,%,2016,N/A,,,fraction,missing_marker,0,DATASET_11_BANKS_2025-2015_.xlsx,40,L
pubali_bank_plc,1,DERIVED METRICS,YoY Equity growth %,yoy_equity_growth_pct,%,2017,-0.0288,-0.0288,-2.88,fraction,native_numeric,0,DATASET_11_BANKS_2025-2015_.xlsx,40,K
pubali_bank_plc,1,DERIVED METRICS,YoY Equity growth %,yoy_equity_growth_pct,%,2018,0.1211,0.1211,12.11,fraction,native_numeric,0,DATASET_11_BANKS_2025-2015_.xlsx,40,J
pubali_bank_plc,1,DERIVED METRICS,YoY Equity growth %,yoy_equity_growth_pct,%,2019,0.1788,0.1788,17.88,fraction,native_numeric,0,DATASET_11_BANKS_2025-2015_.xlsx,40,I
pubali_bank_plc,1,DERIVED METRICS,YoY Equity growth %,yoy_equity_growth_pct,%,2020,0.2025,0.2025,20.25,fraction,native_numeric,0,DATASET_11_BANKS_2025-2015_.xlsx,40,H
pubali_bank_plc,1,DERIVED METRICS,YoY Equity growth %,yoy_equity_growth_pct,%,2021,N/A,,,fraction,missing_marker,0,DATASET_11_BANKS_2025-2015_.xlsx,40,G
pubali_bank_plc,1,DERIVED METRICS,YoY Equity growth %,yoy_equity_growth_pct,%,2022,0.0769,0.0769,7.6899999999999995,fraction,native_numeric,0,DATASET_11_BANKS_2025-2015_.xlsx,40,F
pubali_bank_plc,1,DERIVED METRICS,YoY Equity growth %,yoy_equity_growth_pct,%,2023,0.1026,0.1026,10.26,fraction,native_numeric,0,DATASET_11_BANKS_2025-2015_.xlsx,40,E
pubali_bank_plc,1,DERIVED METRICS,YoY Equity growth %,yoy_equity_growth_pct,%,2024,0.123,0.123,12.3,fraction,native_numeric,0,DATASET_11_BANKS_2025-2015_.xlsx,40,D
pubali_bank_plc,1,DERIVED METRICS,YoY Equity growth %,yoy_equity_growth_pct,%,2025,0.3233,0.3233,32.33,fraction,native_numeric,0,DATASET_11_BANKS_2025-2015_.xlsx,40,C
southeast_bank_plc,1,BALANCE SHEET (BDT million),Total Assets,total_assets,Tk mn,2015,260718.03,260718.03,,,native_numeric,0,DATASET_11_BANKS_2025-2015_.xlsx,17,M
southeast_bank_plc,1,BALANCE SHEET (BDT million),Total Assets,total_assets,Tk mn,2016,291798.01,291798.01,,,native_numeric,0,DATASET_11_BANKS_2025-2015_.xlsx,17,L
southeast_bank_plc,1,BALANCE SHEET (BDT million),Total Assets,total_assets,Tk mn,2017,339288.05,339288.05,,,native_numeric,0,DATASET_11_BANKS_2025-2015_.xlsx,17,K
southeast_bank_plc,1,BALANCE SHEET (BDT million),Total Assets,total_assets,Tk mn,2018,381575.68,381575.68,,,native_numeric,0,DATASET_11_BANKS_2025-2015_.xlsx,17,J
southeast_bank_plc,1,BALANCE SHEET (BDT million),Total Assets,total_assets,Tk mn,2019,422312.71,422312.71,,,native_numeric,0,DATASET_11_BANKS_2025-2015_.xlsx,17,I
southeast_bank_plc,1,BALANCE SHEET (BDT million),Total Assets,total_assets,Tk mn,2020,465293.41,465293.41,,,native_numeric,0,DATASET_11_BANKS_2025-2015_.xlsx,17,H
southeast_bank_plc,1,BALANCE SHEET (BDT million),Total Assets,total_assets,Tk mn,2021,495841.96,495841.96,,,native_numeric,0,DATASET_11_BANKS_2025-2015_.xlsx,17,G
southeast_bank_plc,1,BALANCE SHEET (BDT million),Total Assets,total_assets,Tk mn,2022,493092.84,493092.84,,,native_numeric,0,DATASET_11_BANKS_2025-2015_.xlsx,17,F
southeast_bank_plc,1,BALANCE SHEET (BDT million),Total Assets,total_assets,Tk mn,2023,510864.24,510864.24,,,native_numeric,0,DATASET_11_BANKS_2025-2015_.xlsx,17,E
southeast_bank_plc,1,BALANCE SHEET (BDT million),Total Assets,total_assets,Tk mn,2024,545858.6,545858.6,,,native_numeric,0,DATASET_11_BANKS_2025-2015_.xlsx,17,D
southeast_bank_plc,1,BALANCE SHEET (BDT million),Total Assets,total_assets,Tk mn,2025,554424.56,554424.56,,,native_numeric,0,DATASET_11_BANKS_2025-2015_.xlsx,17,C
southeast_bank_plc,1,BALANCE SHEET (BDT million),Loans & Advances,loans_advances_gross,Tk mn,2015,168878.46,168878.46,,,native_numeric,0,DATASET_11_BANKS_2025-2015_.xlsx,18,M
southeast_bank_plc,1,BALANCE SHEET (BDT million),Loans & Advances,loans_advances_gross,Tk mn,2016,191865.59,191865.59,,,native_numeric,0,DATASET_11_BANKS_2025-2015_.xlsx,18,L
southeast_bank_plc,1,BALANCE SHEET (BDT million),Loans & Advances,loans_advances_gross,Tk mn,2017,234316.72,234316.72,,,native_numeric,0,DATASET_11_BANKS_2025-2015_.xlsx,18,K
southeast_bank_plc,1,BALANCE SHEET (BDT million),Loans & Advances,loans_advances_gross,Tk mn,2018,267671.63,267671.63,,,native_numeric,0,DATASET_11_BANKS_2025-2015_.xlsx,18,J
southeast_bank_plc,1,BALANCE SHEET (BDT million),Loans & Advances,loans_advances_gross,Tk mn,2019,296752.96,296752.96,,,native_numeric,0,DATASET_11_BANKS_2025-2015_.xlsx,18,I
southeast_bank_plc,1,BALANCE SHEET (BDT million),Loans & Advances,loans_advances_gross,Tk mn,2020,322251.46,322251.46,,,native_numeric,0,DATASET_11_BANKS_2025-2015_.xlsx,18,H
southeast_bank_plc,1,BALANCE SHEET (BDT million),Loans & Advances,loans_advances_gross,Tk mn,2021,336329.37,336329.37,,,native_numeric,0,DATASET_11_BANKS_2025-2015_.xlsx,18,G
southeast_bank_plc,1,BALANCE SHEET (BDT million),Loans & Advances,loans_advances_gross,Tk mn,2022,347743.59,347743.59,,,native_numeric,0,DATASET_11_BANKS_2025-2015_.xlsx,18,F
southeast_bank_plc,1,BALANCE SHEET (BDT million),Loans & Advances,loans_advances_gross,Tk mn,2023,354353.23,354353.23,,,native_numeric,0,DATASET_11_BANKS_2025-2015_.xlsx,18,E
southeast_bank_plc,1,BALANCE SHEET (BDT million),Loans & Advances,loans_advances_gross,Tk mn,2024,372907.25,372907.25,,,native_numeric,0,DATASET_11_BANKS_2025-2015_.xlsx,18,D
southeast_bank_plc,1,BALANCE SHEET (BDT million),Loans & Advances,loans_advances_gross,Tk mn,2025,377258.69,377258.69,,,native_numeric,0,DATASET_11_BANKS_2025-2015_.xlsx,18,C
southeast_bank_plc,1,BALANCE SHEET (BDT million),Total Deposits,total_deposits,Tk mn,2015,210431.09,210431.09,,,native_numeric,0,DATASET_11_BANKS_2025-2015_.xlsx,19,M
southeast_bank_plc,1,BALANCE SHEET (BDT million),Total Deposits,total_deposits,Tk mn,2016,229973.43,229973.43,,,native_numeric,0,DATASET_11_BANKS_2025-2015_.xlsx,19,L
southeast_bank_plc,1,BALANCE SHEET (BDT million),Total Deposits,total_deposits,Tk mn,2017,269828.08,269828.08,,,native_numeric,0,DATASET_11_BANKS_2025-2015_.xlsx,19,K
southeast_bank_plc,1,BALANCE SHEET (BDT million),Total Deposits,total_deposits,Tk mn,2018,298334.79,298334.79,,,native_numeric,0,DATASET_11_BANKS_2025-2015_.xlsx,19,J
southeast_bank_plc,1,BALANCE SHEET (BDT million),Total Deposits,total_deposits,Tk mn,2019,329250.27,329250.27,,,native_numeric,0,DATASET_11_BANKS_2025-2015_.xlsx,19,I
southeast_bank_plc,1,BALANCE SHEET (BDT million),Total Deposits,total_deposits,Tk mn,2020,359535.94,359535.94,,,native_numeric,0,DATASET_11_BANKS_2025-2015_.xlsx,19,H
southeast_bank_plc,1,BALANCE SHEET (BDT million),Total Deposits,total_deposits,Tk mn,2021,376700.77,376700.77,,,native_numeric,0,DATASET_11_BANKS_2025-2015_.xlsx,19,G
southeast_bank_plc,1,BALANCE SHEET (BDT million),Total Deposits,total_deposits,Tk mn,2022,371143.44,371143.44,,,native_numeric,0,DATASET_11_BANKS_2025-2015_.xlsx,19,F
southeast_bank_plc,1,BALANCE SHEET (BDT million),Total Deposits,total_deposits,Tk mn,2023,386402.44,386402.44,,,native_numeric,0,DATASET_11_BANKS_2025-2015_.xlsx,19,E
southeast_bank_plc,1,BALANCE SHEET (BDT million),Total Deposits,total_deposits,Tk mn,2024,411343.9,411343.9,,,native_numeric,0,DATASET_11_BANKS_2025-2015_.xlsx,19,D
southeast_bank_plc,1,BALANCE SHEET (BDT million),Total Deposits,total_deposits,Tk mn,2025,439234.9,439234.9,,,native_numeric,0,DATASET_11_BANKS_2025-2015_.xlsx,19,C
southeast_bank_plc,1,BALANCE SHEET (BDT million),Shareholders' Equity,shareholders_equity,Tk mn,2015,27206.66,27206.66,,,native_numeric,0,DATASET_11_BANKS_2025-2015_.xlsx,20,M
southeast_bank_plc,1,BALANCE SHEET (BDT million),Shareholders' Equity,shareholders_equity,Tk mn,2016,26523.56,26523.56,,,native_numeric,0,DATASET_11_BANKS_2025-2015_.xlsx,20,L
southeast_bank_plc,1,BALANCE SHEET (BDT million),Shareholders' Equity,shareholders_equity,Tk mn,2017,25823.65,25823.65,,,native_numeric,0,DATASET_11_BANKS_2025-2015_.xlsx,20,K
southeast_bank_plc,1,BALANCE SHEET (BDT million),Shareholders' Equity,shareholders_equity,Tk mn,2018,28116.66,28116.66,,,native_numeric,0,DATASET_11_BANKS_2025-2015_.xlsx,20,J
southeast_bank_plc,1,BALANCE SHEET (BDT million),Shareholders' Equity,shareholders_equity,Tk mn,2019,30499.46,30499.46,,,native_numeric,0,DATASET_11_BANKS_2025-2015_.xlsx,20,I
southeast_bank_plc,1,BALANCE SHEET (BDT million),Shareholders' Equity,shareholders_equity,Tk mn,2020,29703.77,29703.77,,,native_numeric,0,DATASET_11_BANKS_2025-2015_.xlsx,20,H
southeast_bank_plc,1,BALANCE SHEET (BDT million),Shareholders' Equity,shareholders_equity,Tk mn,2021,29987.33,29987.33,,,native_numeric,0,DATASET_11_BANKS_2025-2015_.xlsx,20,G
southeast_bank_plc,1,BALANCE SHEET (BDT million),Shareholders' Equity,shareholders_equity,Tk mn,2022,30755.56,30755.56,,,native_numeric,0,DATASET_11_BANKS_2025-2015_.xlsx,20,F
southeast_bank_plc,1,BALANCE SHEET (BDT million),Shareholders' Equity,shareholders_equity,Tk mn,2023,32044.73,32044.73,,,native_numeric,0,DATASET_11_BANKS_2025-2015_.xlsx,20,E
southeast_bank_plc,1,BALANCE SHEET (BDT million),Shareholders' Equity,shareholders_equity,Tk mn,2024,31543.57,31543.57,,,native_numeric,0,DATASET_11_BANKS_2025-2015_.xlsx,20,D
southeast_bank_plc,1,BALANCE SHEET (BDT million),Shareholders' Equity,shareholders_equity,Tk mn,2025,34418.82,34418.82,,,native_numeric,0,DATASET_11_BANKS_2025-2015_.xlsx,20,C
southeast_bank_plc,1,INCOME STATEMENT (BDT million),Net Interest Income,net_interest_income,Tk mn,2015,3138.46,3138.46,,,native_numeric,0,DATASET_11_BANKS_2025-2015_.xlsx,22,M
southeast_bank_plc,1,INCOME STATEMENT (BDT million),Net Interest Income,net_interest_income,Tk mn,2016,4207.21,4207.21,,,native_numeric,0,DATASET_11_BANKS_2025-2015_.xlsx,22,L
southeast_bank_plc,1,INCOME STATEMENT (BDT million),Net Interest Income,net_interest_income,Tk mn,2017,4027.69,4027.69,,,native_numeric,0,DATASET_11_BANKS_2025-2015_.xlsx,22,K
southeast_bank_plc,1,INCOME STATEMENT (BDT million),Net Interest Income,net_interest_income,Tk mn,2018,5199.94,5199.94,,,native_numeric,0,DATASET_11_BANKS_2025-2015_.xlsx,22,J
southeast_bank_plc,1,INCOME STATEMENT (BDT million),Net Interest Income,net_interest_income,Tk mn,2019,4256.99,4256.99,,,native_numeric,0,DATASET_11_BANKS_2025-2015_.xlsx,22,I
southeast_bank_plc,1,INCOME STATEMENT (BDT million),Net Interest Income,net_interest_income,Tk mn,2020,2481.41,2481.41,,,native_numeric,0,DATASET_11_BANKS_2025-2015_.xlsx,22,H
southeast_bank_plc,1,INCOME STATEMENT (BDT million),Net Interest Income,net_interest_income,Tk mn,2021,2921.56,2921.56,,,native_numeric,0,DATASET_11_BANKS_2025-2015_.xlsx,22,G
southeast_bank_plc,1,INCOME STATEMENT (BDT million),Net Interest Income,net_interest_income,Tk mn,2022,3144.32,3144.32,,,native_numeric,0,DATASET_11_BANKS_2025-2015_.xlsx,22,F
southeast_bank_plc,1,INCOME STATEMENT (BDT million),Net Interest Income,net_interest_income,Tk mn,2023,2661.03,2661.03,,,native_numeric,0,DATASET_11_BANKS_2025-2015_.xlsx,22,E
southeast_bank_plc,1,INCOME STATEMENT (BDT million),Net Interest Income,net_interest_income,Tk mn,2024,4021.2,4021.2,,,native_numeric,0,DATASET_11_BANKS_2025-2015_.xlsx,22,D
southeast_bank_plc,1,INCOME STATEMENT (BDT million),Net Interest Income,net_interest_income,Tk mn,2025,2115.55,2115.55,,,native_numeric,0,DATASET_11_BANKS_2025-2015_.xlsx,22,C
southeast_bank_plc,1,INCOME STATEMENT (BDT million),Non-Interest Income,non_interest_income,Tk mn,2015,8465.93,8465.93,,,native_numeric,0,DATASET_11_BANKS_2025-2015_.xlsx,23,M
southeast_bank_plc,1,INCOME STATEMENT (BDT million),Non-Interest Income,non_interest_income,Tk mn,2016,3565.64,3565.64,,,native_numeric,0,DATASET_11_BANKS_2025-2015_.xlsx,23,L
southeast_bank_plc,1,INCOME STATEMENT (BDT million),Non-Interest Income,non_interest_income,Tk mn,2017,4334.7,4334.7,,,native_numeric,0,DATASET_11_BANKS_2025-2015_.xlsx,23,K
southeast_bank_plc,1,INCOME STATEMENT (BDT million),Non-Interest Income,non_interest_income,Tk mn,2018,4632.22,4632.22,,,native_numeric,0,DATASET_11_BANKS_2025-2015_.xlsx,23,J
southeast_bank_plc,1,INCOME STATEMENT (BDT million),Non-Interest Income,non_interest_income,Tk mn,2019,4844.75,4844.75,,,native_numeric,0,DATASET_11_BANKS_2025-2015_.xlsx,23,I
southeast_bank_plc,1,INCOME STATEMENT (BDT million),Non-Interest Income,non_interest_income,Tk mn,2020,11289.14,11289.14,,,native_numeric,0,DATASET_11_BANKS_2025-2015_.xlsx,23,H
southeast_bank_plc,1,INCOME STATEMENT (BDT million),Non-Interest Income,non_interest_income,Tk mn,2021,11751.22,11751.22,,,native_numeric,0,DATASET_11_BANKS_2025-2015_.xlsx,23,G
southeast_bank_plc,1,INCOME STATEMENT (BDT million),Non-Interest Income,non_interest_income,Tk mn,2022,14443.01,14443.01,,,native_numeric,0,DATASET_11_BANKS_2025-2015_.xlsx,23,F
southeast_bank_plc,1,INCOME STATEMENT (BDT million),Non-Interest Income,non_interest_income,Tk mn,2023,14118.37,14118.37,,,native_numeric,0,DATASET_11_BANKS_2025-2015_.xlsx,23,E
southeast_bank_plc,1,INCOME STATEMENT (BDT million),Non-Interest Income,non_interest_income,Tk mn,2024,15142.09,15142.09,,,native_numeric,0,DATASET_11_BANKS_2025-2015_.xlsx,23,D
southeast_bank_plc,1,INCOME STATEMENT (BDT million),Non-Interest Income,non_interest_income,Tk mn,2025,17702.47,17702.47,,,native_numeric,0,DATASET_11_BANKS_2025-2015_.xlsx,23,C
southeast_bank_plc,1,INCOME STATEMENT (BDT million),Net Profit After Tax,net_profit_after_tax,Tk mn,2015,3069.42,3069.42,,,native_numeric,0,DATASET_11_BANKS_2025-2015_.xlsx,24,M
southeast_bank_plc,1,INCOME STATEMENT (BDT million),Net Profit After Tax,net_profit_after_tax,Tk mn,2016,2435.07,2435.07,,,native_numeric,0,DATASET_11_BANKS_2025-2015_.xlsx,24,L
southeast_bank_plc,1,INCOME STATEMENT (BDT million),Net Profit After Tax,net_profit_after_tax,Tk mn,2017,1168.63,1168.63,,,native_numeric,0,DATASET_11_BANKS_2025-2015_.xlsx,24,K
southeast_bank_plc,1,INCOME STATEMENT (BDT million),Net Profit After Tax,net_profit_after_tax,Tk mn,2018,2473.21,2473.21,,,native_numeric,0,DATASET_11_BANKS_2025-2015_.xlsx,24,J
southeast_bank_plc,1,INCOME STATEMENT (BDT million),Net Profit After Tax,net_profit_after_tax,Tk mn,2019,2508.56,2508.56,,,native_numeric,0,DATASET_11_BANKS_2025-2015_.xlsx,24,I
southeast_bank_plc,1,INCOME STATEMENT (BDT million),Net Profit After Tax,net_profit_after_tax,Tk mn,2020,2149.1,2149.1,,,native_numeric,0,DATASET_11_BANKS_2025-2015_.xlsx,24,H
southeast_bank_plc,1,INCOME STATEMENT (BDT million),Net Profit After Tax,net_profit_after_tax,Tk mn,2021,1784.3,1784.3,,,native_numeric,0,DATASET_11_BANKS_2025-2015_.xlsx,24,G
southeast_bank_plc,1,INCOME STATEMENT (BDT million),Net Profit After Tax,net_profit_after_tax,Tk mn,2022,1752.38,1752.38,,,native_numeric,0,DATASET_11_BANKS_2025-2015_.xlsx,24,F
southeast_bank_plc,1,INCOME STATEMENT (BDT million),Net Profit After Tax,net_profit_after_tax,Tk mn,2023,2133.83,2133.83,,,native_numeric,0,DATASET_11_BANKS_2025-2015_.xlsx,24,E
southeast_bank_plc,1,INCOME STATEMENT (BDT million),Net Profit After Tax,net_profit_after_tax,Tk mn,2024,432.64,432.64,,,native_numeric,0,DATASET_11_BANKS_2025-2015_.xlsx,24,D
southeast_bank_plc,1,INCOME STATEMENT (BDT million),Net Profit After Tax,net_profit_after_tax,Tk mn,2025,3350.33,3350.33,,,native_numeric,0,DATASET_11_BANKS_2025-2015_.xlsx,24,C
southeast_bank_plc,1,PER-SHARE & PROFITABILITY,EPS,eps,BDT,2015,3.35,3.35,,,native_numeric,0,DATASET_11_BANKS_2025-2015_.xlsx,26,M
southeast_bank_plc,1,PER-SHARE & PROFITABILITY,EPS,eps,BDT,2016,2.66,2.66,,,native_numeric,0,DATASET_11_BANKS_2025-2015_.xlsx,26,L
southeast_bank_plc,1,PER-SHARE & PROFITABILITY,EPS,eps,BDT,2017,1.11,1.11,,,native_numeric,0,DATASET_11_BANKS_2025-2015_.xlsx,26,K
southeast_bank_plc,1,PER-SHARE & PROFITABILITY,EPS,eps,BDT,2018,2.13,2.13,,,native_numeric,0,DATASET_11_BANKS_2025-2015_.xlsx,26,J
southeast_bank_plc,1,PER-SHARE & PROFITABILITY,EPS,eps,BDT,2019,2.11,2.11,,,native_numeric,0,DATASET_11_BANKS_2025-2015_.xlsx,26,I
southeast_bank_plc,1,PER-SHARE & PROFITABILITY,EPS,eps,BDT,2020,1.81,1.81,,,native_numeric,0,DATASET_11_BANKS_2025-2015_.xlsx,26,H
southeast_bank_plc,1,PER-SHARE & PROFITABILITY,EPS,eps,BDT,2021,1.5,1.5,,,native_numeric,0,DATASET_11_BANKS_2025-2015_.xlsx,26,G
southeast_bank_plc,1,PER-SHARE & PROFITABILITY,EPS,eps,BDT,2022,1.42,1.42,,,native_numeric,0,DATASET_11_BANKS_2025-2015_.xlsx,26,F
southeast_bank_plc,1,PER-SHARE & PROFITABILITY,EPS,eps,BDT,2023,1.66,1.66,,,native_numeric,0,DATASET_11_BANKS_2025-2015_.xlsx,26,E
southeast_bank_plc,1,PER-SHARE & PROFITABILITY,EPS,eps,BDT,2024,0.32,0.32,,,native_numeric,0,DATASET_11_BANKS_2025-2015_.xlsx,26,D
southeast_bank_plc,1,PER-SHARE & PROFITABILITY,EPS,eps,BDT,2025,2.51,2.51,,,native_numeric,0,DATASET_11_BANKS_2025-2015_.xlsx,26,C
southeast_bank_plc,1,PER-SHARE & PROFITABILITY,ROA %,roa_pct,%,2015,0.0123,0.0123,1.23,fraction,native_numeric,0,DATASET_11_BANKS_2025-2015_.xlsx,27,M
southeast_bank_plc,1,PER-SHARE & PROFITABILITY,ROA %,roa_pct,%,2016,0.0088,0.0088,0.88,fraction,native_numeric,0,DATASET_11_BANKS_2025-2015_.xlsx,27,L
southeast_bank_plc,1,PER-SHARE & PROFITABILITY,ROA %,roa_pct,%,2017,0.0037,0.0037,0.37,fraction,native_numeric,0,DATASET_11_BANKS_2025-2015_.xlsx,27,K
southeast_bank_plc,1,PER-SHARE & PROFITABILITY,ROA %,roa_pct,%,2018,0.0069,0.0069,0.69,fraction,native_numeric,0,DATASET_11_BANKS_2025-2015_.xlsx,27,J
southeast_bank_plc,1,PER-SHARE & PROFITABILITY,ROA %,roa_pct,%,2019,0.0062,0.0062,0.62,fraction,native_numeric,0,DATASET_11_BANKS_2025-2015_.xlsx,27,I
southeast_bank_plc,1,PER-SHARE & PROFITABILITY,ROA %,roa_pct,%,2020,0.0047,0.0047,0.47000000000000003,fraction,native_numeric,0,DATASET_11_BANKS_2025-2015_.xlsx,27,H
southeast_bank_plc,1,PER-SHARE & PROFITABILITY,ROA %,roa_pct,%,2021,0.0037,0.0037,0.37,fraction,native_numeric,0,DATASET_11_BANKS_2025-2015_.xlsx,27,G
southeast_bank_plc,1,PER-SHARE & PROFITABILITY,ROA %,roa_pct,%,2022,0.0036,0.0036,0.36,fraction,native_numeric,0,DATASET_11_BANKS_2025-2015_.xlsx,27,F
southeast_bank_plc,1,PER-SHARE & PROFITABILITY,ROA %,roa_pct,%,2023,0.0042,0.0042,0.42,fraction,native_numeric,0,DATASET_11_BANKS_2025-2015_.xlsx,27,E
southeast_bank_plc,1,PER-SHARE & PROFITABILITY,ROA %,roa_pct,%,2024,0.0009,0.0009,0.09,fraction,native_numeric,0,DATASET_11_BANKS_2025-2015_.xlsx,27,D
southeast_bank_plc,1,PER-SHARE & PROFITABILITY,ROA %,roa_pct,%,2025,0.0061,0.0061,0.61,fraction,native_numeric,0,DATASET_11_BANKS_2025-2015_.xlsx,27,C
southeast_bank_plc,1,PER-SHARE & PROFITABILITY,ROE %,roe_pct,%,2015,0.1186,0.1186,11.86,fraction,native_numeric,0,DATASET_11_BANKS_2025-2015_.xlsx,28,M
southeast_bank_plc,1,PER-SHARE & PROFITABILITY,ROE %,roe_pct,%,2016,0.0906,0.0906,9.06,fraction,native_numeric,0,DATASET_11_BANKS_2025-2015_.xlsx,28,L
southeast_bank_plc,1,PER-SHARE & PROFITABILITY,ROE %,roe_pct,%,2017,0.0446,0.0446,4.46,fraction,native_numeric,0,DATASET_11_BANKS_2025-2015_.xlsx,28,K
southeast_bank_plc,1,PER-SHARE & PROFITABILITY,ROE %,roe_pct,%,2018,0.0917,0.0917,9.17,fraction,native_numeric,0,DATASET_11_BANKS_2025-2015_.xlsx,28,J
southeast_bank_plc,1,PER-SHARE & PROFITABILITY,ROE %,roe_pct,%,2019,0.0856,0.0856,8.559999999999999,fraction,native_numeric,0,DATASET_11_BANKS_2025-2015_.xlsx,28,I
southeast_bank_plc,1,PER-SHARE & PROFITABILITY,ROE %,roe_pct,%,2020,0.0714,0.0714,7.140000000000001,fraction,native_numeric,0,DATASET_11_BANKS_2025-2015_.xlsx,28,H
southeast_bank_plc,1,PER-SHARE & PROFITABILITY,ROE %,roe_pct,%,2021,0.0598,0.0598,5.9799999999999995,fraction,native_numeric,0,DATASET_11_BANKS_2025-2015_.xlsx,28,G
southeast_bank_plc,1,PER-SHARE & PROFITABILITY,ROE %,roe_pct,%,2022,0.0577,0.0577,5.7700000000000005,fraction,native_numeric,0,DATASET_11_BANKS_2025-2015_.xlsx,28,F
southeast_bank_plc,1,PER-SHARE & PROFITABILITY,ROE %,roe_pct,%,2023,0.068,0.068,6.800000000000001,fraction,native_numeric,0,DATASET_11_BANKS_2025-2015_.xlsx,28,E
southeast_bank_plc,1,PER-SHARE & PROFITABILITY,ROE %,roe_pct,%,2024,0.0136,0.0136,1.3599999999999999,fraction,native_numeric,0,DATASET_11_BANKS_2025-2015_.xlsx,28,D
southeast_bank_plc,1,PER-SHARE & PROFITABILITY,ROE %,roe_pct,%,2025,0.1016,0.1016,10.16,fraction,native_numeric,0,DATASET_11_BANKS_2025-2015_.xlsx,28,C
southeast_bank_plc,1,ASSET QUALITY,Loan-Deposit Ratio %,loan_deposit_ratio_pct,%,2015,0.8025,0.8025,80.25,fraction,native_numeric,0,DATASET_11_BANKS_2025-2015_.xlsx,30,M
southeast_bank_plc,1,ASSET QUALITY,Loan-Deposit Ratio %,loan_deposit_ratio_pct,%,2016,0.8343,0.8343,83.43,fraction,native_numeric,0,DATASET_11_BANKS_2025-2015_.xlsx,30,L
southeast_bank_plc,1,ASSET QUALITY,Loan-Deposit Ratio %,loan_deposit_ratio_pct,%,2017,0.8212,0.8212,82.12,fraction,native_numeric,0,DATASET_11_BANKS_2025-2015_.xlsx,30,K
southeast_bank_plc,1,ASSET QUALITY,Loan-Deposit Ratio %,loan_deposit_ratio_pct,%,2018,0.8155,0.8155,81.55,fraction,native_numeric,0,DATASET_11_BANKS_2025-2015_.xlsx,30,J
southeast_bank_plc,1,ASSET QUALITY,Loan-Deposit Ratio %,loan_deposit_ratio_pct,%,2019,0.8163,0.8163,81.63,fraction,native_numeric,0,DATASET_11_BANKS_2025-2015_.xlsx,30,I
southeast_bank_plc,1,ASSET QUALITY,Loan-Deposit Ratio %,loan_deposit_ratio_pct,%,2020,0.8026,0.8026,80.25999999999999,fraction,native_numeric,0,DATASET_11_BANKS_2025-2015_.xlsx,30,H
southeast_bank_plc,1,ASSET QUALITY,Loan-Deposit Ratio %,loan_deposit_ratio_pct,%,2021,0.787,0.787,78.7,fraction,native_numeric,0,DATASET_11_BANKS_2025-2015_.xlsx,30,G
southeast_bank_plc,1,ASSET QUALITY,Loan-Deposit Ratio %,loan_deposit_ratio_pct,%,2022,0.8486,0.8486,84.86,fraction,native_numeric,0,DATASET_11_BANKS_2025-2015_.xlsx,30,F
southeast_bank_plc,1,ASSET QUALITY,Loan-Deposit Ratio %,loan_deposit_ratio_pct,%,2023,0.8581,0.8581,85.81,fraction,native_numeric,0,DATASET_11_BANKS_2025-2015_.xlsx,30,E
southeast_bank_plc,1,ASSET QUALITY,Loan-Deposit Ratio %,loan_deposit_ratio_pct,%,2024,0.8549,0.8549,85.49,fraction,native_numeric,0,DATASET_11_BANKS_2025-2015_.xlsx,30,D
southeast_bank_plc,1,ASSET QUALITY,Loan-Deposit Ratio %,loan_deposit_ratio_pct,%,2025,0.8332,0.8332,83.32000000000001,fraction,native_numeric,0,DATASET_11_BANKS_2025-2015_.xlsx,30,C
southeast_bank_plc,1,ASSET QUALITY,NPL % (gross),npl_pct_gross,%,2015,0.0425,0.0425,4.25,fraction,native_numeric,0,DATASET_11_BANKS_2025-2015_.xlsx,31,M
southeast_bank_plc,1,ASSET QUALITY,NPL % (gross),npl_pct_gross,%,2016,0.0489,0.0489,4.89,fraction,native_numeric,0,DATASET_11_BANKS_2025-2015_.xlsx,31,L
southeast_bank_plc,1,ASSET QUALITY,NPL % (gross),npl_pct_gross,%,2017,0.0599,0.0599,5.99,fraction,native_numeric,0,DATASET_11_BANKS_2025-2015_.xlsx,31,K
southeast_bank_plc,1,ASSET QUALITY,NPL % (gross),npl_pct_gross,%,2018,0.0587,0.0587,5.87,fraction,native_numeric,0,DATASET_11_BANKS_2025-2015_.xlsx,31,J
southeast_bank_plc,1,ASSET QUALITY,NPL % (gross),npl_pct_gross,%,2019,0.0487,0.0487,4.87,fraction,native_numeric,0,DATASET_11_BANKS_2025-2015_.xlsx,31,I
southeast_bank_plc,1,ASSET QUALITY,NPL % (gross),npl_pct_gross,%,2020,0.031,0.031,3.1,fraction,native_numeric,0,DATASET_11_BANKS_2025-2015_.xlsx,31,H
southeast_bank_plc,1,ASSET QUALITY,NPL % (gross),npl_pct_gross,%,2021,0.0481,0.0481,4.81,fraction,native_numeric,0,DATASET_11_BANKS_2025-2015_.xlsx,31,G
southeast_bank_plc,1,ASSET QUALITY,NPL % (gross),npl_pct_gross,%,2022,0.0654,0.0654,6.54,fraction,native_numeric,0,DATASET_11_BANKS_2025-2015_.xlsx,31,F
southeast_bank_plc,1,ASSET QUALITY,NPL % (gross),npl_pct_gross,%,2023,0.0965,0.0965,9.65,fraction,native_numeric,0,DATASET_11_BANKS_2025-2015_.xlsx,31,E
southeast_bank_plc,1,ASSET QUALITY,NPL % (gross),npl_pct_gross,%,2024,0.1482,0.1482,14.82,fraction,native_numeric,0,DATASET_11_BANKS_2025-2015_.xlsx,31,D
southeast_bank_plc,1,ASSET QUALITY,NPL % (gross),npl_pct_gross,%,2025,0.0751,0.0751,7.51,fraction,native_numeric,0,DATASET_11_BANKS_2025-2015_.xlsx,31,C
southeast_bank_plc,1,ASSET QUALITY,Provision Coverage %,provision_coverage_pct,%,2015,0.323,0.323,32.300000000000004,fraction_inferred,native_numeric,0,DATASET_11_BANKS_2025-2015_.xlsx,32,M
southeast_bank_plc,1,ASSET QUALITY,Provision Coverage %,provision_coverage_pct,%,2016,0.6653,0.6653,66.53,fraction_inferred,native_numeric,0,DATASET_11_BANKS_2025-2015_.xlsx,32,L
southeast_bank_plc,1,ASSET QUALITY,Provision Coverage %,provision_coverage_pct,%,2017,0.7255,0.7255,72.55,fraction_inferred,native_numeric,0,DATASET_11_BANKS_2025-2015_.xlsx,32,K
southeast_bank_plc,1,ASSET QUALITY,Provision Coverage %,provision_coverage_pct,%,2018,0.8537,0.8537,85.37,fraction_inferred,native_numeric,0,DATASET_11_BANKS_2025-2015_.xlsx,32,J
southeast_bank_plc,1,ASSET QUALITY,Provision Coverage %,provision_coverage_pct,%,2019,1.306,1.306,130.6,fraction_inferred,native_numeric,0,DATASET_11_BANKS_2025-2015_.xlsx,32,I
southeast_bank_plc,1,ASSET QUALITY,Provision Coverage %,provision_coverage_pct,%,2020,2.4011,2.4011,240.11,fraction_inferred,native_numeric,0,DATASET_11_BANKS_2025-2015_.xlsx,32,H
southeast_bank_plc,1,ASSET QUALITY,Provision Coverage %,provision_coverage_pct,%,2021,1.6355,1.6355,163.54999999999998,fraction_inferred,native_numeric,0,DATASET_11_BANKS_2025-2015_.xlsx,32,G
southeast_bank_plc,1,ASSET QUALITY,Provision Coverage %,provision_coverage_pct,%,2022,1.2767,1.2767,127.66999999999999,fraction_inferred,native_numeric,0,DATASET_11_BANKS_2025-2015_.xlsx,32,F
southeast_bank_plc,1,ASSET QUALITY,Provision Coverage %,provision_coverage_pct,%,2023,0.8949,0.8949,89.49000000000001,fraction_inferred,native_numeric,0,DATASET_11_BANKS_2025-2015_.xlsx,32,E
southeast_bank_plc,1,ASSET QUALITY,Provision Coverage %,provision_coverage_pct,%,2024,0.5968,0.5968,59.68,fraction_inferred,native_numeric,0,DATASET_11_BANKS_2025-2015_.xlsx,32,D
southeast_bank_plc,1,ASSET QUALITY,Provision Coverage %,provision_coverage_pct,%,2025,0.8061,0.8061,80.61,fraction_inferred,native_numeric,0,DATASET_11_BANKS_2025-2015_.xlsx,32,C
southeast_bank_plc,1,CAPITAL & EFFICIENCY,CRAR % (Group),car_pct,%,2015,0.1152,0.1152,11.52,fraction_inferred,native_numeric,0,DATASET_11_BANKS_2025-2015_.xlsx,34,M
southeast_bank_plc,1,CAPITAL & EFFICIENCY,CRAR % (Group),car_pct,%,2016,0.1215,0.1215,12.15,fraction_inferred,native_numeric,0,DATASET_11_BANKS_2025-2015_.xlsx,34,L
southeast_bank_plc,1,CAPITAL & EFFICIENCY,CRAR % (Group),car_pct,%,2017,0.1084,0.1084,10.84,fraction_inferred,native_numeric,0,DATASET_11_BANKS_2025-2015_.xlsx,34,K
southeast_bank_plc,1,CAPITAL & EFFICIENCY,CRAR % (Group),car_pct,%,2018,0.1238,0.1238,12.379999999999999,fraction_inferred,native_numeric,0,DATASET_11_BANKS_2025-2015_.xlsx,34,J
southeast_bank_plc,1,CAPITAL & EFFICIENCY,CRAR % (Group),car_pct,%,2019,0.1152,0.1152,11.52,fraction_inferred,native_numeric,0,DATASET_11_BANKS_2025-2015_.xlsx,34,I
southeast_bank_plc,1,CAPITAL & EFFICIENCY,CRAR % (Group),car_pct,%,2020,0.1435,0.1435,14.35,fraction_inferred,native_numeric,0,DATASET_11_BANKS_2025-2015_.xlsx,34,H
southeast_bank_plc,1,CAPITAL & EFFICIENCY,CRAR % (Group),car_pct,%,2021,0.1386,0.1386,13.86,fraction_inferred,native_numeric,0,DATASET_11_BANKS_2025-2015_.xlsx,34,G
southeast_bank_plc,1,CAPITAL & EFFICIENCY,CRAR % (Group),car_pct,%,2022,0.1275,0.1275,12.75,fraction_inferred,native_numeric,0,DATASET_11_BANKS_2025-2015_.xlsx,34,F
southeast_bank_plc,1,CAPITAL & EFFICIENCY,CRAR % (Group),car_pct,%,2023,0.1341,0.1341,13.41,fraction_inferred,native_numeric,0,DATASET_11_BANKS_2025-2015_.xlsx,34,E
southeast_bank_plc,1,CAPITAL & EFFICIENCY,CRAR % (Group),car_pct,%,2024,0.1164,0.1164,11.64,fraction_inferred,native_numeric,0,DATASET_11_BANKS_2025-2015_.xlsx,34,D
southeast_bank_plc,1,CAPITAL & EFFICIENCY,CRAR % (Group),car_pct,%,2025,0.1361,0.1361,13.61,fraction_inferred,native_numeric,0,DATASET_11_BANKS_2025-2015_.xlsx,34,C
southeast_bank_plc,1,CAPITAL & EFFICIENCY,Cost-to-Income Ratio % (Group),cost_income_pct,%,2015,0.3077,0.3077,30.769999999999996,fraction_inferred,native_numeric,0,DATASET_11_BANKS_2025-2015_.xlsx,35,M
southeast_bank_plc,1,CAPITAL & EFFICIENCY,Cost-to-Income Ratio % (Group),cost_income_pct,%,2016,0.3384,0.3384,33.839999999999996,fraction_inferred,native_numeric,0,DATASET_11_BANKS_2025-2015_.xlsx,35,L
southeast_bank_plc,1,CAPITAL & EFFICIENCY,Cost-to-Income Ratio % (Group),cost_income_pct,%,2017,0.3496,0.3496,34.96,fraction_inferred,native_numeric,0,DATASET_11_BANKS_2025-2015_.xlsx,35,K
southeast_bank_plc,1,CAPITAL & EFFICIENCY,Cost-to-Income Ratio % (Group),cost_income_pct,%,2018,0.3461,0.3461,34.61,fraction_inferred,native_numeric,0,DATASET_11_BANKS_2025-2015_.xlsx,35,J
southeast_bank_plc,1,CAPITAL & EFFICIENCY,Cost-to-Income Ratio % (Group),cost_income_pct,%,2019,0.3758,0.3758,37.580000000000005,fraction_inferred,native_numeric,0,DATASET_11_BANKS_2025-2015_.xlsx,35,I
southeast_bank_plc,1,CAPITAL & EFFICIENCY,Cost-to-Income Ratio % (Group),cost_income_pct,%,2020,0.3998,0.3998,39.98,fraction_inferred,native_numeric,0,DATASET_11_BANKS_2025-2015_.xlsx,35,H
southeast_bank_plc,1,CAPITAL & EFFICIENCY,Cost-to-Income Ratio % (Group),cost_income_pct,%,2021,0.409,0.409,40.9,fraction_inferred,native_numeric,0,DATASET_11_BANKS_2025-2015_.xlsx,35,G
southeast_bank_plc,1,CAPITAL & EFFICIENCY,Cost-to-Income Ratio % (Group),cost_income_pct,%,2022,0.407,0.407,40.699999999999996,fraction_inferred,native_numeric,0,DATASET_11_BANKS_2025-2015_.xlsx,35,F
southeast_bank_plc,1,CAPITAL & EFFICIENCY,Cost-to-Income Ratio % (Group),cost_income_pct,%,2023,0.4721,0.4721,47.21,fraction_inferred,native_numeric,0,DATASET_11_BANKS_2025-2015_.xlsx,35,E
southeast_bank_plc,1,CAPITAL & EFFICIENCY,Cost-to-Income Ratio % (Group),cost_income_pct,%,2024,0.3883,0.3883,38.83,fraction_inferred,native_numeric,0,DATASET_11_BANKS_2025-2015_.xlsx,35,D
southeast_bank_plc,1,CAPITAL & EFFICIENCY,Cost-to-Income Ratio % (Group),cost_income_pct,%,2025,0.3956,0.3956,39.56,fraction_inferred,native_numeric,0,DATASET_11_BANKS_2025-2015_.xlsx,35,C
southeast_bank_plc,1,DERIVED METRICS,Estimated NPL amount,npl_amount,Tk mn,2015,7193.82,7193.82,,,native_numeric,1,DATASET_11_BANKS_2025-2015_.xlsx,37,M
southeast_bank_plc,1,DERIVED METRICS,Estimated NPL amount,npl_amount,Tk mn,2016,9257.79,9257.79,,,native_numeric,1,DATASET_11_BANKS_2025-2015_.xlsx,37,L
southeast_bank_plc,1,DERIVED METRICS,Estimated NPL amount,npl_amount,Tk mn,2017,13878.53,13878.53,,,native_numeric,1,DATASET_11_BANKS_2025-2015_.xlsx,37,K
southeast_bank_plc,1,DERIVED METRICS,Estimated NPL amount,npl_amount,Tk mn,2018,15558.85,15558.85,,,native_numeric,1,DATASET_11_BANKS_2025-2015_.xlsx,37,J
southeast_bank_plc,1,DERIVED METRICS,Estimated NPL amount,npl_amount,Tk mn,2019,14375.29,14375.29,,,native_numeric,1,DATASET_11_BANKS_2025-2015_.xlsx,37,I
southeast_bank_plc,1,DERIVED METRICS,Estimated NPL amount,npl_amount,Tk mn,2020,9939.76,9939.76,,,native_numeric,1,DATASET_11_BANKS_2025-2015_.xlsx,37,H
southeast_bank_plc,1,DERIVED METRICS,Estimated NPL amount,npl_amount,Tk mn,2021,16035.56,16035.56,,,native_numeric,1,DATASET_11_BANKS_2025-2015_.xlsx,37,G
southeast_bank_plc,1,DERIVED METRICS,Estimated NPL amount,npl_amount,Tk mn,2022,22570.29,22570.29,,,native_numeric,1,DATASET_11_BANKS_2025-2015_.xlsx,37,F
southeast_bank_plc,1,DERIVED METRICS,Estimated NPL amount,npl_amount,Tk mn,2023,33899.63,33899.63,,,native_numeric,1,DATASET_11_BANKS_2025-2015_.xlsx,37,E
southeast_bank_plc,1,DERIVED METRICS,Estimated NPL amount,npl_amount,Tk mn,2024,54813.65,54813.65,,,native_numeric,1,DATASET_11_BANKS_2025-2015_.xlsx,37,D
southeast_bank_plc,1,DERIVED METRICS,Estimated NPL amount,npl_amount,Tk mn,2025,28127.54,28127.54,,,native_numeric,1,DATASET_11_BANKS_2025-2015_.xlsx,37,C
southeast_bank_plc,1,DERIVED METRICS,NPL / Total Assets %,npl_to_assets_pct,%,2015,0.0276,0.0276,2.76,fraction,native_numeric,0,DATASET_11_BANKS_2025-2015_.xlsx,38,M
southeast_bank_plc,1,DERIVED METRICS,NPL / Total Assets %,npl_to_assets_pct,%,2016,0.0317,0.0317,3.17,fraction,native_numeric,0,DATASET_11_BANKS_2025-2015_.xlsx,38,L
southeast_bank_plc,1,DERIVED METRICS,NPL / Total Assets %,npl_to_assets_pct,%,2017,0.0409,0.0409,4.09,fraction,native_numeric,0,DATASET_11_BANKS_2025-2015_.xlsx,38,K
southeast_bank_plc,1,DERIVED METRICS,NPL / Total Assets %,npl_to_assets_pct,%,2018,0.0408,0.0408,4.08,fraction,native_numeric,0,DATASET_11_BANKS_2025-2015_.xlsx,38,J
southeast_bank_plc,1,DERIVED METRICS,NPL / Total Assets %,npl_to_assets_pct,%,2019,0.034,0.034,3.4000000000000004,fraction,native_numeric,0,DATASET_11_BANKS_2025-2015_.xlsx,38,I
southeast_bank_plc,1,DERIVED METRICS,NPL / Total Assets %,npl_to_assets_pct,%,2020,0.0214,0.0214,2.1399999999999997,fraction,native_numeric,0,DATASET_11_BANKS_2025-2015_.xlsx,38,H
southeast_bank_plc,1,DERIVED METRICS,NPL / Total Assets %,npl_to_assets_pct,%,2021,0.0323,0.0323,3.2300000000000004,fraction,native_numeric,0,DATASET_11_BANKS_2025-2015_.xlsx,38,G
southeast_bank_plc,1,DERIVED METRICS,NPL / Total Assets %,npl_to_assets_pct,%,2022,0.0458,0.0458,4.58,fraction,native_numeric,0,DATASET_11_BANKS_2025-2015_.xlsx,38,F
southeast_bank_plc,1,DERIVED METRICS,NPL / Total Assets %,npl_to_assets_pct,%,2023,0.0664,0.0664,6.64,fraction,native_numeric,0,DATASET_11_BANKS_2025-2015_.xlsx,38,E
southeast_bank_plc,1,DERIVED METRICS,NPL / Total Assets %,npl_to_assets_pct,%,2024,0.1004,0.1004,10.040000000000001,fraction,native_numeric,0,DATASET_11_BANKS_2025-2015_.xlsx,38,D
southeast_bank_plc,1,DERIVED METRICS,NPL / Total Assets %,npl_to_assets_pct,%,2025,0.0507,0.0507,5.07,fraction,native_numeric,0,DATASET_11_BANKS_2025-2015_.xlsx,38,C
southeast_bank_plc,1,DERIVED METRICS,YoY NPAT growth %,yoy_npat_growth_pct,%,2015,−20.00%,-20.0,-20.0,percent_points,recovered_from_text,0,DATASET_11_BANKS_2025-2015_.xlsx,39,M
southeast_bank_plc,1,DERIVED METRICS,YoY NPAT growth %,yoy_npat_growth_pct,%,2016,N/A,,,percent_points,missing_marker,0,DATASET_11_BANKS_2025-2015_.xlsx,39,L
southeast_bank_plc,1,DERIVED METRICS,YoY NPAT growth %,yoy_npat_growth_pct,%,2017,-0.52,-0.52,-0.52,percent_points,native_numeric,0,DATASET_11_BANKS_2025-2015_.xlsx,39,K
southeast_bank_plc,1,DERIVED METRICS,YoY NPAT growth %,yoy_npat_growth_pct,%,2018,1.1163,1.1163,1.1163,percent_points,native_numeric,0,DATASET_11_BANKS_2025-2015_.xlsx,39,J
southeast_bank_plc,1,DERIVED METRICS,YoY NPAT growth %,yoy_npat_growth_pct,%,2019,0.0143,0.0143,0.0143,percent_points,native_numeric,0,DATASET_11_BANKS_2025-2015_.xlsx,39,I
southeast_bank_plc,1,DERIVED METRICS,YoY NPAT growth %,yoy_npat_growth_pct,%,2020,-0.1433,-0.1433,-0.1433,percent_points,native_numeric,0,DATASET_11_BANKS_2025-2015_.xlsx,39,H
southeast_bank_plc,1,DERIVED METRICS,YoY NPAT growth %,yoy_npat_growth_pct,%,2021,-0.1698,-0.1698,-0.1698,percent_points,native_numeric,0,DATASET_11_BANKS_2025-2015_.xlsx,39,G
southeast_bank_plc,1,DERIVED METRICS,YoY NPAT growth %,yoy_npat_growth_pct,%,2022,-0.0179,-0.0179,-0.0179,percent_points,native_numeric,0,DATASET_11_BANKS_2025-2015_.xlsx,39,F
southeast_bank_plc,1,DERIVED METRICS,YoY NPAT growth %,yoy_npat_growth_pct,%,2023,0.2177,0.2177,0.2177,percent_points,native_numeric,0,DATASET_11_BANKS_2025-2015_.xlsx,39,E
southeast_bank_plc,1,DERIVED METRICS,YoY NPAT growth %,yoy_npat_growth_pct,%,2024,-0.7972,-0.7972,-0.7972,percent_points,native_numeric,0,DATASET_11_BANKS_2025-2015_.xlsx,39,D
southeast_bank_plc,1,DERIVED METRICS,YoY NPAT growth %,yoy_npat_growth_pct,%,2025,6.7442,6.7442,6.7442,percent_points,native_numeric,0,DATASET_11_BANKS_2025-2015_.xlsx,39,C
southeast_bank_plc,1,DERIVED METRICS,YoY Equity growth %,yoy_equity_growth_pct,%,2015,0.1085,0.1085,10.85,fraction,native_numeric,0,DATASET_11_BANKS_2025-2015_.xlsx,40,M
southeast_bank_plc,1,DERIVED METRICS,YoY Equity growth %,yoy_equity_growth_pct,%,2016,N/A,,,fraction,missing_marker,0,DATASET_11_BANKS_2025-2015_.xlsx,40,L
southeast_bank_plc,1,DERIVED METRICS,YoY Equity growth %,yoy_equity_growth_pct,%,2017,-0.0264,-0.0264,-2.64,fraction,native_numeric,0,DATASET_11_BANKS_2025-2015_.xlsx,40,K
southeast_bank_plc,1,DERIVED METRICS,YoY Equity growth %,yoy_equity_growth_pct,%,2018,0.0888,0.0888,8.88,fraction,native_numeric,0,DATASET_11_BANKS_2025-2015_.xlsx,40,J
southeast_bank_plc,1,DERIVED METRICS,YoY Equity growth %,yoy_equity_growth_pct,%,2019,0.0848,0.0848,8.48,fraction,native_numeric,0,DATASET_11_BANKS_2025-2015_.xlsx,40,I
southeast_bank_plc,1,DERIVED METRICS,YoY Equity growth %,yoy_equity_growth_pct,%,2020,-0.0261,-0.0261,-2.6100000000000003,fraction,native_numeric,0,DATASET_11_BANKS_2025-2015_.xlsx,40,H
southeast_bank_plc,1,DERIVED METRICS,YoY Equity growth %,yoy_equity_growth_pct,%,2021,0.0095,0.0095,0.95,fraction,native_numeric,0,DATASET_11_BANKS_2025-2015_.xlsx,40,G
southeast_bank_plc,1,DERIVED METRICS,YoY Equity growth %,yoy_equity_growth_pct,%,2022,0.0256,0.0256,2.56,fraction,native_numeric,0,DATASET_11_BANKS_2025-2015_.xlsx,40,F
southeast_bank_plc,1,DERIVED METRICS,YoY Equity growth %,yoy_equity_growth_pct,%,2023,0.0419,0.0419,4.19,fraction,native_numeric,0,DATASET_11_BANKS_2025-2015_.xlsx,40,E
southeast_bank_plc,1,DERIVED METRICS,YoY Equity growth %,yoy_equity_growth_pct,%,2024,-0.0156,-0.0156,-1.5599999999999998,fraction,native_numeric,0,DATASET_11_BANKS_2025-2015_.xlsx,40,D
southeast_bank_plc,1,DERIVED METRICS,YoY Equity growth %,yoy_equity_growth_pct,%,2025,0.0911,0.0911,9.11,fraction,native_numeric,0,DATASET_11_BANKS_2025-2015_.xlsx,40,C
