log_id,bank_id,metric,year,issue,detail,severity
94,bangladesh_development_bank_plc_bdbl,roa_pct,,percent_stored_as_fraction,"Bangladesh Development Bank PLC (BDBL) stores 'roa_pct' as a decimal fraction (e.g. 0.02342035263) although the Unit column says '%'. Evidence: rebuilt net_profit_after_tax/total_assets over 15 years: mean error 0.0% as a fraction vs 99.0% as percentage points. value_numeric keeps the source figure untouched; value_pct_points holds the same number x100 so it lines up with banks that publish percentage points. Use value_pct_points, or the v_bank_year view, for any cross-bank comparison.",critical
95,bangladesh_development_bank_plc_bdbl,roe_pct,,percent_stored_as_fraction,"Bangladesh Development Bank PLC (BDBL) stores 'roe_pct' as a decimal fraction (e.g. 0.04121555512) although the Unit column says '%'. Evidence: rebuilt net_profit_after_tax/shareholders_equity over 15 years: mean error 0.0% as a fraction vs 99.0% as percentage points. value_numeric keeps the source figure untouched; value_pct_points holds the same number x100 so it lines up with banks that publish percentage points. Use value_pct_points, or the v_bank_year view, for any cross-bank comparison.",critical
96,bangladesh_development_bank_plc_bdbl,npl_pct_gross,,percent_stored_as_fraction,"Bangladesh Development Bank PLC (BDBL) stores 'npl_pct_gross' as a decimal fraction (e.g. 0.3131) although the Unit column says '%'. Evidence: rebuilt npl_amount/loans_advances_gross over 15 years: mean error 8.0% as a fraction vs 98.9% as percentage points. value_numeric keeps the source figure untouched; value_pct_points holds the same number x100 so it lines up with banks that publish percentage points. Use value_pct_points, or the v_bank_year view, for any cross-bank comparison.",critical
97,bangladesh_development_bank_plc_bdbl,provision_coverage_pct,,percent_stored_as_fraction,"Bangladesh Development Bank PLC (BDBL) stores 'provision_coverage_pct' as a decimal fraction (e.g. 0.5436051198) although the Unit column says '%'. Evidence: inherited from this sheet's verified metrics ({'fraction': 5}). value_numeric keeps the source figure untouched; value_pct_points holds the same number x100 so it lines up with banks that publish percentage points. Use value_pct_points, or the v_bank_year view, for any cross-bank comparison.",critical
98,bangladesh_development_bank_plc_bdbl,loan_deposit_ratio_pct,,percent_stored_as_fraction,"Bangladesh Development Bank PLC (BDBL) stores 'loan_deposit_ratio_pct' as a decimal fraction (e.g. 3.044253227) although the Unit column says '%'. Evidence: rebuilt loans_advances_gross/total_deposits over 15 years: mean error 0.0% as a fraction vs 99.0% as percentage points. value_numeric keeps the source figure untouched; value_pct_points holds the same number x100 so it lines up with banks that publish percentage points. Use value_pct_points, or the v_bank_year view, for any cross-bank comparison.",critical
99,bangladesh_development_bank_plc_bdbl,car_pct,,percent_stored_as_fraction,"Bangladesh Development Bank PLC (BDBL) stores 'car_pct' as a decimal fraction (e.g. 0.2808) although the Unit column says '%'. Evidence: inherited from this sheet's verified metrics ({'fraction': 5}). value_numeric keeps the source figure untouched; value_pct_points holds the same number x100 so it lines up with banks that publish percentage points. Use value_pct_points, or the v_bank_year view, for any cross-bank comparison.",critical
100,bangladesh_development_bank_plc_bdbl,cost_income_pct,,percent_stored_as_fraction,"Bangladesh Development Bank PLC (BDBL) stores 'cost_income_pct' as a decimal fraction (e.g. 0.521161103) although the Unit column says '%'. Evidence: inherited from this sheet's verified metrics ({'fraction': 5}). value_numeric keeps the source figure untouched; value_pct_points holds the same number x100 so it lines up with banks that publish percentage points. Use value_pct_points, or the v_bank_year view, for any cross-bank comparison.",critical
101,bangladesh_development_bank_plc_bdbl,npl_to_assets_pct,,percent_stored_as_fraction,"Bangladesh Development Bank PLC (BDBL) stores 'npl_to_assets_pct' as a decimal fraction (e.g. 0.1127120369) although the Unit column says '%'. Evidence: rebuilt npl_amount/total_assets over 15 years: mean error 0.0% as a fraction vs 99.0% as percentage points. value_numeric keeps the source figure untouched; value_pct_points holds the same number x100 so it lines up with banks that publish percentage points. Use value_pct_points, or the v_bank_year view, for any cross-bank comparison.",critical
102,bangladesh_development_bank_plc_bdbl,yoy_npat_growth_pct,,percent_stored_as_fraction,"Bangladesh Development Bank PLC (BDBL) stores 'yoy_npat_growth_pct' as a decimal fraction (e.g. 0.06439100078) although the Unit column says '%'. Evidence: growth series peaks at 0.9124. value_numeric keeps the source figure untouched; value_pct_points holds the same number x100 so it lines up with banks that publish percentage points. Use value_pct_points, or the v_bank_year view, for any cross-bank comparison.",critical
103,bangladesh_development_bank_plc_bdbl,yoy_total_assets_growth_pct,,percent_stored_as_fraction,"Bangladesh Development Bank PLC (BDBL) stores 'yoy_total_assets_growth_pct' as a decimal fraction (e.g. 0.04829062314) although the Unit column says '%'. Evidence: growth series peaks at 0.4325. value_numeric keeps the source figure untouched; value_pct_points holds the same number x100 so it lines up with banks that publish percentage points. Use value_pct_points, or the v_bank_year view, for any cross-bank comparison.",critical
104,bangladesh_krishi_bank_bkb,roa_pct,,percent_stored_as_fraction,"Bangladesh Krishi Bank (BKB) stores 'roa_pct' as a decimal fraction (e.g. 0.0) although the Unit column says '%'. Evidence: rebuilt net_profit_after_tax/total_assets over 15 years: mean error 0.0% as a fraction vs 99.0% as percentage points. value_numeric keeps the source figure untouched; value_pct_points holds the same number x100 so it lines up with banks that publish percentage points. Use value_pct_points, or the v_bank_year view, for any cross-bank comparison.",critical
105,bangladesh_krishi_bank_bkb,roe_pct,,percent_stored_as_fraction,"Bangladesh Krishi Bank (BKB) stores 'roe_pct' as a decimal fraction (e.g. 0.0) although the Unit column says '%'. Evidence: rebuilt net_profit_after_tax/shareholders_equity over 15 years: mean error 0.0% as a fraction vs 99.0% as percentage points. value_numeric keeps the source figure untouched; value_pct_points holds the same number x100 so it lines up with banks that publish percentage points. Use value_pct_points, or the v_bank_year view, for any cross-bank comparison.",critical
106,bangladesh_krishi_bank_bkb,npl_pct_gross,,percent_stored_as_fraction,"Bangladesh Krishi Bank (BKB) stores 'npl_pct_gross' as a decimal fraction (e.g. 0.2477) although the Unit column says '%'. Evidence: rebuilt npl_amount/loans_advances_gross over 16 years: mean error 1.4% as a fraction vs 99.0% as percentage points. value_numeric keeps the source figure untouched; value_pct_points holds the same number x100 so it lines up with banks that publish percentage points. Use value_pct_points, or the v_bank_year view, for any cross-bank comparison.",critical
107,bangladesh_krishi_bank_bkb,provision_coverage_pct,,percent_stored_as_fraction,"Bangladesh Krishi Bank (BKB) stores 'provision_coverage_pct' as a decimal fraction (e.g. 0.241484727948681) although the Unit column says '%'. Evidence: inherited from this sheet's verified metrics ({'fraction': 5}). value_numeric keeps the source figure untouched; value_pct_points holds the same number x100 so it lines up with banks that publish percentage points. Use value_pct_points, or the v_bank_year view, for any cross-bank comparison.",critical
108,bangladesh_krishi_bank_bkb,loan_deposit_ratio_pct,,percent_stored_as_fraction,"Bangladesh Krishi Bank (BKB) stores 'loan_deposit_ratio_pct' as a decimal fraction (e.g. 1.010741) although the Unit column says '%'. Evidence: rebuilt loans_advances_gross/total_deposits over 16 years: mean error 0.0% as a fraction vs 99.0% as percentage points. value_numeric keeps the source figure untouched; value_pct_points holds the same number x100 so it lines up with banks that publish percentage points. Use value_pct_points, or the v_bank_year view, for any cross-bank comparison.",critical
109,bangladesh_krishi_bank_bkb,car_pct,,percent_stored_as_fraction,"Bangladesh Krishi Bank (BKB) stores 'car_pct' as a decimal fraction (e.g. -0.4064) although the Unit column says '%'. Evidence: inherited from this sheet's verified metrics ({'fraction': 5}). value_numeric keeps the source figure untouched; value_pct_points holds the same number x100 so it lines up with banks that publish percentage points. Use value_pct_points, or the v_bank_year view, for any cross-bank comparison.",critical
110,bangladesh_krishi_bank_bkb,cost_income_pct,,percent_stored_as_fraction,"Bangladesh Krishi Bank (BKB) stores 'cost_income_pct' as a decimal fraction (e.g. 1.397983743) although the Unit column says '%'. Evidence: inherited from this sheet's verified metrics ({'fraction': 5}). value_numeric keeps the source figure untouched; value_pct_points holds the same number x100 so it lines up with banks that publish percentage points. Use value_pct_points, or the v_bank_year view, for any cross-bank comparison.",critical
111,bangladesh_krishi_bank_bkb,npl_to_assets_pct,,percent_stored_as_fraction,"Bangladesh Krishi Bank (BKB) stores 'npl_to_assets_pct' as a decimal fraction (e.g. 0.1756842246) although the Unit column says '%'. Evidence: rebuilt npl_amount/total_assets over 16 years: mean error 0.0% as a fraction vs 99.0% as percentage points. value_numeric keeps the source figure untouched; value_pct_points holds the same number x100 so it lines up with banks that publish percentage points. Use value_pct_points, or the v_bank_year view, for any cross-bank comparison.",critical
112,bangladesh_krishi_bank_bkb,yoy_total_assets_growth_pct,,percent_stored_as_fraction,"Bangladesh Krishi Bank (BKB) stores 'yoy_total_assets_growth_pct' as a decimal fraction (e.g. 0.09652475394) although the Unit column says '%'. Evidence: growth series peaks at 1. value_numeric keeps the source figure untouched; value_pct_points holds the same number x100 so it lines up with banks that publish percentage points. Use value_pct_points, or the v_bank_year view, for any cross-bank comparison.",critical
222,bangladesh_krishi_bank_bkb,roe_pct,,roe_on_negative_equity,"Bangladesh Krishi Bank (BKB) reports negative shareholders' equity in 16 year(s) (2010-2025) for which an ROE is also printed. ROE = profit / equity, so with negative equity a LOSS shows as a POSITIVE ROE and a profit as a negative one. Those ROE figures are arithmetically valid but economically meaningless: do not rank, average or chart them as if higher were better. Use net profit and equity in Tk mn instead.",critical
85,basic_bank_plc,roa_pct,,percent_stored_as_fraction,"BASIC Bank PLC stores 'roa_pct' as a decimal fraction (e.g. 0.002679910506) although the Unit column says '%'. Evidence: rebuilt net_profit_after_tax/total_assets over 35 years: mean error 0.0% as a fraction vs 99.0% as percentage points. value_numeric keeps the source figure untouched; value_pct_points holds the same number x100 so it lines up with banks that publish percentage points. Use value_pct_points, or the v_bank_year view, for any cross-bank comparison.",critical
86,basic_bank_plc,roe_pct,,percent_stored_as_fraction,"BASIC Bank PLC stores 'roe_pct' as a decimal fraction (e.g. 0.01344185473) although the Unit column says '%'. Evidence: rebuilt net_profit_after_tax/shareholders_equity over 35 years: mean error 0.0% as a fraction vs 99.0% as percentage points. value_numeric keeps the source figure untouched; value_pct_points holds the same number x100 so it lines up with banks that publish percentage points. Use value_pct_points, or the v_bank_year view, for any cross-bank comparison.",critical
87,basic_bank_plc,npl_pct_gross,,percent_stored_as_fraction,"BASIC Bank PLC stores 'npl_pct_gross' as a decimal fraction (e.g. 0.0455) although the Unit column says '%'. Evidence: rebuilt npl_amount/loans_advances_gross over 16 years: mean error 0.0% as a fraction vs 99.0% as percentage points. value_numeric keeps the source figure untouched; value_pct_points holds the same number x100 so it lines up with banks that publish percentage points. Use value_pct_points, or the v_bank_year view, for any cross-bank comparison.",critical
88,basic_bank_plc,provision_coverage_pct,,percent_stored_as_fraction,"BASIC Bank PLC stores 'provision_coverage_pct' as a decimal fraction (e.g. 0.3935) although the Unit column says '%'. Evidence: inherited from this sheet's verified metrics ({'fraction': 5}). value_numeric keeps the source figure untouched; value_pct_points holds the same number x100 so it lines up with banks that publish percentage points. Use value_pct_points, or the v_bank_year view, for any cross-bank comparison.",critical
89,basic_bank_plc,loan_deposit_ratio_pct,,percent_stored_as_fraction,"BASIC Bank PLC stores 'loan_deposit_ratio_pct' as a decimal fraction (e.g. 0.2091464182) although the Unit column says '%'. Evidence: rebuilt loans_advances_gross/total_deposits over 35 years: mean error 0.0% as a fraction vs 99.0% as percentage points. value_numeric keeps the source figure untouched; value_pct_points holds the same number x100 so it lines up with banks that publish percentage points. Use value_pct_points, or the v_bank_year view, for any cross-bank comparison.",critical
90,basic_bank_plc,car_pct,,percent_stored_as_fraction,"BASIC Bank PLC stores 'car_pct' as a decimal fraction (e.g. 0.1239) although the Unit column says '%'. Evidence: inherited from this sheet's verified metrics ({'fraction': 5}). value_numeric keeps the source figure untouched; value_pct_points holds the same number x100 so it lines up with banks that publish percentage points. Use value_pct_points, or the v_bank_year view, for any cross-bank comparison.",critical
91,basic_bank_plc,cost_income_pct,,percent_stored_as_fraction,"BASIC Bank PLC stores 'cost_income_pct' as a decimal fraction (e.g. 0.347570845209267) although the Unit column says '%'. Evidence: inherited from this sheet's verified metrics ({'fraction': 5}). value_numeric keeps the source figure untouched; value_pct_points holds the same number x100 so it lines up with banks that publish percentage points. Use value_pct_points, or the v_bank_year view, for any cross-bank comparison.",critical
92,basic_bank_plc,npl_to_assets_pct,,percent_stored_as_fraction,"BASIC Bank PLC stores 'npl_to_assets_pct' as a decimal fraction (e.g. 0.02573815142) although the Unit column says '%'. Evidence: rebuilt npl_amount/total_assets over 16 years: mean error 0.0% as a fraction vs 99.0% as percentage points. value_numeric keeps the source figure untouched; value_pct_points holds the same number x100 so it lines up with banks that publish percentage points. Use value_pct_points, or the v_bank_year view, for any cross-bank comparison.",critical
93,basic_bank_plc,yoy_total_assets_growth_pct,,percent_stored_as_fraction,"BASIC Bank PLC stores 'yoy_total_assets_growth_pct' as a decimal fraction (e.g. 0.6273940944) although the Unit column says '%'. Evidence: growth series peaks at 1. value_numeric keeps the source figure untouched; value_pct_points holds the same number x100 so it lines up with banks that publish percentage points. Use value_pct_points, or the v_bank_year view, for any cross-bank comparison.",critical
223,basic_bank_plc,roe_pct,,roe_on_negative_equity,"BASIC Bank PLC reports negative shareholders' equity in 3 year(s) (2021-2023) for which an ROE is also printed. ROE = profit / equity, so with negative equity a LOSS shows as a POSITIVE ROE and a profit as a negative one. Those ROE figures are arithmetically valid but economically meaningless: do not rank, average or chart them as if higher were better. Use net profit and equity in Tk mn instead.",critical
15,city_bank_plc,yoy_npat_growth_pct,,percent_stored_as_fraction,"City Bank PLC stores 'yoy_npat_growth_pct' as a decimal fraction (e.g. 0.2034835499) although the Unit column says '%'. Evidence: growth series peaks at 0.7641. value_numeric keeps the source figure untouched; value_pct_points holds the same number x100 so it lines up with banks that publish percentage points. Use value_pct_points, or the v_bank_year view, for any cross-bank comparison.",critical
16,city_bank_plc,yoy_total_assets_growth_pct,,percent_stored_as_fraction,"City Bank PLC stores 'yoy_total_assets_growth_pct' as a decimal fraction (e.g. 0.2081176171) although the Unit column says '%'. Evidence: growth series peaks at 0.2561. value_numeric keeps the source figure untouched; value_pct_points holds the same number x100 so it lines up with banks that publish percentage points. Use value_pct_points, or the v_bank_year view, for any cross-bank comparison.",critical
18,dutch_bangla_bank_plc,roa_pct,,percent_stored_as_fraction,"Dutch-Bangla Bank PLC stores 'roa_pct' as a decimal fraction (e.g. 0.013) although the Unit column says '%'. Evidence: rebuilt net_profit_after_tax/total_assets over 11 years: mean error 6.8% as a fraction vs 98.9% as percentage points. value_numeric keeps the source figure untouched; value_pct_points holds the same number x100 so it lines up with banks that publish percentage points. Use value_pct_points, or the v_bank_year view, for any cross-bank comparison.",critical
19,dutch_bangla_bank_plc,roe_pct,,percent_stored_as_fraction,"Dutch-Bangla Bank PLC stores 'roe_pct' as a decimal fraction (e.g. 0.173) although the Unit column says '%'. Evidence: rebuilt net_profit_after_tax/shareholders_equity over 11 years: mean error 6.5% as a fraction vs 98.9% as percentage points. value_numeric keeps the source figure untouched; value_pct_points holds the same number x100 so it lines up with banks that publish percentage points. Use value_pct_points, or the v_bank_year view, for any cross-bank comparison.",critical
20,dutch_bangla_bank_plc,loan_deposit_ratio_pct,,percent_stored_as_fraction,"Dutch-Bangla Bank PLC stores 'loan_deposit_ratio_pct' as a decimal fraction (e.g. 0.68) although the Unit column says '%'. Evidence: rebuilt loans_advances_gross/total_deposits over 11 years: mean error 8.6% as a fraction vs 99.1% as percentage points. value_numeric keeps the source figure untouched; value_pct_points holds the same number x100 so it lines up with banks that publish percentage points. Use value_pct_points, or the v_bank_year view, for any cross-bank comparison.",critical
21,dutch_bangla_bank_plc,npl_pct_gross,,percent_stored_as_fraction,"Dutch-Bangla Bank PLC stores 'npl_pct_gross' as a decimal fraction (e.g. 0.064) although the Unit column says '%'. Evidence: rebuilt npl_amount/loans_advances_gross over 11 years: mean error 0.0% as a fraction vs 99.0% as percentage points. value_numeric keeps the source figure untouched; value_pct_points holds the same number x100 so it lines up with banks that publish percentage points. Use value_pct_points, or the v_bank_year view, for any cross-bank comparison.",critical
22,dutch_bangla_bank_plc,provision_coverage_pct,,percent_stored_as_fraction,"Dutch-Bangla Bank PLC stores 'provision_coverage_pct' as a decimal fraction (e.g. 1.182) although the Unit column says '%'. Evidence: inherited from this sheet's verified metrics ({'fraction': 5}). value_numeric keeps the source figure untouched; value_pct_points holds the same number x100 so it lines up with banks that publish percentage points. Use value_pct_points, or the v_bank_year view, for any cross-bank comparison.",critical
23,dutch_bangla_bank_plc,car_pct,,percent_stored_as_fraction,"Dutch-Bangla Bank PLC stores 'car_pct' as a decimal fraction (e.g. 0.171) although the Unit column says '%'. Evidence: inherited from this sheet's verified metrics ({'fraction': 5}). value_numeric keeps the source figure untouched; value_pct_points holds the same number x100 so it lines up with banks that publish percentage points. Use value_pct_points, or the v_bank_year view, for any cross-bank comparison.",critical
24,dutch_bangla_bank_plc,cost_income_pct,,percent_stored_as_fraction,"Dutch-Bangla Bank PLC stores 'cost_income_pct' as a decimal fraction (e.g. 0.497) although the Unit column says '%'. Evidence: inherited from this sheet's verified metrics ({'fraction': 5}). value_numeric keeps the source figure untouched; value_pct_points holds the same number x100 so it lines up with banks that publish percentage points. Use value_pct_points, or the v_bank_year view, for any cross-bank comparison.",critical
25,dutch_bangla_bank_plc,npl_to_assets_pct,,percent_stored_as_fraction,"Dutch-Bangla Bank PLC stores 'npl_to_assets_pct' as a decimal fraction (e.g. 0.0353) although the Unit column says '%'. Evidence: rebuilt npl_amount/total_assets over 11 years: mean error 0.1% as a fraction vs 99.0% as percentage points. value_numeric keeps the source figure untouched; value_pct_points holds the same number x100 so it lines up with banks that publish percentage points. Use value_pct_points, or the v_bank_year view, for any cross-bank comparison.",critical
26,dutch_bangla_bank_plc,yoy_npat_growth_pct,,percent_stored_as_fraction,"Dutch-Bangla Bank PLC stores 'yoy_npat_growth_pct' as a decimal fraction (e.g. 1.038) although the Unit column says '%'. Evidence: growth series peaks at 1.038. value_numeric keeps the source figure untouched; value_pct_points holds the same number x100 so it lines up with banks that publish percentage points. Use value_pct_points, or the v_bank_year view, for any cross-bank comparison.",critical
27,dutch_bangla_bank_plc,yoy_equity_growth_pct,,percent_stored_as_fraction,"Dutch-Bangla Bank PLC stores 'yoy_equity_growth_pct' as a decimal fraction (e.g. 0.164) although the Unit column says '%'. Evidence: growth series peaks at 0.189. value_numeric keeps the source figure untouched; value_pct_points holds the same number x100 so it lines up with banks that publish percentage points. Use value_pct_points, or the v_bank_year view, for any cross-bank comparison.",critical
6,eastern_bank_plc,YoY NPAT growth %,,misaligned_duplicate_row,"Row 74 on sheet 'Eastern Bank Ltd' carries data in the Unit column (B74=0.201), i.e. the whole row is shifted one column left relative to the header. Loaded with the shift corrected and marked table_instance=2; values also appear rescaled (divided by 100) versus the aligned copy of the same metric.",critical
7,eastern_bank_plc,YoY Equity growth %,,misaligned_duplicate_row,"Row 75 on sheet 'Eastern Bank Ltd' carries data in the Unit column (B75=0.181), i.e. the whole row is shifted one column left relative to the header. Loaded with the shift corrected and marked table_instance=2; values also appear rescaled (divided by 100) versus the aligned copy of the same metric.",critical
8,eastern_bank_plc,,,duplicate_table_on_sheet,"Sheet 'Eastern Bank Ltd' contains the Metric/Unit table 2 times (header rows 14, 48). All copies are loaded; table_instance = 1 is the authoritative one and is the only instance exposed by the v_* views.",critical
130,eastern_bank_plc,total_assets,2015,cross_bank_identical_value,"Eastern Bank PLC and Mutual Trust Bank PLC report the identical figure 189563.0 for 'total_assets' in 2015. This pair matches on 45 (metric, year) cells across 9 metrics and years 2015–2020 — not plausible for raw balance-sheet numbers, and almost certainly a copy/paste error in the source workbook. Treat both banks' figures for these years as UNVERIFIED until checked against the published annual reports.",critical
140,eastern_bank_plc,loans_advances_gross,2015,cross_bank_identical_value,"Eastern Bank PLC and Mutual Trust Bank PLC report the identical figure 130226.0 for 'loans_advances_gross' in 2015. This pair matches on 45 (metric, year) cells across 9 metrics and years 2015–2020 — not plausible for raw balance-sheet numbers, and almost certainly a copy/paste error in the source workbook. Treat both banks' figures for these years as UNVERIFIED until checked against the published annual reports.",critical
150,eastern_bank_plc,total_deposits,2015,cross_bank_identical_value,"Eastern Bank PLC and Mutual Trust Bank PLC report the identical figure 127990.0 for 'total_deposits' in 2015. This pair matches on 45 (metric, year) cells across 9 metrics and years 2015–2020 — not plausible for raw balance-sheet numbers, and almost certainly a copy/paste error in the source workbook. Treat both banks' figures for these years as UNVERIFIED until checked against the published annual reports.",critical
160,eastern_bank_plc,shareholders_equity,2015,cross_bank_identical_value,"Eastern Bank PLC and Mutual Trust Bank PLC report the identical figure 20496.0 for 'shareholders_equity' in 2015. This pair matches on 45 (metric, year) cells across 9 metrics and years 2015–2020 — not plausible for raw balance-sheet numbers, and almost certainly a copy/paste error in the source workbook. Treat both banks' figures for these years as UNVERIFIED until checked against the published annual reports.",critical
170,eastern_bank_plc,net_interest_income,2015,cross_bank_identical_value,"Eastern Bank PLC and Mutual Trust Bank PLC report the identical figure 3545.0 for 'net_interest_income' in 2015. This pair matches on 45 (metric, year) cells across 9 metrics and years 2015–2020 — not plausible for raw balance-sheet numbers, and almost certainly a copy/paste error in the source workbook. Treat both banks' figures for these years as UNVERIFIED until checked against the published annual reports.",critical
180,eastern_bank_plc,non_interest_income,2015,cross_bank_identical_value,"Eastern Bank PLC and Mutual Trust Bank PLC report the identical figure 6542.0 for 'non_interest_income' in 2015. This pair matches on 45 (metric, year) cells across 9 metrics and years 2015–2020 — not plausible for raw balance-sheet numbers, and almost certainly a copy/paste error in the source workbook. Treat both banks' figures for these years as UNVERIFIED until checked against the published annual reports.",critical
190,eastern_bank_plc,net_profit_after_tax,2015,cross_bank_identical_value,"Eastern Bank PLC and Mutual Trust Bank PLC report the identical figure 2221.0 for 'net_profit_after_tax' in 2015. This pair matches on 45 (metric, year) cells across 9 metrics and years 2015–2020 — not plausible for raw balance-sheet numbers, and almost certainly a copy/paste error in the source workbook. Treat both banks' figures for these years as UNVERIFIED until checked against the published annual reports.",critical
200,eastern_bank_plc,eps,2015,cross_bank_identical_value,"Eastern Bank PLC and Mutual Trust Bank PLC report the identical figure 3.63 for 'eps' in 2015. This pair matches on 45 (metric, year) cells across 9 metrics and years 2015–2020 — not plausible for raw balance-sheet numbers, and almost certainly a copy/paste error in the source workbook. Treat both banks' figures for these years as UNVERIFIED until checked against the published annual reports.",critical
210,eastern_bank_plc,npl_amount,2015,cross_bank_identical_value,"Eastern Bank PLC and Mutual Trust Bank PLC report the identical figure 4258.4 for 'npl_amount' in 2015. This pair matches on 45 (metric, year) cells across 9 metrics and years 2015–2020 — not plausible for raw balance-sheet numbers, and almost certainly a copy/paste error in the source workbook. Treat both banks' figures for these years as UNVERIFIED until checked against the published annual reports.",critical
128,eastern_bank_plc,total_assets,2017,cross_bank_identical_value,"Eastern Bank PLC and Mutual Trust Bank PLC report the identical figure 253068.0 for 'total_assets' in 2017. This pair matches on 45 (metric, year) cells across 9 metrics and years 2015–2020 — not plausible for raw balance-sheet numbers, and almost certainly a copy/paste error in the source workbook. Treat both banks' figures for these years as UNVERIFIED until checked against the published annual reports.",critical
138,eastern_bank_plc,loans_advances_gross,2017,cross_bank_identical_value,"Eastern Bank PLC and Mutual Trust Bank PLC report the identical figure 184027.0 for 'loans_advances_gross' in 2017. This pair matches on 45 (metric, year) cells across 9 metrics and years 2015–2020 — not plausible for raw balance-sheet numbers, and almost certainly a copy/paste error in the source workbook. Treat both banks' figures for these years as UNVERIFIED until checked against the published annual reports.",critical
148,eastern_bank_plc,total_deposits,2017,cross_bank_identical_value,"Eastern Bank PLC and Mutual Trust Bank PLC report the identical figure 167348.0 for 'total_deposits' in 2017. This pair matches on 45 (metric, year) cells across 9 metrics and years 2015–2020 — not plausible for raw balance-sheet numbers, and almost certainly a copy/paste error in the source workbook. Treat both banks' figures for these years as UNVERIFIED until checked against the published annual reports.",critical
158,eastern_bank_plc,shareholders_equity,2017,cross_bank_identical_value,"Eastern Bank PLC and Mutual Trust Bank PLC report the identical figure 21586.0 for 'shareholders_equity' in 2017. This pair matches on 45 (metric, year) cells across 9 metrics and years 2015–2020 — not plausible for raw balance-sheet numbers, and almost certainly a copy/paste error in the source workbook. Treat both banks' figures for these years as UNVERIFIED until checked against the published annual reports.",critical
168,eastern_bank_plc,net_interest_income,2017,cross_bank_identical_value,"Eastern Bank PLC and Mutual Trust Bank PLC report the identical figure 5745.0 for 'net_interest_income' in 2017. This pair matches on 45 (metric, year) cells across 9 metrics and years 2015–2020 — not plausible for raw balance-sheet numbers, and almost certainly a copy/paste error in the source workbook. Treat both banks' figures for these years as UNVERIFIED until checked against the published annual reports.",critical
178,eastern_bank_plc,non_interest_income,2017,cross_bank_identical_value,"Eastern Bank PLC and Mutual Trust Bank PLC report the identical figure 6656.0 for 'non_interest_income' in 2017. This pair matches on 45 (metric, year) cells across 9 metrics and years 2015–2020 — not plausible for raw balance-sheet numbers, and almost certainly a copy/paste error in the source workbook. Treat both banks' figures for these years as UNVERIFIED until checked against the published annual reports.",critical
188,eastern_bank_plc,net_profit_after_tax,2017,cross_bank_identical_value,"Eastern Bank PLC and Mutual Trust Bank PLC report the identical figure 2405.0 for 'net_profit_after_tax' in 2017. This pair matches on 45 (metric, year) cells across 9 metrics and years 2015–2020 — not plausible for raw balance-sheet numbers, and almost certainly a copy/paste error in the source workbook. Treat both banks' figures for these years as UNVERIFIED until checked against the published annual reports.",critical
198,eastern_bank_plc,eps,2017,cross_bank_identical_value,"Eastern Bank PLC and Mutual Trust Bank PLC report the identical figure 3.26 for 'eps' in 2017. This pair matches on 45 (metric, year) cells across 9 metrics and years 2015–2020 — not plausible for raw balance-sheet numbers, and almost certainly a copy/paste error in the source workbook. Treat both banks' figures for these years as UNVERIFIED until checked against the published annual reports.",critical
208,eastern_bank_plc,npl_amount,2017,cross_bank_identical_value,"Eastern Bank PLC and Mutual Trust Bank PLC report the identical figure 4600.7 for 'npl_amount' in 2017. This pair matches on 45 (metric, year) cells across 9 metrics and years 2015–2020 — not plausible for raw balance-sheet numbers, and almost certainly a copy/paste error in the source workbook. Treat both banks' figures for these years as UNVERIFIED until checked against the published annual reports.",critical
126,eastern_bank_plc,total_assets,2018,cross_bank_identical_value,"Eastern Bank PLC and Mutual Trust Bank PLC report the identical figure 282451.0 for 'total_assets' in 2018. This pair matches on 45 (metric, year) cells across 9 metrics and years 2015–2020 — not plausible for raw balance-sheet numbers, and almost certainly a copy/paste error in the source workbook. Treat both banks' figures for these years as UNVERIFIED until checked against the published annual reports.",critical
136,eastern_bank_plc,loans_advances_gross,2018,cross_bank_identical_value,"Eastern Bank PLC and Mutual Trust Bank PLC report the identical figure 209306.0 for 'loans_advances_gross' in 2018. This pair matches on 45 (metric, year) cells across 9 metrics and years 2015–2020 — not plausible for raw balance-sheet numbers, and almost certainly a copy/paste error in the source workbook. Treat both banks' figures for these years as UNVERIFIED until checked against the published annual reports.",critical
146,eastern_bank_plc,total_deposits,2018,cross_bank_identical_value,"Eastern Bank PLC and Mutual Trust Bank PLC report the identical figure 199629.0 for 'total_deposits' in 2018. This pair matches on 45 (metric, year) cells across 9 metrics and years 2015–2020 — not plausible for raw balance-sheet numbers, and almost certainly a copy/paste error in the source workbook. Treat both banks' figures for these years as UNVERIFIED until checked against the published annual reports.",critical
156,eastern_bank_plc,shareholders_equity,2018,cross_bank_identical_value,"Eastern Bank PLC and Mutual Trust Bank PLC report the identical figure 22966.0 for 'shareholders_equity' in 2018. This pair matches on 45 (metric, year) cells across 9 metrics and years 2015–2020 — not plausible for raw balance-sheet numbers, and almost certainly a copy/paste error in the source workbook. Treat both banks' figures for these years as UNVERIFIED until checked against the published annual reports.",critical
166,eastern_bank_plc,net_interest_income,2018,cross_bank_identical_value,"Eastern Bank PLC and Mutual Trust Bank PLC report the identical figure 7506.0 for 'net_interest_income' in 2018. This pair matches on 45 (metric, year) cells across 9 metrics and years 2015–2020 — not plausible for raw balance-sheet numbers, and almost certainly a copy/paste error in the source workbook. Treat both banks' figures for these years as UNVERIFIED until checked against the published annual reports.",critical
176,eastern_bank_plc,non_interest_income,2018,cross_bank_identical_value,"Eastern Bank PLC and Mutual Trust Bank PLC report the identical figure 5633.0 for 'non_interest_income' in 2018. This pair matches on 45 (metric, year) cells across 9 metrics and years 2015–2020 — not plausible for raw balance-sheet numbers, and almost certainly a copy/paste error in the source workbook. Treat both banks' figures for these years as UNVERIFIED until checked against the published annual reports.",critical
186,eastern_bank_plc,net_profit_after_tax,2018,cross_bank_identical_value,"Eastern Bank PLC and Mutual Trust Bank PLC report the identical figure 3081.0 for 'net_profit_after_tax' in 2018. This pair matches on 45 (metric, year) cells across 9 metrics and years 2015–2020 — not plausible for raw balance-sheet numbers, and almost certainly a copy/paste error in the source workbook. Treat both banks' figures for these years as UNVERIFIED until checked against the published annual reports.",critical
196,eastern_bank_plc,eps,2018,cross_bank_identical_value,"Eastern Bank PLC and Mutual Trust Bank PLC report the identical figure 4.17 for 'eps' in 2018. This pair matches on 45 (metric, year) cells across 9 metrics and years 2015–2020 — not plausible for raw balance-sheet numbers, and almost certainly a copy/paste error in the source workbook. Treat both banks' figures for these years as UNVERIFIED until checked against the published annual reports.",critical
206,eastern_bank_plc,npl_amount,2018,cross_bank_identical_value,"Eastern Bank PLC and Mutual Trust Bank PLC report the identical figure 4918.7 for 'npl_amount' in 2018. This pair matches on 45 (metric, year) cells across 9 metrics and years 2015–2020 — not plausible for raw balance-sheet numbers, and almost certainly a copy/paste error in the source workbook. Treat both banks' figures for these years as UNVERIFIED until checked against the published annual reports.",critical
124,eastern_bank_plc,total_assets,2019,cross_bank_identical_value,"Eastern Bank PLC and Mutual Trust Bank PLC report the identical figure 335163.0 for 'total_assets' in 2019. This pair matches on 45 (metric, year) cells across 9 metrics and years 2015–2020 — not plausible for raw balance-sheet numbers, and almost certainly a copy/paste error in the source workbook. Treat both banks' figures for these years as UNVERIFIED until checked against the published annual reports.",critical
134,eastern_bank_plc,loans_advances_gross,2019,cross_bank_identical_value,"Eastern Bank PLC and Mutual Trust Bank PLC report the identical figure 232051.0 for 'loans_advances_gross' in 2019. This pair matches on 45 (metric, year) cells across 9 metrics and years 2015–2020 — not plausible for raw balance-sheet numbers, and almost certainly a copy/paste error in the source workbook. Treat both banks' figures for these years as UNVERIFIED until checked against the published annual reports.",critical
144,eastern_bank_plc,total_deposits,2019,cross_bank_identical_value,"Eastern Bank PLC and Mutual Trust Bank PLC report the identical figure 240164.0 for 'total_deposits' in 2019. This pair matches on 45 (metric, year) cells across 9 metrics and years 2015–2020 — not plausible for raw balance-sheet numbers, and almost certainly a copy/paste error in the source workbook. Treat both banks' figures for these years as UNVERIFIED until checked against the published annual reports.",critical
154,eastern_bank_plc,shareholders_equity,2019,cross_bank_identical_value,"Eastern Bank PLC and Mutual Trust Bank PLC report the identical figure 25567.0 for 'shareholders_equity' in 2019. This pair matches on 45 (metric, year) cells across 9 metrics and years 2015–2020 — not plausible for raw balance-sheet numbers, and almost certainly a copy/paste error in the source workbook. Treat both banks' figures for these years as UNVERIFIED until checked against the published annual reports.",critical
164,eastern_bank_plc,net_interest_income,2019,cross_bank_identical_value,"Eastern Bank PLC and Mutual Trust Bank PLC report the identical figure 8159.0 for 'net_interest_income' in 2019. This pair matches on 45 (metric, year) cells across 9 metrics and years 2015–2020 — not plausible for raw balance-sheet numbers, and almost certainly a copy/paste error in the source workbook. Treat both banks' figures for these years as UNVERIFIED until checked against the published annual reports.",critical
174,eastern_bank_plc,non_interest_income,2019,cross_bank_identical_value,"Eastern Bank PLC and Mutual Trust Bank PLC report the identical figure 6439.0 for 'non_interest_income' in 2019. This pair matches on 45 (metric, year) cells across 9 metrics and years 2015–2020 — not plausible for raw balance-sheet numbers, and almost certainly a copy/paste error in the source workbook. Treat both banks' figures for these years as UNVERIFIED until checked against the published annual reports.",critical
184,eastern_bank_plc,net_profit_after_tax,2019,cross_bank_identical_value,"Eastern Bank PLC and Mutual Trust Bank PLC report the identical figure 4008.0 for 'net_profit_after_tax' in 2019. This pair matches on 45 (metric, year) cells across 9 metrics and years 2015–2020 — not plausible for raw balance-sheet numbers, and almost certainly a copy/paste error in the source workbook. Treat both banks' figures for these years as UNVERIFIED until checked against the published annual reports.",critical
194,eastern_bank_plc,eps,2019,cross_bank_identical_value,"Eastern Bank PLC and Mutual Trust Bank PLC report the identical figure 4.94 for 'eps' in 2019. This pair matches on 45 (metric, year) cells across 9 metrics and years 2015–2020 — not plausible for raw balance-sheet numbers, and almost certainly a copy/paste error in the source workbook. Treat both banks' figures for these years as UNVERIFIED until checked against the published annual reports.",critical
204,eastern_bank_plc,npl_amount,2019,cross_bank_identical_value,"Eastern Bank PLC and Mutual Trust Bank PLC report the identical figure 7773.7 for 'npl_amount' in 2019. This pair matches on 45 (metric, year) cells across 9 metrics and years 2015–2020 — not plausible for raw balance-sheet numbers, and almost certainly a copy/paste error in the source workbook. Treat both banks' figures for these years as UNVERIFIED until checked against the published annual reports.",critical
122,eastern_bank_plc,total_assets,2020,cross_bank_identical_value,"Eastern Bank PLC and Mutual Trust Bank PLC report the identical figure 336936.0 for 'total_assets' in 2020. This pair matches on 45 (metric, year) cells across 9 metrics and years 2015–2020 — not plausible for raw balance-sheet numbers, and almost certainly a copy/paste error in the source workbook. Treat both banks' figures for these years as UNVERIFIED until checked against the published annual reports.",critical
132,eastern_bank_plc,loans_advances_gross,2020,cross_bank_identical_value,"Eastern Bank PLC and Mutual Trust Bank PLC report the identical figure 228944.0 for 'loans_advances_gross' in 2020. This pair matches on 45 (metric, year) cells across 9 metrics and years 2015–2020 — not plausible for raw balance-sheet numbers, and almost certainly a copy/paste error in the source workbook. Treat both banks' figures for these years as UNVERIFIED until checked against the published annual reports.",critical
142,eastern_bank_plc,total_deposits,2020,cross_bank_identical_value,"Eastern Bank PLC and Mutual Trust Bank PLC report the identical figure 242358.0 for 'total_deposits' in 2020. This pair matches on 45 (metric, year) cells across 9 metrics and years 2015–2020 — not plausible for raw balance-sheet numbers, and almost certainly a copy/paste error in the source workbook. Treat both banks' figures for these years as UNVERIFIED until checked against the published annual reports.",critical
152,eastern_bank_plc,shareholders_equity,2020,cross_bank_identical_value,"Eastern Bank PLC and Mutual Trust Bank PLC report the identical figure 28976.0 for 'shareholders_equity' in 2020. This pair matches on 45 (metric, year) cells across 9 metrics and years 2015–2020 — not plausible for raw balance-sheet numbers, and almost certainly a copy/paste error in the source workbook. Treat both banks' figures for these years as UNVERIFIED until checked against the published annual reports.",critical
162,eastern_bank_plc,net_interest_income,2020,cross_bank_identical_value,"Eastern Bank PLC and Mutual Trust Bank PLC report the identical figure 5930.0 for 'net_interest_income' in 2020. This pair matches on 45 (metric, year) cells across 9 metrics and years 2015–2020 — not plausible for raw balance-sheet numbers, and almost certainly a copy/paste error in the source workbook. Treat both banks' figures for these years as UNVERIFIED until checked against the published annual reports.",critical
172,eastern_bank_plc,non_interest_income,2020,cross_bank_identical_value,"Eastern Bank PLC and Mutual Trust Bank PLC report the identical figure 8204.0 for 'non_interest_income' in 2020. This pair matches on 45 (metric, year) cells across 9 metrics and years 2015–2020 — not plausible for raw balance-sheet numbers, and almost certainly a copy/paste error in the source workbook. Treat both banks' figures for these years as UNVERIFIED until checked against the published annual reports.",critical
182,eastern_bank_plc,net_profit_after_tax,2020,cross_bank_identical_value,"Eastern Bank PLC and Mutual Trust Bank PLC report the identical figure 4103.0 for 'net_profit_after_tax' in 2020. This pair matches on 45 (metric, year) cells across 9 metrics and years 2015–2020 — not plausible for raw balance-sheet numbers, and almost certainly a copy/paste error in the source workbook. Treat both banks' figures for these years as UNVERIFIED until checked against the published annual reports.",critical
192,eastern_bank_plc,eps,2020,cross_bank_identical_value,"Eastern Bank PLC and Mutual Trust Bank PLC report the identical figure 5.05 for 'eps' in 2020. This pair matches on 45 (metric, year) cells across 9 metrics and years 2015–2020 — not plausible for raw balance-sheet numbers, and almost certainly a copy/paste error in the source workbook. Treat both banks' figures for these years as UNVERIFIED until checked against the published annual reports.",critical
202,eastern_bank_plc,npl_amount,2020,cross_bank_identical_value,"Eastern Bank PLC and Mutual Trust Bank PLC report the identical figure 6227.3 for 'npl_amount' in 2020. This pair matches on 45 (metric, year) cells across 9 metrics and years 2015–2020 — not plausible for raw balance-sheet numbers, and almost certainly a copy/paste error in the source workbook. Treat both banks' figures for these years as UNVERIFIED until checked against the published annual reports.",critical
17,ific_bank_plc,yoy_equity_growth_pct,,percent_stored_as_fraction,"IFIC Bank PLC stores 'yoy_equity_growth_pct' as a decimal fraction (e.g. -0.8177411146) although the Unit column says '%'. Evidence: growth series peaks at 0.8177. value_numeric keeps the source figure untouched; value_pct_points holds the same number x100 so it lines up with banks that publish percentage points. Use value_pct_points, or the v_bank_year view, for any cross-bank comparison.",critical
76,janata_bank_plc,roa_pct,,percent_stored_as_fraction,"Janata Bank PLC stores 'roa_pct' as a decimal fraction (e.g. 0.003562637429) although the Unit column says '%'. Evidence: rebuilt net_profit_after_tax/total_assets over 51 years: mean error 0.0% as a fraction vs 99.0% as percentage points. value_numeric keeps the source figure untouched; value_pct_points holds the same number x100 so it lines up with banks that publish percentage points. Use value_pct_points, or the v_bank_year view, for any cross-bank comparison.",critical
77,janata_bank_plc,roe_pct,,percent_stored_as_fraction,"Janata Bank PLC stores 'roe_pct' as a decimal fraction (e.g. 0.7053333333) although the Unit column says '%'. Evidence: rebuilt net_profit_after_tax/shareholders_equity over 51 years: mean error 0.0% as a fraction vs 99.0% as percentage points. value_numeric keeps the source figure untouched; value_pct_points holds the same number x100 so it lines up with banks that publish percentage points. Use value_pct_points, or the v_bank_year view, for any cross-bank comparison.",critical
78,janata_bank_plc,npl_pct_gross,,percent_stored_as_fraction,"Janata Bank PLC stores 'npl_pct_gross' as a decimal fraction (e.g. 0.2269) although the Unit column says '%'. Evidence: rebuilt npl_amount/loans_advances_gross over 5 years: mean error 0.0% as a fraction vs 99.0% as percentage points. value_numeric keeps the source figure untouched; value_pct_points holds the same number x100 so it lines up with banks that publish percentage points. Use value_pct_points, or the v_bank_year view, for any cross-bank comparison.",critical
79,janata_bank_plc,provision_coverage_pct,,percent_stored_as_fraction,"Janata Bank PLC stores 'provision_coverage_pct' as a decimal fraction (e.g. 0.3373) although the Unit column says '%'. Evidence: inherited from this sheet's verified metrics ({'fraction': 5}). value_numeric keeps the source figure untouched; value_pct_points holds the same number x100 so it lines up with banks that publish percentage points. Use value_pct_points, or the v_bank_year view, for any cross-bank comparison.",critical
80,janata_bank_plc,loan_deposit_ratio_pct,,percent_stored_as_fraction,"Janata Bank PLC stores 'loan_deposit_ratio_pct' as a decimal fraction (e.g. 0.7179166852) although the Unit column says '%'. Evidence: rebuilt loans_advances_gross/total_deposits over 53 years: mean error 0.0% as a fraction vs 99.0% as percentage points. value_numeric keeps the source figure untouched; value_pct_points holds the same number x100 so it lines up with banks that publish percentage points. Use value_pct_points, or the v_bank_year view, for any cross-bank comparison.",critical
81,janata_bank_plc,car_pct,,percent_stored_as_fraction,"Janata Bank PLC stores 'car_pct' as a decimal fraction (e.g. 0.1005) although the Unit column says '%'. Evidence: inherited from this sheet's verified metrics ({'fraction': 5}). value_numeric keeps the source figure untouched; value_pct_points holds the same number x100 so it lines up with banks that publish percentage points. Use value_pct_points, or the v_bank_year view, for any cross-bank comparison.",critical
82,janata_bank_plc,cost_income_pct,,percent_stored_as_fraction,"Janata Bank PLC stores 'cost_income_pct' as a decimal fraction (e.g. 0.8214) although the Unit column says '%'. Evidence: inherited from this sheet's verified metrics ({'fraction': 5}). value_numeric keeps the source figure untouched; value_pct_points holds the same number x100 so it lines up with banks that publish percentage points. Use value_pct_points, or the v_bank_year view, for any cross-bank comparison.",critical
83,janata_bank_plc,npl_to_assets_pct,,percent_stored_as_fraction,"Janata Bank PLC stores 'npl_to_assets_pct' as a decimal fraction (e.g. 0.1316598467) although the Unit column says '%'. Evidence: rebuilt npl_amount/total_assets over 5 years: mean error 0.0% as a fraction vs 99.0% as percentage points. value_numeric keeps the source figure untouched; value_pct_points holds the same number x100 so it lines up with banks that publish percentage points. Use value_pct_points, or the v_bank_year view, for any cross-bank comparison.",critical
84,janata_bank_plc,yoy_total_assets_growth_pct,,percent_stored_as_fraction,"Janata Bank PLC stores 'yoy_total_assets_growth_pct' as a decimal fraction (e.g. 0.3317192588) although the Unit column says '%'. Evidence: growth series peaks at 1. value_numeric keeps the source figure untouched; value_pct_points holds the same number x100 so it lines up with banks that publish percentage points. Use value_pct_points, or the v_bank_year view, for any cross-bank comparison.",critical
224,janata_bank_plc,roe_pct,,roe_on_negative_equity,"Janata Bank PLC reports negative shareholders' equity in 1 year(s) (2006-2006) for which an ROE is also printed. ROE = profit / equity, so with negative equity a LOSS shows as a POSITIVE ROE and a profit as a negative one. Those ROE figures are arithmetically valid but economically meaningless: do not rank, average or chart them as if higher were better. Use net profit and equity in Tk mn instead.",critical
38,mercantile_bank_plc,roa_pct,,percent_stored_as_fraction,"Mercantile Bank PLC stores 'roa_pct' as a decimal fraction (e.g. 0.0026) although the Unit column says '%'. Evidence: rebuilt net_profit_after_tax/total_assets over 11 years: mean error 6.4% as a fraction vs 98.9% as percentage points. value_numeric keeps the source figure untouched; value_pct_points holds the same number x100 so it lines up with banks that publish percentage points. Use value_pct_points, or the v_bank_year view, for any cross-bank comparison.",critical
39,mercantile_bank_plc,roe_pct,,percent_stored_as_fraction,"Mercantile Bank PLC stores 'roe_pct' as a decimal fraction (e.g. 0.0459) although the Unit column says '%'. Evidence: rebuilt net_profit_after_tax/shareholders_equity over 11 years: mean error 3.1% as a fraction vs 99.0% as percentage points. value_numeric keeps the source figure untouched; value_pct_points holds the same number x100 so it lines up with banks that publish percentage points. Use value_pct_points, or the v_bank_year view, for any cross-bank comparison.",critical
40,mercantile_bank_plc,loan_deposit_ratio_pct,,percent_stored_as_fraction,"Mercantile Bank PLC stores 'loan_deposit_ratio_pct' as a decimal fraction (e.g. 0.7289) although the Unit column says '%'. Evidence: rebuilt loans_advances_gross/total_deposits over 11 years: mean error 5.7% as a fraction vs 99.1% as percentage points. value_numeric keeps the source figure untouched; value_pct_points holds the same number x100 so it lines up with banks that publish percentage points. Use value_pct_points, or the v_bank_year view, for any cross-bank comparison.",critical
41,mercantile_bank_plc,npl_pct_gross,,percent_stored_as_fraction,"Mercantile Bank PLC stores 'npl_pct_gross' as a decimal fraction (e.g. 0.1519) although the Unit column says '%'. Evidence: rebuilt npl_amount/loans_advances_gross over 11 years: mean error 0.0% as a fraction vs 99.0% as percentage points. value_numeric keeps the source figure untouched; value_pct_points holds the same number x100 so it lines up with banks that publish percentage points. Use value_pct_points, or the v_bank_year view, for any cross-bank comparison.",critical
42,mercantile_bank_plc,provision_coverage_pct,,percent_stored_as_fraction,"Mercantile Bank PLC stores 'provision_coverage_pct' as a decimal fraction (e.g. 0.1487) although the Unit column says '%'. Evidence: inherited from this sheet's verified metrics ({'fraction': 5}). value_numeric keeps the source figure untouched; value_pct_points holds the same number x100 so it lines up with banks that publish percentage points. Use value_pct_points, or the v_bank_year view, for any cross-bank comparison.",critical
43,mercantile_bank_plc,car_pct,,percent_stored_as_fraction,"Mercantile Bank PLC stores 'car_pct' as a decimal fraction (e.g. 0.1252) although the Unit column says '%'. Evidence: inherited from this sheet's verified metrics ({'fraction': 5}). value_numeric keeps the source figure untouched; value_pct_points holds the same number x100 so it lines up with banks that publish percentage points. Use value_pct_points, or the v_bank_year view, for any cross-bank comparison.",critical
44,mercantile_bank_plc,cost_income_pct,,percent_stored_as_fraction,"Mercantile Bank PLC stores 'cost_income_pct' as a decimal fraction (e.g. 0.5813) although the Unit column says '%'. Evidence: inherited from this sheet's verified metrics ({'fraction': 5}). value_numeric keeps the source figure untouched; value_pct_points holds the same number x100 so it lines up with banks that publish percentage points. Use value_pct_points, or the v_bank_year view, for any cross-bank comparison.",critical
45,mercantile_bank_plc,npl_to_assets_pct,,percent_stored_as_fraction,"Mercantile Bank PLC stores 'npl_to_assets_pct' as a decimal fraction (e.g. 0.0909) although the Unit column says '%'. Evidence: rebuilt npl_amount/total_assets over 11 years: mean error 0.1% as a fraction vs 99.0% as percentage points. value_numeric keeps the source figure untouched; value_pct_points holds the same number x100 so it lines up with banks that publish percentage points. Use value_pct_points, or the v_bank_year view, for any cross-bank comparison.",critical
46,mercantile_bank_plc,yoy_npat_growth_pct,,percent_stored_as_fraction,"Mercantile Bank PLC stores 'yoy_npat_growth_pct' as a decimal fraction (e.g. 0.9009) although the Unit column says '%'. Evidence: growth series peaks at 0.9009. value_numeric keeps the source figure untouched; value_pct_points holds the same number x100 so it lines up with banks that publish percentage points. Use value_pct_points, or the v_bank_year view, for any cross-bank comparison.",critical
47,mercantile_bank_plc,yoy_equity_growth_pct,,percent_stored_as_fraction,"Mercantile Bank PLC stores 'yoy_equity_growth_pct' as a decimal fraction (e.g. 0.0254) although the Unit column says '%'. Evidence: growth series peaks at 0.1475. value_numeric keeps the source figure untouched; value_pct_points holds the same number x100 so it lines up with banks that publish percentage points. Use value_pct_points, or the v_bank_year view, for any cross-bank comparison.",critical
28,mutual_trust_bank_plc,roa_pct,,percent_stored_as_fraction,"Mutual Trust Bank PLC stores 'roa_pct' as a decimal fraction (e.g. 0.0071) although the Unit column says '%'. Evidence: rebuilt net_profit_after_tax/total_assets over 10 years: mean error 6.1% as a fraction vs 98.9% as percentage points. value_numeric keeps the source figure untouched; value_pct_points holds the same number x100 so it lines up with banks that publish percentage points. Use value_pct_points, or the v_bank_year view, for any cross-bank comparison.",critical
29,mutual_trust_bank_plc,roe_pct,,percent_stored_as_fraction,"Mutual Trust Bank PLC stores 'roe_pct' as a decimal fraction (e.g. 0.1214) although the Unit column says '%'. Evidence: rebuilt net_profit_after_tax/shareholders_equity over 10 years: mean error 4.7% as a fraction vs 99.0% as percentage points. value_numeric keeps the source figure untouched; value_pct_points holds the same number x100 so it lines up with banks that publish percentage points. Use value_pct_points, or the v_bank_year view, for any cross-bank comparison.",critical
30,mutual_trust_bank_plc,loan_deposit_ratio_pct,,percent_stored_as_fraction,"Mutual Trust Bank PLC stores 'loan_deposit_ratio_pct' as a decimal fraction (e.g. 0.7505) although the Unit column says '%'. Evidence: rebuilt loans_advances_gross/total_deposits over 10 years: mean error 19.2% as a fraction vs 99.2% as percentage points. value_numeric keeps the source figure untouched; value_pct_points holds the same number x100 so it lines up with banks that publish percentage points. Use value_pct_points, or the v_bank_year view, for any cross-bank comparison.",critical
31,mutual_trust_bank_plc,npl_pct_gross,,percent_stored_as_fraction,"Mutual Trust Bank PLC stores 'npl_pct_gross' as a decimal fraction (e.g. 0.0577) although the Unit column says '%'. Evidence: rebuilt npl_amount/loans_advances_gross over 10 years: mean error 0.0% as a fraction vs 99.0% as percentage points. value_numeric keeps the source figure untouched; value_pct_points holds the same number x100 so it lines up with banks that publish percentage points. Use value_pct_points, or the v_bank_year view, for any cross-bank comparison.",critical
32,mutual_trust_bank_plc,provision_coverage_pct,,percent_stored_as_fraction,"Mutual Trust Bank PLC stores 'provision_coverage_pct' as a decimal fraction (e.g. 1.1107) although the Unit column says '%'. Evidence: inherited from this sheet's verified metrics ({'fraction': 5}). value_numeric keeps the source figure untouched; value_pct_points holds the same number x100 so it lines up with banks that publish percentage points. Use value_pct_points, or the v_bank_year view, for any cross-bank comparison.",critical
33,mutual_trust_bank_plc,car_pct,,percent_stored_as_fraction,"Mutual Trust Bank PLC stores 'car_pct' as a decimal fraction (e.g. 0.1355) although the Unit column says '%'. Evidence: inherited from this sheet's verified metrics ({'fraction': 5}). value_numeric keeps the source figure untouched; value_pct_points holds the same number x100 so it lines up with banks that publish percentage points. Use value_pct_points, or the v_bank_year view, for any cross-bank comparison.",critical
34,mutual_trust_bank_plc,cost_income_pct,,percent_stored_as_fraction,"Mutual Trust Bank PLC stores 'cost_income_pct' as a decimal fraction (e.g. 0.5379) although the Unit column says '%'. Evidence: inherited from this sheet's verified metrics ({'fraction': 5}). value_numeric keeps the source figure untouched; value_pct_points holds the same number x100 so it lines up with banks that publish percentage points. Use value_pct_points, or the v_bank_year view, for any cross-bank comparison.",critical
35,mutual_trust_bank_plc,npl_to_assets_pct,,percent_stored_as_fraction,"Mutual Trust Bank PLC stores 'npl_to_assets_pct' as a decimal fraction (e.g. 0.0364) although the Unit column says '%'. Evidence: rebuilt npl_amount/total_assets over 10 years: mean error 0.1% as a fraction vs 99.0% as percentage points. value_numeric keeps the source figure untouched; value_pct_points holds the same number x100 so it lines up with banks that publish percentage points. Use value_pct_points, or the v_bank_year view, for any cross-bank comparison.",critical
36,mutual_trust_bank_plc,yoy_npat_growth_pct,,percent_stored_as_fraction,"Mutual Trust Bank PLC stores 'yoy_npat_growth_pct' as a decimal fraction (e.g. 0.0714) although the Unit column says '%'. Evidence: growth series peaks at 0.301. value_numeric keeps the source figure untouched; value_pct_points holds the same number x100 so it lines up with banks that publish percentage points. Use value_pct_points, or the v_bank_year view, for any cross-bank comparison.",critical
37,mutual_trust_bank_plc,yoy_equity_growth_pct,,percent_stored_as_fraction,"Mutual Trust Bank PLC stores 'yoy_equity_growth_pct' as a decimal fraction (e.g. 0.192) although the Unit column says '%'. Evidence: growth series peaks at 0.192. value_numeric keeps the source figure untouched; value_pct_points holds the same number x100 so it lines up with banks that publish percentage points. Use value_pct_points, or the v_bank_year view, for any cross-bank comparison.",critical
131,mutual_trust_bank_plc,total_assets,2015,cross_bank_identical_value,"Mutual Trust Bank PLC and Eastern Bank PLC report the identical figure 189563.0 for 'total_assets' in 2015. This pair matches on 45 (metric, year) cells across 9 metrics and years 2015–2020 — not plausible for raw balance-sheet numbers, and almost certainly a copy/paste error in the source workbook. Treat both banks' figures for these years as UNVERIFIED until checked against the published annual reports.",critical
141,mutual_trust_bank_plc,loans_advances_gross,2015,cross_bank_identical_value,"Mutual Trust Bank PLC and Eastern Bank PLC report the identical figure 130226.0 for 'loans_advances_gross' in 2015. This pair matches on 45 (metric, year) cells across 9 metrics and years 2015–2020 — not plausible for raw balance-sheet numbers, and almost certainly a copy/paste error in the source workbook. Treat both banks' figures for these years as UNVERIFIED until checked against the published annual reports.",critical
151,mutual_trust_bank_plc,total_deposits,2015,cross_bank_identical_value,"Mutual Trust Bank PLC and Eastern Bank PLC report the identical figure 127990.0 for 'total_deposits' in 2015. This pair matches on 45 (metric, year) cells across 9 metrics and years 2015–2020 — not plausible for raw balance-sheet numbers, and almost certainly a copy/paste error in the source workbook. Treat both banks' figures for these years as UNVERIFIED until checked against the published annual reports.",critical
161,mutual_trust_bank_plc,shareholders_equity,2015,cross_bank_identical_value,"Mutual Trust Bank PLC and Eastern Bank PLC report the identical figure 20496.0 for 'shareholders_equity' in 2015. This pair matches on 45 (metric, year) cells across 9 metrics and years 2015–2020 — not plausible for raw balance-sheet numbers, and almost certainly a copy/paste error in the source workbook. Treat both banks' figures for these years as UNVERIFIED until checked against the published annual reports.",critical
171,mutual_trust_bank_plc,net_interest_income,2015,cross_bank_identical_value,"Mutual Trust Bank PLC and Eastern Bank PLC report the identical figure 3545.0 for 'net_interest_income' in 2015. This pair matches on 45 (metric, year) cells across 9 metrics and years 2015–2020 — not plausible for raw balance-sheet numbers, and almost certainly a copy/paste error in the source workbook. Treat both banks' figures for these years as UNVERIFIED until checked against the published annual reports.",critical
181,mutual_trust_bank_plc,non_interest_income,2015,cross_bank_identical_value,"Mutual Trust Bank PLC and Eastern Bank PLC report the identical figure 6542.0 for 'non_interest_income' in 2015. This pair matches on 45 (metric, year) cells across 9 metrics and years 2015–2020 — not plausible for raw balance-sheet numbers, and almost certainly a copy/paste error in the source workbook. Treat both banks' figures for these years as UNVERIFIED until checked against the published annual reports.",critical
191,mutual_trust_bank_plc,net_profit_after_tax,2015,cross_bank_identical_value,"Mutual Trust Bank PLC and Eastern Bank PLC report the identical figure 2221.0 for 'net_profit_after_tax' in 2015. This pair matches on 45 (metric, year) cells across 9 metrics and years 2015–2020 — not plausible for raw balance-sheet numbers, and almost certainly a copy/paste error in the source workbook. Treat both banks' figures for these years as UNVERIFIED until checked against the published annual reports.",critical
201,mutual_trust_bank_plc,eps,2015,cross_bank_identical_value,"Mutual Trust Bank PLC and Eastern Bank PLC report the identical figure 3.63 for 'eps' in 2015. This pair matches on 45 (metric, year) cells across 9 metrics and years 2015–2020 — not plausible for raw balance-sheet numbers, and almost certainly a copy/paste error in the source workbook. Treat both banks' figures for these years as UNVERIFIED until checked against the published annual reports.",critical
211,mutual_trust_bank_plc,npl_amount,2015,cross_bank_identical_value,"Mutual Trust Bank PLC and Eastern Bank PLC report the identical figure 4258.4 for 'npl_amount' in 2015. This pair matches on 45 (metric, year) cells across 9 metrics and years 2015–2020 — not plausible for raw balance-sheet numbers, and almost certainly a copy/paste error in the source workbook. Treat both banks' figures for these years as UNVERIFIED until checked against the published annual reports.",critical
129,mutual_trust_bank_plc,total_assets,2017,cross_bank_identical_value,"Mutual Trust Bank PLC and Eastern Bank PLC report the identical figure 253068.0 for 'total_assets' in 2017. This pair matches on 45 (metric, year) cells across 9 metrics and years 2015–2020 — not plausible for raw balance-sheet numbers, and almost certainly a copy/paste error in the source workbook. Treat both banks' figures for these years as UNVERIFIED until checked against the published annual reports.",critical
139,mutual_trust_bank_plc,loans_advances_gross,2017,cross_bank_identical_value,"Mutual Trust Bank PLC and Eastern Bank PLC report the identical figure 184027.0 for 'loans_advances_gross' in 2017. This pair matches on 45 (metric, year) cells across 9 metrics and years 2015–2020 — not plausible for raw balance-sheet numbers, and almost certainly a copy/paste error in the source workbook. Treat both banks' figures for these years as UNVERIFIED until checked against the published annual reports.",critical
149,mutual_trust_bank_plc,total_deposits,2017,cross_bank_identical_value,"Mutual Trust Bank PLC and Eastern Bank PLC report the identical figure 167348.0 for 'total_deposits' in 2017. This pair matches on 45 (metric, year) cells across 9 metrics and years 2015–2020 — not plausible for raw balance-sheet numbers, and almost certainly a copy/paste error in the source workbook. Treat both banks' figures for these years as UNVERIFIED until checked against the published annual reports.",critical
159,mutual_trust_bank_plc,shareholders_equity,2017,cross_bank_identical_value,"Mutual Trust Bank PLC and Eastern Bank PLC report the identical figure 21586.0 for 'shareholders_equity' in 2017. This pair matches on 45 (metric, year) cells across 9 metrics and years 2015–2020 — not plausible for raw balance-sheet numbers, and almost certainly a copy/paste error in the source workbook. Treat both banks' figures for these years as UNVERIFIED until checked against the published annual reports.",critical
169,mutual_trust_bank_plc,net_interest_income,2017,cross_bank_identical_value,"Mutual Trust Bank PLC and Eastern Bank PLC report the identical figure 5745.0 for 'net_interest_income' in 2017. This pair matches on 45 (metric, year) cells across 9 metrics and years 2015–2020 — not plausible for raw balance-sheet numbers, and almost certainly a copy/paste error in the source workbook. Treat both banks' figures for these years as UNVERIFIED until checked against the published annual reports.",critical
179,mutual_trust_bank_plc,non_interest_income,2017,cross_bank_identical_value,"Mutual Trust Bank PLC and Eastern Bank PLC report the identical figure 6656.0 for 'non_interest_income' in 2017. This pair matches on 45 (metric, year) cells across 9 metrics and years 2015–2020 — not plausible for raw balance-sheet numbers, and almost certainly a copy/paste error in the source workbook. Treat both banks' figures for these years as UNVERIFIED until checked against the published annual reports.",critical
189,mutual_trust_bank_plc,net_profit_after_tax,2017,cross_bank_identical_value,"Mutual Trust Bank PLC and Eastern Bank PLC report the identical figure 2405.0 for 'net_profit_after_tax' in 2017. This pair matches on 45 (metric, year) cells across 9 metrics and years 2015–2020 — not plausible for raw balance-sheet numbers, and almost certainly a copy/paste error in the source workbook. Treat both banks' figures for these years as UNVERIFIED until checked against the published annual reports.",critical
199,mutual_trust_bank_plc,eps,2017,cross_bank_identical_value,"Mutual Trust Bank PLC and Eastern Bank PLC report the identical figure 3.26 for 'eps' in 2017. This pair matches on 45 (metric, year) cells across 9 metrics and years 2015–2020 — not plausible for raw balance-sheet numbers, and almost certainly a copy/paste error in the source workbook. Treat both banks' figures for these years as UNVERIFIED until checked against the published annual reports.",critical
209,mutual_trust_bank_plc,npl_amount,2017,cross_bank_identical_value,"Mutual Trust Bank PLC and Eastern Bank PLC report the identical figure 4600.7 for 'npl_amount' in 2017. This pair matches on 45 (metric, year) cells across 9 metrics and years 2015–2020 — not plausible for raw balance-sheet numbers, and almost certainly a copy/paste error in the source workbook. Treat both banks' figures for these years as UNVERIFIED until checked against the published annual reports.",critical
127,mutual_trust_bank_plc,total_assets,2018,cross_bank_identical_value,"Mutual Trust Bank PLC and Eastern Bank PLC report the identical figure 282451.0 for 'total_assets' in 2018. This pair matches on 45 (metric, year) cells across 9 metrics and years 2015–2020 — not plausible for raw balance-sheet numbers, and almost certainly a copy/paste error in the source workbook. Treat both banks' figures for these years as UNVERIFIED until checked against the published annual reports.",critical
137,mutual_trust_bank_plc,loans_advances_gross,2018,cross_bank_identical_value,"Mutual Trust Bank PLC and Eastern Bank PLC report the identical figure 209306.0 for 'loans_advances_gross' in 2018. This pair matches on 45 (metric, year) cells across 9 metrics and years 2015–2020 — not plausible for raw balance-sheet numbers, and almost certainly a copy/paste error in the source workbook. Treat both banks' figures for these years as UNVERIFIED until checked against the published annual reports.",critical
147,mutual_trust_bank_plc,total_deposits,2018,cross_bank_identical_value,"Mutual Trust Bank PLC and Eastern Bank PLC report the identical figure 199629.0 for 'total_deposits' in 2018. This pair matches on 45 (metric, year) cells across 9 metrics and years 2015–2020 — not plausible for raw balance-sheet numbers, and almost certainly a copy/paste error in the source workbook. Treat both banks' figures for these years as UNVERIFIED until checked against the published annual reports.",critical
157,mutual_trust_bank_plc,shareholders_equity,2018,cross_bank_identical_value,"Mutual Trust Bank PLC and Eastern Bank PLC report the identical figure 22966.0 for 'shareholders_equity' in 2018. This pair matches on 45 (metric, year) cells across 9 metrics and years 2015–2020 — not plausible for raw balance-sheet numbers, and almost certainly a copy/paste error in the source workbook. Treat both banks' figures for these years as UNVERIFIED until checked against the published annual reports.",critical
167,mutual_trust_bank_plc,net_interest_income,2018,cross_bank_identical_value,"Mutual Trust Bank PLC and Eastern Bank PLC report the identical figure 7506.0 for 'net_interest_income' in 2018. This pair matches on 45 (metric, year) cells across 9 metrics and years 2015–2020 — not plausible for raw balance-sheet numbers, and almost certainly a copy/paste error in the source workbook. Treat both banks' figures for these years as UNVERIFIED until checked against the published annual reports.",critical
177,mutual_trust_bank_plc,non_interest_income,2018,cross_bank_identical_value,"Mutual Trust Bank PLC and Eastern Bank PLC report the identical figure 5633.0 for 'non_interest_income' in 2018. This pair matches on 45 (metric, year) cells across 9 metrics and years 2015–2020 — not plausible for raw balance-sheet numbers, and almost certainly a copy/paste error in the source workbook. Treat both banks' figures for these years as UNVERIFIED until checked against the published annual reports.",critical
187,mutual_trust_bank_plc,net_profit_after_tax,2018,cross_bank_identical_value,"Mutual Trust Bank PLC and Eastern Bank PLC report the identical figure 3081.0 for 'net_profit_after_tax' in 2018. This pair matches on 45 (metric, year) cells across 9 metrics and years 2015–2020 — not plausible for raw balance-sheet numbers, and almost certainly a copy/paste error in the source workbook. Treat both banks' figures for these years as UNVERIFIED until checked against the published annual reports.",critical
197,mutual_trust_bank_plc,eps,2018,cross_bank_identical_value,"Mutual Trust Bank PLC and Eastern Bank PLC report the identical figure 4.17 for 'eps' in 2018. This pair matches on 45 (metric, year) cells across 9 metrics and years 2015–2020 — not plausible for raw balance-sheet numbers, and almost certainly a copy/paste error in the source workbook. Treat both banks' figures for these years as UNVERIFIED until checked against the published annual reports.",critical
207,mutual_trust_bank_plc,npl_amount,2018,cross_bank_identical_value,"Mutual Trust Bank PLC and Eastern Bank PLC report the identical figure 4918.7 for 'npl_amount' in 2018. This pair matches on 45 (metric, year) cells across 9 metrics and years 2015–2020 — not plausible for raw balance-sheet numbers, and almost certainly a copy/paste error in the source workbook. Treat both banks' figures for these years as UNVERIFIED until checked against the published annual reports.",critical
125,mutual_trust_bank_plc,total_assets,2019,cross_bank_identical_value,"Mutual Trust Bank PLC and Eastern Bank PLC report the identical figure 335163.0 for 'total_assets' in 2019. This pair matches on 45 (metric, year) cells across 9 metrics and years 2015–2020 — not plausible for raw balance-sheet numbers, and almost certainly a copy/paste error in the source workbook. Treat both banks' figures for these years as UNVERIFIED until checked against the published annual reports.",critical
135,mutual_trust_bank_plc,loans_advances_gross,2019,cross_bank_identical_value,"Mutual Trust Bank PLC and Eastern Bank PLC report the identical figure 232051.0 for 'loans_advances_gross' in 2019. This pair matches on 45 (metric, year) cells across 9 metrics and years 2015–2020 — not plausible for raw balance-sheet numbers, and almost certainly a copy/paste error in the source workbook. Treat both banks' figures for these years as UNVERIFIED until checked against the published annual reports.",critical
145,mutual_trust_bank_plc,total_deposits,2019,cross_bank_identical_value,"Mutual Trust Bank PLC and Eastern Bank PLC report the identical figure 240164.0 for 'total_deposits' in 2019. This pair matches on 45 (metric, year) cells across 9 metrics and years 2015–2020 — not plausible for raw balance-sheet numbers, and almost certainly a copy/paste error in the source workbook. Treat both banks' figures for these years as UNVERIFIED until checked against the published annual reports.",critical
155,mutual_trust_bank_plc,shareholders_equity,2019,cross_bank_identical_value,"Mutual Trust Bank PLC and Eastern Bank PLC report the identical figure 25567.0 for 'shareholders_equity' in 2019. This pair matches on 45 (metric, year) cells across 9 metrics and years 2015–2020 — not plausible for raw balance-sheet numbers, and almost certainly a copy/paste error in the source workbook. Treat both banks' figures for these years as UNVERIFIED until checked against the published annual reports.",critical
165,mutual_trust_bank_plc,net_interest_income,2019,cross_bank_identical_value,"Mutual Trust Bank PLC and Eastern Bank PLC report the identical figure 8159.0 for 'net_interest_income' in 2019. This pair matches on 45 (metric, year) cells across 9 metrics and years 2015–2020 — not plausible for raw balance-sheet numbers, and almost certainly a copy/paste error in the source workbook. Treat both banks' figures for these years as UNVERIFIED until checked against the published annual reports.",critical
175,mutual_trust_bank_plc,non_interest_income,2019,cross_bank_identical_value,"Mutual Trust Bank PLC and Eastern Bank PLC report the identical figure 6439.0 for 'non_interest_income' in 2019. This pair matches on 45 (metric, year) cells across 9 metrics and years 2015–2020 — not plausible for raw balance-sheet numbers, and almost certainly a copy/paste error in the source workbook. Treat both banks' figures for these years as UNVERIFIED until checked against the published annual reports.",critical
185,mutual_trust_bank_plc,net_profit_after_tax,2019,cross_bank_identical_value,"Mutual Trust Bank PLC and Eastern Bank PLC report the identical figure 4008.0 for 'net_profit_after_tax' in 2019. This pair matches on 45 (metric, year) cells across 9 metrics and years 2015–2020 — not plausible for raw balance-sheet numbers, and almost certainly a copy/paste error in the source workbook. Treat both banks' figures for these years as UNVERIFIED until checked against the published annual reports.",critical
195,mutual_trust_bank_plc,eps,2019,cross_bank_identical_value,"Mutual Trust Bank PLC and Eastern Bank PLC report the identical figure 4.94 for 'eps' in 2019. This pair matches on 45 (metric, year) cells across 9 metrics and years 2015–2020 — not plausible for raw balance-sheet numbers, and almost certainly a copy/paste error in the source workbook. Treat both banks' figures for these years as UNVERIFIED until checked against the published annual reports.",critical
205,mutual_trust_bank_plc,npl_amount,2019,cross_bank_identical_value,"Mutual Trust Bank PLC and Eastern Bank PLC report the identical figure 7773.7 for 'npl_amount' in 2019. This pair matches on 45 (metric, year) cells across 9 metrics and years 2015–2020 — not plausible for raw balance-sheet numbers, and almost certainly a copy/paste error in the source workbook. Treat both banks' figures for these years as UNVERIFIED until checked against the published annual reports.",critical
123,mutual_trust_bank_plc,total_assets,2020,cross_bank_identical_value,"Mutual Trust Bank PLC and Eastern Bank PLC report the identical figure 336936.0 for 'total_assets' in 2020. This pair matches on 45 (metric, year) cells across 9 metrics and years 2015–2020 — not plausible for raw balance-sheet numbers, and almost certainly a copy/paste error in the source workbook. Treat both banks' figures for these years as UNVERIFIED until checked against the published annual reports.",critical
133,mutual_trust_bank_plc,loans_advances_gross,2020,cross_bank_identical_value,"Mutual Trust Bank PLC and Eastern Bank PLC report the identical figure 228944.0 for 'loans_advances_gross' in 2020. This pair matches on 45 (metric, year) cells across 9 metrics and years 2015–2020 — not plausible for raw balance-sheet numbers, and almost certainly a copy/paste error in the source workbook. Treat both banks' figures for these years as UNVERIFIED until checked against the published annual reports.",critical
143,mutual_trust_bank_plc,total_deposits,2020,cross_bank_identical_value,"Mutual Trust Bank PLC and Eastern Bank PLC report the identical figure 242358.0 for 'total_deposits' in 2020. This pair matches on 45 (metric, year) cells across 9 metrics and years 2015–2020 — not plausible for raw balance-sheet numbers, and almost certainly a copy/paste error in the source workbook. Treat both banks' figures for these years as UNVERIFIED until checked against the published annual reports.",critical
153,mutual_trust_bank_plc,shareholders_equity,2020,cross_bank_identical_value,"Mutual Trust Bank PLC and Eastern Bank PLC report the identical figure 28976.0 for 'shareholders_equity' in 2020. This pair matches on 45 (metric, year) cells across 9 metrics and years 2015–2020 — not plausible for raw balance-sheet numbers, and almost certainly a copy/paste error in the source workbook. Treat both banks' figures for these years as UNVERIFIED until checked against the published annual reports.",critical
163,mutual_trust_bank_plc,net_interest_income,2020,cross_bank_identical_value,"Mutual Trust Bank PLC and Eastern Bank PLC report the identical figure 5930.0 for 'net_interest_income' in 2020. This pair matches on 45 (metric, year) cells across 9 metrics and years 2015–2020 — not plausible for raw balance-sheet numbers, and almost certainly a copy/paste error in the source workbook. Treat both banks' figures for these years as UNVERIFIED until checked against the published annual reports.",critical
173,mutual_trust_bank_plc,non_interest_income,2020,cross_bank_identical_value,"Mutual Trust Bank PLC and Eastern Bank PLC report the identical figure 8204.0 for 'non_interest_income' in 2020. This pair matches on 45 (metric, year) cells across 9 metrics and years 2015–2020 — not plausible for raw balance-sheet numbers, and almost certainly a copy/paste error in the source workbook. Treat both banks' figures for these years as UNVERIFIED until checked against the published annual reports.",critical
183,mutual_trust_bank_plc,net_profit_after_tax,2020,cross_bank_identical_value,"Mutual Trust Bank PLC and Eastern Bank PLC report the identical figure 4103.0 for 'net_profit_after_tax' in 2020. This pair matches on 45 (metric, year) cells across 9 metrics and years 2015–2020 — not plausible for raw balance-sheet numbers, and almost certainly a copy/paste error in the source workbook. Treat both banks' figures for these years as UNVERIFIED until checked against the published annual reports.",critical
193,mutual_trust_bank_plc,eps,2020,cross_bank_identical_value,"Mutual Trust Bank PLC and Eastern Bank PLC report the identical figure 5.05 for 'eps' in 2020. This pair matches on 45 (metric, year) cells across 9 metrics and years 2015–2020 — not plausible for raw balance-sheet numbers, and almost certainly a copy/paste error in the source workbook. Treat both banks' figures for these years as UNVERIFIED until checked against the published annual reports.",critical
203,mutual_trust_bank_plc,npl_amount,2020,cross_bank_identical_value,"Mutual Trust Bank PLC and Eastern Bank PLC report the identical figure 6227.3 for 'npl_amount' in 2020. This pair matches on 45 (metric, year) cells across 9 metrics and years 2015–2020 — not plausible for raw balance-sheet numbers, and almost certainly a copy/paste error in the source workbook. Treat both banks' figures for these years as UNVERIFIED until checked against the published annual reports.",critical
57,pubali_bank_plc,roa_pct,,percent_stored_as_fraction,"Pubali Bank PLC stores 'roa_pct' as a decimal fraction (e.g. 0.01) although the Unit column says '%'. Evidence: rebuilt net_profit_after_tax/total_assets over 10 years: mean error 4.2% as a fraction vs 99.0% as percentage points. value_numeric keeps the source figure untouched; value_pct_points holds the same number x100 so it lines up with banks that publish percentage points. Use value_pct_points, or the v_bank_year view, for any cross-bank comparison.",critical
58,pubali_bank_plc,roe_pct,,percent_stored_as_fraction,"Pubali Bank PLC stores 'roe_pct' as a decimal fraction (e.g. 0.1551) although the Unit column says '%'. Evidence: rebuilt net_profit_after_tax/shareholders_equity over 10 years: mean error 2.0% as a fraction vs 99.0% as percentage points. value_numeric keeps the source figure untouched; value_pct_points holds the same number x100 so it lines up with banks that publish percentage points. Use value_pct_points, or the v_bank_year view, for any cross-bank comparison.",critical
59,pubali_bank_plc,loan_deposit_ratio_pct,,percent_stored_as_fraction,"Pubali Bank PLC stores 'loan_deposit_ratio_pct' as a decimal fraction (e.g. 0.7253) although the Unit column says '%'. Evidence: rebuilt loans_advances_gross/total_deposits over 10 years: mean error 5.2% as a fraction vs 99.1% as percentage points. value_numeric keeps the source figure untouched; value_pct_points holds the same number x100 so it lines up with banks that publish percentage points. Use value_pct_points, or the v_bank_year view, for any cross-bank comparison.",critical
60,pubali_bank_plc,npl_pct_gross,,percent_stored_as_fraction,"Pubali Bank PLC stores 'npl_pct_gross' as a decimal fraction (e.g. 0.022) although the Unit column says '%'. Evidence: rebuilt npl_amount/loans_advances_gross over 10 years: mean error 0.1% as a fraction vs 99.0% as percentage points. value_numeric keeps the source figure untouched; value_pct_points holds the same number x100 so it lines up with banks that publish percentage points. Use value_pct_points, or the v_bank_year view, for any cross-bank comparison.",critical
61,pubali_bank_plc,provision_coverage_pct,,percent_stored_as_fraction,"Pubali Bank PLC stores 'provision_coverage_pct' as a decimal fraction (e.g. 1.0) although the Unit column says '%'. Evidence: inherited from this sheet's verified metrics ({'fraction': 5}). value_numeric keeps the source figure untouched; value_pct_points holds the same number x100 so it lines up with banks that publish percentage points. Use value_pct_points, or the v_bank_year view, for any cross-bank comparison.",critical
62,pubali_bank_plc,car_pct,,percent_stored_as_fraction,"Pubali Bank PLC stores 'car_pct' as a decimal fraction (e.g. 0.1534) although the Unit column says '%'. Evidence: inherited from this sheet's verified metrics ({'fraction': 5}). value_numeric keeps the source figure untouched; value_pct_points holds the same number x100 so it lines up with banks that publish percentage points. Use value_pct_points, or the v_bank_year view, for any cross-bank comparison.",critical
63,pubali_bank_plc,cost_income_pct,,percent_stored_as_fraction,"Pubali Bank PLC stores 'cost_income_pct' as a decimal fraction (e.g. 0.4447) although the Unit column says '%'. Evidence: inherited from this sheet's verified metrics ({'fraction': 5}). value_numeric keeps the source figure untouched; value_pct_points holds the same number x100 so it lines up with banks that publish percentage points. Use value_pct_points, or the v_bank_year view, for any cross-bank comparison.",critical
64,pubali_bank_plc,npl_to_assets_pct,,percent_stored_as_fraction,"Pubali Bank PLC stores 'npl_to_assets_pct' as a decimal fraction (e.g. 0.0133) although the Unit column says '%'. Evidence: rebuilt npl_amount/total_assets over 10 years: mean error 0.1% as a fraction vs 99.0% as percentage points. value_numeric keeps the source figure untouched; value_pct_points holds the same number x100 so it lines up with banks that publish percentage points. Use value_pct_points, or the v_bank_year view, for any cross-bank comparison.",critical
65,pubali_bank_plc,yoy_npat_growth_pct,,percent_stored_as_fraction,"Pubali Bank PLC stores 'yoy_npat_growth_pct' as a decimal fraction (e.g. 0.416) although the Unit column says '%'. Evidence: growth series peaks at 1.211. value_numeric keeps the source figure untouched; value_pct_points holds the same number x100 so it lines up with banks that publish percentage points. Use value_pct_points, or the v_bank_year view, for any cross-bank comparison.",critical
66,pubali_bank_plc,yoy_equity_growth_pct,,percent_stored_as_fraction,"Pubali Bank PLC stores 'yoy_equity_growth_pct' as a decimal fraction (e.g. 0.3233) although the Unit column says '%'. Evidence: growth series peaks at 0.3233. value_numeric keeps the source figure untouched; value_pct_points holds the same number x100 so it lines up with banks that publish percentage points. Use value_pct_points, or the v_bank_year view, for any cross-bank comparison.",critical
113,rupali_bank_plc,roa_pct,,percent_stored_as_fraction,"Rupali Bank PLC stores 'roa_pct' as a decimal fraction (e.g. 0.01900527842) although the Unit column says '%'. Evidence: rebuilt net_profit_after_tax/total_assets over 17 years: mean error 0.0% as a fraction vs 99.0% as percentage points. value_numeric keeps the source figure untouched; value_pct_points holds the same number x100 so it lines up with banks that publish percentage points. Use value_pct_points, or the v_bank_year view, for any cross-bank comparison.",critical
114,rupali_bank_plc,roe_pct,,percent_stored_as_fraction,"Rupali Bank PLC stores 'roe_pct' as a decimal fraction (e.g. -0.2989179118) although the Unit column says '%'. Evidence: rebuilt net_profit_after_tax/shareholders_equity over 17 years: mean error 0.0% as a fraction vs 99.0% as percentage points. value_numeric keeps the source figure untouched; value_pct_points holds the same number x100 so it lines up with banks that publish percentage points. Use value_pct_points, or the v_bank_year view, for any cross-bank comparison.",critical
115,rupali_bank_plc,npl_pct_gross,,percent_stored_as_fraction,"Rupali Bank PLC stores 'npl_pct_gross' as a decimal fraction (e.g. 0.2496413347) although the Unit column says '%'. Evidence: rebuilt npl_amount/loans_advances_gross over 13 years: mean error 0.0% as a fraction vs 99.0% as percentage points. value_numeric keeps the source figure untouched; value_pct_points holds the same number x100 so it lines up with banks that publish percentage points. Use value_pct_points, or the v_bank_year view, for any cross-bank comparison.",critical
116,rupali_bank_plc,provision_coverage_pct,,percent_stored_as_fraction,"Rupali Bank PLC stores 'provision_coverage_pct' as a decimal fraction (e.g. 0.2813983098) although the Unit column says '%'. Evidence: inherited from this sheet's verified metrics ({'fraction': 5}). value_numeric keeps the source figure untouched; value_pct_points holds the same number x100 so it lines up with banks that publish percentage points. Use value_pct_points, or the v_bank_year view, for any cross-bank comparison.",critical
117,rupali_bank_plc,loan_deposit_ratio_pct,,percent_stored_as_fraction,"Rupali Bank PLC stores 'loan_deposit_ratio_pct' as a decimal fraction (e.g. 0.8445653914) although the Unit column says '%'. Evidence: rebuilt loans_advances_gross/total_deposits over 43 years: mean error 0.0% as a fraction vs 99.0% as percentage points. value_numeric keeps the source figure untouched; value_pct_points holds the same number x100 so it lines up with banks that publish percentage points. Use value_pct_points, or the v_bank_year view, for any cross-bank comparison.",critical
118,rupali_bank_plc,car_pct,,percent_stored_as_fraction,"Rupali Bank PLC stores 'car_pct' as a decimal fraction (e.g. -0.0867929078) although the Unit column says '%'. Evidence: inherited from this sheet's verified metrics ({'fraction': 5}). value_numeric keeps the source figure untouched; value_pct_points holds the same number x100 so it lines up with banks that publish percentage points. Use value_pct_points, or the v_bank_year view, for any cross-bank comparison.",critical
119,rupali_bank_plc,cost_income_pct,,percent_stored_as_fraction,"Rupali Bank PLC stores 'cost_income_pct' as a decimal fraction (e.g. 0.7102163677) although the Unit column says '%'. Evidence: inherited from this sheet's verified metrics ({'fraction': 5}). value_numeric keeps the source figure untouched; value_pct_points holds the same number x100 so it lines up with banks that publish percentage points. Use value_pct_points, or the v_bank_year view, for any cross-bank comparison.",critical
120,rupali_bank_plc,npl_to_assets_pct,,percent_stored_as_fraction,"Rupali Bank PLC stores 'npl_to_assets_pct' as a decimal fraction (e.g. 0.130802269) although the Unit column says '%'. Evidence: rebuilt npl_amount/total_assets over 13 years: mean error 0.0% as a fraction vs 99.0% as percentage points. value_numeric keeps the source figure untouched; value_pct_points holds the same number x100 so it lines up with banks that publish percentage points. Use value_pct_points, or the v_bank_year view, for any cross-bank comparison.",critical
121,rupali_bank_plc,yoy_total_assets_growth_pct,,percent_stored_as_fraction,"Rupali Bank PLC stores 'yoy_total_assets_growth_pct' as a decimal fraction (e.g. 0.4173882635) although the Unit column says '%'. Evidence: growth series peaks at 0.4174. value_numeric keeps the source figure untouched; value_pct_points holds the same number x100 so it lines up with banks that publish percentage points. Use value_pct_points, or the v_bank_year view, for any cross-bank comparison.",critical
225,rupali_bank_plc,roe_pct,,roe_on_negative_equity,"Rupali Bank PLC reports negative shareholders' equity in 1 year(s) (2009-2009) for which an ROE is also printed. ROE = profit / equity, so with negative equity a LOSS shows as a POSITIVE ROE and a profit as a negative one. Those ROE figures are arithmetically valid but economically meaningless: do not rank, average or chart them as if higher were better. Use net profit and equity in Tk mn instead.",critical
67,sonali_bank,roa_pct,,percent_stored_as_fraction,"Sonali Bank stores 'roa_pct' as a decimal fraction (e.g. 0.0001001339291) although the Unit column says '%'. Evidence: rebuilt net_profit_after_tax/total_assets over 52 years: mean error 0.0% as a fraction vs 99.0% as percentage points. value_numeric keeps the source figure untouched; value_pct_points holds the same number x100 so it lines up with banks that publish percentage points. Use value_pct_points, or the v_bank_year view, for any cross-bank comparison.",critical
68,sonali_bank,roe_pct,,percent_stored_as_fraction,"Sonali Bank stores 'roe_pct' as a decimal fraction (e.g. 0.12) although the Unit column says '%'. Evidence: rebuilt net_profit_after_tax/shareholders_equity over 54 years: mean error 0.0% as a fraction vs 99.0% as percentage points. value_numeric keeps the source figure untouched; value_pct_points holds the same number x100 so it lines up with banks that publish percentage points. Use value_pct_points, or the v_bank_year view, for any cross-bank comparison.",critical
69,sonali_bank,npl_pct_gross,,percent_stored_as_fraction,"Sonali Bank stores 'npl_pct_gross' as a decimal fraction (e.g. 0.4675) although the Unit column says '%'. Evidence: rebuilt npl_amount/loans_advances_gross over 27 years: mean error 0.0% as a fraction vs 99.0% as percentage points. value_numeric keeps the source figure untouched; value_pct_points holds the same number x100 so it lines up with banks that publish percentage points. Use value_pct_points, or the v_bank_year view, for any cross-bank comparison.",critical
70,sonali_bank,provision_coverage_pct,,percent_stored_as_fraction,"Sonali Bank stores 'provision_coverage_pct' as a decimal fraction (e.g. 0.1701) although the Unit column says '%'. Evidence: inherited from this sheet's verified metrics ({'fraction': 5}). value_numeric keeps the source figure untouched; value_pct_points holds the same number x100 so it lines up with banks that publish percentage points. Use value_pct_points, or the v_bank_year view, for any cross-bank comparison.",critical
71,sonali_bank,loan_deposit_ratio_pct,,percent_stored_as_fraction,"Sonali Bank stores 'loan_deposit_ratio_pct' as a decimal fraction (e.g. 0.5083363106) although the Unit column says '%'. Evidence: rebuilt loans_advances_gross/total_deposits over 54 years: mean error 0.0% as a fraction vs 99.0% as percentage points. value_numeric keeps the source figure untouched; value_pct_points holds the same number x100 so it lines up with banks that publish percentage points. Use value_pct_points, or the v_bank_year view, for any cross-bank comparison.",critical
72,sonali_bank,car_pct,,percent_stored_as_fraction,"Sonali Bank stores 'car_pct' as a decimal fraction (e.g. 0.0502) although the Unit column says '%'. Evidence: inherited from this sheet's verified metrics ({'fraction': 5}). value_numeric keeps the source figure untouched; value_pct_points holds the same number x100 so it lines up with banks that publish percentage points. Use value_pct_points, or the v_bank_year view, for any cross-bank comparison.",critical
73,sonali_bank,cost_income_pct,,percent_stored_as_fraction,"Sonali Bank stores 'cost_income_pct' as a decimal fraction (e.g. 0.8078) although the Unit column says '%'. Evidence: inherited from this sheet's verified metrics ({'fraction': 5}). value_numeric keeps the source figure untouched; value_pct_points holds the same number x100 so it lines up with banks that publish percentage points. Use value_pct_points, or the v_bank_year view, for any cross-bank comparison.",critical
74,sonali_bank,npl_to_assets_pct,,percent_stored_as_fraction,"Sonali Bank stores 'npl_to_assets_pct' as a decimal fraction (e.g. 0.2611605192) although the Unit column says '%'. Evidence: rebuilt npl_amount/total_assets over 27 years: mean error 0.0% as a fraction vs 99.0% as percentage points. value_numeric keeps the source figure untouched; value_pct_points holds the same number x100 so it lines up with banks that publish percentage points. Use value_pct_points, or the v_bank_year view, for any cross-bank comparison.",critical
75,sonali_bank,yoy_total_assets_growth_pct,,percent_stored_as_fraction,"Sonali Bank stores 'yoy_total_assets_growth_pct' as a decimal fraction (e.g. -1.0) although the Unit column says '%'. Evidence: growth series peaks at 1. value_numeric keeps the source figure untouched; value_pct_points holds the same number x100 so it lines up with banks that publish percentage points. Use value_pct_points, or the v_bank_year view, for any cross-bank comparison.",critical
226,sonali_bank,roe_pct,,roe_on_negative_equity,"Sonali Bank reports negative shareholders' equity in 1 year(s) (2006-2006) for which an ROE is also printed. ROE = profit / equity, so with negative equity a LOSS shows as a POSITIVE ROE and a profit as a negative one. Those ROE figures are arithmetically valid but economically meaningless: do not rank, average or chart them as if higher were better. Use net profit and equity in Tk mn instead.",critical
48,southeast_bank_plc,roa_pct,,percent_stored_as_fraction,"Southeast Bank PLC stores 'roa_pct' as a decimal fraction (e.g. 0.0061) although the Unit column says '%'. Evidence: rebuilt net_profit_after_tax/total_assets over 11 years: mean error 4.5% as a fraction vs 99.0% as percentage points. value_numeric keeps the source figure untouched; value_pct_points holds the same number x100 so it lines up with banks that publish percentage points. Use value_pct_points, or the v_bank_year view, for any cross-bank comparison.",critical
49,southeast_bank_plc,roe_pct,,percent_stored_as_fraction,"Southeast Bank PLC stores 'roe_pct' as a decimal fraction (e.g. 0.1016) although the Unit column says '%'. Evidence: rebuilt net_profit_after_tax/shareholders_equity over 11 years: mean error 2.4% as a fraction vs 99.0% as percentage points. value_numeric keeps the source figure untouched; value_pct_points holds the same number x100 so it lines up with banks that publish percentage points. Use value_pct_points, or the v_bank_year view, for any cross-bank comparison.",critical
50,southeast_bank_plc,loan_deposit_ratio_pct,,percent_stored_as_fraction,"Southeast Bank PLC stores 'loan_deposit_ratio_pct' as a decimal fraction (e.g. 0.8332) although the Unit column says '%'. Evidence: rebuilt loans_advances_gross/total_deposits over 11 years: mean error 6.4% as a fraction vs 99.1% as percentage points. value_numeric keeps the source figure untouched; value_pct_points holds the same number x100 so it lines up with banks that publish percentage points. Use value_pct_points, or the v_bank_year view, for any cross-bank comparison.",critical
51,southeast_bank_plc,npl_pct_gross,,percent_stored_as_fraction,"Southeast Bank PLC stores 'npl_pct_gross' as a decimal fraction (e.g. 0.0751) although the Unit column says '%'. Evidence: rebuilt npl_amount/loans_advances_gross over 11 years: mean error 0.8% as a fraction vs 99.0% as percentage points. value_numeric keeps the source figure untouched; value_pct_points holds the same number x100 so it lines up with banks that publish percentage points. Use value_pct_points, or the v_bank_year view, for any cross-bank comparison.",critical
52,southeast_bank_plc,provision_coverage_pct,,percent_stored_as_fraction,"Southeast Bank PLC stores 'provision_coverage_pct' as a decimal fraction (e.g. 0.8061) although the Unit column says '%'. Evidence: inherited from this sheet's verified metrics ({'fraction': 5}). value_numeric keeps the source figure untouched; value_pct_points holds the same number x100 so it lines up with banks that publish percentage points. Use value_pct_points, or the v_bank_year view, for any cross-bank comparison.",critical
53,southeast_bank_plc,car_pct,,percent_stored_as_fraction,"Southeast Bank PLC stores 'car_pct' as a decimal fraction (e.g. 0.1361) although the Unit column says '%'. Evidence: inherited from this sheet's verified metrics ({'fraction': 5}). value_numeric keeps the source figure untouched; value_pct_points holds the same number x100 so it lines up with banks that publish percentage points. Use value_pct_points, or the v_bank_year view, for any cross-bank comparison.",critical
54,southeast_bank_plc,cost_income_pct,,percent_stored_as_fraction,"Southeast Bank PLC stores 'cost_income_pct' as a decimal fraction (e.g. 0.3956) although the Unit column says '%'. Evidence: inherited from this sheet's verified metrics ({'fraction': 5}). value_numeric keeps the source figure untouched; value_pct_points holds the same number x100 so it lines up with banks that publish percentage points. Use value_pct_points, or the v_bank_year view, for any cross-bank comparison.",critical
55,southeast_bank_plc,npl_to_assets_pct,,percent_stored_as_fraction,"Southeast Bank PLC stores 'npl_to_assets_pct' as a decimal fraction (e.g. 0.0507) although the Unit column says '%'. Evidence: rebuilt npl_amount/total_assets over 11 years: mean error 0.1% as a fraction vs 99.0% as percentage points. value_numeric keeps the source figure untouched; value_pct_points holds the same number x100 so it lines up with banks that publish percentage points. Use value_pct_points, or the v_bank_year view, for any cross-bank comparison.",critical
56,southeast_bank_plc,yoy_equity_growth_pct,,percent_stored_as_fraction,"Southeast Bank PLC stores 'yoy_equity_growth_pct' as a decimal fraction (e.g. 0.0911) although the Unit column says '%'. Evidence: growth series peaks at 0.1085. value_numeric keeps the source figure untouched; value_pct_points holds the same number x100 so it lines up with banks that publish percentage points. Use value_pct_points, or the v_bank_year view, for any cross-bank comparison.",critical
248,,,,dataset_summary,7846 cells loaded across 17 banks; 2497 carry no numeric value and are stored as NULL (never zero-filled).,info
231,bangladesh_development_bank_plc_bdbl,,,empty_year_column,"Bangladesh Development Bank PLC (BDBL) has no data at all for 2 year column(s): 2025, 2026. These are NULL, never zero.",info
232,bangladesh_krishi_bank_bkb,,,empty_year_column,"Bangladesh Krishi Bank (BKB) has no data at all for 37 year column(s): 1973, 1974, 1975, 1976, 1977, 1978, 1979, 1980, 1981, 1982, 1983, 1984, 1985, 1986, 1987, 1988, 1989, 1990, 1991, 1992, 1993, 1994, 1995, 1996, 1997, 1998, 1999, 2000, 2001, 2002, 2003, 2004, 2005, 2006, 2007, 2008, 2009. These are NULL, never zero.",info
1,bank_asia_plc,,,bank_name_normalised,Sheet 'Bank Asia Ltd' titles this bank 'Bank Asia PLC'; display_name was normalised to 'Bank Asia PLC'. The original string is preserved in banks.sheet_title.,info
234,bank_asia_plc,,,missing_marker_cell,Bank Asia PLC: 16 cell(s) contain the placeholder 'N/A' rather than a figure. Stored as NULL in value_numeric with the placeholder kept in raw_value — never zero-filled.,info
2,bank_asia_plc,CRAR % (Group),2015,text_cell_with_recoverable_number,M33 held '80.31%*'; a number was recovered (80.31) but the original text is kept in raw_value.,info
230,basic_bank_plc,,,empty_year_column,"BASIC Bank PLC has no data at all for 2 year column(s): 2025, 2026. These are NULL, never zero.",info
3,brac_bank_plc,,,bank_name_normalised,Sheet 'BRAC Bank Ltd' titles this bank 'Brac Bank LTD'; display_name was normalised to 'BRAC Bank PLC'. The original string is preserved in banks.sheet_title.,info
235,brac_bank_plc,,,missing_marker_cell,BRAC Bank PLC: 2 cell(s) contain the placeholder 'N/A' rather than a figure. Stored as NULL in value_numeric with the placeholder kept in raw_value — never zero-filled.,info
4,dutch_bangla_bank_plc,,,bank_name_normalised,Sheet 'Dutch-Bangla Bank PLC' titles this bank 'Dutch Banlga Bank Ltd'; display_name was normalised to 'Dutch-Bangla Bank PLC'. The original string is preserved in banks.sheet_title.,info
236,dutch_bangla_bank_plc,,,missing_marker_cell,Dutch-Bangla Bank PLC: 19 cell(s) contain the placeholder 'N/A' rather than a figure. Stored as NULL in value_numeric with the placeholder kept in raw_value — never zero-filled.,info
5,eastern_bank_plc,,,bank_name_normalised,Sheet 'Eastern Bank Ltd' titles this bank 'Eastern bank PLC'; display_name was normalised to 'Eastern Bank PLC'. The original string is preserved in banks.sheet_title.,info
227,eastern_bank_plc,,,empty_year_column,"Eastern Bank PLC has no data at all for 1 year column(s): 2016. These are NULL, never zero.",info
237,eastern_bank_plc,,,missing_marker_cell,Eastern Bank PLC: 42 cell(s) contain the placeholder 'N/A' rather than a figure. Stored as NULL in value_numeric with the placeholder kept in raw_value — never zero-filled.,info
238,eastern_bank_plc,,,missing_marker_cell,Eastern Bank PLC: 2 cell(s) contain the placeholder 'N/A⁴' rather than a figure. Stored as NULL in value_numeric with the placeholder kept in raw_value — never zero-filled.,info
229,janata_bank_plc,,,empty_year_column,"Janata Bank PLC has no data at all for 1 year column(s): 2026. These are NULL, never zero.",info
239,mercantile_bank_plc,,,missing_marker_cell,Mercantile Bank PLC: 2 cell(s) contain the placeholder 'N/A' rather than a figure. Stored as NULL in value_numeric with the placeholder kept in raw_value — never zero-filled.,info
9,mutual_trust_bank_plc,,,bank_name_normalised,Sheet 'Mutual Trust Bank' titles this bank 'MTB-'; display_name was normalised to 'Mutual Trust Bank PLC'. The original string is preserved in banks.sheet_title.,info
240,mutual_trust_bank_plc,,,missing_marker_cell,Mutual Trust Bank PLC: 15 cell(s) contain the placeholder 'N/A' rather than a figure. Stored as NULL in value_numeric with the placeholder kept in raw_value — never zero-filled.,info
241,mutual_trust_bank_plc,,,missing_marker_cell,Mutual Trust Bank PLC: 1 cell(s) contain the placeholder 'N/A‡' rather than a figure. Stored as NULL in value_numeric with the placeholder kept in raw_value — never zero-filled.,info
242,mutual_trust_bank_plc,,,missing_marker_cell,Mutual Trust Bank PLC: 2 cell(s) contain the placeholder 'n/a*' rather than a figure. Stored as NULL in value_numeric with the placeholder kept in raw_value — never zero-filled.,info
10,mutual_trust_bank_plc,Total Assets,2016,text_cell_with_recoverable_number,"L17 held '165,370†'; a number was recovered (165370.0) but the original text is kept in raw_value.",info
11,mutual_trust_bank_plc,Loans & Advances,2016,text_cell_with_recoverable_number,"L18 held '114,356†'; a number was recovered (114356.0) but the original text is kept in raw_value.",info
12,mutual_trust_bank_plc,Total Deposits,2016,text_cell_with_recoverable_number,"L19 held '131,272†'; a number was recovered (131272.0) but the original text is kept in raw_value.",info
243,prime_bank_plc,,,missing_marker_cell,Prime Bank PLC: 2 cell(s) contain the placeholder 'N/A' rather than a figure. Stored as NULL in value_numeric with the placeholder kept in raw_value — never zero-filled.,info
244,prime_bank_plc,,,missing_marker_cell,Prime Bank PLC: 2 cell(s) contain the placeholder 'n/a' rather than a figure. Stored as NULL in value_numeric with the placeholder kept in raw_value — never zero-filled.,info
228,pubali_bank_plc,,,empty_year_column,"Pubali Bank PLC has no data at all for 1 year column(s): 2015. These are NULL, never zero.",info
245,pubali_bank_plc,,,missing_marker_cell,Pubali Bank PLC: 23 cell(s) contain the placeholder 'N/A' rather than a figure. Stored as NULL in value_numeric with the placeholder kept in raw_value — never zero-filled.,info
246,pubali_bank_plc,,,missing_marker_cell,Pubali Bank PLC: 1 cell(s) contain the placeholder 'N/M' rather than a figure. Stored as NULL in value_numeric with the placeholder kept in raw_value — never zero-filled.,info
233,rupali_bank_plc,,,empty_year_column,"Rupali Bank PLC has no data at all for 12 year column(s): 1997, 1998, 1999, 2000, 2001, 2002, 2003, 2004, 2005, 2006, 2007, 2026. These are NULL, never zero.",info
13,southeast_bank_plc,,,bank_name_normalised,Sheet 'Southeast Bank PLC' titles this bank 'South East Bank PLC'; display_name was normalised to 'Southeast Bank PLC'. The original string is preserved in banks.sheet_title.,info
247,southeast_bank_plc,,,missing_marker_cell,Southeast Bank PLC: 2 cell(s) contain the placeholder 'N/A' rather than a figure. Stored as NULL in value_numeric with the placeholder kept in raw_value — never zero-filled.,info
14,southeast_bank_plc,YoY NPAT growth %,2015,text_cell_with_recoverable_number,M39 held '−20.00%'; a number was recovered (-20.0) but the original text is kept in raw_value.,info
214,bangladesh_development_bank_plc_bdbl,Loan-Deposit Ratio %,2010,value_outside_plausible_range,"Bangladesh Development Bank PLC (BDBL) 'Loan-Deposit Ratio %' 2010 = 304.43 percentage points, outside the sanity band [0, 200]. Not altered. For the state-owned banks these extremes are frequently REAL (deeply negative capital, negative net interest income); check the source_notes table for that bank before calling it an error.",warning
215,bangladesh_development_bank_plc_bdbl,Loan-Deposit Ratio %,2011,value_outside_plausible_range,"Bangladesh Development Bank PLC (BDBL) 'Loan-Deposit Ratio %' 2011 = 213.44 percentage points, outside the sanity band [0, 200]. Not altered. For the state-owned banks these extremes are frequently REAL (deeply negative capital, negative net interest income); check the source_notes table for that bank before calling it an error.",warning
216,bangladesh_krishi_bank_bkb,Cost-to-Income Ratio %,2014,value_outside_plausible_range,"Bangladesh Krishi Bank (BKB) 'Cost-to-Income Ratio %' 2014 = 501.99 percentage points, outside the sanity band [-500, 500]. Not altered. For the state-owned banks these extremes are frequently REAL (deeply negative capital, negative net interest income); check the source_notes table for that bank before calling it an error.",warning
217,bangladesh_krishi_bank_bkb,Cost-to-Income Ratio %,2016,value_outside_plausible_range,"Bangladesh Krishi Bank (BKB) 'Cost-to-Income Ratio %' 2016 = 508.35 percentage points, outside the sanity band [-500, 500]. Not altered. For the state-owned banks these extremes are frequently REAL (deeply negative capital, negative net interest income); check the source_notes table for that bank before calling it an error.",warning
218,bangladesh_krishi_bank_bkb,Cost-to-Income Ratio %,2018,value_outside_plausible_range,"Bangladesh Krishi Bank (BKB) 'Cost-to-Income Ratio %' 2018 = 650.43 percentage points, outside the sanity band [-500, 500]. Not altered. For the state-owned banks these extremes are frequently REAL (deeply negative capital, negative net interest income); check the source_notes table for that bank before calling it an error.",warning
219,bangladesh_krishi_bank_bkb,Cost-to-Income Ratio %,2019,value_outside_plausible_range,"Bangladesh Krishi Bank (BKB) 'Cost-to-Income Ratio %' 2019 = 22991.03 percentage points, outside the sanity band [-500, 500]. Not altered. For the state-owned banks these extremes are frequently REAL (deeply negative capital, negative net interest income); check the source_notes table for that bank before calling it an error.",warning
220,bangladesh_krishi_bank_bkb,Cost-to-Income Ratio %,2024,value_outside_plausible_range,"Bangladesh Krishi Bank (BKB) 'Cost-to-Income Ratio %' 2024 = -1238.80 percentage points, outside the sanity band [-500, 500]. Not altered. For the state-owned banks these extremes are frequently REAL (deeply negative capital, negative net interest income); check the source_notes table for that bank before calling it an error.",warning
213,basic_bank_plc,ROE %,2021,value_outside_plausible_range,"BASIC Bank PLC 'ROE %' 2021 = 690.51 percentage points, outside the sanity band [-300, 300]. Not altered. For the state-owned banks these extremes are frequently REAL (deeply negative capital, negative net interest income); check the source_notes table for that bank before calling it an error.",warning
221,ific_bank_plc,ROE %,2025,reported_ratio_not_reproducible,"IFIC Bank PLC reports 'ROE %' 2025 as -139.59 percentage points, but net_profit_after_tax / shareholders_equity on the same sheet rebuilds to -452.73 (69% apart). Nothing altered. Usually a reporting-basis difference — average versus closing denominator, or a group figure against solo inputs — rather than an error; check the bank's annual report before quoting either version.",warning
212,sonali_bank,ROE %,1982,value_outside_plausible_range,"Sonali Bank 'ROE %' 1982 = 378.74 percentage points, outside the sanity band [-300, 300]. Not altered. For the state-owned banks these extremes are frequently REAL (deeply negative capital, negative net interest income); check the source_notes table for that bank before calling it an error.",warning
