bank_id,table_instance,category,metric,metric_std,unit,year,raw_value,value_numeric,value_pct_points,pct_scale,value_source,is_estimated,source_file,source_row,source_col
bangladesh_development_bank_plc_bdbl,1,BALANCE SHEET,Total Assets,total_assets,Tk mn,2010,27518.8,27518.8,,,native_numeric,0,Dying_Cyrus_-_SOCB_V7__furnished_.xlsx,6,C
bangladesh_development_bank_plc_bdbl,1,BALANCE SHEET,Total Assets,total_assets,Tk mn,2011,28847.7,28847.7,,,native_numeric,0,Dying_Cyrus_-_SOCB_V7__furnished_.xlsx,6,D
bangladesh_development_bank_plc_bdbl,1,BALANCE SHEET,Total Assets,total_assets,Tk mn,2012,32710.5,32710.5,,,native_numeric,0,Dying_Cyrus_-_SOCB_V7__furnished_.xlsx,6,E
bangladesh_development_bank_plc_bdbl,1,BALANCE SHEET,Total Assets,total_assets,Tk mn,2013,46857.8,46857.8,,,native_numeric,0,Dying_Cyrus_-_SOCB_V7__furnished_.xlsx,6,F
bangladesh_development_bank_plc_bdbl,1,BALANCE SHEET,Total Assets,total_assets,Tk mn,2014,50259.9,50259.9,,,native_numeric,0,Dying_Cyrus_-_SOCB_V7__furnished_.xlsx,6,G
bangladesh_development_bank_plc_bdbl,1,BALANCE SHEET,Total Assets,total_assets,Tk mn,2015,51456.4,51456.4,,,native_numeric,0,Dying_Cyrus_-_SOCB_V7__furnished_.xlsx,6,H
bangladesh_development_bank_plc_bdbl,1,BALANCE SHEET,Total Assets,total_assets,Tk mn,2016,54541.4,54541.4,,,native_numeric,0,Dying_Cyrus_-_SOCB_V7__furnished_.xlsx,6,I
bangladesh_development_bank_plc_bdbl,1,BALANCE SHEET,Total Assets,total_assets,Tk mn,2017,58058.0,58058.0,,,native_numeric,0,Dying_Cyrus_-_SOCB_V7__furnished_.xlsx,6,J
bangladesh_development_bank_plc_bdbl,1,BALANCE SHEET,Total Assets,total_assets,Tk mn,2018,59191.0,59191.0,,,native_numeric,0,Dying_Cyrus_-_SOCB_V7__furnished_.xlsx,6,K
bangladesh_development_bank_plc_bdbl,1,BALANCE SHEET,Total Assets,total_assets,Tk mn,2019,58396.0,58396.0,,,native_numeric,0,Dying_Cyrus_-_SOCB_V7__furnished_.xlsx,6,L
bangladesh_development_bank_plc_bdbl,1,BALANCE SHEET,Total Assets,total_assets,Tk mn,2020,55302.0,55302.0,,,native_numeric,0,Dying_Cyrus_-_SOCB_V7__furnished_.xlsx,6,M
bangladesh_development_bank_plc_bdbl,1,BALANCE SHEET,Total Assets,total_assets,Tk mn,2021,61156.6,61156.6,,,native_numeric,0,Dying_Cyrus_-_SOCB_V7__furnished_.xlsx,6,N
bangladesh_development_bank_plc_bdbl,1,BALANCE SHEET,Total Assets,total_assets,Tk mn,2022,60968.6,60968.6,,,native_numeric,0,Dying_Cyrus_-_SOCB_V7__furnished_.xlsx,6,O
bangladesh_development_bank_plc_bdbl,1,BALANCE SHEET,Total Assets,total_assets,Tk mn,2023,63504.3,63504.3,,,native_numeric,0,Dying_Cyrus_-_SOCB_V7__furnished_.xlsx,6,P
bangladesh_development_bank_plc_bdbl,1,BALANCE SHEET,Total Assets,total_assets,Tk mn,2024,59896.9,59896.9,,,native_numeric,0,Dying_Cyrus_-_SOCB_V7__furnished_.xlsx,6,Q
bangladesh_development_bank_plc_bdbl,1,BALANCE SHEET,Total Assets,total_assets,Tk mn,2025,,,,,missing,0,Dying_Cyrus_-_SOCB_V7__furnished_.xlsx,6,R
bangladesh_development_bank_plc_bdbl,1,BALANCE SHEET,Total Assets,total_assets,Tk mn,2026,,,,,missing,0,Dying_Cyrus_-_SOCB_V7__furnished_.xlsx,6,S
bangladesh_development_bank_plc_bdbl,1,BALANCE SHEET,"Loans & Advances, gross",loans_advances_gross,Tk mn,2010,9906.0,9906.0,,,native_numeric,0,Dying_Cyrus_-_SOCB_V7__furnished_.xlsx,7,C
bangladesh_development_bank_plc_bdbl,1,BALANCE SHEET,"Loans & Advances, gross",loans_advances_gross,Tk mn,2011,10046.1,10046.1,,,native_numeric,0,Dying_Cyrus_-_SOCB_V7__furnished_.xlsx,7,D
bangladesh_development_bank_plc_bdbl,1,BALANCE SHEET,"Loans & Advances, gross",loans_advances_gross,Tk mn,2012,14743.1,14743.1,,,native_numeric,0,Dying_Cyrus_-_SOCB_V7__furnished_.xlsx,7,E
bangladesh_development_bank_plc_bdbl,1,BALANCE SHEET,"Loans & Advances, gross",loans_advances_gross,Tk mn,2013,15457.2,15457.2,,,native_numeric,0,Dying_Cyrus_-_SOCB_V7__furnished_.xlsx,7,F
bangladesh_development_bank_plc_bdbl,1,BALANCE SHEET,"Loans & Advances, gross",loans_advances_gross,Tk mn,2014,16501.0,16501.0,,,native_numeric,0,Dying_Cyrus_-_SOCB_V7__furnished_.xlsx,7,G
bangladesh_development_bank_plc_bdbl,1,BALANCE SHEET,"Loans & Advances, gross",loans_advances_gross,Tk mn,2015,18137.5,18137.5,,,native_numeric,0,Dying_Cyrus_-_SOCB_V7__furnished_.xlsx,7,H
bangladesh_development_bank_plc_bdbl,1,BALANCE SHEET,"Loans & Advances, gross",loans_advances_gross,Tk mn,2016,18078.4,18078.4,,,native_numeric,0,Dying_Cyrus_-_SOCB_V7__furnished_.xlsx,7,I
bangladesh_development_bank_plc_bdbl,1,BALANCE SHEET,"Loans & Advances, gross",loans_advances_gross,Tk mn,2017,17946.0,17946.0,,,native_numeric,0,Dying_Cyrus_-_SOCB_V7__furnished_.xlsx,7,J
bangladesh_development_bank_plc_bdbl,1,BALANCE SHEET,"Loans & Advances, gross",loans_advances_gross,Tk mn,2018,19307.0,19307.0,,,native_numeric,0,Dying_Cyrus_-_SOCB_V7__furnished_.xlsx,7,K
bangladesh_development_bank_plc_bdbl,1,BALANCE SHEET,"Loans & Advances, gross",loans_advances_gross,Tk mn,2019,19984.0,19984.0,,,native_numeric,0,Dying_Cyrus_-_SOCB_V7__furnished_.xlsx,7,L
bangladesh_development_bank_plc_bdbl,1,BALANCE SHEET,"Loans & Advances, gross",loans_advances_gross,Tk mn,2020,21290.0,21290.0,,,native_numeric,0,Dying_Cyrus_-_SOCB_V7__furnished_.xlsx,7,M
bangladesh_development_bank_plc_bdbl,1,BALANCE SHEET,"Loans & Advances, gross",loans_advances_gross,Tk mn,2021,24134.3,24134.3,,,native_numeric,0,Dying_Cyrus_-_SOCB_V7__furnished_.xlsx,7,N
bangladesh_development_bank_plc_bdbl,1,BALANCE SHEET,"Loans & Advances, gross",loans_advances_gross,Tk mn,2022,24796.6,24796.6,,,native_numeric,0,Dying_Cyrus_-_SOCB_V7__furnished_.xlsx,7,O
bangladesh_development_bank_plc_bdbl,1,BALANCE SHEET,"Loans & Advances, gross",loans_advances_gross,Tk mn,2023,26571.1,26571.1,,,native_numeric,0,Dying_Cyrus_-_SOCB_V7__furnished_.xlsx,7,P
bangladesh_development_bank_plc_bdbl,1,BALANCE SHEET,"Loans & Advances, gross",loans_advances_gross,Tk mn,2024,25549.5,25549.5,,,native_numeric,0,Dying_Cyrus_-_SOCB_V7__furnished_.xlsx,7,Q
bangladesh_development_bank_plc_bdbl,1,BALANCE SHEET,"Loans & Advances, gross",loans_advances_gross,Tk mn,2025,,,,,missing,0,Dying_Cyrus_-_SOCB_V7__furnished_.xlsx,7,R
bangladesh_development_bank_plc_bdbl,1,BALANCE SHEET,"Loans & Advances, gross",loans_advances_gross,Tk mn,2026,,,,,missing,0,Dying_Cyrus_-_SOCB_V7__furnished_.xlsx,7,S
bangladesh_development_bank_plc_bdbl,1,BALANCE SHEET,Total Deposits,total_deposits,Tk mn,2010,3254.0,3254.0,,,native_numeric,0,Dying_Cyrus_-_SOCB_V7__furnished_.xlsx,8,C
bangladesh_development_bank_plc_bdbl,1,BALANCE SHEET,Total Deposits,total_deposits,Tk mn,2011,4706.8,4706.8,,,native_numeric,0,Dying_Cyrus_-_SOCB_V7__furnished_.xlsx,8,D
bangladesh_development_bank_plc_bdbl,1,BALANCE SHEET,Total Deposits,total_deposits,Tk mn,2012,7945.5,7945.5,,,native_numeric,0,Dying_Cyrus_-_SOCB_V7__furnished_.xlsx,8,E
bangladesh_development_bank_plc_bdbl,1,BALANCE SHEET,Total Deposits,total_deposits,Tk mn,2013,19988.8,19988.8,,,native_numeric,0,Dying_Cyrus_-_SOCB_V7__furnished_.xlsx,8,F
bangladesh_development_bank_plc_bdbl,1,BALANCE SHEET,Total Deposits,total_deposits,Tk mn,2014,23350.1,23350.1,,,native_numeric,0,Dying_Cyrus_-_SOCB_V7__furnished_.xlsx,8,G
bangladesh_development_bank_plc_bdbl,1,BALANCE SHEET,Total Deposits,total_deposits,Tk mn,2015,23371.7,23371.7,,,native_numeric,0,Dying_Cyrus_-_SOCB_V7__furnished_.xlsx,8,H
bangladesh_development_bank_plc_bdbl,1,BALANCE SHEET,Total Deposits,total_deposits,Tk mn,2016,26374.9,26374.9,,,native_numeric,0,Dying_Cyrus_-_SOCB_V7__furnished_.xlsx,8,I
bangladesh_development_bank_plc_bdbl,1,BALANCE SHEET,Total Deposits,total_deposits,Tk mn,2017,28580.0,28580.0,,,native_numeric,0,Dying_Cyrus_-_SOCB_V7__furnished_.xlsx,8,J
bangladesh_development_bank_plc_bdbl,1,BALANCE SHEET,Total Deposits,total_deposits,Tk mn,2018,28312.0,28312.0,,,native_numeric,0,Dying_Cyrus_-_SOCB_V7__furnished_.xlsx,8,K
bangladesh_development_bank_plc_bdbl,1,BALANCE SHEET,Total Deposits,total_deposits,Tk mn,2019,27646.0,27646.0,,,native_numeric,0,Dying_Cyrus_-_SOCB_V7__furnished_.xlsx,8,L
bangladesh_development_bank_plc_bdbl,1,BALANCE SHEET,Total Deposits,total_deposits,Tk mn,2020,24219.0,24219.0,,,native_numeric,0,Dying_Cyrus_-_SOCB_V7__furnished_.xlsx,8,M
bangladesh_development_bank_plc_bdbl,1,BALANCE SHEET,Total Deposits,total_deposits,Tk mn,2021,29005.1,29005.1,,,native_numeric,0,Dying_Cyrus_-_SOCB_V7__furnished_.xlsx,8,N
bangladesh_development_bank_plc_bdbl,1,BALANCE SHEET,Total Deposits,total_deposits,Tk mn,2022,29145.0,29145.0,,,native_numeric,0,Dying_Cyrus_-_SOCB_V7__furnished_.xlsx,8,O
bangladesh_development_bank_plc_bdbl,1,BALANCE SHEET,Total Deposits,total_deposits,Tk mn,2023,30535.6,30535.6,,,native_numeric,0,Dying_Cyrus_-_SOCB_V7__furnished_.xlsx,8,P
bangladesh_development_bank_plc_bdbl,1,BALANCE SHEET,Total Deposits,total_deposits,Tk mn,2024,27530.6,27530.6,,,native_numeric,0,Dying_Cyrus_-_SOCB_V7__furnished_.xlsx,8,Q
bangladesh_development_bank_plc_bdbl,1,BALANCE SHEET,Total Deposits,total_deposits,Tk mn,2025,,,,,missing,0,Dying_Cyrus_-_SOCB_V7__furnished_.xlsx,8,R
bangladesh_development_bank_plc_bdbl,1,BALANCE SHEET,Total Deposits,total_deposits,Tk mn,2026,,,,,missing,0,Dying_Cyrus_-_SOCB_V7__furnished_.xlsx,8,S
bangladesh_development_bank_plc_bdbl,1,BALANCE SHEET,Shareholders' Equity,shareholders_equity,Tk mn,2010,15637.3,15637.3,,,native_numeric,0,Dying_Cyrus_-_SOCB_V7__furnished_.xlsx,9,C
bangladesh_development_bank_plc_bdbl,1,BALANCE SHEET,Shareholders' Equity,shareholders_equity,Tk mn,2011,14863.8,14863.8,,,native_numeric,0,Dying_Cyrus_-_SOCB_V7__furnished_.xlsx,9,D
bangladesh_development_bank_plc_bdbl,1,BALANCE SHEET,Shareholders' Equity,shareholders_equity,Tk mn,2012,15698.8,15698.8,,,native_numeric,0,Dying_Cyrus_-_SOCB_V7__furnished_.xlsx,9,E
bangladesh_development_bank_plc_bdbl,1,BALANCE SHEET,Shareholders' Equity,shareholders_equity,Tk mn,2013,16470.3,16470.3,,,native_numeric,0,Dying_Cyrus_-_SOCB_V7__furnished_.xlsx,9,F
bangladesh_development_bank_plc_bdbl,1,BALANCE SHEET,Shareholders' Equity,shareholders_equity,Tk mn,2014,17537.8,17537.8,,,native_numeric,0,Dying_Cyrus_-_SOCB_V7__furnished_.xlsx,9,G
bangladesh_development_bank_plc_bdbl,1,BALANCE SHEET,Shareholders' Equity,shareholders_equity,Tk mn,2015,17983.9,17983.9,,,native_numeric,0,Dying_Cyrus_-_SOCB_V7__furnished_.xlsx,9,H
bangladesh_development_bank_plc_bdbl,1,BALANCE SHEET,Shareholders' Equity,shareholders_equity,Tk mn,2016,18189.8,18189.8,,,native_numeric,0,Dying_Cyrus_-_SOCB_V7__furnished_.xlsx,9,I
bangladesh_development_bank_plc_bdbl,1,BALANCE SHEET,Shareholders' Equity,shareholders_equity,Tk mn,2017,18552.0,18552.0,,,native_numeric,0,Dying_Cyrus_-_SOCB_V7__furnished_.xlsx,9,J
bangladesh_development_bank_plc_bdbl,1,BALANCE SHEET,Shareholders' Equity,shareholders_equity,Tk mn,2018,19102.0,19102.0,,,native_numeric,0,Dying_Cyrus_-_SOCB_V7__furnished_.xlsx,9,K
bangladesh_development_bank_plc_bdbl,1,BALANCE SHEET,Shareholders' Equity,shareholders_equity,Tk mn,2019,19072.0,19072.0,,,native_numeric,0,Dying_Cyrus_-_SOCB_V7__furnished_.xlsx,9,L
bangladesh_development_bank_plc_bdbl,1,BALANCE SHEET,Shareholders' Equity,shareholders_equity,Tk mn,2020,19023.0,19023.0,,,native_numeric,0,Dying_Cyrus_-_SOCB_V7__furnished_.xlsx,9,M
bangladesh_development_bank_plc_bdbl,1,BALANCE SHEET,Shareholders' Equity,shareholders_equity,Tk mn,2021,18994.6,18994.6,,,native_numeric,0,Dying_Cyrus_-_SOCB_V7__furnished_.xlsx,9,N
bangladesh_development_bank_plc_bdbl,1,BALANCE SHEET,Shareholders' Equity,shareholders_equity,Tk mn,2022,19106.0,19106.0,,,native_numeric,0,Dying_Cyrus_-_SOCB_V7__furnished_.xlsx,9,O
bangladesh_development_bank_plc_bdbl,1,BALANCE SHEET,Shareholders' Equity,shareholders_equity,Tk mn,2023,19116.7,19116.7,,,native_numeric,0,Dying_Cyrus_-_SOCB_V7__furnished_.xlsx,9,P
bangladesh_development_bank_plc_bdbl,1,BALANCE SHEET,Shareholders' Equity,shareholders_equity,Tk mn,2024,19093.0,19093.0,,,native_numeric,0,Dying_Cyrus_-_SOCB_V7__furnished_.xlsx,9,Q
bangladesh_development_bank_plc_bdbl,1,BALANCE SHEET,Shareholders' Equity,shareholders_equity,Tk mn,2025,,,,,missing,0,Dying_Cyrus_-_SOCB_V7__furnished_.xlsx,9,R
bangladesh_development_bank_plc_bdbl,1,BALANCE SHEET,Shareholders' Equity,shareholders_equity,Tk mn,2026,,,,,missing,0,Dying_Cyrus_-_SOCB_V7__furnished_.xlsx,9,S
bangladesh_development_bank_plc_bdbl,1,INCOME STATEMENT,Net Interest Income,net_interest_income,Tk mn,2010,684.6,684.6,,,native_numeric,0,Dying_Cyrus_-_SOCB_V7__furnished_.xlsx,11,C
bangladesh_development_bank_plc_bdbl,1,INCOME STATEMENT,Net Interest Income,net_interest_income,Tk mn,2011,895.8,895.8,,,native_numeric,0,Dying_Cyrus_-_SOCB_V7__furnished_.xlsx,11,D
bangladesh_development_bank_plc_bdbl,1,INCOME STATEMENT,Net Interest Income,net_interest_income,Tk mn,2012,879.8,879.8,,,native_numeric,0,Dying_Cyrus_-_SOCB_V7__furnished_.xlsx,11,E
bangladesh_development_bank_plc_bdbl,1,INCOME STATEMENT,Net Interest Income,net_interest_income,Tk mn,2013,949.1,949.1,,,native_numeric,0,Dying_Cyrus_-_SOCB_V7__furnished_.xlsx,11,F
bangladesh_development_bank_plc_bdbl,1,INCOME STATEMENT,Net Interest Income,net_interest_income,Tk mn,2014,301.5,301.5,,,native_numeric,0,Dying_Cyrus_-_SOCB_V7__furnished_.xlsx,11,G
bangladesh_development_bank_plc_bdbl,1,INCOME STATEMENT,Net Interest Income,net_interest_income,Tk mn,2015,318.5,318.5,,,native_numeric,0,Dying_Cyrus_-_SOCB_V7__furnished_.xlsx,11,H
bangladesh_development_bank_plc_bdbl,1,INCOME STATEMENT,Net Interest Income,net_interest_income,Tk mn,2016,304.9,304.9,,,native_numeric,0,Dying_Cyrus_-_SOCB_V7__furnished_.xlsx,11,I
bangladesh_development_bank_plc_bdbl,1,INCOME STATEMENT,Net Interest Income,net_interest_income,Tk mn,2017,522.4,522.4,,,native_numeric,0,Dying_Cyrus_-_SOCB_V7__furnished_.xlsx,11,J
bangladesh_development_bank_plc_bdbl,1,INCOME STATEMENT,Net Interest Income,net_interest_income,Tk mn,2018,1155.9,1155.9,,,native_numeric,0,Dying_Cyrus_-_SOCB_V7__furnished_.xlsx,11,K
bangladesh_development_bank_plc_bdbl,1,INCOME STATEMENT,Net Interest Income,net_interest_income,Tk mn,2019,659.3,659.3,,,native_numeric,0,Dying_Cyrus_-_SOCB_V7__furnished_.xlsx,11,L
bangladesh_development_bank_plc_bdbl,1,INCOME STATEMENT,Net Interest Income,net_interest_income,Tk mn,2020,340.1,340.1,,,native_numeric,0,Dying_Cyrus_-_SOCB_V7__furnished_.xlsx,11,M
bangladesh_development_bank_plc_bdbl,1,INCOME STATEMENT,Net Interest Income,net_interest_income,Tk mn,2021,161.7,161.7,,,native_numeric,0,Dying_Cyrus_-_SOCB_V7__furnished_.xlsx,11,N
bangladesh_development_bank_plc_bdbl,1,INCOME STATEMENT,Net Interest Income,net_interest_income,Tk mn,2022,389.2,389.2,,,native_numeric,0,Dying_Cyrus_-_SOCB_V7__furnished_.xlsx,11,O
bangladesh_development_bank_plc_bdbl,1,INCOME STATEMENT,Net Interest Income,net_interest_income,Tk mn,2023,440.7,440.7,,,native_numeric,0,Dying_Cyrus_-_SOCB_V7__furnished_.xlsx,11,P
bangladesh_development_bank_plc_bdbl,1,INCOME STATEMENT,Net Interest Income,net_interest_income,Tk mn,2024,75.7,75.7,,,native_numeric,0,Dying_Cyrus_-_SOCB_V7__furnished_.xlsx,11,Q
bangladesh_development_bank_plc_bdbl,1,INCOME STATEMENT,Net Interest Income,net_interest_income,Tk mn,2025,,,,,missing,0,Dying_Cyrus_-_SOCB_V7__furnished_.xlsx,11,R
bangladesh_development_bank_plc_bdbl,1,INCOME STATEMENT,Net Interest Income,net_interest_income,Tk mn,2026,,,,,missing,0,Dying_Cyrus_-_SOCB_V7__furnished_.xlsx,11,S
bangladesh_development_bank_plc_bdbl,1,INCOME STATEMENT,Non-Interest Income,non_interest_income,Tk mn,2010,1037.9,1037.9,,,native_numeric,0,Dying_Cyrus_-_SOCB_V7__furnished_.xlsx,12,C
bangladesh_development_bank_plc_bdbl,1,INCOME STATEMENT,Non-Interest Income,non_interest_income,Tk mn,2011,703.4,703.4,,,native_numeric,0,Dying_Cyrus_-_SOCB_V7__furnished_.xlsx,12,D
bangladesh_development_bank_plc_bdbl,1,INCOME STATEMENT,Non-Interest Income,non_interest_income,Tk mn,2012,1011.9,1011.9,,,native_numeric,0,Dying_Cyrus_-_SOCB_V7__furnished_.xlsx,12,E
bangladesh_development_bank_plc_bdbl,1,INCOME STATEMENT,Non-Interest Income,non_interest_income,Tk mn,2013,2321.8,2321.8,,,native_numeric,0,Dying_Cyrus_-_SOCB_V7__furnished_.xlsx,12,F
bangladesh_development_bank_plc_bdbl,1,INCOME STATEMENT,Non-Interest Income,non_interest_income,Tk mn,2014,2379.7,2379.7,,,native_numeric,0,Dying_Cyrus_-_SOCB_V7__furnished_.xlsx,12,G
bangladesh_development_bank_plc_bdbl,1,INCOME STATEMENT,Non-Interest Income,non_interest_income,Tk mn,2015,1856.4,1856.4,,,native_numeric,0,Dying_Cyrus_-_SOCB_V7__furnished_.xlsx,12,H
bangladesh_development_bank_plc_bdbl,1,INCOME STATEMENT,Non-Interest Income,non_interest_income,Tk mn,2016,1599.7,1599.7,,,native_numeric,0,Dying_Cyrus_-_SOCB_V7__furnished_.xlsx,12,I
bangladesh_development_bank_plc_bdbl,1,INCOME STATEMENT,Non-Interest Income,non_interest_income,Tk mn,2017,1819.2,1819.2,,,native_numeric,0,Dying_Cyrus_-_SOCB_V7__furnished_.xlsx,12,J
bangladesh_development_bank_plc_bdbl,1,INCOME STATEMENT,Non-Interest Income,non_interest_income,Tk mn,2018,1332.5,1332.5,,,native_numeric,0,Dying_Cyrus_-_SOCB_V7__furnished_.xlsx,12,K
bangladesh_development_bank_plc_bdbl,1,INCOME STATEMENT,Non-Interest Income,non_interest_income,Tk mn,2019,824.3,824.3,,,native_numeric,0,Dying_Cyrus_-_SOCB_V7__furnished_.xlsx,12,L
bangladesh_development_bank_plc_bdbl,1,INCOME STATEMENT,Non-Interest Income,non_interest_income,Tk mn,2020,960.4,960.4,,,native_numeric,0,Dying_Cyrus_-_SOCB_V7__furnished_.xlsx,12,M
bangladesh_development_bank_plc_bdbl,1,INCOME STATEMENT,Non-Interest Income,non_interest_income,Tk mn,2021,1462.8,1462.8,,,native_numeric,0,Dying_Cyrus_-_SOCB_V7__furnished_.xlsx,12,N
bangladesh_development_bank_plc_bdbl,1,INCOME STATEMENT,Non-Interest Income,non_interest_income,Tk mn,2022,1378.3,1378.3,,,native_numeric,0,Dying_Cyrus_-_SOCB_V7__furnished_.xlsx,12,O
bangladesh_development_bank_plc_bdbl,1,INCOME STATEMENT,Non-Interest Income,non_interest_income,Tk mn,2023,1070.4,1070.4,,,native_numeric,0,Dying_Cyrus_-_SOCB_V7__furnished_.xlsx,12,P
bangladesh_development_bank_plc_bdbl,1,INCOME STATEMENT,Non-Interest Income,non_interest_income,Tk mn,2024,1465.5,1465.5,,,native_numeric,0,Dying_Cyrus_-_SOCB_V7__furnished_.xlsx,12,Q
bangladesh_development_bank_plc_bdbl,1,INCOME STATEMENT,Non-Interest Income,non_interest_income,Tk mn,2025,,,,,missing,0,Dying_Cyrus_-_SOCB_V7__furnished_.xlsx,12,R
bangladesh_development_bank_plc_bdbl,1,INCOME STATEMENT,Non-Interest Income,non_interest_income,Tk mn,2026,,,,,missing,0,Dying_Cyrus_-_SOCB_V7__furnished_.xlsx,12,S
bangladesh_development_bank_plc_bdbl,1,INCOME STATEMENT,Net Profit After Tax,net_profit_after_tax,Tk mn,2010,644.5,644.5,,,native_numeric,0,Dying_Cyrus_-_SOCB_V7__furnished_.xlsx,13,C
bangladesh_development_bank_plc_bdbl,1,INCOME STATEMENT,Net Profit After Tax,net_profit_after_tax,Tk mn,2011,686.0,686.0,,,native_numeric,0,Dying_Cyrus_-_SOCB_V7__furnished_.xlsx,13,D
bangladesh_development_bank_plc_bdbl,1,INCOME STATEMENT,Net Profit After Tax,net_profit_after_tax,Tk mn,2012,837.0,837.0,,,native_numeric,0,Dying_Cyrus_-_SOCB_V7__furnished_.xlsx,13,E
bangladesh_development_bank_plc_bdbl,1,INCOME STATEMENT,Net Profit After Tax,net_profit_after_tax,Tk mn,2013,883.0,883.0,,,native_numeric,0,Dying_Cyrus_-_SOCB_V7__furnished_.xlsx,13,F
bangladesh_development_bank_plc_bdbl,1,INCOME STATEMENT,Net Profit After Tax,net_profit_after_tax,Tk mn,2014,1129.2,1129.2,,,native_numeric,0,Dying_Cyrus_-_SOCB_V7__furnished_.xlsx,13,G
bangladesh_development_bank_plc_bdbl,1,INCOME STATEMENT,Net Profit After Tax,net_profit_after_tax,Tk mn,2015,517.3,517.3,,,native_numeric,0,Dying_Cyrus_-_SOCB_V7__furnished_.xlsx,13,H
bangladesh_development_bank_plc_bdbl,1,INCOME STATEMENT,Net Profit After Tax,net_profit_after_tax,Tk mn,2016,382.3,382.3,,,native_numeric,0,Dying_Cyrus_-_SOCB_V7__furnished_.xlsx,13,I
bangladesh_development_bank_plc_bdbl,1,INCOME STATEMENT,Net Profit After Tax,net_profit_after_tax,Tk mn,2017,563.2,563.2,,,native_numeric,0,Dying_Cyrus_-_SOCB_V7__furnished_.xlsx,13,J
bangladesh_development_bank_plc_bdbl,1,INCOME STATEMENT,Net Profit After Tax,net_profit_after_tax,Tk mn,2018,748.9,748.9,,,native_numeric,0,Dying_Cyrus_-_SOCB_V7__furnished_.xlsx,13,K
bangladesh_development_bank_plc_bdbl,1,INCOME STATEMENT,Net Profit After Tax,net_profit_after_tax,Tk mn,2019,65.6,65.6,,,native_numeric,0,Dying_Cyrus_-_SOCB_V7__furnished_.xlsx,13,L
bangladesh_development_bank_plc_bdbl,1,INCOME STATEMENT,Net Profit After Tax,net_profit_after_tax,Tk mn,2020,44.9,44.9,,,native_numeric,0,Dying_Cyrus_-_SOCB_V7__furnished_.xlsx,13,M
bangladesh_development_bank_plc_bdbl,1,INCOME STATEMENT,Net Profit After Tax,net_profit_after_tax,Tk mn,2021,63.8,63.8,,,native_numeric,0,Dying_Cyrus_-_SOCB_V7__furnished_.xlsx,13,N
bangladesh_development_bank_plc_bdbl,1,INCOME STATEMENT,Net Profit After Tax,net_profit_after_tax,Tk mn,2022,101.3,101.3,,,native_numeric,0,Dying_Cyrus_-_SOCB_V7__furnished_.xlsx,13,O
bangladesh_development_bank_plc_bdbl,1,INCOME STATEMENT,Net Profit After Tax,net_profit_after_tax,Tk mn,2023,102.0,102.0,,,native_numeric,0,Dying_Cyrus_-_SOCB_V7__furnished_.xlsx,13,P
bangladesh_development_bank_plc_bdbl,1,INCOME STATEMENT,Net Profit After Tax,net_profit_after_tax,Tk mn,2024,55.8,55.8,,,native_numeric,0,Dying_Cyrus_-_SOCB_V7__furnished_.xlsx,13,Q
bangladesh_development_bank_plc_bdbl,1,INCOME STATEMENT,Net Profit After Tax,net_profit_after_tax,Tk mn,2025,,,,,missing,0,Dying_Cyrus_-_SOCB_V7__furnished_.xlsx,13,R
bangladesh_development_bank_plc_bdbl,1,INCOME STATEMENT,Net Profit After Tax,net_profit_after_tax,Tk mn,2026,,,,,missing,0,Dying_Cyrus_-_SOCB_V7__furnished_.xlsx,13,S
bangladesh_development_bank_plc_bdbl,1,PER-SHARE & PROFITABILITY,EPS,eps,BDT,2010,16.11,16.11,,,native_numeric,0,Dying_Cyrus_-_SOCB_V7__furnished_.xlsx,15,C
bangladesh_development_bank_plc_bdbl,1,PER-SHARE & PROFITABILITY,EPS,eps,BDT,2011,17.15,17.15,,,native_numeric,0,Dying_Cyrus_-_SOCB_V7__furnished_.xlsx,15,D
bangladesh_development_bank_plc_bdbl,1,PER-SHARE & PROFITABILITY,EPS,eps,BDT,2012,20.92,20.92,,,native_numeric,0,Dying_Cyrus_-_SOCB_V7__furnished_.xlsx,15,E
bangladesh_development_bank_plc_bdbl,1,PER-SHARE & PROFITABILITY,EPS,eps,BDT,2013,22.07,22.07,,,native_numeric,0,Dying_Cyrus_-_SOCB_V7__furnished_.xlsx,15,F
bangladesh_development_bank_plc_bdbl,1,PER-SHARE & PROFITABILITY,EPS,eps,BDT,2014,28.23,28.23,,,native_numeric,0,Dying_Cyrus_-_SOCB_V7__furnished_.xlsx,15,G
bangladesh_development_bank_plc_bdbl,1,PER-SHARE & PROFITABILITY,EPS,eps,BDT,2015,12.93,12.93,,,native_numeric,0,Dying_Cyrus_-_SOCB_V7__furnished_.xlsx,15,H
bangladesh_development_bank_plc_bdbl,1,PER-SHARE & PROFITABILITY,EPS,eps,BDT,2016,9.56,9.56,,,native_numeric,0,Dying_Cyrus_-_SOCB_V7__furnished_.xlsx,15,I
bangladesh_development_bank_plc_bdbl,1,PER-SHARE & PROFITABILITY,EPS,eps,BDT,2017,14.08,14.08,,,native_numeric,0,Dying_Cyrus_-_SOCB_V7__furnished_.xlsx,15,J
bangladesh_development_bank_plc_bdbl,1,PER-SHARE & PROFITABILITY,EPS,eps,BDT,2018,18.72,18.72,,,native_numeric,0,Dying_Cyrus_-_SOCB_V7__furnished_.xlsx,15,K
bangladesh_development_bank_plc_bdbl,1,PER-SHARE & PROFITABILITY,EPS,eps,BDT,2019,1.64,1.64,,,native_numeric,0,Dying_Cyrus_-_SOCB_V7__furnished_.xlsx,15,L
bangladesh_development_bank_plc_bdbl,1,PER-SHARE & PROFITABILITY,EPS,eps,BDT,2020,1.12,1.12,,,native_numeric,0,Dying_Cyrus_-_SOCB_V7__furnished_.xlsx,15,M
bangladesh_development_bank_plc_bdbl,1,PER-SHARE & PROFITABILITY,EPS,eps,BDT,2021,1.06,1.06,,,native_numeric,0,Dying_Cyrus_-_SOCB_V7__furnished_.xlsx,15,N
bangladesh_development_bank_plc_bdbl,1,PER-SHARE & PROFITABILITY,EPS,eps,BDT,2022,1.69,1.69,,,native_numeric,0,Dying_Cyrus_-_SOCB_V7__furnished_.xlsx,15,O
bangladesh_development_bank_plc_bdbl,1,PER-SHARE & PROFITABILITY,EPS,eps,BDT,2023,1.7,1.7,,,native_numeric,0,Dying_Cyrus_-_SOCB_V7__furnished_.xlsx,15,P
bangladesh_development_bank_plc_bdbl,1,PER-SHARE & PROFITABILITY,EPS,eps,BDT,2024,0.93,0.93,,,native_numeric,0,Dying_Cyrus_-_SOCB_V7__furnished_.xlsx,15,Q
bangladesh_development_bank_plc_bdbl,1,PER-SHARE & PROFITABILITY,EPS,eps,BDT,2025,,,,,missing,0,Dying_Cyrus_-_SOCB_V7__furnished_.xlsx,15,R
bangladesh_development_bank_plc_bdbl,1,PER-SHARE & PROFITABILITY,EPS,eps,BDT,2026,,,,,missing,0,Dying_Cyrus_-_SOCB_V7__furnished_.xlsx,15,S
bangladesh_development_bank_plc_bdbl,1,PER-SHARE & PROFITABILITY,ROA %,roa_pct,%,2010,0.02342035263,0.02342035263,2.3420352629999996,fraction,native_numeric,0,Dying_Cyrus_-_SOCB_V7__furnished_.xlsx,16,C
bangladesh_development_bank_plc_bdbl,1,PER-SHARE & PROFITABILITY,ROA %,roa_pct,%,2011,0.02378005872,0.02378005872,2.378005872,fraction,native_numeric,0,Dying_Cyrus_-_SOCB_V7__furnished_.xlsx,16,D
bangladesh_development_bank_plc_bdbl,1,PER-SHARE & PROFITABILITY,ROA %,roa_pct,%,2012,0.02558811391,0.02558811391,2.5588113910000003,fraction,native_numeric,0,Dying_Cyrus_-_SOCB_V7__furnished_.xlsx,16,E
bangladesh_development_bank_plc_bdbl,1,PER-SHARE & PROFITABILITY,ROA %,roa_pct,%,2013,0.01884424792,0.01884424792,1.8844247920000001,fraction,native_numeric,0,Dying_Cyrus_-_SOCB_V7__furnished_.xlsx,16,F
bangladesh_development_bank_plc_bdbl,1,PER-SHARE & PROFITABILITY,ROA %,roa_pct,%,2014,0.02246721541,0.02246721541,2.2467215410000003,fraction,native_numeric,0,Dying_Cyrus_-_SOCB_V7__furnished_.xlsx,16,G
bangladesh_development_bank_plc_bdbl,1,PER-SHARE & PROFITABILITY,ROA %,roa_pct,%,2015,0.01005317123,0.01005317123,1.005317123,fraction,native_numeric,0,Dying_Cyrus_-_SOCB_V7__furnished_.xlsx,16,H
bangladesh_development_bank_plc_bdbl,1,PER-SHARE & PROFITABILITY,ROA %,roa_pct,%,2016,0.007009354362,0.007009354362,0.7009354362,fraction,native_numeric,0,Dying_Cyrus_-_SOCB_V7__furnished_.xlsx,16,I
bangladesh_development_bank_plc_bdbl,1,PER-SHARE & PROFITABILITY,ROA %,roa_pct,%,2017,0.009700644183,0.009700644183,0.9700644183,fraction,native_numeric,0,Dying_Cyrus_-_SOCB_V7__furnished_.xlsx,16,J
bangladesh_development_bank_plc_bdbl,1,PER-SHARE & PROFITABILITY,ROA %,roa_pct,%,2018,0.01265226132,0.01265226132,1.265226132,fraction,native_numeric,0,Dying_Cyrus_-_SOCB_V7__furnished_.xlsx,16,K
bangladesh_development_bank_plc_bdbl,1,PER-SHARE & PROFITABILITY,ROA %,roa_pct,%,2019,0.001123364614,0.001123364614,0.11233646139999999,fraction,native_numeric,0,Dying_Cyrus_-_SOCB_V7__furnished_.xlsx,16,L
bangladesh_development_bank_plc_bdbl,1,PER-SHARE & PROFITABILITY,ROA %,roa_pct,%,2020,0.0008119055369,0.0008119055369,0.08119055369,fraction,native_numeric,0,Dying_Cyrus_-_SOCB_V7__furnished_.xlsx,16,M
bangladesh_development_bank_plc_bdbl,1,PER-SHARE & PROFITABILITY,ROA %,roa_pct,%,2021,0.001043223462,0.001043223462,0.10432234619999999,fraction,native_numeric,0,Dying_Cyrus_-_SOCB_V7__furnished_.xlsx,16,N
bangladesh_development_bank_plc_bdbl,1,PER-SHARE & PROFITABILITY,ROA %,roa_pct,%,2022,0.001661511007,0.001661511007,0.1661511007,fraction,native_numeric,0,Dying_Cyrus_-_SOCB_V7__furnished_.xlsx,16,O
bangladesh_development_bank_plc_bdbl,1,PER-SHARE & PROFITABILITY,ROA %,roa_pct,%,2023,0.001606190447,0.001606190447,0.1606190447,fraction,native_numeric,0,Dying_Cyrus_-_SOCB_V7__furnished_.xlsx,16,P
bangladesh_development_bank_plc_bdbl,1,PER-SHARE & PROFITABILITY,ROA %,roa_pct,%,2024,0.0009316008007,0.0009316008007,0.09316008007,fraction,native_numeric,0,Dying_Cyrus_-_SOCB_V7__furnished_.xlsx,16,Q
bangladesh_development_bank_plc_bdbl,1,PER-SHARE & PROFITABILITY,ROA %,roa_pct,%,2025,,,,fraction,missing,0,Dying_Cyrus_-_SOCB_V7__furnished_.xlsx,16,R
bangladesh_development_bank_plc_bdbl,1,PER-SHARE & PROFITABILITY,ROA %,roa_pct,%,2026,,,,fraction,missing,0,Dying_Cyrus_-_SOCB_V7__furnished_.xlsx,16,S
bangladesh_development_bank_plc_bdbl,1,PER-SHARE & PROFITABILITY,ROE %,roe_pct,%,2010,0.04121555512,0.04121555512,4.121555512,fraction,native_numeric,0,Dying_Cyrus_-_SOCB_V7__furnished_.xlsx,17,C
bangladesh_development_bank_plc_bdbl,1,PER-SHARE & PROFITABILITY,ROE %,roe_pct,%,2011,0.0461523971,0.0461523971,4.61523971,fraction,native_numeric,0,Dying_Cyrus_-_SOCB_V7__furnished_.xlsx,17,D
bangladesh_development_bank_plc_bdbl,1,PER-SHARE & PROFITABILITY,ROE %,roe_pct,%,2012,0.05331617703,0.05331617703,5.331617703,fraction,native_numeric,0,Dying_Cyrus_-_SOCB_V7__furnished_.xlsx,17,E
bangladesh_development_bank_plc_bdbl,1,PER-SHARE & PROFITABILITY,ROE %,roe_pct,%,2013,0.05361165249,0.05361165249,5.361165249,fraction,native_numeric,0,Dying_Cyrus_-_SOCB_V7__furnished_.xlsx,17,F
bangladesh_development_bank_plc_bdbl,1,PER-SHARE & PROFITABILITY,ROE %,roe_pct,%,2014,0.06438663915,0.06438663915,6.438663914999999,fraction,native_numeric,0,Dying_Cyrus_-_SOCB_V7__furnished_.xlsx,17,G
bangladesh_development_bank_plc_bdbl,1,PER-SHARE & PROFITABILITY,ROE %,roe_pct,%,2015,0.02876461724,0.02876461724,2.876461724,fraction,native_numeric,0,Dying_Cyrus_-_SOCB_V7__furnished_.xlsx,17,H
bangladesh_development_bank_plc_bdbl,1,PER-SHARE & PROFITABILITY,ROE %,roe_pct,%,2016,0.02101727342,0.02101727342,2.1017273419999998,fraction,native_numeric,0,Dying_Cyrus_-_SOCB_V7__furnished_.xlsx,17,I
bangladesh_development_bank_plc_bdbl,1,PER-SHARE & PROFITABILITY,ROE %,roe_pct,%,2017,0.03035791289,0.03035791289,3.035791289,fraction,native_numeric,0,Dying_Cyrus_-_SOCB_V7__furnished_.xlsx,17,J
bangladesh_development_bank_plc_bdbl,1,PER-SHARE & PROFITABILITY,ROE %,roe_pct,%,2018,0.03920531881,0.03920531881,3.920531881,fraction,native_numeric,0,Dying_Cyrus_-_SOCB_V7__furnished_.xlsx,17,K
bangladesh_development_bank_plc_bdbl,1,PER-SHARE & PROFITABILITY,ROE %,roe_pct,%,2019,0.003439597315,0.003439597315,0.3439597315,fraction,native_numeric,0,Dying_Cyrus_-_SOCB_V7__furnished_.xlsx,17,L
bangladesh_development_bank_plc_bdbl,1,PER-SHARE & PROFITABILITY,ROE %,roe_pct,%,2020,0.002360300689,0.002360300689,0.2360300689,fraction,native_numeric,0,Dying_Cyrus_-_SOCB_V7__furnished_.xlsx,17,M
bangladesh_development_bank_plc_bdbl,1,PER-SHARE & PROFITABILITY,ROE %,roe_pct,%,2021,0.003358849357,0.003358849357,0.3358849357,fraction,native_numeric,0,Dying_Cyrus_-_SOCB_V7__furnished_.xlsx,17,N
bangladesh_development_bank_plc_bdbl,1,PER-SHARE & PROFITABILITY,ROE %,roe_pct,%,2022,0.005301999372,0.005301999372,0.5301999372,fraction,native_numeric,0,Dying_Cyrus_-_SOCB_V7__furnished_.xlsx,17,O
bangladesh_development_bank_plc_bdbl,1,PER-SHARE & PROFITABILITY,ROE %,roe_pct,%,2023,0.005335648935,0.005335648935,0.5335648935,fraction,native_numeric,0,Dying_Cyrus_-_SOCB_V7__furnished_.xlsx,17,P
bangladesh_development_bank_plc_bdbl,1,PER-SHARE & PROFITABILITY,ROE %,roe_pct,%,2024,0.002922537055,0.002922537055,0.2922537055,fraction,native_numeric,0,Dying_Cyrus_-_SOCB_V7__furnished_.xlsx,17,Q
bangladesh_development_bank_plc_bdbl,1,PER-SHARE & PROFITABILITY,ROE %,roe_pct,%,2025,,,,fraction,missing,0,Dying_Cyrus_-_SOCB_V7__furnished_.xlsx,17,R
bangladesh_development_bank_plc_bdbl,1,PER-SHARE & PROFITABILITY,ROE %,roe_pct,%,2026,,,,fraction,missing,0,Dying_Cyrus_-_SOCB_V7__furnished_.xlsx,17,S
bangladesh_development_bank_plc_bdbl,1,ASSET QUALITY,NPL % (gross),npl_pct_gross,%,2010,0.3131,0.3131,31.31,fraction,native_numeric,0,Dying_Cyrus_-_SOCB_V7__furnished_.xlsx,19,C
bangladesh_development_bank_plc_bdbl,1,ASSET QUALITY,NPL % (gross),npl_pct_gross,%,2011,0.3828,0.3828,38.279999999999994,fraction,native_numeric,0,Dying_Cyrus_-_SOCB_V7__furnished_.xlsx,19,D
bangladesh_development_bank_plc_bdbl,1,ASSET QUALITY,NPL % (gross),npl_pct_gross,%,2012,0.4299,0.4299,42.99,fraction,native_numeric,0,Dying_Cyrus_-_SOCB_V7__furnished_.xlsx,19,E
bangladesh_development_bank_plc_bdbl,1,ASSET QUALITY,NPL % (gross),npl_pct_gross,%,2013,0.4,0.4,40.0,fraction,native_numeric,0,Dying_Cyrus_-_SOCB_V7__furnished_.xlsx,19,F
bangladesh_development_bank_plc_bdbl,1,ASSET QUALITY,NPL % (gross),npl_pct_gross,%,2014,0.3832,0.3832,38.32,fraction,native_numeric,0,Dying_Cyrus_-_SOCB_V7__furnished_.xlsx,19,G
bangladesh_development_bank_plc_bdbl,1,ASSET QUALITY,NPL % (gross),npl_pct_gross,%,2015,0.4518,0.4518,45.18,fraction,native_numeric,0,Dying_Cyrus_-_SOCB_V7__furnished_.xlsx,19,H
bangladesh_development_bank_plc_bdbl,1,ASSET QUALITY,NPL % (gross),npl_pct_gross,%,2016,0.4958,0.4958,49.58,fraction,native_numeric,0,Dying_Cyrus_-_SOCB_V7__furnished_.xlsx,19,I
bangladesh_development_bank_plc_bdbl,1,ASSET QUALITY,NPL % (gross),npl_pct_gross,%,2017,0.4653,0.4653,46.53,fraction,native_numeric,0,Dying_Cyrus_-_SOCB_V7__furnished_.xlsx,19,J
bangladesh_development_bank_plc_bdbl,1,ASSET QUALITY,NPL % (gross),npl_pct_gross,%,2018,0.4607,0.4607,46.07,fraction,native_numeric,0,Dying_Cyrus_-_SOCB_V7__furnished_.xlsx,19,K
bangladesh_development_bank_plc_bdbl,1,ASSET QUALITY,NPL % (gross),npl_pct_gross,%,2019,0.3834,0.3834,38.34,fraction,native_numeric,0,Dying_Cyrus_-_SOCB_V7__furnished_.xlsx,19,L
bangladesh_development_bank_plc_bdbl,1,ASSET QUALITY,NPL % (gross),npl_pct_gross,%,2020,0.2801,0.2801,28.01,fraction,native_numeric,0,Dying_Cyrus_-_SOCB_V7__furnished_.xlsx,19,M
bangladesh_development_bank_plc_bdbl,1,ASSET QUALITY,NPL % (gross),npl_pct_gross,%,2021,0.3077,0.3077,30.769999999999996,fraction,native_numeric,0,Dying_Cyrus_-_SOCB_V7__furnished_.xlsx,19,N
bangladesh_development_bank_plc_bdbl,1,ASSET QUALITY,NPL % (gross),npl_pct_gross,%,2022,0.4137,0.4137,41.370000000000005,fraction,native_numeric,0,Dying_Cyrus_-_SOCB_V7__furnished_.xlsx,19,O
bangladesh_development_bank_plc_bdbl,1,ASSET QUALITY,NPL % (gross),npl_pct_gross,%,2023,0.3739,0.3739,37.39,fraction,native_numeric,0,Dying_Cyrus_-_SOCB_V7__furnished_.xlsx,19,P
bangladesh_development_bank_plc_bdbl,1,ASSET QUALITY,NPL % (gross),npl_pct_gross,%,2024,0.413,0.413,41.3,fraction,native_numeric,0,Dying_Cyrus_-_SOCB_V7__furnished_.xlsx,19,Q
bangladesh_development_bank_plc_bdbl,1,ASSET QUALITY,NPL % (gross),npl_pct_gross,%,2025,,,,fraction,missing,0,Dying_Cyrus_-_SOCB_V7__furnished_.xlsx,19,R
bangladesh_development_bank_plc_bdbl,1,ASSET QUALITY,NPL % (gross),npl_pct_gross,%,2026,,,,fraction,missing,0,Dying_Cyrus_-_SOCB_V7__furnished_.xlsx,19,S
bangladesh_development_bank_plc_bdbl,1,ASSET QUALITY,NPL amount,npl_amount,Tk mn,2010,3101.7,3101.7,,,native_numeric,0,Dying_Cyrus_-_SOCB_V7__furnished_.xlsx,20,C
bangladesh_development_bank_plc_bdbl,1,ASSET QUALITY,NPL amount,npl_amount,Tk mn,2011,3107.0,3107.0,,,native_numeric,0,Dying_Cyrus_-_SOCB_V7__furnished_.xlsx,20,D
bangladesh_development_bank_plc_bdbl,1,ASSET QUALITY,NPL amount,npl_amount,Tk mn,2012,5417.9,5417.9,,,native_numeric,0,Dying_Cyrus_-_SOCB_V7__furnished_.xlsx,20,E
bangladesh_development_bank_plc_bdbl,1,ASSET QUALITY,NPL amount,npl_amount,Tk mn,2013,5202.7,5202.7,,,native_numeric,0,Dying_Cyrus_-_SOCB_V7__furnished_.xlsx,20,F
bangladesh_development_bank_plc_bdbl,1,ASSET QUALITY,NPL amount,npl_amount,Tk mn,2014,5241.4,5241.4,,,native_numeric,0,Dying_Cyrus_-_SOCB_V7__furnished_.xlsx,20,G
bangladesh_development_bank_plc_bdbl,1,ASSET QUALITY,NPL amount,npl_amount,Tk mn,2015,6945.6,6945.6,,,native_numeric,0,Dying_Cyrus_-_SOCB_V7__furnished_.xlsx,20,H
bangladesh_development_bank_plc_bdbl,1,ASSET QUALITY,NPL amount,npl_amount,Tk mn,2016,7318.3,7318.3,,,native_numeric,0,Dying_Cyrus_-_SOCB_V7__furnished_.xlsx,20,I
bangladesh_development_bank_plc_bdbl,1,ASSET QUALITY,NPL amount,npl_amount,Tk mn,2017,8350.3,8350.3,,,native_numeric,0,Dying_Cyrus_-_SOCB_V7__furnished_.xlsx,20,J
bangladesh_development_bank_plc_bdbl,1,ASSET QUALITY,NPL amount,npl_amount,Tk mn,2018,8895.6,8895.6,,,native_numeric,0,Dying_Cyrus_-_SOCB_V7__furnished_.xlsx,20,K
bangladesh_development_bank_plc_bdbl,1,ASSET QUALITY,NPL amount,npl_amount,Tk mn,2019,7662.5,7662.5,,,native_numeric,0,Dying_Cyrus_-_SOCB_V7__furnished_.xlsx,20,L
bangladesh_development_bank_plc_bdbl,1,ASSET QUALITY,NPL amount,npl_amount,Tk mn,2020,5962.6,5962.6,,,native_numeric,0,Dying_Cyrus_-_SOCB_V7__furnished_.xlsx,20,M
bangladesh_development_bank_plc_bdbl,1,ASSET QUALITY,NPL amount,npl_amount,Tk mn,2021,7426.2,7426.2,,,native_numeric,0,Dying_Cyrus_-_SOCB_V7__furnished_.xlsx,20,N
bangladesh_development_bank_plc_bdbl,1,ASSET QUALITY,NPL amount,npl_amount,Tk mn,2022,10259.0,10259.0,,,native_numeric,0,Dying_Cyrus_-_SOCB_V7__furnished_.xlsx,20,O
bangladesh_development_bank_plc_bdbl,1,ASSET QUALITY,NPL amount,npl_amount,Tk mn,2023,9934.1,9934.1,,,native_numeric,0,Dying_Cyrus_-_SOCB_V7__furnished_.xlsx,20,P
bangladesh_development_bank_plc_bdbl,1,ASSET QUALITY,NPL amount,npl_amount,Tk mn,2024,10552.2,10552.2,,,native_numeric,0,Dying_Cyrus_-_SOCB_V7__furnished_.xlsx,20,Q
bangladesh_development_bank_plc_bdbl,1,ASSET QUALITY,NPL amount,npl_amount,Tk mn,2025,,,,,missing,0,Dying_Cyrus_-_SOCB_V7__furnished_.xlsx,20,R
bangladesh_development_bank_plc_bdbl,1,ASSET QUALITY,NPL amount,npl_amount,Tk mn,2026,,,,,missing,0,Dying_Cyrus_-_SOCB_V7__furnished_.xlsx,20,S
bangladesh_development_bank_plc_bdbl,1,ASSET QUALITY,Provision Coverage %,provision_coverage_pct,%,2010,0.5436051198,0.5436051198,54.360511980000005,fraction_inferred,native_numeric,0,Dying_Cyrus_-_SOCB_V7__furnished_.xlsx,21,C
bangladesh_development_bank_plc_bdbl,1,ASSET QUALITY,Provision Coverage %,provision_coverage_pct,%,2011,0.5691342131,0.5691342131,56.913421310000004,fraction_inferred,native_numeric,0,Dying_Cyrus_-_SOCB_V7__furnished_.xlsx,21,D
bangladesh_development_bank_plc_bdbl,1,ASSET QUALITY,Provision Coverage %,provision_coverage_pct,%,2012,0.4012255671,0.4012255671,40.12255671,fraction_inferred,native_numeric,0,Dying_Cyrus_-_SOCB_V7__furnished_.xlsx,21,E
bangladesh_development_bank_plc_bdbl,1,ASSET QUALITY,Provision Coverage %,provision_coverage_pct,%,2013,0.6380340977,0.6380340977,63.803409769999995,fraction_inferred,native_numeric,0,Dying_Cyrus_-_SOCB_V7__furnished_.xlsx,21,F
bangladesh_development_bank_plc_bdbl,1,ASSET QUALITY,Provision Coverage %,provision_coverage_pct,%,2014,0.4532758423,0.4532758423,45.32758423,fraction_inferred,native_numeric,0,Dying_Cyrus_-_SOCB_V7__furnished_.xlsx,21,G
bangladesh_development_bank_plc_bdbl,1,ASSET QUALITY,Provision Coverage %,provision_coverage_pct,%,2015,0.4446268141,0.4446268141,44.46268141,fraction_inferred,native_numeric,0,Dying_Cyrus_-_SOCB_V7__furnished_.xlsx,21,H
bangladesh_development_bank_plc_bdbl,1,ASSET QUALITY,Provision Coverage %,provision_coverage_pct,%,2016,0.4509107306,0.4509107306,45.09107306,fraction_inferred,native_numeric,0,Dying_Cyrus_-_SOCB_V7__furnished_.xlsx,21,I
bangladesh_development_bank_plc_bdbl,1,ASSET QUALITY,Provision Coverage %,provision_coverage_pct,%,2017,0.4481874903,0.4481874903,44.81874903,fraction_inferred,native_numeric,0,Dying_Cyrus_-_SOCB_V7__furnished_.xlsx,21,J
bangladesh_development_bank_plc_bdbl,1,ASSET QUALITY,Provision Coverage %,provision_coverage_pct,%,2018,0.4276945906,0.4276945906,42.769459059999996,fraction_inferred,native_numeric,0,Dying_Cyrus_-_SOCB_V7__furnished_.xlsx,21,K
bangladesh_development_bank_plc_bdbl,1,ASSET QUALITY,Provision Coverage %,provision_coverage_pct,%,2019,0.5086460033,0.5086460033,50.86460033,fraction_inferred,native_numeric,0,Dying_Cyrus_-_SOCB_V7__furnished_.xlsx,21,L
bangladesh_development_bank_plc_bdbl,1,ASSET QUALITY,Provision Coverage %,provision_coverage_pct,%,2020,0.6536578003,0.6536578003,65.36578003,fraction_inferred,native_numeric,0,Dying_Cyrus_-_SOCB_V7__furnished_.xlsx,21,M
bangladesh_development_bank_plc_bdbl,1,ASSET QUALITY,Provision Coverage %,provision_coverage_pct,%,2021,0.5469284425,0.5469284425,54.69284424999999,fraction_inferred,native_numeric,0,Dying_Cyrus_-_SOCB_V7__furnished_.xlsx,21,N
bangladesh_development_bank_plc_bdbl,1,ASSET QUALITY,Provision Coverage %,provision_coverage_pct,%,2022,0.3788185983,0.3788185983,37.881859829999996,fraction_inferred,native_numeric,0,Dying_Cyrus_-_SOCB_V7__furnished_.xlsx,21,O
bangladesh_development_bank_plc_bdbl,1,ASSET QUALITY,Provision Coverage %,provision_coverage_pct,%,2023,0.3852487895,0.3852487895,38.52487895,fraction_inferred,native_numeric,0,Dying_Cyrus_-_SOCB_V7__furnished_.xlsx,21,P
bangladesh_development_bank_plc_bdbl,1,ASSET QUALITY,Provision Coverage %,provision_coverage_pct,%,2024,0.2857982222,0.2857982222,28.57982222,fraction_inferred,native_numeric,0,Dying_Cyrus_-_SOCB_V7__furnished_.xlsx,21,Q
bangladesh_development_bank_plc_bdbl,1,ASSET QUALITY,Provision Coverage %,provision_coverage_pct,%,2025,,,,fraction_inferred,missing,0,Dying_Cyrus_-_SOCB_V7__furnished_.xlsx,21,R
bangladesh_development_bank_plc_bdbl,1,ASSET QUALITY,Provision Coverage %,provision_coverage_pct,%,2026,,,,fraction_inferred,missing,0,Dying_Cyrus_-_SOCB_V7__furnished_.xlsx,21,S
bangladesh_development_bank_plc_bdbl,1,ASSET QUALITY,Loan-Deposit Ratio %,loan_deposit_ratio_pct,%,2010,3.044253227,3.044253227,304.4253227,fraction,native_numeric,0,Dying_Cyrus_-_SOCB_V7__furnished_.xlsx,22,C
bangladesh_development_bank_plc_bdbl,1,ASSET QUALITY,Loan-Deposit Ratio %,loan_deposit_ratio_pct,%,2011,2.134380046,2.134380046,213.4380046,fraction,native_numeric,0,Dying_Cyrus_-_SOCB_V7__furnished_.xlsx,22,D
bangladesh_development_bank_plc_bdbl,1,ASSET QUALITY,Loan-Deposit Ratio %,loan_deposit_ratio_pct,%,2012,1.855528286,1.855528286,185.5528286,fraction,native_numeric,0,Dying_Cyrus_-_SOCB_V7__furnished_.xlsx,22,E
bangladesh_development_bank_plc_bdbl,1,ASSET QUALITY,Loan-Deposit Ratio %,loan_deposit_ratio_pct,%,2013,0.7732930441,0.7732930441,77.32930441,fraction,native_numeric,0,Dying_Cyrus_-_SOCB_V7__furnished_.xlsx,22,F
bangladesh_development_bank_plc_bdbl,1,ASSET QUALITY,Loan-Deposit Ratio %,loan_deposit_ratio_pct,%,2014,0.7066779157,0.7066779157,70.66779157,fraction,native_numeric,0,Dying_Cyrus_-_SOCB_V7__furnished_.xlsx,22,G
bangladesh_development_bank_plc_bdbl,1,ASSET QUALITY,Loan-Deposit Ratio %,loan_deposit_ratio_pct,%,2015,0.7760453882,0.7760453882,77.60453882,fraction,native_numeric,0,Dying_Cyrus_-_SOCB_V7__furnished_.xlsx,22,H
bangladesh_development_bank_plc_bdbl,1,ASSET QUALITY,Loan-Deposit Ratio %,loan_deposit_ratio_pct,%,2016,0.6854395656,0.6854395656,68.54395656,fraction,native_numeric,0,Dying_Cyrus_-_SOCB_V7__furnished_.xlsx,22,I
bangladesh_development_bank_plc_bdbl,1,ASSET QUALITY,Loan-Deposit Ratio %,loan_deposit_ratio_pct,%,2017,0.6279216235,0.6279216235,62.792162350000005,fraction,native_numeric,0,Dying_Cyrus_-_SOCB_V7__furnished_.xlsx,22,J
bangladesh_development_bank_plc_bdbl,1,ASSET QUALITY,Loan-Deposit Ratio %,loan_deposit_ratio_pct,%,2018,0.6819369878,0.6819369878,68.19369878,fraction,native_numeric,0,Dying_Cyrus_-_SOCB_V7__furnished_.xlsx,22,K
bangladesh_development_bank_plc_bdbl,1,ASSET QUALITY,Loan-Deposit Ratio %,loan_deposit_ratio_pct,%,2019,0.7228532157,0.7228532157,72.28532157000001,fraction,native_numeric,0,Dying_Cyrus_-_SOCB_V7__furnished_.xlsx,22,L
bangladesh_development_bank_plc_bdbl,1,ASSET QUALITY,Loan-Deposit Ratio %,loan_deposit_ratio_pct,%,2020,0.8790618936,0.8790618936,87.90618936,fraction,native_numeric,0,Dying_Cyrus_-_SOCB_V7__furnished_.xlsx,22,M
bangladesh_development_bank_plc_bdbl,1,ASSET QUALITY,Loan-Deposit Ratio %,loan_deposit_ratio_pct,%,2021,0.8320709117,0.8320709117,83.20709117,fraction,native_numeric,0,Dying_Cyrus_-_SOCB_V7__furnished_.xlsx,22,N
bangladesh_development_bank_plc_bdbl,1,ASSET QUALITY,Loan-Deposit Ratio %,loan_deposit_ratio_pct,%,2022,0.8508011666,0.8508011666,85.08011666,fraction,native_numeric,0,Dying_Cyrus_-_SOCB_V7__furnished_.xlsx,22,O
bangladesh_development_bank_plc_bdbl,1,ASSET QUALITY,Loan-Deposit Ratio %,loan_deposit_ratio_pct,%,2023,0.8701679351,0.8701679351,87.01679351,fraction,native_numeric,0,Dying_Cyrus_-_SOCB_V7__furnished_.xlsx,22,P
bangladesh_development_bank_plc_bdbl,1,ASSET QUALITY,Loan-Deposit Ratio %,loan_deposit_ratio_pct,%,2024,0.9280400718,0.9280400718,92.80400718,fraction,native_numeric,0,Dying_Cyrus_-_SOCB_V7__furnished_.xlsx,22,Q
bangladesh_development_bank_plc_bdbl,1,ASSET QUALITY,Loan-Deposit Ratio %,loan_deposit_ratio_pct,%,2025,,,,fraction,missing,0,Dying_Cyrus_-_SOCB_V7__furnished_.xlsx,22,R
bangladesh_development_bank_plc_bdbl,1,ASSET QUALITY,Loan-Deposit Ratio %,loan_deposit_ratio_pct,%,2026,,,,fraction,missing,0,Dying_Cyrus_-_SOCB_V7__furnished_.xlsx,22,S
bangladesh_development_bank_plc_bdbl,1,CAPITAL & EFFICIENCY,Capital Adequacy Ratio %,car_pct,%,2010,0.2808,0.2808,28.08,fraction_inferred,native_numeric,0,Dying_Cyrus_-_SOCB_V7__furnished_.xlsx,24,C
bangladesh_development_bank_plc_bdbl,1,CAPITAL & EFFICIENCY,Capital Adequacy Ratio %,car_pct,%,2011,0.289,0.289,28.9,fraction_inferred,native_numeric,0,Dying_Cyrus_-_SOCB_V7__furnished_.xlsx,24,D
bangladesh_development_bank_plc_bdbl,1,CAPITAL & EFFICIENCY,Capital Adequacy Ratio %,car_pct,%,2012,0.2726,0.2726,27.26,fraction_inferred,native_numeric,0,Dying_Cyrus_-_SOCB_V7__furnished_.xlsx,24,E
bangladesh_development_bank_plc_bdbl,1,CAPITAL & EFFICIENCY,Capital Adequacy Ratio %,car_pct,%,2013,0.2478,0.2478,24.779999999999998,fraction_inferred,native_numeric,0,Dying_Cyrus_-_SOCB_V7__furnished_.xlsx,24,F
bangladesh_development_bank_plc_bdbl,1,CAPITAL & EFFICIENCY,Capital Adequacy Ratio %,car_pct,%,2014,0.2458,0.2458,24.58,fraction_inferred,native_numeric,0,Dying_Cyrus_-_SOCB_V7__furnished_.xlsx,24,G
bangladesh_development_bank_plc_bdbl,1,CAPITAL & EFFICIENCY,Capital Adequacy Ratio %,car_pct,%,2015,0.2577,0.2577,25.77,fraction_inferred,native_numeric,0,Dying_Cyrus_-_SOCB_V7__furnished_.xlsx,24,H
bangladesh_development_bank_plc_bdbl,1,CAPITAL & EFFICIENCY,Capital Adequacy Ratio %,car_pct,%,2016,0.2576,0.2576,25.759999999999998,fraction_inferred,native_numeric,0,Dying_Cyrus_-_SOCB_V7__furnished_.xlsx,24,I
bangladesh_development_bank_plc_bdbl,1,CAPITAL & EFFICIENCY,Capital Adequacy Ratio %,car_pct,%,2017,0.2661,0.2661,26.61,fraction_inferred,native_numeric,0,Dying_Cyrus_-_SOCB_V7__furnished_.xlsx,24,J
bangladesh_development_bank_plc_bdbl,1,CAPITAL & EFFICIENCY,Capital Adequacy Ratio %,car_pct,%,2018,0.2695,0.2695,26.950000000000003,fraction_inferred,native_numeric,0,Dying_Cyrus_-_SOCB_V7__furnished_.xlsx,24,K
bangladesh_development_bank_plc_bdbl,1,CAPITAL & EFFICIENCY,Capital Adequacy Ratio %,car_pct,%,2019,0.2218,0.2218,22.18,fraction_inferred,native_numeric,0,Dying_Cyrus_-_SOCB_V7__furnished_.xlsx,24,L
bangladesh_development_bank_plc_bdbl,1,CAPITAL & EFFICIENCY,Capital Adequacy Ratio %,car_pct,%,2020,0.2288,0.2288,22.88,fraction_inferred,native_numeric,0,Dying_Cyrus_-_SOCB_V7__furnished_.xlsx,24,M
bangladesh_development_bank_plc_bdbl,1,CAPITAL & EFFICIENCY,Capital Adequacy Ratio %,car_pct,%,2021,0.2338,0.2338,23.380000000000003,fraction_inferred,native_numeric,0,Dying_Cyrus_-_SOCB_V7__furnished_.xlsx,24,N
bangladesh_development_bank_plc_bdbl,1,CAPITAL & EFFICIENCY,Capital Adequacy Ratio %,car_pct,%,2022,0.2313,0.2313,23.13,fraction_inferred,native_numeric,0,Dying_Cyrus_-_SOCB_V7__furnished_.xlsx,24,O
bangladesh_development_bank_plc_bdbl,1,CAPITAL & EFFICIENCY,Capital Adequacy Ratio %,car_pct,%,2023,0.2256,0.2256,22.56,fraction_inferred,native_numeric,0,Dying_Cyrus_-_SOCB_V7__furnished_.xlsx,24,P
bangladesh_development_bank_plc_bdbl,1,CAPITAL & EFFICIENCY,Capital Adequacy Ratio %,car_pct,%,2024,0.2238,0.2238,22.38,fraction_inferred,native_numeric,0,Dying_Cyrus_-_SOCB_V7__furnished_.xlsx,24,Q
bangladesh_development_bank_plc_bdbl,1,CAPITAL & EFFICIENCY,Capital Adequacy Ratio %,car_pct,%,2025,,,,fraction_inferred,missing,0,Dying_Cyrus_-_SOCB_V7__furnished_.xlsx,24,R
bangladesh_development_bank_plc_bdbl,1,CAPITAL & EFFICIENCY,Capital Adequacy Ratio %,car_pct,%,2026,,,,fraction_inferred,missing,0,Dying_Cyrus_-_SOCB_V7__furnished_.xlsx,24,S
bangladesh_development_bank_plc_bdbl,1,CAPITAL & EFFICIENCY,Cost-to-Income Ratio %,cost_income_pct,%,2010,0.521161103,0.521161103,52.116110299999995,fraction_inferred,native_numeric,0,Dying_Cyrus_-_SOCB_V7__furnished_.xlsx,25,C
bangladesh_development_bank_plc_bdbl,1,CAPITAL & EFFICIENCY,Cost-to-Income Ratio %,cost_income_pct,%,2011,0.4615432716,0.4615432716,46.15432716,fraction_inferred,native_numeric,0,Dying_Cyrus_-_SOCB_V7__furnished_.xlsx,25,D
bangladesh_development_bank_plc_bdbl,1,CAPITAL & EFFICIENCY,Cost-to-Income Ratio %,cost_income_pct,%,2012,0.4565734525,0.4565734525,45.65734525,fraction_inferred,native_numeric,0,Dying_Cyrus_-_SOCB_V7__furnished_.xlsx,25,E
bangladesh_development_bank_plc_bdbl,1,CAPITAL & EFFICIENCY,Cost-to-Income Ratio %,cost_income_pct,%,2013,0.3524717968,0.3524717968,35.24717968,fraction_inferred,native_numeric,0,Dying_Cyrus_-_SOCB_V7__furnished_.xlsx,25,F
bangladesh_development_bank_plc_bdbl,1,CAPITAL & EFFICIENCY,Cost-to-Income Ratio %,cost_income_pct,%,2014,0.4409219752,0.4409219752,44.09219752,fraction_inferred,native_numeric,0,Dying_Cyrus_-_SOCB_V7__furnished_.xlsx,25,G
bangladesh_development_bank_plc_bdbl,1,CAPITAL & EFFICIENCY,Cost-to-Income Ratio %,cost_income_pct,%,2015,0.4435606235,0.4435606235,44.356062349999995,fraction_inferred,native_numeric,0,Dying_Cyrus_-_SOCB_V7__furnished_.xlsx,25,H
bangladesh_development_bank_plc_bdbl,1,CAPITAL & EFFICIENCY,Cost-to-Income Ratio %,cost_income_pct,%,2016,0.658458469,0.658458469,65.8458469,fraction_inferred,native_numeric,0,Dying_Cyrus_-_SOCB_V7__furnished_.xlsx,25,I
bangladesh_development_bank_plc_bdbl,1,CAPITAL & EFFICIENCY,Cost-to-Income Ratio %,cost_income_pct,%,2017,0.5065123628,0.5065123628,50.65123628,fraction_inferred,native_numeric,0,Dying_Cyrus_-_SOCB_V7__furnished_.xlsx,25,J
bangladesh_development_bank_plc_bdbl,1,CAPITAL & EFFICIENCY,Cost-to-Income Ratio %,cost_income_pct,%,2018,0.5287333226,0.5287333226,52.873332260000005,fraction_inferred,native_numeric,0,Dying_Cyrus_-_SOCB_V7__furnished_.xlsx,25,K
bangladesh_development_bank_plc_bdbl,1,CAPITAL & EFFICIENCY,Cost-to-Income Ratio %,cost_income_pct,%,2019,0.7067268806,0.7067268806,70.67268806,fraction_inferred,native_numeric,0,Dying_Cyrus_-_SOCB_V7__furnished_.xlsx,25,L
bangladesh_development_bank_plc_bdbl,1,CAPITAL & EFFICIENCY,Cost-to-Income Ratio %,cost_income_pct,%,2020,0.9149557862,0.9149557862,91.49557861999999,fraction_inferred,native_numeric,0,Dying_Cyrus_-_SOCB_V7__furnished_.xlsx,25,M
bangladesh_development_bank_plc_bdbl,1,CAPITAL & EFFICIENCY,Cost-to-Income Ratio %,cost_income_pct,%,2021,0.7471221914,0.7471221914,74.71221914,fraction_inferred,native_numeric,0,Dying_Cyrus_-_SOCB_V7__furnished_.xlsx,25,N
bangladesh_development_bank_plc_bdbl,1,CAPITAL & EFFICIENCY,Cost-to-Income Ratio %,cost_income_pct,%,2022,0.7169448373,0.7169448373,71.69448373,fraction_inferred,native_numeric,0,Dying_Cyrus_-_SOCB_V7__furnished_.xlsx,25,O
bangladesh_development_bank_plc_bdbl,1,CAPITAL & EFFICIENCY,Cost-to-Income Ratio %,cost_income_pct,%,2023,0.8309066843,0.8309066843,83.09066843000001,fraction_inferred,native_numeric,0,Dying_Cyrus_-_SOCB_V7__furnished_.xlsx,25,P
bangladesh_development_bank_plc_bdbl,1,CAPITAL & EFFICIENCY,Cost-to-Income Ratio %,cost_income_pct,%,2024,0.8209836491,0.8209836491,82.09836491,fraction_inferred,native_numeric,0,Dying_Cyrus_-_SOCB_V7__furnished_.xlsx,25,Q
bangladesh_development_bank_plc_bdbl,1,CAPITAL & EFFICIENCY,Cost-to-Income Ratio %,cost_income_pct,%,2025,,,,fraction_inferred,missing,0,Dying_Cyrus_-_SOCB_V7__furnished_.xlsx,25,R
bangladesh_development_bank_plc_bdbl,1,CAPITAL & EFFICIENCY,Cost-to-Income Ratio %,cost_income_pct,%,2026,,,,fraction_inferred,missing,0,Dying_Cyrus_-_SOCB_V7__furnished_.xlsx,25,S
bangladesh_development_bank_plc_bdbl,1,DERIVED METRICS (formulas),NPL / Total Assets %,npl_to_assets_pct,%,2010,0.1127120369,0.1127120369,11.27120369,fraction,native_numeric,0,Dying_Cyrus_-_SOCB_V7__furnished_.xlsx,27,C
bangladesh_development_bank_plc_bdbl,1,DERIVED METRICS (formulas),NPL / Total Assets %,npl_to_assets_pct,%,2011,0.1077035604,0.1077035604,10.77035604,fraction,native_numeric,0,Dying_Cyrus_-_SOCB_V7__furnished_.xlsx,27,D
bangladesh_development_bank_plc_bdbl,1,DERIVED METRICS (formulas),NPL / Total Assets %,npl_to_assets_pct,%,2012,0.1656318308,0.1656318308,16.563183079999998,fraction,native_numeric,0,Dying_Cyrus_-_SOCB_V7__furnished_.xlsx,27,E
bangladesh_development_bank_plc_bdbl,1,DERIVED METRICS (formulas),NPL / Total Assets %,npl_to_assets_pct,%,2013,0.1110316746,0.1110316746,11.10316746,fraction,native_numeric,0,Dying_Cyrus_-_SOCB_V7__furnished_.xlsx,27,F
bangladesh_development_bank_plc_bdbl,1,DERIVED METRICS (formulas),NPL / Total Assets %,npl_to_assets_pct,%,2014,0.1042859218,0.1042859218,10.42859218,fraction,native_numeric,0,Dying_Cyrus_-_SOCB_V7__furnished_.xlsx,27,G
bangladesh_development_bank_plc_bdbl,1,DERIVED METRICS (formulas),NPL / Total Assets %,npl_to_assets_pct,%,2015,0.134980294,0.134980294,13.4980294,fraction,native_numeric,0,Dying_Cyrus_-_SOCB_V7__furnished_.xlsx,27,H
bangladesh_development_bank_plc_bdbl,1,DERIVED METRICS (formulas),NPL / Total Assets %,npl_to_assets_pct,%,2016,0.1341788073,0.1341788073,13.41788073,fraction,native_numeric,0,Dying_Cyrus_-_SOCB_V7__furnished_.xlsx,27,I
bangladesh_development_bank_plc_bdbl,1,DERIVED METRICS (formulas),NPL / Total Assets %,npl_to_assets_pct,%,2017,0.1438268628,0.1438268628,14.382686280000001,fraction,native_numeric,0,Dying_Cyrus_-_SOCB_V7__furnished_.xlsx,27,J
bangladesh_development_bank_plc_bdbl,1,DERIVED METRICS (formulas),NPL / Total Assets %,npl_to_assets_pct,%,2018,0.1502863611,0.1502863611,15.028636109999999,fraction,native_numeric,0,Dying_Cyrus_-_SOCB_V7__furnished_.xlsx,27,K
bangladesh_development_bank_plc_bdbl,1,DERIVED METRICS (formulas),NPL / Total Assets %,npl_to_assets_pct,%,2019,0.1312161792,0.1312161792,13.12161792,fraction,native_numeric,0,Dying_Cyrus_-_SOCB_V7__furnished_.xlsx,27,L
bangladesh_development_bank_plc_bdbl,1,DERIVED METRICS (formulas),NPL / Total Assets %,npl_to_assets_pct,%,2020,0.1078188854,0.1078188854,10.781888539999999,fraction,native_numeric,0,Dying_Cyrus_-_SOCB_V7__furnished_.xlsx,27,M
bangladesh_development_bank_plc_bdbl,1,DERIVED METRICS (formulas),NPL / Total Assets %,npl_to_assets_pct,%,2021,0.1214292488,0.1214292488,12.14292488,fraction,native_numeric,0,Dying_Cyrus_-_SOCB_V7__furnished_.xlsx,27,N
bangladesh_development_bank_plc_bdbl,1,DERIVED METRICS (formulas),NPL / Total Assets %,npl_to_assets_pct,%,2022,0.168266944,0.168266944,16.8266944,fraction,native_numeric,0,Dying_Cyrus_-_SOCB_V7__furnished_.xlsx,27,O
bangladesh_development_bank_plc_bdbl,1,DERIVED METRICS (formulas),NPL / Total Assets %,npl_to_assets_pct,%,2023,0.1564319267,0.1564319267,15.64319267,fraction,native_numeric,0,Dying_Cyrus_-_SOCB_V7__furnished_.xlsx,27,P
bangladesh_development_bank_plc_bdbl,1,DERIVED METRICS (formulas),NPL / Total Assets %,npl_to_assets_pct,%,2024,0.1761727235,0.1761727235,17.61727235,fraction,native_numeric,0,Dying_Cyrus_-_SOCB_V7__furnished_.xlsx,27,Q
bangladesh_development_bank_plc_bdbl,1,DERIVED METRICS (formulas),NPL / Total Assets %,npl_to_assets_pct,%,2025,,,,fraction,missing,0,Dying_Cyrus_-_SOCB_V7__furnished_.xlsx,27,R
bangladesh_development_bank_plc_bdbl,1,DERIVED METRICS (formulas),NPL / Total Assets %,npl_to_assets_pct,%,2026,,,,fraction,missing,0,Dying_Cyrus_-_SOCB_V7__furnished_.xlsx,27,S
bangladesh_development_bank_plc_bdbl,1,DERIVED METRICS (formulas),YoY NPAT growth %,yoy_npat_growth_pct,%,2010,,,,fraction,missing,0,Dying_Cyrus_-_SOCB_V7__furnished_.xlsx,28,C
bangladesh_development_bank_plc_bdbl,1,DERIVED METRICS (formulas),YoY NPAT growth %,yoy_npat_growth_pct,%,2011,0.06439100078,0.06439100078,6.439100078,fraction,native_numeric,0,Dying_Cyrus_-_SOCB_V7__furnished_.xlsx,28,D
bangladesh_development_bank_plc_bdbl,1,DERIVED METRICS (formulas),YoY NPAT growth %,yoy_npat_growth_pct,%,2012,0.2201166181,0.2201166181,22.01166181,fraction,native_numeric,0,Dying_Cyrus_-_SOCB_V7__furnished_.xlsx,28,E
bangladesh_development_bank_plc_bdbl,1,DERIVED METRICS (formulas),YoY NPAT growth %,yoy_npat_growth_pct,%,2013,0.05495818399,0.05495818399,5.495818399,fraction,native_numeric,0,Dying_Cyrus_-_SOCB_V7__furnished_.xlsx,28,F
bangladesh_development_bank_plc_bdbl,1,DERIVED METRICS (formulas),YoY NPAT growth %,yoy_npat_growth_pct,%,2014,0.2788221971,0.2788221971,27.88221971,fraction,native_numeric,0,Dying_Cyrus_-_SOCB_V7__furnished_.xlsx,28,G
bangladesh_development_bank_plc_bdbl,1,DERIVED METRICS (formulas),YoY NPAT growth %,yoy_npat_growth_pct,%,2015,-0.5418880623,-0.5418880623,-54.18880623,fraction,native_numeric,0,Dying_Cyrus_-_SOCB_V7__furnished_.xlsx,28,H
bangladesh_development_bank_plc_bdbl,1,DERIVED METRICS (formulas),YoY NPAT growth %,yoy_npat_growth_pct,%,2016,-0.2609704234,-0.2609704234,-26.097042339999998,fraction,native_numeric,0,Dying_Cyrus_-_SOCB_V7__furnished_.xlsx,28,I
bangladesh_development_bank_plc_bdbl,1,DERIVED METRICS (formulas),YoY NPAT growth %,yoy_npat_growth_pct,%,2017,0.4731885953,0.4731885953,47.318859530000005,fraction,native_numeric,0,Dying_Cyrus_-_SOCB_V7__furnished_.xlsx,28,J
bangladesh_development_bank_plc_bdbl,1,DERIVED METRICS (formulas),YoY NPAT growth %,yoy_npat_growth_pct,%,2018,0.3297230114,0.3297230114,32.97230114,fraction,native_numeric,0,Dying_Cyrus_-_SOCB_V7__furnished_.xlsx,28,K
bangladesh_development_bank_plc_bdbl,1,DERIVED METRICS (formulas),YoY NPAT growth %,yoy_npat_growth_pct,%,2019,-0.9124048605,-0.9124048605,-91.24048605,fraction,native_numeric,0,Dying_Cyrus_-_SOCB_V7__furnished_.xlsx,28,L
bangladesh_development_bank_plc_bdbl,1,DERIVED METRICS (formulas),YoY NPAT growth %,yoy_npat_growth_pct,%,2020,-0.3155487805,-0.3155487805,-31.554878050000003,fraction,native_numeric,0,Dying_Cyrus_-_SOCB_V7__furnished_.xlsx,28,M
bangladesh_development_bank_plc_bdbl,1,DERIVED METRICS (formulas),YoY NPAT growth %,yoy_npat_growth_pct,%,2021,0.420935412,0.420935412,42.093541200000004,fraction,native_numeric,0,Dying_Cyrus_-_SOCB_V7__furnished_.xlsx,28,N
bangladesh_development_bank_plc_bdbl,1,DERIVED METRICS (formulas),YoY NPAT growth %,yoy_npat_growth_pct,%,2022,0.5877742947,0.5877742947,58.77742947,fraction,native_numeric,0,Dying_Cyrus_-_SOCB_V7__furnished_.xlsx,28,O
bangladesh_development_bank_plc_bdbl,1,DERIVED METRICS (formulas),YoY NPAT growth %,yoy_npat_growth_pct,%,2023,0.006910167818,0.006910167818,0.6910167818,fraction,native_numeric,0,Dying_Cyrus_-_SOCB_V7__furnished_.xlsx,28,P
bangladesh_development_bank_plc_bdbl,1,DERIVED METRICS (formulas),YoY NPAT growth %,yoy_npat_growth_pct,%,2024,-0.4529411765,-0.4529411765,-45.29411765,fraction,native_numeric,0,Dying_Cyrus_-_SOCB_V7__furnished_.xlsx,28,Q
bangladesh_development_bank_plc_bdbl,1,DERIVED METRICS (formulas),YoY NPAT growth %,yoy_npat_growth_pct,%,2025,,,,fraction,missing,0,Dying_Cyrus_-_SOCB_V7__furnished_.xlsx,28,R
bangladesh_development_bank_plc_bdbl,1,DERIVED METRICS (formulas),YoY NPAT growth %,yoy_npat_growth_pct,%,2026,,,,fraction,missing,0,Dying_Cyrus_-_SOCB_V7__furnished_.xlsx,28,S
bangladesh_development_bank_plc_bdbl,1,DERIVED METRICS (formulas),YoY Total Assets growth %,yoy_total_assets_growth_pct,%,2010,,,,fraction,missing,0,Dying_Cyrus_-_SOCB_V7__furnished_.xlsx,29,C
bangladesh_development_bank_plc_bdbl,1,DERIVED METRICS (formulas),YoY Total Assets growth %,yoy_total_assets_growth_pct,%,2011,0.04829062314,0.04829062314,4.829062314000001,fraction,native_numeric,0,Dying_Cyrus_-_SOCB_V7__furnished_.xlsx,29,D
bangladesh_development_bank_plc_bdbl,1,DERIVED METRICS (formulas),YoY Total Assets growth %,yoy_total_assets_growth_pct,%,2012,0.1339032228,0.1339032228,13.39032228,fraction,native_numeric,0,Dying_Cyrus_-_SOCB_V7__furnished_.xlsx,29,E
bangladesh_development_bank_plc_bdbl,1,DERIVED METRICS (formulas),YoY Total Assets growth %,yoy_total_assets_growth_pct,%,2013,0.4325002675,0.4325002675,43.250026749999996,fraction,native_numeric,0,Dying_Cyrus_-_SOCB_V7__furnished_.xlsx,29,F
bangladesh_development_bank_plc_bdbl,1,DERIVED METRICS (formulas),YoY Total Assets growth %,yoy_total_assets_growth_pct,%,2014,0.07260477445,0.07260477445,7.260477445,fraction,native_numeric,0,Dying_Cyrus_-_SOCB_V7__furnished_.xlsx,29,G
bangladesh_development_bank_plc_bdbl,1,DERIVED METRICS (formulas),YoY Total Assets growth %,yoy_total_assets_growth_pct,%,2015,0.02380625509,0.02380625509,2.3806255089999997,fraction,native_numeric,0,Dying_Cyrus_-_SOCB_V7__furnished_.xlsx,29,H
bangladesh_development_bank_plc_bdbl,1,DERIVED METRICS (formulas),YoY Total Assets growth %,yoy_total_assets_growth_pct,%,2016,0.05995366951,0.05995366951,5.995366951,fraction,native_numeric,0,Dying_Cyrus_-_SOCB_V7__furnished_.xlsx,29,I
bangladesh_development_bank_plc_bdbl,1,DERIVED METRICS (formulas),YoY Total Assets growth %,yoy_total_assets_growth_pct,%,2017,0.0644757927,0.0644757927,6.44757927,fraction,native_numeric,0,Dying_Cyrus_-_SOCB_V7__furnished_.xlsx,29,J
bangladesh_development_bank_plc_bdbl,1,DERIVED METRICS (formulas),YoY Total Assets growth %,yoy_total_assets_growth_pct,%,2018,0.01951496779,0.01951496779,1.951496779,fraction,native_numeric,0,Dying_Cyrus_-_SOCB_V7__furnished_.xlsx,29,K
bangladesh_development_bank_plc_bdbl,1,DERIVED METRICS (formulas),YoY Total Assets growth %,yoy_total_assets_growth_pct,%,2019,-0.01343109594,-0.01343109594,-1.343109594,fraction,native_numeric,0,Dying_Cyrus_-_SOCB_V7__furnished_.xlsx,29,L
bangladesh_development_bank_plc_bdbl,1,DERIVED METRICS (formulas),YoY Total Assets growth %,yoy_total_assets_growth_pct,%,2020,-0.05298308103,-0.05298308103,-5.298308103,fraction,native_numeric,0,Dying_Cyrus_-_SOCB_V7__furnished_.xlsx,29,M
bangladesh_development_bank_plc_bdbl,1,DERIVED METRICS (formulas),YoY Total Assets growth %,yoy_total_assets_growth_pct,%,2021,0.1058659723,0.1058659723,10.58659723,fraction,native_numeric,0,Dying_Cyrus_-_SOCB_V7__furnished_.xlsx,29,N
bangladesh_development_bank_plc_bdbl,1,DERIVED METRICS (formulas),YoY Total Assets growth %,yoy_total_assets_growth_pct,%,2022,-0.003074075406,-0.003074075406,-0.3074075406,fraction,native_numeric,0,Dying_Cyrus_-_SOCB_V7__furnished_.xlsx,29,O
bangladesh_development_bank_plc_bdbl,1,DERIVED METRICS (formulas),YoY Total Assets growth %,yoy_total_assets_growth_pct,%,2023,0.04159026122,0.04159026122,4.159026122,fraction,native_numeric,0,Dying_Cyrus_-_SOCB_V7__furnished_.xlsx,29,P
bangladesh_development_bank_plc_bdbl,1,DERIVED METRICS (formulas),YoY Total Assets growth %,yoy_total_assets_growth_pct,%,2024,-0.05680560214,-0.05680560214,-5.680560214,fraction,native_numeric,0,Dying_Cyrus_-_SOCB_V7__furnished_.xlsx,29,Q
bangladesh_development_bank_plc_bdbl,1,DERIVED METRICS (formulas),YoY Total Assets growth %,yoy_total_assets_growth_pct,%,2025,,,,fraction,missing,0,Dying_Cyrus_-_SOCB_V7__furnished_.xlsx,29,R
bangladesh_development_bank_plc_bdbl,1,DERIVED METRICS (formulas),YoY Total Assets growth %,yoy_total_assets_growth_pct,%,2026,,,,fraction,missing,0,Dying_Cyrus_-_SOCB_V7__furnished_.xlsx,29,S
bangladesh_krishi_bank_bkb,1,BALANCE SHEET,Total Assets,total_assets,Tk mn,1973,,,,,missing,0,Dying_Cyrus_-_SOCB_V7__furnished_.xlsx,6,C
bangladesh_krishi_bank_bkb,1,BALANCE SHEET,Total Assets,total_assets,Tk mn,1974,,,,,missing,0,Dying_Cyrus_-_SOCB_V7__furnished_.xlsx,6,D
bangladesh_krishi_bank_bkb,1,BALANCE SHEET,Total Assets,total_assets,Tk mn,1975,,,,,missing,0,Dying_Cyrus_-_SOCB_V7__furnished_.xlsx,6,E
bangladesh_krishi_bank_bkb,1,BALANCE SHEET,Total Assets,total_assets,Tk mn,1976,,,,,missing,0,Dying_Cyrus_-_SOCB_V7__furnished_.xlsx,6,F
bangladesh_krishi_bank_bkb,1,BALANCE SHEET,Total Assets,total_assets,Tk mn,1977,,,,,missing,0,Dying_Cyrus_-_SOCB_V7__furnished_.xlsx,6,G
bangladesh_krishi_bank_bkb,1,BALANCE SHEET,Total Assets,total_assets,Tk mn,1978,,,,,missing,0,Dying_Cyrus_-_SOCB_V7__furnished_.xlsx,6,H
bangladesh_krishi_bank_bkb,1,BALANCE SHEET,Total Assets,total_assets,Tk mn,1979,,,,,missing,0,Dying_Cyrus_-_SOCB_V7__furnished_.xlsx,6,I
bangladesh_krishi_bank_bkb,1,BALANCE SHEET,Total Assets,total_assets,Tk mn,1980,,,,,missing,0,Dying_Cyrus_-_SOCB_V7__furnished_.xlsx,6,J
bangladesh_krishi_bank_bkb,1,BALANCE SHEET,Total Assets,total_assets,Tk mn,1981,,,,,missing,0,Dying_Cyrus_-_SOCB_V7__furnished_.xlsx,6,K
bangladesh_krishi_bank_bkb,1,BALANCE SHEET,Total Assets,total_assets,Tk mn,1982,,,,,missing,0,Dying_Cyrus_-_SOCB_V7__furnished_.xlsx,6,L
bangladesh_krishi_bank_bkb,1,BALANCE SHEET,Total Assets,total_assets,Tk mn,1983,,,,,missing,0,Dying_Cyrus_-_SOCB_V7__furnished_.xlsx,6,M
bangladesh_krishi_bank_bkb,1,BALANCE SHEET,Total Assets,total_assets,Tk mn,1984,,,,,missing,0,Dying_Cyrus_-_SOCB_V7__furnished_.xlsx,6,N
bangladesh_krishi_bank_bkb,1,BALANCE SHEET,Total Assets,total_assets,Tk mn,1985,,,,,missing,0,Dying_Cyrus_-_SOCB_V7__furnished_.xlsx,6,O
bangladesh_krishi_bank_bkb,1,BALANCE SHEET,Total Assets,total_assets,Tk mn,1986,,,,,missing,0,Dying_Cyrus_-_SOCB_V7__furnished_.xlsx,6,P
bangladesh_krishi_bank_bkb,1,BALANCE SHEET,Total Assets,total_assets,Tk mn,1987,,,,,missing,0,Dying_Cyrus_-_SOCB_V7__furnished_.xlsx,6,Q
bangladesh_krishi_bank_bkb,1,BALANCE SHEET,Total Assets,total_assets,Tk mn,1988,,,,,missing,0,Dying_Cyrus_-_SOCB_V7__furnished_.xlsx,6,R
bangladesh_krishi_bank_bkb,1,BALANCE SHEET,Total Assets,total_assets,Tk mn,1989,,,,,missing,0,Dying_Cyrus_-_SOCB_V7__furnished_.xlsx,6,S
bangladesh_krishi_bank_bkb,1,BALANCE SHEET,Total Assets,total_assets,Tk mn,1990,,,,,missing,0,Dying_Cyrus_-_SOCB_V7__furnished_.xlsx,6,T
bangladesh_krishi_bank_bkb,1,BALANCE SHEET,Total Assets,total_assets,Tk mn,1991,,,,,missing,0,Dying_Cyrus_-_SOCB_V7__furnished_.xlsx,6,U
bangladesh_krishi_bank_bkb,1,BALANCE SHEET,Total Assets,total_assets,Tk mn,1992,,,,,missing,0,Dying_Cyrus_-_SOCB_V7__furnished_.xlsx,6,V
bangladesh_krishi_bank_bkb,1,BALANCE SHEET,Total Assets,total_assets,Tk mn,1993,,,,,missing,0,Dying_Cyrus_-_SOCB_V7__furnished_.xlsx,6,W
bangladesh_krishi_bank_bkb,1,BALANCE SHEET,Total Assets,total_assets,Tk mn,1994,,,,,missing,0,Dying_Cyrus_-_SOCB_V7__furnished_.xlsx,6,X
bangladesh_krishi_bank_bkb,1,BALANCE SHEET,Total Assets,total_assets,Tk mn,1995,,,,,missing,0,Dying_Cyrus_-_SOCB_V7__furnished_.xlsx,6,Y
bangladesh_krishi_bank_bkb,1,BALANCE SHEET,Total Assets,total_assets,Tk mn,1996,,,,,missing,0,Dying_Cyrus_-_SOCB_V7__furnished_.xlsx,6,Z
bangladesh_krishi_bank_bkb,1,BALANCE SHEET,Total Assets,total_assets,Tk mn,1997,,,,,missing,0,Dying_Cyrus_-_SOCB_V7__furnished_.xlsx,6,AA
bangladesh_krishi_bank_bkb,1,BALANCE SHEET,Total Assets,total_assets,Tk mn,1998,,,,,missing,0,Dying_Cyrus_-_SOCB_V7__furnished_.xlsx,6,AB
bangladesh_krishi_bank_bkb,1,BALANCE SHEET,Total Assets,total_assets,Tk mn,1999,,,,,missing,0,Dying_Cyrus_-_SOCB_V7__furnished_.xlsx,6,AC
bangladesh_krishi_bank_bkb,1,BALANCE SHEET,Total Assets,total_assets,Tk mn,2000,,,,,missing,0,Dying_Cyrus_-_SOCB_V7__furnished_.xlsx,6,AD
bangladesh_krishi_bank_bkb,1,BALANCE SHEET,Total Assets,total_assets,Tk mn,2001,,,,,missing,0,Dying_Cyrus_-_SOCB_V7__furnished_.xlsx,6,AE
bangladesh_krishi_bank_bkb,1,BALANCE SHEET,Total Assets,total_assets,Tk mn,2002,,,,,missing,0,Dying_Cyrus_-_SOCB_V7__furnished_.xlsx,6,AF
bangladesh_krishi_bank_bkb,1,BALANCE SHEET,Total Assets,total_assets,Tk mn,2003,,,,,missing,0,Dying_Cyrus_-_SOCB_V7__furnished_.xlsx,6,AG
bangladesh_krishi_bank_bkb,1,BALANCE SHEET,Total Assets,total_assets,Tk mn,2004,,,,,missing,0,Dying_Cyrus_-_SOCB_V7__furnished_.xlsx,6,AH
bangladesh_krishi_bank_bkb,1,BALANCE SHEET,Total Assets,total_assets,Tk mn,2005,,,,,missing,0,Dying_Cyrus_-_SOCB_V7__furnished_.xlsx,6,AI
bangladesh_krishi_bank_bkb,1,BALANCE SHEET,Total Assets,total_assets,Tk mn,2006,,,,,missing,0,Dying_Cyrus_-_SOCB_V7__furnished_.xlsx,6,AJ
bangladesh_krishi_bank_bkb,1,BALANCE SHEET,Total Assets,total_assets,Tk mn,2007,,,,,missing,0,Dying_Cyrus_-_SOCB_V7__furnished_.xlsx,6,AK
bangladesh_krishi_bank_bkb,1,BALANCE SHEET,Total Assets,total_assets,Tk mn,2008,,,,,missing,0,Dying_Cyrus_-_SOCB_V7__furnished_.xlsx,6,AL
bangladesh_krishi_bank_bkb,1,BALANCE SHEET,Total Assets,total_assets,Tk mn,2009,,,,,missing,0,Dying_Cyrus_-_SOCB_V7__furnished_.xlsx,6,AM
bangladesh_krishi_bank_bkb,1,BALANCE SHEET,Total Assets,total_assets,Tk mn,2010,159847.055483,159847.055483,,,native_numeric,0,Dying_Cyrus_-_SOCB_V7__furnished_.xlsx,6,AN
bangladesh_krishi_bank_bkb,1,BALANCE SHEET,Total Assets,total_assets,Tk mn,2011,175276.253182,175276.253182,,,native_numeric,0,Dying_Cyrus_-_SOCB_V7__furnished_.xlsx,6,AO
bangladesh_krishi_bank_bkb,1,BALANCE SHEET,Total Assets,total_assets,Tk mn,2012,191302.593523,191302.593523,,,native_numeric,0,Dying_Cyrus_-_SOCB_V7__furnished_.xlsx,6,AP
bangladesh_krishi_bank_bkb,1,BALANCE SHEET,Total Assets,total_assets,Tk mn,2013,194569.3177,194569.3177,,,native_numeric,0,Dying_Cyrus_-_SOCB_V7__furnished_.xlsx,6,AQ
bangladesh_krishi_bank_bkb,1,BALANCE SHEET,Total Assets,total_assets,Tk mn,2014,212922.635487,212922.635487,,,native_numeric,0,Dying_Cyrus_-_SOCB_V7__furnished_.xlsx,6,AR
bangladesh_krishi_bank_bkb,1,BALANCE SHEET,Total Assets,total_assets,Tk mn,2015,229959.898416,229959.898416,,,native_numeric,0,Dying_Cyrus_-_SOCB_V7__furnished_.xlsx,6,AS
bangladesh_krishi_bank_bkb,1,BALANCE SHEET,Total Assets,total_assets,Tk mn,2016,234448.780749,234448.780749,,,native_numeric,0,Dying_Cyrus_-_SOCB_V7__furnished_.xlsx,6,AT
bangladesh_krishi_bank_bkb,1,BALANCE SHEET,Total Assets,total_assets,Tk mn,2017,241255.198824,241255.198824,,,native_numeric,0,Dying_Cyrus_-_SOCB_V7__furnished_.xlsx,6,AU
bangladesh_krishi_bank_bkb,1,BALANCE SHEET,Total Assets,total_assets,Tk mn,2018,253501.484167,253501.484167,,,native_numeric,0,Dying_Cyrus_-_SOCB_V7__furnished_.xlsx,6,AV
bangladesh_krishi_bank_bkb,1,BALANCE SHEET,Total Assets,total_assets,Tk mn,2019,268020.553164,268020.553164,,,native_numeric,0,Dying_Cyrus_-_SOCB_V7__furnished_.xlsx,6,AW
bangladesh_krishi_bank_bkb,1,BALANCE SHEET,Total Assets,total_assets,Tk mn,2020,288915.214867,288915.214867,,,native_numeric,0,Dying_Cyrus_-_SOCB_V7__furnished_.xlsx,6,AX
bangladesh_krishi_bank_bkb,1,BALANCE SHEET,Total Assets,total_assets,Tk mn,2021,335098.69283,335098.69283,,,native_numeric,0,Dying_Cyrus_-_SOCB_V7__furnished_.xlsx,6,AY
bangladesh_krishi_bank_bkb,1,BALANCE SHEET,Total Assets,total_assets,Tk mn,2022,360989.236951,360989.236951,,,native_numeric,0,Dying_Cyrus_-_SOCB_V7__furnished_.xlsx,6,AZ
bangladesh_krishi_bank_bkb,1,BALANCE SHEET,Total Assets,total_assets,Tk mn,2023,413529.447242,413529.447242,,,native_numeric,0,Dying_Cyrus_-_SOCB_V7__furnished_.xlsx,6,BA
bangladesh_krishi_bank_bkb,1,BALANCE SHEET,Total Assets,total_assets,Tk mn,2024,441566.18467,441566.18467,,,native_numeric,0,Dying_Cyrus_-_SOCB_V7__furnished_.xlsx,6,BB
bangladesh_krishi_bank_bkb,1,BALANCE SHEET,Total Assets,total_assets,Tk mn,2025,478026.890566,478026.890566,,,native_numeric,0,Dying_Cyrus_-_SOCB_V7__furnished_.xlsx,6,BC
bangladesh_krishi_bank_bkb,1,BALANCE SHEET,Total Assets,total_assets,Tk mn,2026,,,,,missing,0,Dying_Cyrus_-_SOCB_V7__furnished_.xlsx,6,BD
bangladesh_krishi_bank_bkb,1,BALANCE SHEET,"Loans & Advances, gross",loans_advances_gross,Tk mn,1973,,,,,missing,0,Dying_Cyrus_-_SOCB_V7__furnished_.xlsx,7,C
bangladesh_krishi_bank_bkb,1,BALANCE SHEET,"Loans & Advances, gross",loans_advances_gross,Tk mn,1974,,,,,missing,0,Dying_Cyrus_-_SOCB_V7__furnished_.xlsx,7,D
bangladesh_krishi_bank_bkb,1,BALANCE SHEET,"Loans & Advances, gross",loans_advances_gross,Tk mn,1975,,,,,missing,0,Dying_Cyrus_-_SOCB_V7__furnished_.xlsx,7,E
bangladesh_krishi_bank_bkb,1,BALANCE SHEET,"Loans & Advances, gross",loans_advances_gross,Tk mn,1976,,,,,missing,0,Dying_Cyrus_-_SOCB_V7__furnished_.xlsx,7,F
bangladesh_krishi_bank_bkb,1,BALANCE SHEET,"Loans & Advances, gross",loans_advances_gross,Tk mn,1977,,,,,missing,0,Dying_Cyrus_-_SOCB_V7__furnished_.xlsx,7,G
bangladesh_krishi_bank_bkb,1,BALANCE SHEET,"Loans & Advances, gross",loans_advances_gross,Tk mn,1978,,,,,missing,0,Dying_Cyrus_-_SOCB_V7__furnished_.xlsx,7,H
bangladesh_krishi_bank_bkb,1,BALANCE SHEET,"Loans & Advances, gross",loans_advances_gross,Tk mn,1979,,,,,missing,0,Dying_Cyrus_-_SOCB_V7__furnished_.xlsx,7,I
bangladesh_krishi_bank_bkb,1,BALANCE SHEET,"Loans & Advances, gross",loans_advances_gross,Tk mn,1980,,,,,missing,0,Dying_Cyrus_-_SOCB_V7__furnished_.xlsx,7,J
bangladesh_krishi_bank_bkb,1,BALANCE SHEET,"Loans & Advances, gross",loans_advances_gross,Tk mn,1981,,,,,missing,0,Dying_Cyrus_-_SOCB_V7__furnished_.xlsx,7,K
bangladesh_krishi_bank_bkb,1,BALANCE SHEET,"Loans & Advances, gross",loans_advances_gross,Tk mn,1982,,,,,missing,0,Dying_Cyrus_-_SOCB_V7__furnished_.xlsx,7,L
bangladesh_krishi_bank_bkb,1,BALANCE SHEET,"Loans & Advances, gross",loans_advances_gross,Tk mn,1983,,,,,missing,0,Dying_Cyrus_-_SOCB_V7__furnished_.xlsx,7,M
bangladesh_krishi_bank_bkb,1,BALANCE SHEET,"Loans & Advances, gross",loans_advances_gross,Tk mn,1984,,,,,missing,0,Dying_Cyrus_-_SOCB_V7__furnished_.xlsx,7,N
bangladesh_krishi_bank_bkb,1,BALANCE SHEET,"Loans & Advances, gross",loans_advances_gross,Tk mn,1985,,,,,missing,0,Dying_Cyrus_-_SOCB_V7__furnished_.xlsx,7,O
bangladesh_krishi_bank_bkb,1,BALANCE SHEET,"Loans & Advances, gross",loans_advances_gross,Tk mn,1986,,,,,missing,0,Dying_Cyrus_-_SOCB_V7__furnished_.xlsx,7,P
bangladesh_krishi_bank_bkb,1,BALANCE SHEET,"Loans & Advances, gross",loans_advances_gross,Tk mn,1987,,,,,missing,0,Dying_Cyrus_-_SOCB_V7__furnished_.xlsx,7,Q
bangladesh_krishi_bank_bkb,1,BALANCE SHEET,"Loans & Advances, gross",loans_advances_gross,Tk mn,1988,,,,,missing,0,Dying_Cyrus_-_SOCB_V7__furnished_.xlsx,7,R
bangladesh_krishi_bank_bkb,1,BALANCE SHEET,"Loans & Advances, gross",loans_advances_gross,Tk mn,1989,,,,,missing,0,Dying_Cyrus_-_SOCB_V7__furnished_.xlsx,7,S
bangladesh_krishi_bank_bkb,1,BALANCE SHEET,"Loans & Advances, gross",loans_advances_gross,Tk mn,1990,,,,,missing,0,Dying_Cyrus_-_SOCB_V7__furnished_.xlsx,7,T
bangladesh_krishi_bank_bkb,1,BALANCE SHEET,"Loans & Advances, gross",loans_advances_gross,Tk mn,1991,,,,,missing,0,Dying_Cyrus_-_SOCB_V7__furnished_.xlsx,7,U
bangladesh_krishi_bank_bkb,1,BALANCE SHEET,"Loans & Advances, gross",loans_advances_gross,Tk mn,1992,,,,,missing,0,Dying_Cyrus_-_SOCB_V7__furnished_.xlsx,7,V
bangladesh_krishi_bank_bkb,1,BALANCE SHEET,"Loans & Advances, gross",loans_advances_gross,Tk mn,1993,,,,,missing,0,Dying_Cyrus_-_SOCB_V7__furnished_.xlsx,7,W
bangladesh_krishi_bank_bkb,1,BALANCE SHEET,"Loans & Advances, gross",loans_advances_gross,Tk mn,1994,,,,,missing,0,Dying_Cyrus_-_SOCB_V7__furnished_.xlsx,7,X
bangladesh_krishi_bank_bkb,1,BALANCE SHEET,"Loans & Advances, gross",loans_advances_gross,Tk mn,1995,,,,,missing,0,Dying_Cyrus_-_SOCB_V7__furnished_.xlsx,7,Y
bangladesh_krishi_bank_bkb,1,BALANCE SHEET,"Loans & Advances, gross",loans_advances_gross,Tk mn,1996,,,,,missing,0,Dying_Cyrus_-_SOCB_V7__furnished_.xlsx,7,Z
bangladesh_krishi_bank_bkb,1,BALANCE SHEET,"Loans & Advances, gross",loans_advances_gross,Tk mn,1997,,,,,missing,0,Dying_Cyrus_-_SOCB_V7__furnished_.xlsx,7,AA
bangladesh_krishi_bank_bkb,1,BALANCE SHEET,"Loans & Advances, gross",loans_advances_gross,Tk mn,1998,,,,,missing,0,Dying_Cyrus_-_SOCB_V7__furnished_.xlsx,7,AB
bangladesh_krishi_bank_bkb,1,BALANCE SHEET,"Loans & Advances, gross",loans_advances_gross,Tk mn,1999,,,,,missing,0,Dying_Cyrus_-_SOCB_V7__furnished_.xlsx,7,AC
bangladesh_krishi_bank_bkb,1,BALANCE SHEET,"Loans & Advances, gross",loans_advances_gross,Tk mn,2000,,,,,missing,0,Dying_Cyrus_-_SOCB_V7__furnished_.xlsx,7,AD
bangladesh_krishi_bank_bkb,1,BALANCE SHEET,"Loans & Advances, gross",loans_advances_gross,Tk mn,2001,,,,,missing,0,Dying_Cyrus_-_SOCB_V7__furnished_.xlsx,7,AE
bangladesh_krishi_bank_bkb,1,BALANCE SHEET,"Loans & Advances, gross",loans_advances_gross,Tk mn,2002,,,,,missing,0,Dying_Cyrus_-_SOCB_V7__furnished_.xlsx,7,AF
bangladesh_krishi_bank_bkb,1,BALANCE SHEET,"Loans & Advances, gross",loans_advances_gross,Tk mn,2003,,,,,missing,0,Dying_Cyrus_-_SOCB_V7__furnished_.xlsx,7,AG
bangladesh_krishi_bank_bkb,1,BALANCE SHEET,"Loans & Advances, gross",loans_advances_gross,Tk mn,2004,,,,,missing,0,Dying_Cyrus_-_SOCB_V7__furnished_.xlsx,7,AH
bangladesh_krishi_bank_bkb,1,BALANCE SHEET,"Loans & Advances, gross",loans_advances_gross,Tk mn,2005,,,,,missing,0,Dying_Cyrus_-_SOCB_V7__furnished_.xlsx,7,AI
bangladesh_krishi_bank_bkb,1,BALANCE SHEET,"Loans & Advances, gross",loans_advances_gross,Tk mn,2006,,,,,missing,0,Dying_Cyrus_-_SOCB_V7__furnished_.xlsx,7,AJ
bangladesh_krishi_bank_bkb,1,BALANCE SHEET,"Loans & Advances, gross",loans_advances_gross,Tk mn,2007,,,,,missing,0,Dying_Cyrus_-_SOCB_V7__furnished_.xlsx,7,AK
bangladesh_krishi_bank_bkb,1,BALANCE SHEET,"Loans & Advances, gross",loans_advances_gross,Tk mn,2008,,,,,missing,0,Dying_Cyrus_-_SOCB_V7__furnished_.xlsx,7,AL
bangladesh_krishi_bank_bkb,1,BALANCE SHEET,"Loans & Advances, gross",loans_advances_gross,Tk mn,2009,,,,,missing,0,Dying_Cyrus_-_SOCB_V7__furnished_.xlsx,7,AM
bangladesh_krishi_bank_bkb,1,BALANCE SHEET,"Loans & Advances, gross",loans_advances_gross,Tk mn,2010,113354.483672,113354.483672,,,native_numeric,0,Dying_Cyrus_-_SOCB_V7__furnished_.xlsx,7,AN
bangladesh_krishi_bank_bkb,1,BALANCE SHEET,"Loans & Advances, gross",loans_advances_gross,Tk mn,2011,139490.661917,139490.661917,,,native_numeric,0,Dying_Cyrus_-_SOCB_V7__furnished_.xlsx,7,AO
bangladesh_krishi_bank_bkb,1,BALANCE SHEET,"Loans & Advances, gross",loans_advances_gross,Tk mn,2012,149296.07308,149296.07308,,,native_numeric,0,Dying_Cyrus_-_SOCB_V7__furnished_.xlsx,7,AP
bangladesh_krishi_bank_bkb,1,BALANCE SHEET,"Loans & Advances, gross",loans_advances_gross,Tk mn,2013,154214.74619,154214.74619,,,native_numeric,0,Dying_Cyrus_-_SOCB_V7__furnished_.xlsx,7,AQ
bangladesh_krishi_bank_bkb,1,BALANCE SHEET,"Loans & Advances, gross",loans_advances_gross,Tk mn,2014,173181.968165,173181.968165,,,native_numeric,0,Dying_Cyrus_-_SOCB_V7__furnished_.xlsx,7,AR
bangladesh_krishi_bank_bkb,1,BALANCE SHEET,"Loans & Advances, gross",loans_advances_gross,Tk mn,2015,179960.175586,179960.175586,,,native_numeric,0,Dying_Cyrus_-_SOCB_V7__furnished_.xlsx,7,AS
bangladesh_krishi_bank_bkb,1,BALANCE SHEET,"Loans & Advances, gross",loans_advances_gross,Tk mn,2016,186419.992845,186419.992845,,,native_numeric,0,Dying_Cyrus_-_SOCB_V7__furnished_.xlsx,7,AT
bangladesh_krishi_bank_bkb,1,BALANCE SHEET,"Loans & Advances, gross",loans_advances_gross,Tk mn,2017,193672.569346,193672.569346,,,native_numeric,0,Dying_Cyrus_-_SOCB_V7__furnished_.xlsx,7,AU
bangladesh_krishi_bank_bkb,1,BALANCE SHEET,"Loans & Advances, gross",loans_advances_gross,Tk mn,2018,200246.95311,200246.95311,,,native_numeric,0,Dying_Cyrus_-_SOCB_V7__furnished_.xlsx,7,AV
bangladesh_krishi_bank_bkb,1,BALANCE SHEET,"Loans & Advances, gross",loans_advances_gross,Tk mn,2019,219227.164449,219227.164449,,,native_numeric,0,Dying_Cyrus_-_SOCB_V7__furnished_.xlsx,7,AW
bangladesh_krishi_bank_bkb,1,BALANCE SHEET,"Loans & Advances, gross",loans_advances_gross,Tk mn,2020,237857.529454,237857.529454,,,native_numeric,0,Dying_Cyrus_-_SOCB_V7__furnished_.xlsx,7,AX
bangladesh_krishi_bank_bkb,1,BALANCE SHEET,"Loans & Advances, gross",loans_advances_gross,Tk mn,2021,270917.899403,270917.899403,,,native_numeric,0,Dying_Cyrus_-_SOCB_V7__furnished_.xlsx,7,AY
bangladesh_krishi_bank_bkb,1,BALANCE SHEET,"Loans & Advances, gross",loans_advances_gross,Tk mn,2022,295554.512958,295554.512958,,,native_numeric,0,Dying_Cyrus_-_SOCB_V7__furnished_.xlsx,7,AZ
bangladesh_krishi_bank_bkb,1,BALANCE SHEET,"Loans & Advances, gross",loans_advances_gross,Tk mn,2023,320483.252536,320483.252536,,,native_numeric,0,Dying_Cyrus_-_SOCB_V7__furnished_.xlsx,7,BA
bangladesh_krishi_bank_bkb,1,BALANCE SHEET,"Loans & Advances, gross",loans_advances_gross,Tk mn,2024,366001.22884,366001.22884,,,native_numeric,0,Dying_Cyrus_-_SOCB_V7__furnished_.xlsx,7,BB
bangladesh_krishi_bank_bkb,1,BALANCE SHEET,"Loans & Advances, gross",loans_advances_gross,Tk mn,2025,386314.179732,386314.179732,,,native_numeric,0,Dying_Cyrus_-_SOCB_V7__furnished_.xlsx,7,BC
bangladesh_krishi_bank_bkb,1,BALANCE SHEET,"Loans & Advances, gross",loans_advances_gross,Tk mn,2026,,,,,missing,0,Dying_Cyrus_-_SOCB_V7__furnished_.xlsx,7,BD
bangladesh_krishi_bank_bkb,1,BALANCE SHEET,Total Deposits,total_deposits,Tk mn,1973,,,,,missing,0,Dying_Cyrus_-_SOCB_V7__furnished_.xlsx,8,C
bangladesh_krishi_bank_bkb,1,BALANCE SHEET,Total Deposits,total_deposits,Tk mn,1974,,,,,missing,0,Dying_Cyrus_-_SOCB_V7__furnished_.xlsx,8,D
bangladesh_krishi_bank_bkb,1,BALANCE SHEET,Total Deposits,total_deposits,Tk mn,1975,,,,,missing,0,Dying_Cyrus_-_SOCB_V7__furnished_.xlsx,8,E
bangladesh_krishi_bank_bkb,1,BALANCE SHEET,Total Deposits,total_deposits,Tk mn,1976,,,,,missing,0,Dying_Cyrus_-_SOCB_V7__furnished_.xlsx,8,F
bangladesh_krishi_bank_bkb,1,BALANCE SHEET,Total Deposits,total_deposits,Tk mn,1977,,,,,missing,0,Dying_Cyrus_-_SOCB_V7__furnished_.xlsx,8,G
bangladesh_krishi_bank_bkb,1,BALANCE SHEET,Total Deposits,total_deposits,Tk mn,1978,,,,,missing,0,Dying_Cyrus_-_SOCB_V7__furnished_.xlsx,8,H
bangladesh_krishi_bank_bkb,1,BALANCE SHEET,Total Deposits,total_deposits,Tk mn,1979,,,,,missing,0,Dying_Cyrus_-_SOCB_V7__furnished_.xlsx,8,I
bangladesh_krishi_bank_bkb,1,BALANCE SHEET,Total Deposits,total_deposits,Tk mn,1980,,,,,missing,0,Dying_Cyrus_-_SOCB_V7__furnished_.xlsx,8,J
bangladesh_krishi_bank_bkb,1,BALANCE SHEET,Total Deposits,total_deposits,Tk mn,1981,,,,,missing,0,Dying_Cyrus_-_SOCB_V7__furnished_.xlsx,8,K
bangladesh_krishi_bank_bkb,1,BALANCE SHEET,Total Deposits,total_deposits,Tk mn,1982,,,,,missing,0,Dying_Cyrus_-_SOCB_V7__furnished_.xlsx,8,L
bangladesh_krishi_bank_bkb,1,BALANCE SHEET,Total Deposits,total_deposits,Tk mn,1983,,,,,missing,0,Dying_Cyrus_-_SOCB_V7__furnished_.xlsx,8,M
bangladesh_krishi_bank_bkb,1,BALANCE SHEET,Total Deposits,total_deposits,Tk mn,1984,,,,,missing,0,Dying_Cyrus_-_SOCB_V7__furnished_.xlsx,8,N
bangladesh_krishi_bank_bkb,1,BALANCE SHEET,Total Deposits,total_deposits,Tk mn,1985,,,,,missing,0,Dying_Cyrus_-_SOCB_V7__furnished_.xlsx,8,O
bangladesh_krishi_bank_bkb,1,BALANCE SHEET,Total Deposits,total_deposits,Tk mn,1986,,,,,missing,0,Dying_Cyrus_-_SOCB_V7__furnished_.xlsx,8,P
bangladesh_krishi_bank_bkb,1,BALANCE SHEET,Total Deposits,total_deposits,Tk mn,1987,,,,,missing,0,Dying_Cyrus_-_SOCB_V7__furnished_.xlsx,8,Q
bangladesh_krishi_bank_bkb,1,BALANCE SHEET,Total Deposits,total_deposits,Tk mn,1988,,,,,missing,0,Dying_Cyrus_-_SOCB_V7__furnished_.xlsx,8,R
bangladesh_krishi_bank_bkb,1,BALANCE SHEET,Total Deposits,total_deposits,Tk mn,1989,,,,,missing,0,Dying_Cyrus_-_SOCB_V7__furnished_.xlsx,8,S
bangladesh_krishi_bank_bkb,1,BALANCE SHEET,Total Deposits,total_deposits,Tk mn,1990,,,,,missing,0,Dying_Cyrus_-_SOCB_V7__furnished_.xlsx,8,T
bangladesh_krishi_bank_bkb,1,BALANCE SHEET,Total Deposits,total_deposits,Tk mn,1991,,,,,missing,0,Dying_Cyrus_-_SOCB_V7__furnished_.xlsx,8,U
bangladesh_krishi_bank_bkb,1,BALANCE SHEET,Total Deposits,total_deposits,Tk mn,1992,,,,,missing,0,Dying_Cyrus_-_SOCB_V7__furnished_.xlsx,8,V
bangladesh_krishi_bank_bkb,1,BALANCE SHEET,Total Deposits,total_deposits,Tk mn,1993,,,,,missing,0,Dying_Cyrus_-_SOCB_V7__furnished_.xlsx,8,W
bangladesh_krishi_bank_bkb,1,BALANCE SHEET,Total Deposits,total_deposits,Tk mn,1994,,,,,missing,0,Dying_Cyrus_-_SOCB_V7__furnished_.xlsx,8,X
bangladesh_krishi_bank_bkb,1,BALANCE SHEET,Total Deposits,total_deposits,Tk mn,1995,,,,,missing,0,Dying_Cyrus_-_SOCB_V7__furnished_.xlsx,8,Y
bangladesh_krishi_bank_bkb,1,BALANCE SHEET,Total Deposits,total_deposits,Tk mn,1996,,,,,missing,0,Dying_Cyrus_-_SOCB_V7__furnished_.xlsx,8,Z
bangladesh_krishi_bank_bkb,1,BALANCE SHEET,Total Deposits,total_deposits,Tk mn,1997,,,,,missing,0,Dying_Cyrus_-_SOCB_V7__furnished_.xlsx,8,AA
bangladesh_krishi_bank_bkb,1,BALANCE SHEET,Total Deposits,total_deposits,Tk mn,1998,,,,,missing,0,Dying_Cyrus_-_SOCB_V7__furnished_.xlsx,8,AB
bangladesh_krishi_bank_bkb,1,BALANCE SHEET,Total Deposits,total_deposits,Tk mn,1999,,,,,missing,0,Dying_Cyrus_-_SOCB_V7__furnished_.xlsx,8,AC
bangladesh_krishi_bank_bkb,1,BALANCE SHEET,Total Deposits,total_deposits,Tk mn,2000,,,,,missing,0,Dying_Cyrus_-_SOCB_V7__furnished_.xlsx,8,AD
bangladesh_krishi_bank_bkb,1,BALANCE SHEET,Total Deposits,total_deposits,Tk mn,2001,,,,,missing,0,Dying_Cyrus_-_SOCB_V7__furnished_.xlsx,8,AE
bangladesh_krishi_bank_bkb,1,BALANCE SHEET,Total Deposits,total_deposits,Tk mn,2002,,,,,missing,0,Dying_Cyrus_-_SOCB_V7__furnished_.xlsx,8,AF
bangladesh_krishi_bank_bkb,1,BALANCE SHEET,Total Deposits,total_deposits,Tk mn,2003,,,,,missing,0,Dying_Cyrus_-_SOCB_V7__furnished_.xlsx,8,AG
bangladesh_krishi_bank_bkb,1,BALANCE SHEET,Total Deposits,total_deposits,Tk mn,2004,,,,,missing,0,Dying_Cyrus_-_SOCB_V7__furnished_.xlsx,8,AH
bangladesh_krishi_bank_bkb,1,BALANCE SHEET,Total Deposits,total_deposits,Tk mn,2005,,,,,missing,0,Dying_Cyrus_-_SOCB_V7__furnished_.xlsx,8,AI
bangladesh_krishi_bank_bkb,1,BALANCE SHEET,Total Deposits,total_deposits,Tk mn,2006,,,,,missing,0,Dying_Cyrus_-_SOCB_V7__furnished_.xlsx,8,AJ
bangladesh_krishi_bank_bkb,1,BALANCE SHEET,Total Deposits,total_deposits,Tk mn,2007,,,,,missing,0,Dying_Cyrus_-_SOCB_V7__furnished_.xlsx,8,AK
bangladesh_krishi_bank_bkb,1,BALANCE SHEET,Total Deposits,total_deposits,Tk mn,2008,,,,,missing,0,Dying_Cyrus_-_SOCB_V7__furnished_.xlsx,8,AL
bangladesh_krishi_bank_bkb,1,BALANCE SHEET,Total Deposits,total_deposits,Tk mn,2009,,,,,missing,0,Dying_Cyrus_-_SOCB_V7__furnished_.xlsx,8,AM
bangladesh_krishi_bank_bkb,1,BALANCE SHEET,Total Deposits,total_deposits,Tk mn,2010,112149.881771,112149.881771,,,native_numeric,0,Dying_Cyrus_-_SOCB_V7__furnished_.xlsx,8,AN
bangladesh_krishi_bank_bkb,1,BALANCE SHEET,Total Deposits,total_deposits,Tk mn,2011,129604.832227,129604.832227,,,native_numeric,0,Dying_Cyrus_-_SOCB_V7__furnished_.xlsx,8,AO
bangladesh_krishi_bank_bkb,1,BALANCE SHEET,Total Deposits,total_deposits,Tk mn,2012,144682.576601,144682.576601,,,native_numeric,0,Dying_Cyrus_-_SOCB_V7__furnished_.xlsx,8,AP
bangladesh_krishi_bank_bkb,1,BALANCE SHEET,Total Deposits,total_deposits,Tk mn,2013,154462.125183,154462.125183,,,native_numeric,0,Dying_Cyrus_-_SOCB_V7__furnished_.xlsx,8,AQ
bangladesh_krishi_bank_bkb,1,BALANCE SHEET,Total Deposits,total_deposits,Tk mn,2014,178006.466553,178006.466553,,,native_numeric,0,Dying_Cyrus_-_SOCB_V7__furnished_.xlsx,8,AR
bangladesh_krishi_bank_bkb,1,BALANCE SHEET,Total Deposits,total_deposits,Tk mn,2015,198912.373336,198912.373336,,,native_numeric,0,Dying_Cyrus_-_SOCB_V7__furnished_.xlsx,8,AS
bangladesh_krishi_bank_bkb,1,BALANCE SHEET,Total Deposits,total_deposits,Tk mn,2016,211824.319311,211824.319311,,,native_numeric,0,Dying_Cyrus_-_SOCB_V7__furnished_.xlsx,8,AT
bangladesh_krishi_bank_bkb,1,BALANCE SHEET,Total Deposits,total_deposits,Tk mn,2017,227380.620852,227380.620852,,,native_numeric,0,Dying_Cyrus_-_SOCB_V7__furnished_.xlsx,8,AU
bangladesh_krishi_bank_bkb,1,BALANCE SHEET,Total Deposits,total_deposits,Tk mn,2018,241832.573252,241832.573252,,,native_numeric,0,Dying_Cyrus_-_SOCB_V7__furnished_.xlsx,8,AV
bangladesh_krishi_bank_bkb,1,BALANCE SHEET,Total Deposits,total_deposits,Tk mn,2019,257338.199942,257338.199942,,,native_numeric,0,Dying_Cyrus_-_SOCB_V7__furnished_.xlsx,8,AW
bangladesh_krishi_bank_bkb,1,BALANCE SHEET,Total Deposits,total_deposits,Tk mn,2020,276953.34791,276953.34791,,,native_numeric,0,Dying_Cyrus_-_SOCB_V7__furnished_.xlsx,8,AX
bangladesh_krishi_bank_bkb,1,BALANCE SHEET,Total Deposits,total_deposits,Tk mn,2021,331143.202129,331143.202129,,,native_numeric,0,Dying_Cyrus_-_SOCB_V7__furnished_.xlsx,8,AY
bangladesh_krishi_bank_bkb,1,BALANCE SHEET,Total Deposits,total_deposits,Tk mn,2022,382313.224539,382313.224539,,,native_numeric,0,Dying_Cyrus_-_SOCB_V7__furnished_.xlsx,8,AZ
bangladesh_krishi_bank_bkb,1,BALANCE SHEET,Total Deposits,total_deposits,Tk mn,2023,407196.979542,407196.979542,,,native_numeric,0,Dying_Cyrus_-_SOCB_V7__furnished_.xlsx,8,BA
bangladesh_krishi_bank_bkb,1,BALANCE SHEET,Total Deposits,total_deposits,Tk mn,2024,452928.26975,452928.26975,,,native_numeric,0,Dying_Cyrus_-_SOCB_V7__furnished_.xlsx,8,BB
bangladesh_krishi_bank_bkb,1,BALANCE SHEET,Total Deposits,total_deposits,Tk mn,2025,504258.833753,504258.833753,,,native_numeric,0,Dying_Cyrus_-_SOCB_V7__furnished_.xlsx,8,BC
bangladesh_krishi_bank_bkb,1,BALANCE SHEET,Total Deposits,total_deposits,Tk mn,2026,,,,,missing,0,Dying_Cyrus_-_SOCB_V7__furnished_.xlsx,8,BD
bangladesh_krishi_bank_bkb,1,BALANCE SHEET,Shareholders' Equity,shareholders_equity,Tk mn,1973,,,,,missing,0,Dying_Cyrus_-_SOCB_V7__furnished_.xlsx,9,C
bangladesh_krishi_bank_bkb,1,BALANCE SHEET,Shareholders' Equity,shareholders_equity,Tk mn,1974,,,,,missing,0,Dying_Cyrus_-_SOCB_V7__furnished_.xlsx,9,D
bangladesh_krishi_bank_bkb,1,BALANCE SHEET,Shareholders' Equity,shareholders_equity,Tk mn,1975,,,,,missing,0,Dying_Cyrus_-_SOCB_V7__furnished_.xlsx,9,E
bangladesh_krishi_bank_bkb,1,BALANCE SHEET,Shareholders' Equity,shareholders_equity,Tk mn,1976,,,,,missing,0,Dying_Cyrus_-_SOCB_V7__furnished_.xlsx,9,F
bangladesh_krishi_bank_bkb,1,BALANCE SHEET,Shareholders' Equity,shareholders_equity,Tk mn,1977,,,,,missing,0,Dying_Cyrus_-_SOCB_V7__furnished_.xlsx,9,G
bangladesh_krishi_bank_bkb,1,BALANCE SHEET,Shareholders' Equity,shareholders_equity,Tk mn,1978,,,,,missing,0,Dying_Cyrus_-_SOCB_V7__furnished_.xlsx,9,H
bangladesh_krishi_bank_bkb,1,BALANCE SHEET,Shareholders' Equity,shareholders_equity,Tk mn,1979,,,,,missing,0,Dying_Cyrus_-_SOCB_V7__furnished_.xlsx,9,I
bangladesh_krishi_bank_bkb,1,BALANCE SHEET,Shareholders' Equity,shareholders_equity,Tk mn,1980,,,,,missing,0,Dying_Cyrus_-_SOCB_V7__furnished_.xlsx,9,J
bangladesh_krishi_bank_bkb,1,BALANCE SHEET,Shareholders' Equity,shareholders_equity,Tk mn,1981,,,,,missing,0,Dying_Cyrus_-_SOCB_V7__furnished_.xlsx,9,K
bangladesh_krishi_bank_bkb,1,BALANCE SHEET,Shareholders' Equity,shareholders_equity,Tk mn,1982,,,,,missing,0,Dying_Cyrus_-_SOCB_V7__furnished_.xlsx,9,L
bangladesh_krishi_bank_bkb,1,BALANCE SHEET,Shareholders' Equity,shareholders_equity,Tk mn,1983,,,,,missing,0,Dying_Cyrus_-_SOCB_V7__furnished_.xlsx,9,M
bangladesh_krishi_bank_bkb,1,BALANCE SHEET,Shareholders' Equity,shareholders_equity,Tk mn,1984,,,,,missing,0,Dying_Cyrus_-_SOCB_V7__furnished_.xlsx,9,N
bangladesh_krishi_bank_bkb,1,BALANCE SHEET,Shareholders' Equity,shareholders_equity,Tk mn,1985,,,,,missing,0,Dying_Cyrus_-_SOCB_V7__furnished_.xlsx,9,O
bangladesh_krishi_bank_bkb,1,BALANCE SHEET,Shareholders' Equity,shareholders_equity,Tk mn,1986,,,,,missing,0,Dying_Cyrus_-_SOCB_V7__furnished_.xlsx,9,P
bangladesh_krishi_bank_bkb,1,BALANCE SHEET,Shareholders' Equity,shareholders_equity,Tk mn,1987,,,,,missing,0,Dying_Cyrus_-_SOCB_V7__furnished_.xlsx,9,Q
bangladesh_krishi_bank_bkb,1,BALANCE SHEET,Shareholders' Equity,shareholders_equity,Tk mn,1988,,,,,missing,0,Dying_Cyrus_-_SOCB_V7__furnished_.xlsx,9,R
bangladesh_krishi_bank_bkb,1,BALANCE SHEET,Shareholders' Equity,shareholders_equity,Tk mn,1989,,,,,missing,0,Dying_Cyrus_-_SOCB_V7__furnished_.xlsx,9,S
bangladesh_krishi_bank_bkb,1,BALANCE SHEET,Shareholders' Equity,shareholders_equity,Tk mn,1990,,,,,missing,0,Dying_Cyrus_-_SOCB_V7__furnished_.xlsx,9,T
bangladesh_krishi_bank_bkb,1,BALANCE SHEET,Shareholders' Equity,shareholders_equity,Tk mn,1991,,,,,missing,0,Dying_Cyrus_-_SOCB_V7__furnished_.xlsx,9,U
bangladesh_krishi_bank_bkb,1,BALANCE SHEET,Shareholders' Equity,shareholders_equity,Tk mn,1992,,,,,missing,0,Dying_Cyrus_-_SOCB_V7__furnished_.xlsx,9,V
bangladesh_krishi_bank_bkb,1,BALANCE SHEET,Shareholders' Equity,shareholders_equity,Tk mn,1993,,,,,missing,0,Dying_Cyrus_-_SOCB_V7__furnished_.xlsx,9,W
bangladesh_krishi_bank_bkb,1,BALANCE SHEET,Shareholders' Equity,shareholders_equity,Tk mn,1994,,,,,missing,0,Dying_Cyrus_-_SOCB_V7__furnished_.xlsx,9,X
bangladesh_krishi_bank_bkb,1,BALANCE SHEET,Shareholders' Equity,shareholders_equity,Tk mn,1995,,,,,missing,0,Dying_Cyrus_-_SOCB_V7__furnished_.xlsx,9,Y
bangladesh_krishi_bank_bkb,1,BALANCE SHEET,Shareholders' Equity,shareholders_equity,Tk mn,1996,,,,,missing,0,Dying_Cyrus_-_SOCB_V7__furnished_.xlsx,9,Z
bangladesh_krishi_bank_bkb,1,BALANCE SHEET,Shareholders' Equity,shareholders_equity,Tk mn,1997,,,,,missing,0,Dying_Cyrus_-_SOCB_V7__furnished_.xlsx,9,AA
bangladesh_krishi_bank_bkb,1,BALANCE SHEET,Shareholders' Equity,shareholders_equity,Tk mn,1998,,,,,missing,0,Dying_Cyrus_-_SOCB_V7__furnished_.xlsx,9,AB
bangladesh_krishi_bank_bkb,1,BALANCE SHEET,Shareholders' Equity,shareholders_equity,Tk mn,1999,,,,,missing,0,Dying_Cyrus_-_SOCB_V7__furnished_.xlsx,9,AC
bangladesh_krishi_bank_bkb,1,BALANCE SHEET,Shareholders' Equity,shareholders_equity,Tk mn,2000,,,,,missing,0,Dying_Cyrus_-_SOCB_V7__furnished_.xlsx,9,AD
bangladesh_krishi_bank_bkb,1,BALANCE SHEET,Shareholders' Equity,shareholders_equity,Tk mn,2001,,,,,missing,0,Dying_Cyrus_-_SOCB_V7__furnished_.xlsx,9,AE
bangladesh_krishi_bank_bkb,1,BALANCE SHEET,Shareholders' Equity,shareholders_equity,Tk mn,2002,,,,,missing,0,Dying_Cyrus_-_SOCB_V7__furnished_.xlsx,9,AF
bangladesh_krishi_bank_bkb,1,BALANCE SHEET,Shareholders' Equity,shareholders_equity,Tk mn,2003,,,,,missing,0,Dying_Cyrus_-_SOCB_V7__furnished_.xlsx,9,AG
bangladesh_krishi_bank_bkb,1,BALANCE SHEET,Shareholders' Equity,shareholders_equity,Tk mn,2004,,,,,missing,0,Dying_Cyrus_-_SOCB_V7__furnished_.xlsx,9,AH
bangladesh_krishi_bank_bkb,1,BALANCE SHEET,Shareholders' Equity,shareholders_equity,Tk mn,2005,,,,,missing,0,Dying_Cyrus_-_SOCB_V7__furnished_.xlsx,9,AI
bangladesh_krishi_bank_bkb,1,BALANCE SHEET,Shareholders' Equity,shareholders_equity,Tk mn,2006,,,,,missing,0,Dying_Cyrus_-_SOCB_V7__furnished_.xlsx,9,AJ
bangladesh_krishi_bank_bkb,1,BALANCE SHEET,Shareholders' Equity,shareholders_equity,Tk mn,2007,,,,,missing,0,Dying_Cyrus_-_SOCB_V7__furnished_.xlsx,9,AK
bangladesh_krishi_bank_bkb,1,BALANCE SHEET,Shareholders' Equity,shareholders_equity,Tk mn,2008,,,,,missing,0,Dying_Cyrus_-_SOCB_V7__furnished_.xlsx,9,AL
bangladesh_krishi_bank_bkb,1,BALANCE SHEET,Shareholders' Equity,shareholders_equity,Tk mn,2009,,,,,missing,0,Dying_Cyrus_-_SOCB_V7__furnished_.xlsx,9,AM
bangladesh_krishi_bank_bkb,1,BALANCE SHEET,Shareholders' Equity,shareholders_equity,Tk mn,2010,-13391.098378,-13391.098378,,,native_numeric,0,Dying_Cyrus_-_SOCB_V7__furnished_.xlsx,9,AN
bangladesh_krishi_bank_bkb,1,BALANCE SHEET,Shareholders' Equity,shareholders_equity,Tk mn,2011,-14933.883837,-14933.883837,,,native_numeric,0,Dying_Cyrus_-_SOCB_V7__furnished_.xlsx,9,AO
bangladesh_krishi_bank_bkb,1,BALANCE SHEET,Shareholders' Equity,shareholders_equity,Tk mn,2012,-11930.266233,-11930.266233,,,native_numeric,0,Dying_Cyrus_-_SOCB_V7__furnished_.xlsx,9,AP
bangladesh_krishi_bank_bkb,1,BALANCE SHEET,Shareholders' Equity,shareholders_equity,Tk mn,2013,-15827.12665,-15827.12665,,,native_numeric,0,Dying_Cyrus_-_SOCB_V7__furnished_.xlsx,9,AQ
bangladesh_krishi_bank_bkb,1,BALANCE SHEET,Shareholders' Equity,shareholders_equity,Tk mn,2014,-45737.783413,-45737.783413,,,native_numeric,0,Dying_Cyrus_-_SOCB_V7__furnished_.xlsx,9,AR
bangladesh_krishi_bank_bkb,1,BALANCE SHEET,Shareholders' Equity,shareholders_equity,Tk mn,2015,-45390.31974,-45390.31974,,,native_numeric,0,Dying_Cyrus_-_SOCB_V7__furnished_.xlsx,9,AS
bangladesh_krishi_bank_bkb,1,BALANCE SHEET,Shareholders' Equity,shareholders_equity,Tk mn,2016,-52177.757051,-52177.757051,,,native_numeric,0,Dying_Cyrus_-_SOCB_V7__furnished_.xlsx,9,AT
bangladesh_krishi_bank_bkb,1,BALANCE SHEET,Shareholders' Equity,shareholders_equity,Tk mn,2017,-57771.023836,-57771.023836,,,native_numeric,0,Dying_Cyrus_-_SOCB_V7__furnished_.xlsx,9,AU
bangladesh_krishi_bank_bkb,1,BALANCE SHEET,Shareholders' Equity,shareholders_equity,Tk mn,2018,-60024.824395,-60024.824395,,,native_numeric,0,Dying_Cyrus_-_SOCB_V7__furnished_.xlsx,9,AV
bangladesh_krishi_bank_bkb,1,BALANCE SHEET,Shareholders' Equity,shareholders_equity,Tk mn,2019,-65483.607812,-65483.607812,,,native_numeric,0,Dying_Cyrus_-_SOCB_V7__furnished_.xlsx,9,AW
bangladesh_krishi_bank_bkb,1,BALANCE SHEET,Shareholders' Equity,shareholders_equity,Tk mn,2020,-77635.417556,-77635.417556,,,native_numeric,0,Dying_Cyrus_-_SOCB_V7__furnished_.xlsx,9,AX
bangladesh_krishi_bank_bkb,1,BALANCE SHEET,Shareholders' Equity,shareholders_equity,Tk mn,2021,-90435.560961,-90435.560961,,,native_numeric,0,Dying_Cyrus_-_SOCB_V7__furnished_.xlsx,9,AY
bangladesh_krishi_bank_bkb,1,BALANCE SHEET,Shareholders' Equity,shareholders_equity,Tk mn,2022,-104399.316218,-104399.316218,,,native_numeric,0,Dying_Cyrus_-_SOCB_V7__furnished_.xlsx,9,AZ
bangladesh_krishi_bank_bkb,1,BALANCE SHEET,Shareholders' Equity,shareholders_equity,Tk mn,2023,-127912.911269,-127912.911269,,,native_numeric,0,Dying_Cyrus_-_SOCB_V7__furnished_.xlsx,9,BA
bangladesh_krishi_bank_bkb,1,BALANCE SHEET,Shareholders' Equity,shareholders_equity,Tk mn,2024,-192502.132631,-192502.132631,,,native_numeric,0,Dying_Cyrus_-_SOCB_V7__furnished_.xlsx,9,BB
bangladesh_krishi_bank_bkb,1,BALANCE SHEET,Shareholders' Equity,shareholders_equity,Tk mn,2025,-274919.844523,-274919.844523,,,native_numeric,0,Dying_Cyrus_-_SOCB_V7__furnished_.xlsx,9,BC
bangladesh_krishi_bank_bkb,1,BALANCE SHEET,Shareholders' Equity,shareholders_equity,Tk mn,2026,,,,,missing,0,Dying_Cyrus_-_SOCB_V7__furnished_.xlsx,9,BD
bangladesh_krishi_bank_bkb,1,INCOME STATEMENT,Net Interest Income,net_interest_income,Tk mn,1973,,,,,missing,0,Dying_Cyrus_-_SOCB_V7__furnished_.xlsx,11,C
bangladesh_krishi_bank_bkb,1,INCOME STATEMENT,Net Interest Income,net_interest_income,Tk mn,1974,,,,,missing,0,Dying_Cyrus_-_SOCB_V7__furnished_.xlsx,11,D
bangladesh_krishi_bank_bkb,1,INCOME STATEMENT,Net Interest Income,net_interest_income,Tk mn,1975,,,,,missing,0,Dying_Cyrus_-_SOCB_V7__furnished_.xlsx,11,E
bangladesh_krishi_bank_bkb,1,INCOME STATEMENT,Net Interest Income,net_interest_income,Tk mn,1976,,,,,missing,0,Dying_Cyrus_-_SOCB_V7__furnished_.xlsx,11,F
bangladesh_krishi_bank_bkb,1,INCOME STATEMENT,Net Interest Income,net_interest_income,Tk mn,1977,,,,,missing,0,Dying_Cyrus_-_SOCB_V7__furnished_.xlsx,11,G
bangladesh_krishi_bank_bkb,1,INCOME STATEMENT,Net Interest Income,net_interest_income,Tk mn,1978,,,,,missing,0,Dying_Cyrus_-_SOCB_V7__furnished_.xlsx,11,H
bangladesh_krishi_bank_bkb,1,INCOME STATEMENT,Net Interest Income,net_interest_income,Tk mn,1979,,,,,missing,0,Dying_Cyrus_-_SOCB_V7__furnished_.xlsx,11,I
bangladesh_krishi_bank_bkb,1,INCOME STATEMENT,Net Interest Income,net_interest_income,Tk mn,1980,,,,,missing,0,Dying_Cyrus_-_SOCB_V7__furnished_.xlsx,11,J
bangladesh_krishi_bank_bkb,1,INCOME STATEMENT,Net Interest Income,net_interest_income,Tk mn,1981,,,,,missing,0,Dying_Cyrus_-_SOCB_V7__furnished_.xlsx,11,K
bangladesh_krishi_bank_bkb,1,INCOME STATEMENT,Net Interest Income,net_interest_income,Tk mn,1982,,,,,missing,0,Dying_Cyrus_-_SOCB_V7__furnished_.xlsx,11,L
bangladesh_krishi_bank_bkb,1,INCOME STATEMENT,Net Interest Income,net_interest_income,Tk mn,1983,,,,,missing,0,Dying_Cyrus_-_SOCB_V7__furnished_.xlsx,11,M
bangladesh_krishi_bank_bkb,1,INCOME STATEMENT,Net Interest Income,net_interest_income,Tk mn,1984,,,,,missing,0,Dying_Cyrus_-_SOCB_V7__furnished_.xlsx,11,N
bangladesh_krishi_bank_bkb,1,INCOME STATEMENT,Net Interest Income,net_interest_income,Tk mn,1985,,,,,missing,0,Dying_Cyrus_-_SOCB_V7__furnished_.xlsx,11,O
bangladesh_krishi_bank_bkb,1,INCOME STATEMENT,Net Interest Income,net_interest_income,Tk mn,1986,,,,,missing,0,Dying_Cyrus_-_SOCB_V7__furnished_.xlsx,11,P
bangladesh_krishi_bank_bkb,1,INCOME STATEMENT,Net Interest Income,net_interest_income,Tk mn,1987,,,,,missing,0,Dying_Cyrus_-_SOCB_V7__furnished_.xlsx,11,Q
bangladesh_krishi_bank_bkb,1,INCOME STATEMENT,Net Interest Income,net_interest_income,Tk mn,1988,,,,,missing,0,Dying_Cyrus_-_SOCB_V7__furnished_.xlsx,11,R
bangladesh_krishi_bank_bkb,1,INCOME STATEMENT,Net Interest Income,net_interest_income,Tk mn,1989,,,,,missing,0,Dying_Cyrus_-_SOCB_V7__furnished_.xlsx,11,S
bangladesh_krishi_bank_bkb,1,INCOME STATEMENT,Net Interest Income,net_interest_income,Tk mn,1990,,,,,missing,0,Dying_Cyrus_-_SOCB_V7__furnished_.xlsx,11,T
bangladesh_krishi_bank_bkb,1,INCOME STATEMENT,Net Interest Income,net_interest_income,Tk mn,1991,,,,,missing,0,Dying_Cyrus_-_SOCB_V7__furnished_.xlsx,11,U
bangladesh_krishi_bank_bkb,1,INCOME STATEMENT,Net Interest Income,net_interest_income,Tk mn,1992,,,,,missing,0,Dying_Cyrus_-_SOCB_V7__furnished_.xlsx,11,V
bangladesh_krishi_bank_bkb,1,INCOME STATEMENT,Net Interest Income,net_interest_income,Tk mn,1993,,,,,missing,0,Dying_Cyrus_-_SOCB_V7__furnished_.xlsx,11,W
bangladesh_krishi_bank_bkb,1,INCOME STATEMENT,Net Interest Income,net_interest_income,Tk mn,1994,,,,,missing,0,Dying_Cyrus_-_SOCB_V7__furnished_.xlsx,11,X
bangladesh_krishi_bank_bkb,1,INCOME STATEMENT,Net Interest Income,net_interest_income,Tk mn,1995,,,,,missing,0,Dying_Cyrus_-_SOCB_V7__furnished_.xlsx,11,Y
bangladesh_krishi_bank_bkb,1,INCOME STATEMENT,Net Interest Income,net_interest_income,Tk mn,1996,,,,,missing,0,Dying_Cyrus_-_SOCB_V7__furnished_.xlsx,11,Z
bangladesh_krishi_bank_bkb,1,INCOME STATEMENT,Net Interest Income,net_interest_income,Tk mn,1997,,,,,missing,0,Dying_Cyrus_-_SOCB_V7__furnished_.xlsx,11,AA
bangladesh_krishi_bank_bkb,1,INCOME STATEMENT,Net Interest Income,net_interest_income,Tk mn,1998,,,,,missing,0,Dying_Cyrus_-_SOCB_V7__furnished_.xlsx,11,AB
bangladesh_krishi_bank_bkb,1,INCOME STATEMENT,Net Interest Income,net_interest_income,Tk mn,1999,,,,,missing,0,Dying_Cyrus_-_SOCB_V7__furnished_.xlsx,11,AC
bangladesh_krishi_bank_bkb,1,INCOME STATEMENT,Net Interest Income,net_interest_income,Tk mn,2000,,,,,missing,0,Dying_Cyrus_-_SOCB_V7__furnished_.xlsx,11,AD
bangladesh_krishi_bank_bkb,1,INCOME STATEMENT,Net Interest Income,net_interest_income,Tk mn,2001,,,,,missing,0,Dying_Cyrus_-_SOCB_V7__furnished_.xlsx,11,AE
bangladesh_krishi_bank_bkb,1,INCOME STATEMENT,Net Interest Income,net_interest_income,Tk mn,2002,,,,,missing,0,Dying_Cyrus_-_SOCB_V7__furnished_.xlsx,11,AF
bangladesh_krishi_bank_bkb,1,INCOME STATEMENT,Net Interest Income,net_interest_income,Tk mn,2003,,,,,missing,0,Dying_Cyrus_-_SOCB_V7__furnished_.xlsx,11,AG
bangladesh_krishi_bank_bkb,1,INCOME STATEMENT,Net Interest Income,net_interest_income,Tk mn,2004,,,,,missing,0,Dying_Cyrus_-_SOCB_V7__furnished_.xlsx,11,AH
bangladesh_krishi_bank_bkb,1,INCOME STATEMENT,Net Interest Income,net_interest_income,Tk mn,2005,,,,,missing,0,Dying_Cyrus_-_SOCB_V7__furnished_.xlsx,11,AI
bangladesh_krishi_bank_bkb,1,INCOME STATEMENT,Net Interest Income,net_interest_income,Tk mn,2006,,,,,missing,0,Dying_Cyrus_-_SOCB_V7__furnished_.xlsx,11,AJ
bangladesh_krishi_bank_bkb,1,INCOME STATEMENT,Net Interest Income,net_interest_income,Tk mn,2007,,,,,missing,0,Dying_Cyrus_-_SOCB_V7__furnished_.xlsx,11,AK
bangladesh_krishi_bank_bkb,1,INCOME STATEMENT,Net Interest Income,net_interest_income,Tk mn,2008,,,,,missing,0,Dying_Cyrus_-_SOCB_V7__furnished_.xlsx,11,AL
bangladesh_krishi_bank_bkb,1,INCOME STATEMENT,Net Interest Income,net_interest_income,Tk mn,2009,,,,,missing,0,Dying_Cyrus_-_SOCB_V7__furnished_.xlsx,11,AM
bangladesh_krishi_bank_bkb,1,INCOME STATEMENT,Net Interest Income,net_interest_income,Tk mn,2010,3012.809322,3012.809322,,,native_numeric,0,Dying_Cyrus_-_SOCB_V7__furnished_.xlsx,11,AN
bangladesh_krishi_bank_bkb,1,INCOME STATEMENT,Net Interest Income,net_interest_income,Tk mn,2011,1569.606685,1569.606685,,,native_numeric,0,Dying_Cyrus_-_SOCB_V7__furnished_.xlsx,11,AO
bangladesh_krishi_bank_bkb,1,INCOME STATEMENT,Net Interest Income,net_interest_income,Tk mn,2012,1278.665837,1278.665837,,,native_numeric,0,Dying_Cyrus_-_SOCB_V7__furnished_.xlsx,11,AP
bangladesh_krishi_bank_bkb,1,INCOME STATEMENT,Net Interest Income,net_interest_income,Tk mn,2013,-369.887398,-369.887398,,,native_numeric,0,Dying_Cyrus_-_SOCB_V7__furnished_.xlsx,11,AQ
bangladesh_krishi_bank_bkb,1,INCOME STATEMENT,Net Interest Income,net_interest_income,Tk mn,2014,-173.08719,-173.08719,,,native_numeric,0,Dying_Cyrus_-_SOCB_V7__furnished_.xlsx,11,AR
bangladesh_krishi_bank_bkb,1,INCOME STATEMENT,Net Interest Income,net_interest_income,Tk mn,2015,392.36278,392.36278,,,native_numeric,0,Dying_Cyrus_-_SOCB_V7__furnished_.xlsx,11,AS
bangladesh_krishi_bank_bkb,1,INCOME STATEMENT,Net Interest Income,net_interest_income,Tk mn,2016,211.317089,211.317089,,,native_numeric,0,Dying_Cyrus_-_SOCB_V7__furnished_.xlsx,11,AT
bangladesh_krishi_bank_bkb,1,INCOME STATEMENT,Net Interest Income,net_interest_income,Tk mn,2017,2092.475769,2092.475769,,,native_numeric,0,Dying_Cyrus_-_SOCB_V7__furnished_.xlsx,11,AU
bangladesh_krishi_bank_bkb,1,INCOME STATEMENT,Net Interest Income,net_interest_income,Tk mn,2018,579.91135,579.91135,,,native_numeric,0,Dying_Cyrus_-_SOCB_V7__furnished_.xlsx,11,AV
bangladesh_krishi_bank_bkb,1,INCOME STATEMENT,Net Interest Income,net_interest_income,Tk mn,2019,-967.374655,-967.374655,,,native_numeric,0,Dying_Cyrus_-_SOCB_V7__furnished_.xlsx,11,AW
bangladesh_krishi_bank_bkb,1,INCOME STATEMENT,Net Interest Income,net_interest_income,Tk mn,2020,-3997.887225,-3997.887225,,,native_numeric,0,Dying_Cyrus_-_SOCB_V7__furnished_.xlsx,11,AX
bangladesh_krishi_bank_bkb,1,INCOME STATEMENT,Net Interest Income,net_interest_income,Tk mn,2021,-3847.129526,-3847.129526,,,native_numeric,0,Dying_Cyrus_-_SOCB_V7__furnished_.xlsx,11,AY
bangladesh_krishi_bank_bkb,1,INCOME STATEMENT,Net Interest Income,net_interest_income,Tk mn,2022,-4439.308412,-4439.308412,,,native_numeric,0,Dying_Cyrus_-_SOCB_V7__furnished_.xlsx,11,AZ
bangladesh_krishi_bank_bkb,1,INCOME STATEMENT,Net Interest Income,net_interest_income,Tk mn,2023,-4711.086012,-4711.086012,,,native_numeric,0,Dying_Cyrus_-_SOCB_V7__furnished_.xlsx,11,BA
bangladesh_krishi_bank_bkb,1,INCOME STATEMENT,Net Interest Income,net_interest_income,Tk mn,2024,-4255.774026,-4255.774026,,,native_numeric,0,Dying_Cyrus_-_SOCB_V7__furnished_.xlsx,11,BB
bangladesh_krishi_bank_bkb,1,INCOME STATEMENT,Net Interest Income,net_interest_income,Tk mn,2025,-9592.527119,-9592.527119,,,native_numeric,0,Dying_Cyrus_-_SOCB_V7__furnished_.xlsx,11,BC
bangladesh_krishi_bank_bkb,1,INCOME STATEMENT,Net Interest Income,net_interest_income,Tk mn,2026,,,,,missing,0,Dying_Cyrus_-_SOCB_V7__furnished_.xlsx,11,BD
bangladesh_krishi_bank_bkb,1,INCOME STATEMENT,Non-Interest Income,non_interest_income,Tk mn,1973,,,,,missing,0,Dying_Cyrus_-_SOCB_V7__furnished_.xlsx,12,C
bangladesh_krishi_bank_bkb,1,INCOME STATEMENT,Non-Interest Income,non_interest_income,Tk mn,1974,,,,,missing,0,Dying_Cyrus_-_SOCB_V7__furnished_.xlsx,12,D
bangladesh_krishi_bank_bkb,1,INCOME STATEMENT,Non-Interest Income,non_interest_income,Tk mn,1975,,,,,missing,0,Dying_Cyrus_-_SOCB_V7__furnished_.xlsx,12,E
bangladesh_krishi_bank_bkb,1,INCOME STATEMENT,Non-Interest Income,non_interest_income,Tk mn,1976,,,,,missing,0,Dying_Cyrus_-_SOCB_V7__furnished_.xlsx,12,F
bangladesh_krishi_bank_bkb,1,INCOME STATEMENT,Non-Interest Income,non_interest_income,Tk mn,1977,,,,,missing,0,Dying_Cyrus_-_SOCB_V7__furnished_.xlsx,12,G
bangladesh_krishi_bank_bkb,1,INCOME STATEMENT,Non-Interest Income,non_interest_income,Tk mn,1978,,,,,missing,0,Dying_Cyrus_-_SOCB_V7__furnished_.xlsx,12,H
bangladesh_krishi_bank_bkb,1,INCOME STATEMENT,Non-Interest Income,non_interest_income,Tk mn,1979,,,,,missing,0,Dying_Cyrus_-_SOCB_V7__furnished_.xlsx,12,I
bangladesh_krishi_bank_bkb,1,INCOME STATEMENT,Non-Interest Income,non_interest_income,Tk mn,1980,,,,,missing,0,Dying_Cyrus_-_SOCB_V7__furnished_.xlsx,12,J
bangladesh_krishi_bank_bkb,1,INCOME STATEMENT,Non-Interest Income,non_interest_income,Tk mn,1981,,,,,missing,0,Dying_Cyrus_-_SOCB_V7__furnished_.xlsx,12,K
bangladesh_krishi_bank_bkb,1,INCOME STATEMENT,Non-Interest Income,non_interest_income,Tk mn,1982,,,,,missing,0,Dying_Cyrus_-_SOCB_V7__furnished_.xlsx,12,L
bangladesh_krishi_bank_bkb,1,INCOME STATEMENT,Non-Interest Income,non_interest_income,Tk mn,1983,,,,,missing,0,Dying_Cyrus_-_SOCB_V7__furnished_.xlsx,12,M
bangladesh_krishi_bank_bkb,1,INCOME STATEMENT,Non-Interest Income,non_interest_income,Tk mn,1984,,,,,missing,0,Dying_Cyrus_-_SOCB_V7__furnished_.xlsx,12,N
bangladesh_krishi_bank_bkb,1,INCOME STATEMENT,Non-Interest Income,non_interest_income,Tk mn,1985,,,,,missing,0,Dying_Cyrus_-_SOCB_V7__furnished_.xlsx,12,O
bangladesh_krishi_bank_bkb,1,INCOME STATEMENT,Non-Interest Income,non_interest_income,Tk mn,1986,,,,,missing,0,Dying_Cyrus_-_SOCB_V7__furnished_.xlsx,12,P
bangladesh_krishi_bank_bkb,1,INCOME STATEMENT,Non-Interest Income,non_interest_income,Tk mn,1987,,,,,missing,0,Dying_Cyrus_-_SOCB_V7__furnished_.xlsx,12,Q
bangladesh_krishi_bank_bkb,1,INCOME STATEMENT,Non-Interest Income,non_interest_income,Tk mn,1988,,,,,missing,0,Dying_Cyrus_-_SOCB_V7__furnished_.xlsx,12,R
bangladesh_krishi_bank_bkb,1,INCOME STATEMENT,Non-Interest Income,non_interest_income,Tk mn,1989,,,,,missing,0,Dying_Cyrus_-_SOCB_V7__furnished_.xlsx,12,S
bangladesh_krishi_bank_bkb,1,INCOME STATEMENT,Non-Interest Income,non_interest_income,Tk mn,1990,,,,,missing,0,Dying_Cyrus_-_SOCB_V7__furnished_.xlsx,12,T
bangladesh_krishi_bank_bkb,1,INCOME STATEMENT,Non-Interest Income,non_interest_income,Tk mn,1991,,,,,missing,0,Dying_Cyrus_-_SOCB_V7__furnished_.xlsx,12,U
bangladesh_krishi_bank_bkb,1,INCOME STATEMENT,Non-Interest Income,non_interest_income,Tk mn,1992,,,,,missing,0,Dying_Cyrus_-_SOCB_V7__furnished_.xlsx,12,V
bangladesh_krishi_bank_bkb,1,INCOME STATEMENT,Non-Interest Income,non_interest_income,Tk mn,1993,,,,,missing,0,Dying_Cyrus_-_SOCB_V7__furnished_.xlsx,12,W
bangladesh_krishi_bank_bkb,1,INCOME STATEMENT,Non-Interest Income,non_interest_income,Tk mn,1994,,,,,missing,0,Dying_Cyrus_-_SOCB_V7__furnished_.xlsx,12,X
bangladesh_krishi_bank_bkb,1,INCOME STATEMENT,Non-Interest Income,non_interest_income,Tk mn,1995,,,,,missing,0,Dying_Cyrus_-_SOCB_V7__furnished_.xlsx,12,Y
bangladesh_krishi_bank_bkb,1,INCOME STATEMENT,Non-Interest Income,non_interest_income,Tk mn,1996,,,,,missing,0,Dying_Cyrus_-_SOCB_V7__furnished_.xlsx,12,Z
bangladesh_krishi_bank_bkb,1,INCOME STATEMENT,Non-Interest Income,non_interest_income,Tk mn,1997,,,,,missing,0,Dying_Cyrus_-_SOCB_V7__furnished_.xlsx,12,AA
bangladesh_krishi_bank_bkb,1,INCOME STATEMENT,Non-Interest Income,non_interest_income,Tk mn,1998,,,,,missing,0,Dying_Cyrus_-_SOCB_V7__furnished_.xlsx,12,AB
bangladesh_krishi_bank_bkb,1,INCOME STATEMENT,Non-Interest Income,non_interest_income,Tk mn,1999,,,,,missing,0,Dying_Cyrus_-_SOCB_V7__furnished_.xlsx,12,AC
bangladesh_krishi_bank_bkb,1,INCOME STATEMENT,Non-Interest Income,non_interest_income,Tk mn,2000,,,,,missing,0,Dying_Cyrus_-_SOCB_V7__furnished_.xlsx,12,AD
bangladesh_krishi_bank_bkb,1,INCOME STATEMENT,Non-Interest Income,non_interest_income,Tk mn,2001,,,,,missing,0,Dying_Cyrus_-_SOCB_V7__furnished_.xlsx,12,AE
bangladesh_krishi_bank_bkb,1,INCOME STATEMENT,Non-Interest Income,non_interest_income,Tk mn,2002,,,,,missing,0,Dying_Cyrus_-_SOCB_V7__furnished_.xlsx,12,AF
bangladesh_krishi_bank_bkb,1,INCOME STATEMENT,Non-Interest Income,non_interest_income,Tk mn,2003,,,,,missing,0,Dying_Cyrus_-_SOCB_V7__furnished_.xlsx,12,AG
bangladesh_krishi_bank_bkb,1,INCOME STATEMENT,Non-Interest Income,non_interest_income,Tk mn,2004,,,,,missing,0,Dying_Cyrus_-_SOCB_V7__furnished_.xlsx,12,AH
bangladesh_krishi_bank_bkb,1,INCOME STATEMENT,Non-Interest Income,non_interest_income,Tk mn,2005,,,,,missing,0,Dying_Cyrus_-_SOCB_V7__furnished_.xlsx,12,AI
bangladesh_krishi_bank_bkb,1,INCOME STATEMENT,Non-Interest Income,non_interest_income,Tk mn,2006,,,,,missing,0,Dying_Cyrus_-_SOCB_V7__furnished_.xlsx,12,AJ
bangladesh_krishi_bank_bkb,1,INCOME STATEMENT,Non-Interest Income,non_interest_income,Tk mn,2007,,,,,missing,0,Dying_Cyrus_-_SOCB_V7__furnished_.xlsx,12,AK
bangladesh_krishi_bank_bkb,1,INCOME STATEMENT,Non-Interest Income,non_interest_income,Tk mn,2008,,,,,missing,0,Dying_Cyrus_-_SOCB_V7__furnished_.xlsx,12,AL
bangladesh_krishi_bank_bkb,1,INCOME STATEMENT,Non-Interest Income,non_interest_income,Tk mn,2009,,,,,missing,0,Dying_Cyrus_-_SOCB_V7__furnished_.xlsx,12,AM
bangladesh_krishi_bank_bkb,1,INCOME STATEMENT,Non-Interest Income,non_interest_income,Tk mn,2010,1345.113089,1345.113089,,,native_numeric,0,Dying_Cyrus_-_SOCB_V7__furnished_.xlsx,12,AN
bangladesh_krishi_bank_bkb,1,INCOME STATEMENT,Non-Interest Income,non_interest_income,Tk mn,2011,2106.150377,2106.150377,,,native_numeric,0,Dying_Cyrus_-_SOCB_V7__furnished_.xlsx,12,AO
bangladesh_krishi_bank_bkb,1,INCOME STATEMENT,Non-Interest Income,non_interest_income,Tk mn,2012,2249.2226,2249.2226,,,native_numeric,0,Dying_Cyrus_-_SOCB_V7__furnished_.xlsx,12,AP
bangladesh_krishi_bank_bkb,1,INCOME STATEMENT,Non-Interest Income,non_interest_income,Tk mn,2013,1667.197276,1667.197276,,,native_numeric,0,Dying_Cyrus_-_SOCB_V7__furnished_.xlsx,12,AQ
bangladesh_krishi_bank_bkb,1,INCOME STATEMENT,Non-Interest Income,non_interest_income,Tk mn,2014,1408.775558,1408.775558,,,native_numeric,0,Dying_Cyrus_-_SOCB_V7__furnished_.xlsx,12,AR
bangladesh_krishi_bank_bkb,1,INCOME STATEMENT,Non-Interest Income,non_interest_income,Tk mn,2015,1510.576037,1510.576037,,,native_numeric,0,Dying_Cyrus_-_SOCB_V7__furnished_.xlsx,12,AS
bangladesh_krishi_bank_bkb,1,INCOME STATEMENT,Non-Interest Income,non_interest_income,Tk mn,2016,1450.834888,1450.834888,,,native_numeric,0,Dying_Cyrus_-_SOCB_V7__furnished_.xlsx,12,AT
bangladesh_krishi_bank_bkb,1,INCOME STATEMENT,Non-Interest Income,non_interest_income,Tk mn,2017,1056.665212,1056.665212,,,native_numeric,0,Dying_Cyrus_-_SOCB_V7__furnished_.xlsx,12,AU
bangladesh_krishi_bank_bkb,1,INCOME STATEMENT,Non-Interest Income,non_interest_income,Tk mn,2018,916.300204,916.300204,,,native_numeric,0,Dying_Cyrus_-_SOCB_V7__furnished_.xlsx,12,AV
bangladesh_krishi_bank_bkb,1,INCOME STATEMENT,Non-Interest Income,non_interest_income,Tk mn,2019,1008.24856,1008.24856,,,native_numeric,0,Dying_Cyrus_-_SOCB_V7__furnished_.xlsx,12,AW
bangladesh_krishi_bank_bkb,1,INCOME STATEMENT,Non-Interest Income,non_interest_income,Tk mn,2020,924.218978,924.218978,,,native_numeric,0,Dying_Cyrus_-_SOCB_V7__furnished_.xlsx,12,AX
bangladesh_krishi_bank_bkb,1,INCOME STATEMENT,Non-Interest Income,non_interest_income,Tk mn,2021,876.050726,876.050726,,,native_numeric,0,Dying_Cyrus_-_SOCB_V7__furnished_.xlsx,12,AY
bangladesh_krishi_bank_bkb,1,INCOME STATEMENT,Non-Interest Income,non_interest_income,Tk mn,2022,940.361312,940.361312,,,native_numeric,0,Dying_Cyrus_-_SOCB_V7__furnished_.xlsx,12,AZ
bangladesh_krishi_bank_bkb,1,INCOME STATEMENT,Non-Interest Income,non_interest_income,Tk mn,2023,1278.552539,1278.552539,,,native_numeric,0,Dying_Cyrus_-_SOCB_V7__furnished_.xlsx,12,BA
bangladesh_krishi_bank_bkb,1,INCOME STATEMENT,Non-Interest Income,non_interest_income,Tk mn,2024,3070.420183,3070.420183,,,native_numeric,0,Dying_Cyrus_-_SOCB_V7__furnished_.xlsx,12,BB
bangladesh_krishi_bank_bkb,1,INCOME STATEMENT,Non-Interest Income,non_interest_income,Tk mn,2025,4574.733769,4574.733769,,,native_numeric,0,Dying_Cyrus_-_SOCB_V7__furnished_.xlsx,12,BC
bangladesh_krishi_bank_bkb,1,INCOME STATEMENT,Non-Interest Income,non_interest_income,Tk mn,2026,,,,,missing,0,Dying_Cyrus_-_SOCB_V7__furnished_.xlsx,12,BD
bangladesh_krishi_bank_bkb,1,INCOME STATEMENT,Net Profit After Tax,net_profit_after_tax,Tk mn,1973,,,,,missing,0,Dying_Cyrus_-_SOCB_V7__furnished_.xlsx,13,C
bangladesh_krishi_bank_bkb,1,INCOME STATEMENT,Net Profit After Tax,net_profit_after_tax,Tk mn,1974,,,,,missing,0,Dying_Cyrus_-_SOCB_V7__furnished_.xlsx,13,D
bangladesh_krishi_bank_bkb,1,INCOME STATEMENT,Net Profit After Tax,net_profit_after_tax,Tk mn,1975,,,,,missing,0,Dying_Cyrus_-_SOCB_V7__furnished_.xlsx,13,E
bangladesh_krishi_bank_bkb,1,INCOME STATEMENT,Net Profit After Tax,net_profit_after_tax,Tk mn,1976,,,,,missing,0,Dying_Cyrus_-_SOCB_V7__furnished_.xlsx,13,F
bangladesh_krishi_bank_bkb,1,INCOME STATEMENT,Net Profit After Tax,net_profit_after_tax,Tk mn,1977,,,,,missing,0,Dying_Cyrus_-_SOCB_V7__furnished_.xlsx,13,G
bangladesh_krishi_bank_bkb,1,INCOME STATEMENT,Net Profit After Tax,net_profit_after_tax,Tk mn,1978,,,,,missing,0,Dying_Cyrus_-_SOCB_V7__furnished_.xlsx,13,H
bangladesh_krishi_bank_bkb,1,INCOME STATEMENT,Net Profit After Tax,net_profit_after_tax,Tk mn,1979,,,,,missing,0,Dying_Cyrus_-_SOCB_V7__furnished_.xlsx,13,I
bangladesh_krishi_bank_bkb,1,INCOME STATEMENT,Net Profit After Tax,net_profit_after_tax,Tk mn,1980,,,,,missing,0,Dying_Cyrus_-_SOCB_V7__furnished_.xlsx,13,J
bangladesh_krishi_bank_bkb,1,INCOME STATEMENT,Net Profit After Tax,net_profit_after_tax,Tk mn,1981,,,,,missing,0,Dying_Cyrus_-_SOCB_V7__furnished_.xlsx,13,K
bangladesh_krishi_bank_bkb,1,INCOME STATEMENT,Net Profit After Tax,net_profit_after_tax,Tk mn,1982,,,,,missing,0,Dying_Cyrus_-_SOCB_V7__furnished_.xlsx,13,L
bangladesh_krishi_bank_bkb,1,INCOME STATEMENT,Net Profit After Tax,net_profit_after_tax,Tk mn,1983,,,,,missing,0,Dying_Cyrus_-_SOCB_V7__furnished_.xlsx,13,M
bangladesh_krishi_bank_bkb,1,INCOME STATEMENT,Net Profit After Tax,net_profit_after_tax,Tk mn,1984,,,,,missing,0,Dying_Cyrus_-_SOCB_V7__furnished_.xlsx,13,N
bangladesh_krishi_bank_bkb,1,INCOME STATEMENT,Net Profit After Tax,net_profit_after_tax,Tk mn,1985,,,,,missing,0,Dying_Cyrus_-_SOCB_V7__furnished_.xlsx,13,O
bangladesh_krishi_bank_bkb,1,INCOME STATEMENT,Net Profit After Tax,net_profit_after_tax,Tk mn,1986,,,,,missing,0,Dying_Cyrus_-_SOCB_V7__furnished_.xlsx,13,P
bangladesh_krishi_bank_bkb,1,INCOME STATEMENT,Net Profit After Tax,net_profit_after_tax,Tk mn,1987,,,,,missing,0,Dying_Cyrus_-_SOCB_V7__furnished_.xlsx,13,Q
bangladesh_krishi_bank_bkb,1,INCOME STATEMENT,Net Profit After Tax,net_profit_after_tax,Tk mn,1988,,,,,missing,0,Dying_Cyrus_-_SOCB_V7__furnished_.xlsx,13,R
bangladesh_krishi_bank_bkb,1,INCOME STATEMENT,Net Profit After Tax,net_profit_after_tax,Tk mn,1989,,,,,missing,0,Dying_Cyrus_-_SOCB_V7__furnished_.xlsx,13,S
bangladesh_krishi_bank_bkb,1,INCOME STATEMENT,Net Profit After Tax,net_profit_after_tax,Tk mn,1990,,,,,missing,0,Dying_Cyrus_-_SOCB_V7__furnished_.xlsx,13,T
bangladesh_krishi_bank_bkb,1,INCOME STATEMENT,Net Profit After Tax,net_profit_after_tax,Tk mn,1991,,,,,missing,0,Dying_Cyrus_-_SOCB_V7__furnished_.xlsx,13,U
bangladesh_krishi_bank_bkb,1,INCOME STATEMENT,Net Profit After Tax,net_profit_after_tax,Tk mn,1992,,,,,missing,0,Dying_Cyrus_-_SOCB_V7__furnished_.xlsx,13,V
bangladesh_krishi_bank_bkb,1,INCOME STATEMENT,Net Profit After Tax,net_profit_after_tax,Tk mn,1993,,,,,missing,0,Dying_Cyrus_-_SOCB_V7__furnished_.xlsx,13,W
bangladesh_krishi_bank_bkb,1,INCOME STATEMENT,Net Profit After Tax,net_profit_after_tax,Tk mn,1994,,,,,missing,0,Dying_Cyrus_-_SOCB_V7__furnished_.xlsx,13,X
bangladesh_krishi_bank_bkb,1,INCOME STATEMENT,Net Profit After Tax,net_profit_after_tax,Tk mn,1995,,,,,missing,0,Dying_Cyrus_-_SOCB_V7__furnished_.xlsx,13,Y
bangladesh_krishi_bank_bkb,1,INCOME STATEMENT,Net Profit After Tax,net_profit_after_tax,Tk mn,1996,,,,,missing,0,Dying_Cyrus_-_SOCB_V7__furnished_.xlsx,13,Z
bangladesh_krishi_bank_bkb,1,INCOME STATEMENT,Net Profit After Tax,net_profit_after_tax,Tk mn,1997,,,,,missing,0,Dying_Cyrus_-_SOCB_V7__furnished_.xlsx,13,AA
bangladesh_krishi_bank_bkb,1,INCOME STATEMENT,Net Profit After Tax,net_profit_after_tax,Tk mn,1998,,,,,missing,0,Dying_Cyrus_-_SOCB_V7__furnished_.xlsx,13,AB
bangladesh_krishi_bank_bkb,1,INCOME STATEMENT,Net Profit After Tax,net_profit_after_tax,Tk mn,1999,,,,,missing,0,Dying_Cyrus_-_SOCB_V7__furnished_.xlsx,13,AC
bangladesh_krishi_bank_bkb,1,INCOME STATEMENT,Net Profit After Tax,net_profit_after_tax,Tk mn,2000,,,,,missing,0,Dying_Cyrus_-_SOCB_V7__furnished_.xlsx,13,AD
bangladesh_krishi_bank_bkb,1,INCOME STATEMENT,Net Profit After Tax,net_profit_after_tax,Tk mn,2001,,,,,missing,0,Dying_Cyrus_-_SOCB_V7__furnished_.xlsx,13,AE
bangladesh_krishi_bank_bkb,1,INCOME STATEMENT,Net Profit After Tax,net_profit_after_tax,Tk mn,2002,,,,,missing,0,Dying_Cyrus_-_SOCB_V7__furnished_.xlsx,13,AF
bangladesh_krishi_bank_bkb,1,INCOME STATEMENT,Net Profit After Tax,net_profit_after_tax,Tk mn,2003,,,,,missing,0,Dying_Cyrus_-_SOCB_V7__furnished_.xlsx,13,AG
bangladesh_krishi_bank_bkb,1,INCOME STATEMENT,Net Profit After Tax,net_profit_after_tax,Tk mn,2004,,,,,missing,0,Dying_Cyrus_-_SOCB_V7__furnished_.xlsx,13,AH
bangladesh_krishi_bank_bkb,1,INCOME STATEMENT,Net Profit After Tax,net_profit_after_tax,Tk mn,2005,,,,,missing,0,Dying_Cyrus_-_SOCB_V7__furnished_.xlsx,13,AI
bangladesh_krishi_bank_bkb,1,INCOME STATEMENT,Net Profit After Tax,net_profit_after_tax,Tk mn,2006,,,,,missing,0,Dying_Cyrus_-_SOCB_V7__furnished_.xlsx,13,AJ
bangladesh_krishi_bank_bkb,1,INCOME STATEMENT,Net Profit After Tax,net_profit_after_tax,Tk mn,2007,,,,,missing,0,Dying_Cyrus_-_SOCB_V7__furnished_.xlsx,13,AK
bangladesh_krishi_bank_bkb,1,INCOME STATEMENT,Net Profit After Tax,net_profit_after_tax,Tk mn,2008,,,,,missing,0,Dying_Cyrus_-_SOCB_V7__furnished_.xlsx,13,AL
bangladesh_krishi_bank_bkb,1,INCOME STATEMENT,Net Profit After Tax,net_profit_after_tax,Tk mn,2009,,,,,missing,0,Dying_Cyrus_-_SOCB_V7__furnished_.xlsx,13,AM
bangladesh_krishi_bank_bkb,1,INCOME STATEMENT,Net Profit After Tax,net_profit_after_tax,Tk mn,2010,0.0,0.0,,,native_numeric,0,Dying_Cyrus_-_SOCB_V7__furnished_.xlsx,13,AN
bangladesh_krishi_bank_bkb,1,INCOME STATEMENT,Net Profit After Tax,net_profit_after_tax,Tk mn,2011,-1542.785459,-1542.785459,,,native_numeric,0,Dying_Cyrus_-_SOCB_V7__furnished_.xlsx,13,AO
bangladesh_krishi_bank_bkb,1,INCOME STATEMENT,Net Profit After Tax,net_profit_after_tax,Tk mn,2012,-1404.042246,-1404.042246,,,native_numeric,0,Dying_Cyrus_-_SOCB_V7__furnished_.xlsx,13,AP
bangladesh_krishi_bank_bkb,1,INCOME STATEMENT,Net Profit After Tax,net_profit_after_tax,Tk mn,2013,-3896.843917,-3896.843917,,,native_numeric,0,Dying_Cyrus_-_SOCB_V7__furnished_.xlsx,13,AQ
bangladesh_krishi_bank_bkb,1,INCOME STATEMENT,Net Profit After Tax,net_profit_after_tax,Tk mn,2014,-29910.506762,-29910.506762,,,native_numeric,0,Dying_Cyrus_-_SOCB_V7__furnished_.xlsx,13,AR
bangladesh_krishi_bank_bkb,1,INCOME STATEMENT,Net Profit After Tax,net_profit_after_tax,Tk mn,2015,-2152.536327,-2152.536327,,,native_numeric,0,Dying_Cyrus_-_SOCB_V7__furnished_.xlsx,13,AS
bangladesh_krishi_bank_bkb,1,INCOME STATEMENT,Net Profit After Tax,net_profit_after_tax,Tk mn,2016,-6787.437312,-6787.437312,,,native_numeric,0,Dying_Cyrus_-_SOCB_V7__furnished_.xlsx,13,AT
bangladesh_krishi_bank_bkb,1,INCOME STATEMENT,Net Profit After Tax,net_profit_after_tax,Tk mn,2017,-5658.682967,-5658.682967,,,native_numeric,0,Dying_Cyrus_-_SOCB_V7__furnished_.xlsx,13,AU
bangladesh_krishi_bank_bkb,1,INCOME STATEMENT,Net Profit After Tax,net_profit_after_tax,Tk mn,2018,-6258.476618,-6258.476618,,,native_numeric,0,Dying_Cyrus_-_SOCB_V7__furnished_.xlsx,13,AV
bangladesh_krishi_bank_bkb,1,INCOME STATEMENT,Net Profit After Tax,net_profit_after_tax,Tk mn,2019,-6793.244929,-6793.244929,,,native_numeric,0,Dying_Cyrus_-_SOCB_V7__furnished_.xlsx,13,AW
bangladesh_krishi_bank_bkb,1,INCOME STATEMENT,Net Profit After Tax,net_profit_after_tax,Tk mn,2020,-12411.809746,-12411.809746,,,native_numeric,0,Dying_Cyrus_-_SOCB_V7__furnished_.xlsx,13,AX
bangladesh_krishi_bank_bkb,1,INCOME STATEMENT,Net Profit After Tax,net_profit_after_tax,Tk mn,2021,-12825.190466,-12825.190466,,,native_numeric,0,Dying_Cyrus_-_SOCB_V7__furnished_.xlsx,13,AY
bangladesh_krishi_bank_bkb,1,INCOME STATEMENT,Net Profit After Tax,net_profit_after_tax,Tk mn,2022,-13363.788108,-13363.788108,,,native_numeric,0,Dying_Cyrus_-_SOCB_V7__furnished_.xlsx,13,AZ
bangladesh_krishi_bank_bkb,1,INCOME STATEMENT,Net Profit After Tax,net_profit_after_tax,Tk mn,2023,-23848.525208,-23848.525208,,,native_numeric,0,Dying_Cyrus_-_SOCB_V7__furnished_.xlsx,13,BA
bangladesh_krishi_bank_bkb,1,INCOME STATEMENT,Net Profit After Tax,net_profit_after_tax,Tk mn,2024,-65133.858558,-65133.858558,,,native_numeric,0,Dying_Cyrus_-_SOCB_V7__furnished_.xlsx,13,BB
bangladesh_krishi_bank_bkb,1,INCOME STATEMENT,Net Profit After Tax,net_profit_after_tax,Tk mn,2025,-82569.378558,-82569.378558,,,native_numeric,0,Dying_Cyrus_-_SOCB_V7__furnished_.xlsx,13,BC
bangladesh_krishi_bank_bkb,1,INCOME STATEMENT,Net Profit After Tax,net_profit_after_tax,Tk mn,2026,,,,,missing,0,Dying_Cyrus_-_SOCB_V7__furnished_.xlsx,13,BD
bangladesh_krishi_bank_bkb,1,PER-SHARE & PROFITABILITY,EPS,eps,BDT,1973,,,,,missing,0,Dying_Cyrus_-_SOCB_V7__furnished_.xlsx,15,C
bangladesh_krishi_bank_bkb,1,PER-SHARE & PROFITABILITY,EPS,eps,BDT,1974,,,,,missing,0,Dying_Cyrus_-_SOCB_V7__furnished_.xlsx,15,D
bangladesh_krishi_bank_bkb,1,PER-SHARE & PROFITABILITY,EPS,eps,BDT,1975,,,,,missing,0,Dying_Cyrus_-_SOCB_V7__furnished_.xlsx,15,E
bangladesh_krishi_bank_bkb,1,PER-SHARE & PROFITABILITY,EPS,eps,BDT,1976,,,,,missing,0,Dying_Cyrus_-_SOCB_V7__furnished_.xlsx,15,F
bangladesh_krishi_bank_bkb,1,PER-SHARE & PROFITABILITY,EPS,eps,BDT,1977,,,,,missing,0,Dying_Cyrus_-_SOCB_V7__furnished_.xlsx,15,G
bangladesh_krishi_bank_bkb,1,PER-SHARE & PROFITABILITY,EPS,eps,BDT,1978,,,,,missing,0,Dying_Cyrus_-_SOCB_V7__furnished_.xlsx,15,H
bangladesh_krishi_bank_bkb,1,PER-SHARE & PROFITABILITY,EPS,eps,BDT,1979,,,,,missing,0,Dying_Cyrus_-_SOCB_V7__furnished_.xlsx,15,I
bangladesh_krishi_bank_bkb,1,PER-SHARE & PROFITABILITY,EPS,eps,BDT,1980,,,,,missing,0,Dying_Cyrus_-_SOCB_V7__furnished_.xlsx,15,J
bangladesh_krishi_bank_bkb,1,PER-SHARE & PROFITABILITY,EPS,eps,BDT,1981,,,,,missing,0,Dying_Cyrus_-_SOCB_V7__furnished_.xlsx,15,K
bangladesh_krishi_bank_bkb,1,PER-SHARE & PROFITABILITY,EPS,eps,BDT,1982,,,,,missing,0,Dying_Cyrus_-_SOCB_V7__furnished_.xlsx,15,L
bangladesh_krishi_bank_bkb,1,PER-SHARE & PROFITABILITY,EPS,eps,BDT,1983,,,,,missing,0,Dying_Cyrus_-_SOCB_V7__furnished_.xlsx,15,M
bangladesh_krishi_bank_bkb,1,PER-SHARE & PROFITABILITY,EPS,eps,BDT,1984,,,,,missing,0,Dying_Cyrus_-_SOCB_V7__furnished_.xlsx,15,N
bangladesh_krishi_bank_bkb,1,PER-SHARE & PROFITABILITY,EPS,eps,BDT,1985,,,,,missing,0,Dying_Cyrus_-_SOCB_V7__furnished_.xlsx,15,O
bangladesh_krishi_bank_bkb,1,PER-SHARE & PROFITABILITY,EPS,eps,BDT,1986,,,,,missing,0,Dying_Cyrus_-_SOCB_V7__furnished_.xlsx,15,P
bangladesh_krishi_bank_bkb,1,PER-SHARE & PROFITABILITY,EPS,eps,BDT,1987,,,,,missing,0,Dying_Cyrus_-_SOCB_V7__furnished_.xlsx,15,Q
bangladesh_krishi_bank_bkb,1,PER-SHARE & PROFITABILITY,EPS,eps,BDT,1988,,,,,missing,0,Dying_Cyrus_-_SOCB_V7__furnished_.xlsx,15,R
bangladesh_krishi_bank_bkb,1,PER-SHARE & PROFITABILITY,EPS,eps,BDT,1989,,,,,missing,0,Dying_Cyrus_-_SOCB_V7__furnished_.xlsx,15,S
bangladesh_krishi_bank_bkb,1,PER-SHARE & PROFITABILITY,EPS,eps,BDT,1990,,,,,missing,0,Dying_Cyrus_-_SOCB_V7__furnished_.xlsx,15,T
bangladesh_krishi_bank_bkb,1,PER-SHARE & PROFITABILITY,EPS,eps,BDT,1991,,,,,missing,0,Dying_Cyrus_-_SOCB_V7__furnished_.xlsx,15,U
bangladesh_krishi_bank_bkb,1,PER-SHARE & PROFITABILITY,EPS,eps,BDT,1992,,,,,missing,0,Dying_Cyrus_-_SOCB_V7__furnished_.xlsx,15,V
bangladesh_krishi_bank_bkb,1,PER-SHARE & PROFITABILITY,EPS,eps,BDT,1993,,,,,missing,0,Dying_Cyrus_-_SOCB_V7__furnished_.xlsx,15,W
bangladesh_krishi_bank_bkb,1,PER-SHARE & PROFITABILITY,EPS,eps,BDT,1994,,,,,missing,0,Dying_Cyrus_-_SOCB_V7__furnished_.xlsx,15,X
bangladesh_krishi_bank_bkb,1,PER-SHARE & PROFITABILITY,EPS,eps,BDT,1995,,,,,missing,0,Dying_Cyrus_-_SOCB_V7__furnished_.xlsx,15,Y
bangladesh_krishi_bank_bkb,1,PER-SHARE & PROFITABILITY,EPS,eps,BDT,1996,,,,,missing,0,Dying_Cyrus_-_SOCB_V7__furnished_.xlsx,15,Z
bangladesh_krishi_bank_bkb,1,PER-SHARE & PROFITABILITY,EPS,eps,BDT,1997,,,,,missing,0,Dying_Cyrus_-_SOCB_V7__furnished_.xlsx,15,AA
bangladesh_krishi_bank_bkb,1,PER-SHARE & PROFITABILITY,EPS,eps,BDT,1998,,,,,missing,0,Dying_Cyrus_-_SOCB_V7__furnished_.xlsx,15,AB
bangladesh_krishi_bank_bkb,1,PER-SHARE & PROFITABILITY,EPS,eps,BDT,1999,,,,,missing,0,Dying_Cyrus_-_SOCB_V7__furnished_.xlsx,15,AC
bangladesh_krishi_bank_bkb,1,PER-SHARE & PROFITABILITY,EPS,eps,BDT,2000,,,,,missing,0,Dying_Cyrus_-_SOCB_V7__furnished_.xlsx,15,AD
bangladesh_krishi_bank_bkb,1,PER-SHARE & PROFITABILITY,EPS,eps,BDT,2001,,,,,missing,0,Dying_Cyrus_-_SOCB_V7__furnished_.xlsx,15,AE
bangladesh_krishi_bank_bkb,1,PER-SHARE & PROFITABILITY,EPS,eps,BDT,2002,,,,,missing,0,Dying_Cyrus_-_SOCB_V7__furnished_.xlsx,15,AF
bangladesh_krishi_bank_bkb,1,PER-SHARE & PROFITABILITY,EPS,eps,BDT,2003,,,,,missing,0,Dying_Cyrus_-_SOCB_V7__furnished_.xlsx,15,AG
bangladesh_krishi_bank_bkb,1,PER-SHARE & PROFITABILITY,EPS,eps,BDT,2004,,,,,missing,0,Dying_Cyrus_-_SOCB_V7__furnished_.xlsx,15,AH
bangladesh_krishi_bank_bkb,1,PER-SHARE & PROFITABILITY,EPS,eps,BDT,2005,,,,,missing,0,Dying_Cyrus_-_SOCB_V7__furnished_.xlsx,15,AI
bangladesh_krishi_bank_bkb,1,PER-SHARE & PROFITABILITY,EPS,eps,BDT,2006,,,,,missing,0,Dying_Cyrus_-_SOCB_V7__furnished_.xlsx,15,AJ
bangladesh_krishi_bank_bkb,1,PER-SHARE & PROFITABILITY,EPS,eps,BDT,2007,,,,,missing,0,Dying_Cyrus_-_SOCB_V7__furnished_.xlsx,15,AK
bangladesh_krishi_bank_bkb,1,PER-SHARE & PROFITABILITY,EPS,eps,BDT,2008,,,,,missing,0,Dying_Cyrus_-_SOCB_V7__furnished_.xlsx,15,AL
bangladesh_krishi_bank_bkb,1,PER-SHARE & PROFITABILITY,EPS,eps,BDT,2009,,,,,missing,0,Dying_Cyrus_-_SOCB_V7__furnished_.xlsx,15,AM
bangladesh_krishi_bank_bkb,1,PER-SHARE & PROFITABILITY,EPS,eps,BDT,2010,,,,,missing,0,Dying_Cyrus_-_SOCB_V7__furnished_.xlsx,15,AN
bangladesh_krishi_bank_bkb,1,PER-SHARE & PROFITABILITY,EPS,eps,BDT,2011,,,,,missing,0,Dying_Cyrus_-_SOCB_V7__furnished_.xlsx,15,AO
bangladesh_krishi_bank_bkb,1,PER-SHARE & PROFITABILITY,EPS,eps,BDT,2012,,,,,missing,0,Dying_Cyrus_-_SOCB_V7__furnished_.xlsx,15,AP
bangladesh_krishi_bank_bkb,1,PER-SHARE & PROFITABILITY,EPS,eps,BDT,2013,,,,,missing,0,Dying_Cyrus_-_SOCB_V7__furnished_.xlsx,15,AQ
bangladesh_krishi_bank_bkb,1,PER-SHARE & PROFITABILITY,EPS,eps,BDT,2014,,,,,missing,0,Dying_Cyrus_-_SOCB_V7__furnished_.xlsx,15,AR
bangladesh_krishi_bank_bkb,1,PER-SHARE & PROFITABILITY,EPS,eps,BDT,2015,,,,,missing,0,Dying_Cyrus_-_SOCB_V7__furnished_.xlsx,15,AS
bangladesh_krishi_bank_bkb,1,PER-SHARE & PROFITABILITY,EPS,eps,BDT,2016,,,,,missing,0,Dying_Cyrus_-_SOCB_V7__furnished_.xlsx,15,AT
bangladesh_krishi_bank_bkb,1,PER-SHARE & PROFITABILITY,EPS,eps,BDT,2017,,,,,missing,0,Dying_Cyrus_-_SOCB_V7__furnished_.xlsx,15,AU
bangladesh_krishi_bank_bkb,1,PER-SHARE & PROFITABILITY,EPS,eps,BDT,2018,,,,,missing,0,Dying_Cyrus_-_SOCB_V7__furnished_.xlsx,15,AV
bangladesh_krishi_bank_bkb,1,PER-SHARE & PROFITABILITY,EPS,eps,BDT,2019,,,,,missing,0,Dying_Cyrus_-_SOCB_V7__furnished_.xlsx,15,AW
bangladesh_krishi_bank_bkb,1,PER-SHARE & PROFITABILITY,EPS,eps,BDT,2020,,,,,missing,0,Dying_Cyrus_-_SOCB_V7__furnished_.xlsx,15,AX
bangladesh_krishi_bank_bkb,1,PER-SHARE & PROFITABILITY,EPS,eps,BDT,2021,,,,,missing,0,Dying_Cyrus_-_SOCB_V7__furnished_.xlsx,15,AY
bangladesh_krishi_bank_bkb,1,PER-SHARE & PROFITABILITY,EPS,eps,BDT,2022,,,,,missing,0,Dying_Cyrus_-_SOCB_V7__furnished_.xlsx,15,AZ
bangladesh_krishi_bank_bkb,1,PER-SHARE & PROFITABILITY,EPS,eps,BDT,2023,,,,,missing,0,Dying_Cyrus_-_SOCB_V7__furnished_.xlsx,15,BA
bangladesh_krishi_bank_bkb,1,PER-SHARE & PROFITABILITY,EPS,eps,BDT,2024,,,,,missing,0,Dying_Cyrus_-_SOCB_V7__furnished_.xlsx,15,BB
bangladesh_krishi_bank_bkb,1,PER-SHARE & PROFITABILITY,EPS,eps,BDT,2025,,,,,missing,0,Dying_Cyrus_-_SOCB_V7__furnished_.xlsx,15,BC
bangladesh_krishi_bank_bkb,1,PER-SHARE & PROFITABILITY,EPS,eps,BDT,2026,,,,,missing,0,Dying_Cyrus_-_SOCB_V7__furnished_.xlsx,15,BD
bangladesh_krishi_bank_bkb,1,PER-SHARE & PROFITABILITY,ROA %,roa_pct,%,1973,,,,fraction,missing,0,Dying_Cyrus_-_SOCB_V7__furnished_.xlsx,16,C
bangladesh_krishi_bank_bkb,1,PER-SHARE & PROFITABILITY,ROA %,roa_pct,%,1974,,,,fraction,missing,0,Dying_Cyrus_-_SOCB_V7__furnished_.xlsx,16,D
bangladesh_krishi_bank_bkb,1,PER-SHARE & PROFITABILITY,ROA %,roa_pct,%,1975,,,,fraction,missing,0,Dying_Cyrus_-_SOCB_V7__furnished_.xlsx,16,E
bangladesh_krishi_bank_bkb,1,PER-SHARE & PROFITABILITY,ROA %,roa_pct,%,1976,,,,fraction,missing,0,Dying_Cyrus_-_SOCB_V7__furnished_.xlsx,16,F
bangladesh_krishi_bank_bkb,1,PER-SHARE & PROFITABILITY,ROA %,roa_pct,%,1977,,,,fraction,missing,0,Dying_Cyrus_-_SOCB_V7__furnished_.xlsx,16,G
bangladesh_krishi_bank_bkb,1,PER-SHARE & PROFITABILITY,ROA %,roa_pct,%,1978,,,,fraction,missing,0,Dying_Cyrus_-_SOCB_V7__furnished_.xlsx,16,H
bangladesh_krishi_bank_bkb,1,PER-SHARE & PROFITABILITY,ROA %,roa_pct,%,1979,,,,fraction,missing,0,Dying_Cyrus_-_SOCB_V7__furnished_.xlsx,16,I
bangladesh_krishi_bank_bkb,1,PER-SHARE & PROFITABILITY,ROA %,roa_pct,%,1980,,,,fraction,missing,0,Dying_Cyrus_-_SOCB_V7__furnished_.xlsx,16,J
bangladesh_krishi_bank_bkb,1,PER-SHARE & PROFITABILITY,ROA %,roa_pct,%,1981,,,,fraction,missing,0,Dying_Cyrus_-_SOCB_V7__furnished_.xlsx,16,K
bangladesh_krishi_bank_bkb,1,PER-SHARE & PROFITABILITY,ROA %,roa_pct,%,1982,,,,fraction,missing,0,Dying_Cyrus_-_SOCB_V7__furnished_.xlsx,16,L
bangladesh_krishi_bank_bkb,1,PER-SHARE & PROFITABILITY,ROA %,roa_pct,%,1983,,,,fraction,missing,0,Dying_Cyrus_-_SOCB_V7__furnished_.xlsx,16,M
bangladesh_krishi_bank_bkb,1,PER-SHARE & PROFITABILITY,ROA %,roa_pct,%,1984,,,,fraction,missing,0,Dying_Cyrus_-_SOCB_V7__furnished_.xlsx,16,N
bangladesh_krishi_bank_bkb,1,PER-SHARE & PROFITABILITY,ROA %,roa_pct,%,1985,,,,fraction,missing,0,Dying_Cyrus_-_SOCB_V7__furnished_.xlsx,16,O
bangladesh_krishi_bank_bkb,1,PER-SHARE & PROFITABILITY,ROA %,roa_pct,%,1986,,,,fraction,missing,0,Dying_Cyrus_-_SOCB_V7__furnished_.xlsx,16,P
bangladesh_krishi_bank_bkb,1,PER-SHARE & PROFITABILITY,ROA %,roa_pct,%,1987,,,,fraction,missing,0,Dying_Cyrus_-_SOCB_V7__furnished_.xlsx,16,Q
bangladesh_krishi_bank_bkb,1,PER-SHARE & PROFITABILITY,ROA %,roa_pct,%,1988,,,,fraction,missing,0,Dying_Cyrus_-_SOCB_V7__furnished_.xlsx,16,R
bangladesh_krishi_bank_bkb,1,PER-SHARE & PROFITABILITY,ROA %,roa_pct,%,1989,,,,fraction,missing,0,Dying_Cyrus_-_SOCB_V7__furnished_.xlsx,16,S
bangladesh_krishi_bank_bkb,1,PER-SHARE & PROFITABILITY,ROA %,roa_pct,%,1990,,,,fraction,missing,0,Dying_Cyrus_-_SOCB_V7__furnished_.xlsx,16,T
bangladesh_krishi_bank_bkb,1,PER-SHARE & PROFITABILITY,ROA %,roa_pct,%,1991,,,,fraction,missing,0,Dying_Cyrus_-_SOCB_V7__furnished_.xlsx,16,U
bangladesh_krishi_bank_bkb,1,PER-SHARE & PROFITABILITY,ROA %,roa_pct,%,1992,,,,fraction,missing,0,Dying_Cyrus_-_SOCB_V7__furnished_.xlsx,16,V
bangladesh_krishi_bank_bkb,1,PER-SHARE & PROFITABILITY,ROA %,roa_pct,%,1993,,,,fraction,missing,0,Dying_Cyrus_-_SOCB_V7__furnished_.xlsx,16,W
bangladesh_krishi_bank_bkb,1,PER-SHARE & PROFITABILITY,ROA %,roa_pct,%,1994,,,,fraction,missing,0,Dying_Cyrus_-_SOCB_V7__furnished_.xlsx,16,X
bangladesh_krishi_bank_bkb,1,PER-SHARE & PROFITABILITY,ROA %,roa_pct,%,1995,,,,fraction,missing,0,Dying_Cyrus_-_SOCB_V7__furnished_.xlsx,16,Y
bangladesh_krishi_bank_bkb,1,PER-SHARE & PROFITABILITY,ROA %,roa_pct,%,1996,,,,fraction,missing,0,Dying_Cyrus_-_SOCB_V7__furnished_.xlsx,16,Z
bangladesh_krishi_bank_bkb,1,PER-SHARE & PROFITABILITY,ROA %,roa_pct,%,1997,,,,fraction,missing,0,Dying_Cyrus_-_SOCB_V7__furnished_.xlsx,16,AA
bangladesh_krishi_bank_bkb,1,PER-SHARE & PROFITABILITY,ROA %,roa_pct,%,1998,,,,fraction,missing,0,Dying_Cyrus_-_SOCB_V7__furnished_.xlsx,16,AB
bangladesh_krishi_bank_bkb,1,PER-SHARE & PROFITABILITY,ROA %,roa_pct,%,1999,,,,fraction,missing,0,Dying_Cyrus_-_SOCB_V7__furnished_.xlsx,16,AC
bangladesh_krishi_bank_bkb,1,PER-SHARE & PROFITABILITY,ROA %,roa_pct,%,2000,,,,fraction,missing,0,Dying_Cyrus_-_SOCB_V7__furnished_.xlsx,16,AD
bangladesh_krishi_bank_bkb,1,PER-SHARE & PROFITABILITY,ROA %,roa_pct,%,2001,,,,fraction,missing,0,Dying_Cyrus_-_SOCB_V7__furnished_.xlsx,16,AE
bangladesh_krishi_bank_bkb,1,PER-SHARE & PROFITABILITY,ROA %,roa_pct,%,2002,,,,fraction,missing,0,Dying_Cyrus_-_SOCB_V7__furnished_.xlsx,16,AF
bangladesh_krishi_bank_bkb,1,PER-SHARE & PROFITABILITY,ROA %,roa_pct,%,2003,,,,fraction,missing,0,Dying_Cyrus_-_SOCB_V7__furnished_.xlsx,16,AG
bangladesh_krishi_bank_bkb,1,PER-SHARE & PROFITABILITY,ROA %,roa_pct,%,2004,,,,fraction,missing,0,Dying_Cyrus_-_SOCB_V7__furnished_.xlsx,16,AH
bangladesh_krishi_bank_bkb,1,PER-SHARE & PROFITABILITY,ROA %,roa_pct,%,2005,,,,fraction,missing,0,Dying_Cyrus_-_SOCB_V7__furnished_.xlsx,16,AI
bangladesh_krishi_bank_bkb,1,PER-SHARE & PROFITABILITY,ROA %,roa_pct,%,2006,,,,fraction,missing,0,Dying_Cyrus_-_SOCB_V7__furnished_.xlsx,16,AJ
bangladesh_krishi_bank_bkb,1,PER-SHARE & PROFITABILITY,ROA %,roa_pct,%,2007,,,,fraction,missing,0,Dying_Cyrus_-_SOCB_V7__furnished_.xlsx,16,AK
bangladesh_krishi_bank_bkb,1,PER-SHARE & PROFITABILITY,ROA %,roa_pct,%,2008,,,,fraction,missing,0,Dying_Cyrus_-_SOCB_V7__furnished_.xlsx,16,AL
bangladesh_krishi_bank_bkb,1,PER-SHARE & PROFITABILITY,ROA %,roa_pct,%,2009,,,,fraction,missing,0,Dying_Cyrus_-_SOCB_V7__furnished_.xlsx,16,AM
bangladesh_krishi_bank_bkb,1,PER-SHARE & PROFITABILITY,ROA %,roa_pct,%,2010,0,0.0,0.0,fraction,native_numeric,0,Dying_Cyrus_-_SOCB_V7__furnished_.xlsx,16,AN
bangladesh_krishi_bank_bkb,1,PER-SHARE & PROFITABILITY,ROA %,roa_pct,%,2011,-0.008802022128,-0.008802022128,-0.8802022128000001,fraction,native_numeric,0,Dying_Cyrus_-_SOCB_V7__furnished_.xlsx,16,AO
bangladesh_krishi_bank_bkb,1,PER-SHARE & PROFITABILITY,ROA %,roa_pct,%,2012,-0.007339379044,-0.007339379044,-0.7339379044,fraction,native_numeric,0,Dying_Cyrus_-_SOCB_V7__furnished_.xlsx,16,AP
bangladesh_krishi_bank_bkb,1,PER-SHARE & PROFITABILITY,ROA %,roa_pct,%,2013,-0.02002804945,-0.02002804945,-2.0028049450000003,fraction,native_numeric,0,Dying_Cyrus_-_SOCB_V7__furnished_.xlsx,16,AQ
bangladesh_krishi_bank_bkb,1,PER-SHARE & PROFITABILITY,ROA %,roa_pct,%,2014,-0.1404759372,-0.1404759372,-14.047593720000002,fraction,native_numeric,0,Dying_Cyrus_-_SOCB_V7__furnished_.xlsx,16,AR
bangladesh_krishi_bank_bkb,1,PER-SHARE & PROFITABILITY,ROA %,roa_pct,%,2015,-0.00936048564,-0.00936048564,-0.9360485639999999,fraction,native_numeric,0,Dying_Cyrus_-_SOCB_V7__furnished_.xlsx,16,AS
bangladesh_krishi_bank_bkb,1,PER-SHARE & PROFITABILITY,ROA %,roa_pct,%,2016,-0.02895061894,-0.02895061894,-2.895061894,fraction,native_numeric,0,Dying_Cyrus_-_SOCB_V7__furnished_.xlsx,16,AT
bangladesh_krishi_bank_bkb,1,PER-SHARE & PROFITABILITY,ROA %,roa_pct,%,2017,-0.02345517524,-0.02345517524,-2.345517524,fraction,native_numeric,0,Dying_Cyrus_-_SOCB_V7__furnished_.xlsx,16,AU
bangladesh_krishi_bank_bkb,1,PER-SHARE & PROFITABILITY,ROA %,roa_pct,%,2018,-0.02468812614,-0.02468812614,-2.468812614,fraction,native_numeric,0,Dying_Cyrus_-_SOCB_V7__furnished_.xlsx,16,AV
bangladesh_krishi_bank_bkb,1,PER-SHARE & PROFITABILITY,ROA %,roa_pct,%,2019,-0.02534598503,-0.02534598503,-2.5345985030000002,fraction,native_numeric,0,Dying_Cyrus_-_SOCB_V7__furnished_.xlsx,16,AW
bangladesh_krishi_bank_bkb,1,PER-SHARE & PROFITABILITY,ROA %,roa_pct,%,2020,-0.04296004193,-0.04296004193,-4.296004193,fraction,native_numeric,0,Dying_Cyrus_-_SOCB_V7__furnished_.xlsx,16,AX
bangladesh_krishi_bank_bkb,1,PER-SHARE & PROFITABILITY,ROA %,roa_pct,%,2021,-0.03827287525,-0.03827287525,-3.8272875249999996,fraction,native_numeric,0,Dying_Cyrus_-_SOCB_V7__furnished_.xlsx,16,AY
bangladesh_krishi_bank_bkb,1,PER-SHARE & PROFITABILITY,ROA %,roa_pct,%,2022,-0.03701990735,-0.03701990735,-3.701990735,fraction,native_numeric,0,Dying_Cyrus_-_SOCB_V7__furnished_.xlsx,16,AZ
bangladesh_krishi_bank_bkb,1,PER-SHARE & PROFITABILITY,ROA %,roa_pct,%,2023,-0.0576706819,-0.0576706819,-5.76706819,fraction,native_numeric,0,Dying_Cyrus_-_SOCB_V7__furnished_.xlsx,16,BA
bangladesh_krishi_bank_bkb,1,PER-SHARE & PROFITABILITY,ROA %,roa_pct,%,2024,-0.147506446,-0.147506446,-14.750644600000001,fraction,native_numeric,0,Dying_Cyrus_-_SOCB_V7__furnished_.xlsx,16,BB
bangladesh_krishi_bank_bkb,1,PER-SHARE & PROFITABILITY,ROA %,roa_pct,%,2025,-0.1727295685,-0.1727295685,-17.27295685,fraction,native_numeric,0,Dying_Cyrus_-_SOCB_V7__furnished_.xlsx,16,BC
bangladesh_krishi_bank_bkb,1,PER-SHARE & PROFITABILITY,ROA %,roa_pct,%,2026,,,,fraction,missing,0,Dying_Cyrus_-_SOCB_V7__furnished_.xlsx,16,BD
bangladesh_krishi_bank_bkb,1,PER-SHARE & PROFITABILITY,ROE %,roe_pct,%,1973,,,,fraction,missing,0,Dying_Cyrus_-_SOCB_V7__furnished_.xlsx,17,C
bangladesh_krishi_bank_bkb,1,PER-SHARE & PROFITABILITY,ROE %,roe_pct,%,1974,,,,fraction,missing,0,Dying_Cyrus_-_SOCB_V7__furnished_.xlsx,17,D
bangladesh_krishi_bank_bkb,1,PER-SHARE & PROFITABILITY,ROE %,roe_pct,%,1975,,,,fraction,missing,0,Dying_Cyrus_-_SOCB_V7__furnished_.xlsx,17,E
bangladesh_krishi_bank_bkb,1,PER-SHARE & PROFITABILITY,ROE %,roe_pct,%,1976,,,,fraction,missing,0,Dying_Cyrus_-_SOCB_V7__furnished_.xlsx,17,F
bangladesh_krishi_bank_bkb,1,PER-SHARE & PROFITABILITY,ROE %,roe_pct,%,1977,,,,fraction,missing,0,Dying_Cyrus_-_SOCB_V7__furnished_.xlsx,17,G
bangladesh_krishi_bank_bkb,1,PER-SHARE & PROFITABILITY,ROE %,roe_pct,%,1978,,,,fraction,missing,0,Dying_Cyrus_-_SOCB_V7__furnished_.xlsx,17,H
bangladesh_krishi_bank_bkb,1,PER-SHARE & PROFITABILITY,ROE %,roe_pct,%,1979,,,,fraction,missing,0,Dying_Cyrus_-_SOCB_V7__furnished_.xlsx,17,I
bangladesh_krishi_bank_bkb,1,PER-SHARE & PROFITABILITY,ROE %,roe_pct,%,1980,,,,fraction,missing,0,Dying_Cyrus_-_SOCB_V7__furnished_.xlsx,17,J
bangladesh_krishi_bank_bkb,1,PER-SHARE & PROFITABILITY,ROE %,roe_pct,%,1981,,,,fraction,missing,0,Dying_Cyrus_-_SOCB_V7__furnished_.xlsx,17,K
bangladesh_krishi_bank_bkb,1,PER-SHARE & PROFITABILITY,ROE %,roe_pct,%,1982,,,,fraction,missing,0,Dying_Cyrus_-_SOCB_V7__furnished_.xlsx,17,L
bangladesh_krishi_bank_bkb,1,PER-SHARE & PROFITABILITY,ROE %,roe_pct,%,1983,,,,fraction,missing,0,Dying_Cyrus_-_SOCB_V7__furnished_.xlsx,17,M
bangladesh_krishi_bank_bkb,1,PER-SHARE & PROFITABILITY,ROE %,roe_pct,%,1984,,,,fraction,missing,0,Dying_Cyrus_-_SOCB_V7__furnished_.xlsx,17,N
bangladesh_krishi_bank_bkb,1,PER-SHARE & PROFITABILITY,ROE %,roe_pct,%,1985,,,,fraction,missing,0,Dying_Cyrus_-_SOCB_V7__furnished_.xlsx,17,O
bangladesh_krishi_bank_bkb,1,PER-SHARE & PROFITABILITY,ROE %,roe_pct,%,1986,,,,fraction,missing,0,Dying_Cyrus_-_SOCB_V7__furnished_.xlsx,17,P
bangladesh_krishi_bank_bkb,1,PER-SHARE & PROFITABILITY,ROE %,roe_pct,%,1987,,,,fraction,missing,0,Dying_Cyrus_-_SOCB_V7__furnished_.xlsx,17,Q
bangladesh_krishi_bank_bkb,1,PER-SHARE & PROFITABILITY,ROE %,roe_pct,%,1988,,,,fraction,missing,0,Dying_Cyrus_-_SOCB_V7__furnished_.xlsx,17,R
bangladesh_krishi_bank_bkb,1,PER-SHARE & PROFITABILITY,ROE %,roe_pct,%,1989,,,,fraction,missing,0,Dying_Cyrus_-_SOCB_V7__furnished_.xlsx,17,S
bangladesh_krishi_bank_bkb,1,PER-SHARE & PROFITABILITY,ROE %,roe_pct,%,1990,,,,fraction,missing,0,Dying_Cyrus_-_SOCB_V7__furnished_.xlsx,17,T
bangladesh_krishi_bank_bkb,1,PER-SHARE & PROFITABILITY,ROE %,roe_pct,%,1991,,,,fraction,missing,0,Dying_Cyrus_-_SOCB_V7__furnished_.xlsx,17,U
bangladesh_krishi_bank_bkb,1,PER-SHARE & PROFITABILITY,ROE %,roe_pct,%,1992,,,,fraction,missing,0,Dying_Cyrus_-_SOCB_V7__furnished_.xlsx,17,V
bangladesh_krishi_bank_bkb,1,PER-SHARE & PROFITABILITY,ROE %,roe_pct,%,1993,,,,fraction,missing,0,Dying_Cyrus_-_SOCB_V7__furnished_.xlsx,17,W
bangladesh_krishi_bank_bkb,1,PER-SHARE & PROFITABILITY,ROE %,roe_pct,%,1994,,,,fraction,missing,0,Dying_Cyrus_-_SOCB_V7__furnished_.xlsx,17,X
bangladesh_krishi_bank_bkb,1,PER-SHARE & PROFITABILITY,ROE %,roe_pct,%,1995,,,,fraction,missing,0,Dying_Cyrus_-_SOCB_V7__furnished_.xlsx,17,Y
bangladesh_krishi_bank_bkb,1,PER-SHARE & PROFITABILITY,ROE %,roe_pct,%,1996,,,,fraction,missing,0,Dying_Cyrus_-_SOCB_V7__furnished_.xlsx,17,Z
bangladesh_krishi_bank_bkb,1,PER-SHARE & PROFITABILITY,ROE %,roe_pct,%,1997,,,,fraction,missing,0,Dying_Cyrus_-_SOCB_V7__furnished_.xlsx,17,AA
bangladesh_krishi_bank_bkb,1,PER-SHARE & PROFITABILITY,ROE %,roe_pct,%,1998,,,,fraction,missing,0,Dying_Cyrus_-_SOCB_V7__furnished_.xlsx,17,AB
bangladesh_krishi_bank_bkb,1,PER-SHARE & PROFITABILITY,ROE %,roe_pct,%,1999,,,,fraction,missing,0,Dying_Cyrus_-_SOCB_V7__furnished_.xlsx,17,AC
bangladesh_krishi_bank_bkb,1,PER-SHARE & PROFITABILITY,ROE %,roe_pct,%,2000,,,,fraction,missing,0,Dying_Cyrus_-_SOCB_V7__furnished_.xlsx,17,AD
bangladesh_krishi_bank_bkb,1,PER-SHARE & PROFITABILITY,ROE %,roe_pct,%,2001,,,,fraction,missing,0,Dying_Cyrus_-_SOCB_V7__furnished_.xlsx,17,AE
bangladesh_krishi_bank_bkb,1,PER-SHARE & PROFITABILITY,ROE %,roe_pct,%,2002,,,,fraction,missing,0,Dying_Cyrus_-_SOCB_V7__furnished_.xlsx,17,AF
bangladesh_krishi_bank_bkb,1,PER-SHARE & PROFITABILITY,ROE %,roe_pct,%,2003,,,,fraction,missing,0,Dying_Cyrus_-_SOCB_V7__furnished_.xlsx,17,AG
bangladesh_krishi_bank_bkb,1,PER-SHARE & PROFITABILITY,ROE %,roe_pct,%,2004,,,,fraction,missing,0,Dying_Cyrus_-_SOCB_V7__furnished_.xlsx,17,AH
bangladesh_krishi_bank_bkb,1,PER-SHARE & PROFITABILITY,ROE %,roe_pct,%,2005,,,,fraction,missing,0,Dying_Cyrus_-_SOCB_V7__furnished_.xlsx,17,AI
bangladesh_krishi_bank_bkb,1,PER-SHARE & PROFITABILITY,ROE %,roe_pct,%,2006,,,,fraction,missing,0,Dying_Cyrus_-_SOCB_V7__furnished_.xlsx,17,AJ
bangladesh_krishi_bank_bkb,1,PER-SHARE & PROFITABILITY,ROE %,roe_pct,%,2007,,,,fraction,missing,0,Dying_Cyrus_-_SOCB_V7__furnished_.xlsx,17,AK
bangladesh_krishi_bank_bkb,1,PER-SHARE & PROFITABILITY,ROE %,roe_pct,%,2008,,,,fraction,missing,0,Dying_Cyrus_-_SOCB_V7__furnished_.xlsx,17,AL
bangladesh_krishi_bank_bkb,1,PER-SHARE & PROFITABILITY,ROE %,roe_pct,%,2009,,,,fraction,missing,0,Dying_Cyrus_-_SOCB_V7__furnished_.xlsx,17,AM
bangladesh_krishi_bank_bkb,1,PER-SHARE & PROFITABILITY,ROE %,roe_pct,%,2010,0,0.0,0.0,fraction,native_numeric,0,Dying_Cyrus_-_SOCB_V7__furnished_.xlsx,17,AN
bangladesh_krishi_bank_bkb,1,PER-SHARE & PROFITABILITY,ROE %,roe_pct,%,2011,0.1033077179,0.1033077179,10.33077179,fraction,native_numeric,0,Dying_Cyrus_-_SOCB_V7__furnished_.xlsx,17,AO
bangladesh_krishi_bank_bkb,1,PER-SHARE & PROFITABILITY,ROE %,roe_pct,%,2012,0.1176874194,0.1176874194,11.76874194,fraction,native_numeric,0,Dying_Cyrus_-_SOCB_V7__furnished_.xlsx,17,AP
bangladesh_krishi_bank_bkb,1,PER-SHARE & PROFITABILITY,ROE %,roe_pct,%,2013,0.2462129737,0.2462129737,24.62129737,fraction,native_numeric,0,Dying_Cyrus_-_SOCB_V7__furnished_.xlsx,17,AQ
bangladesh_krishi_bank_bkb,1,PER-SHARE & PROFITABILITY,ROE %,roe_pct,%,2014,0.653956194,0.653956194,65.3956194,fraction,native_numeric,0,Dying_Cyrus_-_SOCB_V7__furnished_.xlsx,17,AR
bangladesh_krishi_bank_bkb,1,PER-SHARE & PROFITABILITY,ROE %,roe_pct,%,2015,0.04742280599,0.04742280599,4.742280599,fraction,native_numeric,0,Dying_Cyrus_-_SOCB_V7__furnished_.xlsx,17,AS
bangladesh_krishi_bank_bkb,1,PER-SHARE & PROFITABILITY,ROE %,roe_pct,%,2016,0.1300829644,0.1300829644,13.00829644,fraction,native_numeric,0,Dying_Cyrus_-_SOCB_V7__furnished_.xlsx,17,AT
bangladesh_krishi_bank_bkb,1,PER-SHARE & PROFITABILITY,ROE %,roe_pct,%,2017,0.09795019356,0.09795019356,9.795019356,fraction,native_numeric,0,Dying_Cyrus_-_SOCB_V7__furnished_.xlsx,17,AU
bangladesh_krishi_bank_bkb,1,PER-SHARE & PROFITABILITY,ROE %,roe_pct,%,2018,0.1042648051,0.1042648051,10.42648051,fraction,native_numeric,0,Dying_Cyrus_-_SOCB_V7__furnished_.xlsx,17,AV
bangladesh_krishi_bank_bkb,1,PER-SHARE & PROFITABILITY,ROE %,roe_pct,%,2019,0.1037396252,0.1037396252,10.373962520000001,fraction,native_numeric,0,Dying_Cyrus_-_SOCB_V7__furnished_.xlsx,17,AW
bangladesh_krishi_bank_bkb,1,PER-SHARE & PROFITABILITY,ROE %,roe_pct,%,2020,0.1598730339,0.1598730339,15.98730339,fraction,native_numeric,0,Dying_Cyrus_-_SOCB_V7__furnished_.xlsx,17,AX
bangladesh_krishi_bank_bkb,1,PER-SHARE & PROFITABILITY,ROE %,roe_pct,%,2021,0.1418157894,0.1418157894,14.18157894,fraction,native_numeric,0,Dying_Cyrus_-_SOCB_V7__furnished_.xlsx,17,AY
bangladesh_krishi_bank_bkb,1,PER-SHARE & PROFITABILITY,ROE %,roe_pct,%,2022,0.1280064716,0.1280064716,12.80064716,fraction,native_numeric,0,Dying_Cyrus_-_SOCB_V7__furnished_.xlsx,17,AZ
bangladesh_krishi_bank_bkb,1,PER-SHARE & PROFITABILITY,ROE %,roe_pct,%,2023,0.1864434557,0.1864434557,18.644345570000002,fraction,native_numeric,0,Dying_Cyrus_-_SOCB_V7__furnished_.xlsx,17,BA
bangladesh_krishi_bank_bkb,1,PER-SHARE & PROFITABILITY,ROE %,roe_pct,%,2024,0.3383539583,0.3383539583,33.835395829999996,fraction,native_numeric,0,Dying_Cyrus_-_SOCB_V7__furnished_.xlsx,17,BB
bangladesh_krishi_bank_bkb,1,PER-SHARE & PROFITABILITY,ROE %,roe_pct,%,2025,0.3003398271,0.3003398271,30.03398271,fraction,native_numeric,0,Dying_Cyrus_-_SOCB_V7__furnished_.xlsx,17,BC
bangladesh_krishi_bank_bkb,1,PER-SHARE & PROFITABILITY,ROE %,roe_pct,%,2026,,,,fraction,missing,0,Dying_Cyrus_-_SOCB_V7__furnished_.xlsx,17,BD
bangladesh_krishi_bank_bkb,1,ASSET QUALITY,NPL % (gross),npl_pct_gross,%,1973,,,,fraction,missing,0,Dying_Cyrus_-_SOCB_V7__furnished_.xlsx,19,C
bangladesh_krishi_bank_bkb,1,ASSET QUALITY,NPL % (gross),npl_pct_gross,%,1974,,,,fraction,missing,0,Dying_Cyrus_-_SOCB_V7__furnished_.xlsx,19,D
bangladesh_krishi_bank_bkb,1,ASSET QUALITY,NPL % (gross),npl_pct_gross,%,1975,,,,fraction,missing,0,Dying_Cyrus_-_SOCB_V7__furnished_.xlsx,19,E
bangladesh_krishi_bank_bkb,1,ASSET QUALITY,NPL % (gross),npl_pct_gross,%,1976,,,,fraction,missing,0,Dying_Cyrus_-_SOCB_V7__furnished_.xlsx,19,F
bangladesh_krishi_bank_bkb,1,ASSET QUALITY,NPL % (gross),npl_pct_gross,%,1977,,,,fraction,missing,0,Dying_Cyrus_-_SOCB_V7__furnished_.xlsx,19,G
bangladesh_krishi_bank_bkb,1,ASSET QUALITY,NPL % (gross),npl_pct_gross,%,1978,,,,fraction,missing,0,Dying_Cyrus_-_SOCB_V7__furnished_.xlsx,19,H
bangladesh_krishi_bank_bkb,1,ASSET QUALITY,NPL % (gross),npl_pct_gross,%,1979,,,,fraction,missing,0,Dying_Cyrus_-_SOCB_V7__furnished_.xlsx,19,I
bangladesh_krishi_bank_bkb,1,ASSET QUALITY,NPL % (gross),npl_pct_gross,%,1980,,,,fraction,missing,0,Dying_Cyrus_-_SOCB_V7__furnished_.xlsx,19,J
bangladesh_krishi_bank_bkb,1,ASSET QUALITY,NPL % (gross),npl_pct_gross,%,1981,,,,fraction,missing,0,Dying_Cyrus_-_SOCB_V7__furnished_.xlsx,19,K
bangladesh_krishi_bank_bkb,1,ASSET QUALITY,NPL % (gross),npl_pct_gross,%,1982,,,,fraction,missing,0,Dying_Cyrus_-_SOCB_V7__furnished_.xlsx,19,L
bangladesh_krishi_bank_bkb,1,ASSET QUALITY,NPL % (gross),npl_pct_gross,%,1983,,,,fraction,missing,0,Dying_Cyrus_-_SOCB_V7__furnished_.xlsx,19,M
bangladesh_krishi_bank_bkb,1,ASSET QUALITY,NPL % (gross),npl_pct_gross,%,1984,,,,fraction,missing,0,Dying_Cyrus_-_SOCB_V7__furnished_.xlsx,19,N
bangladesh_krishi_bank_bkb,1,ASSET QUALITY,NPL % (gross),npl_pct_gross,%,1985,,,,fraction,missing,0,Dying_Cyrus_-_SOCB_V7__furnished_.xlsx,19,O
bangladesh_krishi_bank_bkb,1,ASSET QUALITY,NPL % (gross),npl_pct_gross,%,1986,,,,fraction,missing,0,Dying_Cyrus_-_SOCB_V7__furnished_.xlsx,19,P
bangladesh_krishi_bank_bkb,1,ASSET QUALITY,NPL % (gross),npl_pct_gross,%,1987,,,,fraction,missing,0,Dying_Cyrus_-_SOCB_V7__furnished_.xlsx,19,Q
bangladesh_krishi_bank_bkb,1,ASSET QUALITY,NPL % (gross),npl_pct_gross,%,1988,,,,fraction,missing,0,Dying_Cyrus_-_SOCB_V7__furnished_.xlsx,19,R
bangladesh_krishi_bank_bkb,1,ASSET QUALITY,NPL % (gross),npl_pct_gross,%,1989,,,,fraction,missing,0,Dying_Cyrus_-_SOCB_V7__furnished_.xlsx,19,S
bangladesh_krishi_bank_bkb,1,ASSET QUALITY,NPL % (gross),npl_pct_gross,%,1990,,,,fraction,missing,0,Dying_Cyrus_-_SOCB_V7__furnished_.xlsx,19,T
bangladesh_krishi_bank_bkb,1,ASSET QUALITY,NPL % (gross),npl_pct_gross,%,1991,,,,fraction,missing,0,Dying_Cyrus_-_SOCB_V7__furnished_.xlsx,19,U
bangladesh_krishi_bank_bkb,1,ASSET QUALITY,NPL % (gross),npl_pct_gross,%,1992,,,,fraction,missing,0,Dying_Cyrus_-_SOCB_V7__furnished_.xlsx,19,V
bangladesh_krishi_bank_bkb,1,ASSET QUALITY,NPL % (gross),npl_pct_gross,%,1993,,,,fraction,missing,0,Dying_Cyrus_-_SOCB_V7__furnished_.xlsx,19,W
bangladesh_krishi_bank_bkb,1,ASSET QUALITY,NPL % (gross),npl_pct_gross,%,1994,,,,fraction,missing,0,Dying_Cyrus_-_SOCB_V7__furnished_.xlsx,19,X
bangladesh_krishi_bank_bkb,1,ASSET QUALITY,NPL % (gross),npl_pct_gross,%,1995,,,,fraction,missing,0,Dying_Cyrus_-_SOCB_V7__furnished_.xlsx,19,Y
bangladesh_krishi_bank_bkb,1,ASSET QUALITY,NPL % (gross),npl_pct_gross,%,1996,,,,fraction,missing,0,Dying_Cyrus_-_SOCB_V7__furnished_.xlsx,19,Z
bangladesh_krishi_bank_bkb,1,ASSET QUALITY,NPL % (gross),npl_pct_gross,%,1997,,,,fraction,missing,0,Dying_Cyrus_-_SOCB_V7__furnished_.xlsx,19,AA
bangladesh_krishi_bank_bkb,1,ASSET QUALITY,NPL % (gross),npl_pct_gross,%,1998,,,,fraction,missing,0,Dying_Cyrus_-_SOCB_V7__furnished_.xlsx,19,AB
bangladesh_krishi_bank_bkb,1,ASSET QUALITY,NPL % (gross),npl_pct_gross,%,1999,,,,fraction,missing,0,Dying_Cyrus_-_SOCB_V7__furnished_.xlsx,19,AC
bangladesh_krishi_bank_bkb,1,ASSET QUALITY,NPL % (gross),npl_pct_gross,%,2000,,,,fraction,missing,0,Dying_Cyrus_-_SOCB_V7__furnished_.xlsx,19,AD
bangladesh_krishi_bank_bkb,1,ASSET QUALITY,NPL % (gross),npl_pct_gross,%,2001,,,,fraction,missing,0,Dying_Cyrus_-_SOCB_V7__furnished_.xlsx,19,AE
bangladesh_krishi_bank_bkb,1,ASSET QUALITY,NPL % (gross),npl_pct_gross,%,2002,,,,fraction,missing,0,Dying_Cyrus_-_SOCB_V7__furnished_.xlsx,19,AF
bangladesh_krishi_bank_bkb,1,ASSET QUALITY,NPL % (gross),npl_pct_gross,%,2003,,,,fraction,missing,0,Dying_Cyrus_-_SOCB_V7__furnished_.xlsx,19,AG
bangladesh_krishi_bank_bkb,1,ASSET QUALITY,NPL % (gross),npl_pct_gross,%,2004,,,,fraction,missing,0,Dying_Cyrus_-_SOCB_V7__furnished_.xlsx,19,AH
bangladesh_krishi_bank_bkb,1,ASSET QUALITY,NPL % (gross),npl_pct_gross,%,2005,,,,fraction,missing,0,Dying_Cyrus_-_SOCB_V7__furnished_.xlsx,19,AI
bangladesh_krishi_bank_bkb,1,ASSET QUALITY,NPL % (gross),npl_pct_gross,%,2006,,,,fraction,missing,0,Dying_Cyrus_-_SOCB_V7__furnished_.xlsx,19,AJ
bangladesh_krishi_bank_bkb,1,ASSET QUALITY,NPL % (gross),npl_pct_gross,%,2007,,,,fraction,missing,0,Dying_Cyrus_-_SOCB_V7__furnished_.xlsx,19,AK
bangladesh_krishi_bank_bkb,1,ASSET QUALITY,NPL % (gross),npl_pct_gross,%,2008,,,,fraction,missing,0,Dying_Cyrus_-_SOCB_V7__furnished_.xlsx,19,AL
bangladesh_krishi_bank_bkb,1,ASSET QUALITY,NPL % (gross),npl_pct_gross,%,2009,,,,fraction,missing,0,Dying_Cyrus_-_SOCB_V7__furnished_.xlsx,19,AM
bangladesh_krishi_bank_bkb,1,ASSET QUALITY,NPL % (gross),npl_pct_gross,%,2010,0.2477,0.2477,24.77,fraction,native_numeric,0,Dying_Cyrus_-_SOCB_V7__furnished_.xlsx,19,AN
bangladesh_krishi_bank_bkb,1,ASSET QUALITY,NPL % (gross),npl_pct_gross,%,2011,0.2171,0.2171,21.709999999999997,fraction,native_numeric,0,Dying_Cyrus_-_SOCB_V7__furnished_.xlsx,19,AO
bangladesh_krishi_bank_bkb,1,ASSET QUALITY,NPL % (gross),npl_pct_gross,%,2012,0.2698,0.2698,26.979999999999997,fraction,native_numeric,0,Dying_Cyrus_-_SOCB_V7__furnished_.xlsx,19,AP
bangladesh_krishi_bank_bkb,1,ASSET QUALITY,NPL % (gross),npl_pct_gross,%,2013,0.3078,0.3078,30.78,fraction,native_numeric,0,Dying_Cyrus_-_SOCB_V7__furnished_.xlsx,19,AQ
bangladesh_krishi_bank_bkb,1,ASSET QUALITY,NPL % (gross),npl_pct_gross,%,2014,0.26345951077614,0.26345951077614,26.345951077614,fraction,native_numeric,0,Dying_Cyrus_-_SOCB_V7__furnished_.xlsx,19,AR
bangladesh_krishi_bank_bkb,1,ASSET QUALITY,NPL % (gross),npl_pct_gross,%,2015,0.239500972893877,0.239500972893877,23.9500972893877,fraction,native_numeric,0,Dying_Cyrus_-_SOCB_V7__furnished_.xlsx,19,AS
bangladesh_krishi_bank_bkb,1,ASSET QUALITY,NPL % (gross),npl_pct_gross,%,2016,0.2597,0.2597,25.97,fraction,native_numeric,0,Dying_Cyrus_-_SOCB_V7__furnished_.xlsx,19,AT
bangladesh_krishi_bank_bkb,1,ASSET QUALITY,NPL % (gross),npl_pct_gross,%,2017,0.2228,0.2228,22.28,fraction,native_numeric,0,Dying_Cyrus_-_SOCB_V7__furnished_.xlsx,19,AU
bangladesh_krishi_bank_bkb,1,ASSET QUALITY,NPL % (gross),npl_pct_gross,%,2018,0.1965,0.1965,19.650000000000002,fraction,native_numeric,0,Dying_Cyrus_-_SOCB_V7__furnished_.xlsx,19,AV
bangladesh_krishi_bank_bkb,1,ASSET QUALITY,NPL % (gross),npl_pct_gross,%,2019,0.17,0.17,17.0,fraction,native_numeric,0,Dying_Cyrus_-_SOCB_V7__furnished_.xlsx,19,AW
bangladesh_krishi_bank_bkb,1,ASSET QUALITY,NPL % (gross),npl_pct_gross,%,2020,0.12,0.12,12.0,fraction,native_numeric,0,Dying_Cyrus_-_SOCB_V7__furnished_.xlsx,19,AX
bangladesh_krishi_bank_bkb,1,ASSET QUALITY,NPL % (gross),npl_pct_gross,%,2021,0.09,0.09,9.0,fraction,native_numeric,0,Dying_Cyrus_-_SOCB_V7__furnished_.xlsx,19,AY
bangladesh_krishi_bank_bkb,1,ASSET QUALITY,NPL % (gross),npl_pct_gross,%,2022,0.0941,0.0941,9.41,fraction,native_numeric,0,Dying_Cyrus_-_SOCB_V7__furnished_.xlsx,19,AZ
bangladesh_krishi_bank_bkb,1,ASSET QUALITY,NPL % (gross),npl_pct_gross,%,2023,0.2151,0.2151,21.51,fraction,native_numeric,0,Dying_Cyrus_-_SOCB_V7__furnished_.xlsx,19,BA
bangladesh_krishi_bank_bkb,1,ASSET QUALITY,NPL % (gross),npl_pct_gross,%,2024,0.3865,0.3865,38.65,fraction,native_numeric,0,Dying_Cyrus_-_SOCB_V7__furnished_.xlsx,19,BB
bangladesh_krishi_bank_bkb,1,ASSET QUALITY,NPL % (gross),npl_pct_gross,%,2025,0.4666,0.4666,46.660000000000004,fraction,native_numeric,0,Dying_Cyrus_-_SOCB_V7__furnished_.xlsx,19,BC
bangladesh_krishi_bank_bkb,1,ASSET QUALITY,NPL % (gross),npl_pct_gross,%,2026,,,,fraction,missing,0,Dying_Cyrus_-_SOCB_V7__furnished_.xlsx,19,BD
bangladesh_krishi_bank_bkb,1,ASSET QUALITY,NPL amount,npl_amount,Tk mn,1973,,,,,missing,0,Dying_Cyrus_-_SOCB_V7__furnished_.xlsx,20,C
bangladesh_krishi_bank_bkb,1,ASSET QUALITY,NPL amount,npl_amount,Tk mn,1974,,,,,missing,0,Dying_Cyrus_-_SOCB_V7__furnished_.xlsx,20,D
bangladesh_krishi_bank_bkb,1,ASSET QUALITY,NPL amount,npl_amount,Tk mn,1975,,,,,missing,0,Dying_Cyrus_-_SOCB_V7__furnished_.xlsx,20,E
bangladesh_krishi_bank_bkb,1,ASSET QUALITY,NPL amount,npl_amount,Tk mn,1976,,,,,missing,0,Dying_Cyrus_-_SOCB_V7__furnished_.xlsx,20,F
bangladesh_krishi_bank_bkb,1,ASSET QUALITY,NPL amount,npl_amount,Tk mn,1977,,,,,missing,0,Dying_Cyrus_-_SOCB_V7__furnished_.xlsx,20,G
bangladesh_krishi_bank_bkb,1,ASSET QUALITY,NPL amount,npl_amount,Tk mn,1978,,,,,missing,0,Dying_Cyrus_-_SOCB_V7__furnished_.xlsx,20,H
bangladesh_krishi_bank_bkb,1,ASSET QUALITY,NPL amount,npl_amount,Tk mn,1979,,,,,missing,0,Dying_Cyrus_-_SOCB_V7__furnished_.xlsx,20,I
bangladesh_krishi_bank_bkb,1,ASSET QUALITY,NPL amount,npl_amount,Tk mn,1980,,,,,missing,0,Dying_Cyrus_-_SOCB_V7__furnished_.xlsx,20,J
bangladesh_krishi_bank_bkb,1,ASSET QUALITY,NPL amount,npl_amount,Tk mn,1981,,,,,missing,0,Dying_Cyrus_-_SOCB_V7__furnished_.xlsx,20,K
bangladesh_krishi_bank_bkb,1,ASSET QUALITY,NPL amount,npl_amount,Tk mn,1982,,,,,missing,0,Dying_Cyrus_-_SOCB_V7__furnished_.xlsx,20,L
bangladesh_krishi_bank_bkb,1,ASSET QUALITY,NPL amount,npl_amount,Tk mn,1983,,,,,missing,0,Dying_Cyrus_-_SOCB_V7__furnished_.xlsx,20,M
bangladesh_krishi_bank_bkb,1,ASSET QUALITY,NPL amount,npl_amount,Tk mn,1984,,,,,missing,0,Dying_Cyrus_-_SOCB_V7__furnished_.xlsx,20,N
bangladesh_krishi_bank_bkb,1,ASSET QUALITY,NPL amount,npl_amount,Tk mn,1985,,,,,missing,0,Dying_Cyrus_-_SOCB_V7__furnished_.xlsx,20,O
bangladesh_krishi_bank_bkb,1,ASSET QUALITY,NPL amount,npl_amount,Tk mn,1986,,,,,missing,0,Dying_Cyrus_-_SOCB_V7__furnished_.xlsx,20,P
bangladesh_krishi_bank_bkb,1,ASSET QUALITY,NPL amount,npl_amount,Tk mn,1987,,,,,missing,0,Dying_Cyrus_-_SOCB_V7__furnished_.xlsx,20,Q
bangladesh_krishi_bank_bkb,1,ASSET QUALITY,NPL amount,npl_amount,Tk mn,1988,,,,,missing,0,Dying_Cyrus_-_SOCB_V7__furnished_.xlsx,20,R
bangladesh_krishi_bank_bkb,1,ASSET QUALITY,NPL amount,npl_amount,Tk mn,1989,,,,,missing,0,Dying_Cyrus_-_SOCB_V7__furnished_.xlsx,20,S
bangladesh_krishi_bank_bkb,1,ASSET QUALITY,NPL amount,npl_amount,Tk mn,1990,,,,,missing,0,Dying_Cyrus_-_SOCB_V7__furnished_.xlsx,20,T
bangladesh_krishi_bank_bkb,1,ASSET QUALITY,NPL amount,npl_amount,Tk mn,1991,,,,,missing,0,Dying_Cyrus_-_SOCB_V7__furnished_.xlsx,20,U
bangladesh_krishi_bank_bkb,1,ASSET QUALITY,NPL amount,npl_amount,Tk mn,1992,,,,,missing,0,Dying_Cyrus_-_SOCB_V7__furnished_.xlsx,20,V
bangladesh_krishi_bank_bkb,1,ASSET QUALITY,NPL amount,npl_amount,Tk mn,1993,,,,,missing,0,Dying_Cyrus_-_SOCB_V7__furnished_.xlsx,20,W
bangladesh_krishi_bank_bkb,1,ASSET QUALITY,NPL amount,npl_amount,Tk mn,1994,,,,,missing,0,Dying_Cyrus_-_SOCB_V7__furnished_.xlsx,20,X
bangladesh_krishi_bank_bkb,1,ASSET QUALITY,NPL amount,npl_amount,Tk mn,1995,,,,,missing,0,Dying_Cyrus_-_SOCB_V7__furnished_.xlsx,20,Y
bangladesh_krishi_bank_bkb,1,ASSET QUALITY,NPL amount,npl_amount,Tk mn,1996,,,,,missing,0,Dying_Cyrus_-_SOCB_V7__furnished_.xlsx,20,Z
bangladesh_krishi_bank_bkb,1,ASSET QUALITY,NPL amount,npl_amount,Tk mn,1997,,,,,missing,0,Dying_Cyrus_-_SOCB_V7__furnished_.xlsx,20,AA
bangladesh_krishi_bank_bkb,1,ASSET QUALITY,NPL amount,npl_amount,Tk mn,1998,,,,,missing,0,Dying_Cyrus_-_SOCB_V7__furnished_.xlsx,20,AB
bangladesh_krishi_bank_bkb,1,ASSET QUALITY,NPL amount,npl_amount,Tk mn,1999,,,,,missing,0,Dying_Cyrus_-_SOCB_V7__furnished_.xlsx,20,AC
bangladesh_krishi_bank_bkb,1,ASSET QUALITY,NPL amount,npl_amount,Tk mn,2000,,,,,missing,0,Dying_Cyrus_-_SOCB_V7__furnished_.xlsx,20,AD
bangladesh_krishi_bank_bkb,1,ASSET QUALITY,NPL amount,npl_amount,Tk mn,2001,,,,,missing,0,Dying_Cyrus_-_SOCB_V7__furnished_.xlsx,20,AE
bangladesh_krishi_bank_bkb,1,ASSET QUALITY,NPL amount,npl_amount,Tk mn,2002,,,,,missing,0,Dying_Cyrus_-_SOCB_V7__furnished_.xlsx,20,AF
bangladesh_krishi_bank_bkb,1,ASSET QUALITY,NPL amount,npl_amount,Tk mn,2003,,,,,missing,0,Dying_Cyrus_-_SOCB_V7__furnished_.xlsx,20,AG
bangladesh_krishi_bank_bkb,1,ASSET QUALITY,NPL amount,npl_amount,Tk mn,2004,,,,,missing,0,Dying_Cyrus_-_SOCB_V7__furnished_.xlsx,20,AH
bangladesh_krishi_bank_bkb,1,ASSET QUALITY,NPL amount,npl_amount,Tk mn,2005,,,,,missing,0,Dying_Cyrus_-_SOCB_V7__furnished_.xlsx,20,AI
bangladesh_krishi_bank_bkb,1,ASSET QUALITY,NPL amount,npl_amount,Tk mn,2006,,,,,missing,0,Dying_Cyrus_-_SOCB_V7__furnished_.xlsx,20,AJ
bangladesh_krishi_bank_bkb,1,ASSET QUALITY,NPL amount,npl_amount,Tk mn,2007,,,,,missing,0,Dying_Cyrus_-_SOCB_V7__furnished_.xlsx,20,AK
bangladesh_krishi_bank_bkb,1,ASSET QUALITY,NPL amount,npl_amount,Tk mn,2008,,,,,missing,0,Dying_Cyrus_-_SOCB_V7__furnished_.xlsx,20,AL
bangladesh_krishi_bank_bkb,1,ASSET QUALITY,NPL amount,npl_amount,Tk mn,2009,,,,,missing,0,Dying_Cyrus_-_SOCB_V7__furnished_.xlsx,20,AM
bangladesh_krishi_bank_bkb,1,ASSET QUALITY,NPL amount,npl_amount,Tk mn,2010,28082.606,28082.606,,,native_numeric,0,Dying_Cyrus_-_SOCB_V7__furnished_.xlsx,20,AN
bangladesh_krishi_bank_bkb,1,ASSET QUALITY,NPL amount,npl_amount,Tk mn,2011,30283.608,30283.608,,,native_numeric,0,Dying_Cyrus_-_SOCB_V7__furnished_.xlsx,20,AO
bangladesh_krishi_bank_bkb,1,ASSET QUALITY,NPL amount,npl_amount,Tk mn,2012,40273.4,40273.4,,,native_numeric,0,Dying_Cyrus_-_SOCB_V7__furnished_.xlsx,20,AP
bangladesh_krishi_bank_bkb,1,ASSET QUALITY,NPL amount,npl_amount,Tk mn,2013,47474.5,47474.5,,,native_numeric,0,Dying_Cyrus_-_SOCB_V7__furnished_.xlsx,20,AQ
bangladesh_krishi_bank_bkb,1,ASSET QUALITY,NPL amount,npl_amount,Tk mn,2014,45626.436608,45626.436608,,,native_numeric,0,Dying_Cyrus_-_SOCB_V7__furnished_.xlsx,20,AR
bangladesh_krishi_bank_bkb,1,ASSET QUALITY,NPL amount,npl_amount,Tk mn,2015,43100.637135,43100.637135,,,native_numeric,0,Dying_Cyrus_-_SOCB_V7__furnished_.xlsx,20,AS
bangladesh_krishi_bank_bkb,1,ASSET QUALITY,NPL amount,npl_amount,Tk mn,2016,48413.0,48413.0,,,native_numeric,0,Dying_Cyrus_-_SOCB_V7__furnished_.xlsx,20,AT
bangladesh_krishi_bank_bkb,1,ASSET QUALITY,NPL amount,npl_amount,Tk mn,2017,43158.7,43158.7,,,native_numeric,0,Dying_Cyrus_-_SOCB_V7__furnished_.xlsx,20,AU
bangladesh_krishi_bank_bkb,1,ASSET QUALITY,NPL amount,npl_amount,Tk mn,2018,39351.4,39351.4,,,native_numeric,0,Dying_Cyrus_-_SOCB_V7__furnished_.xlsx,20,AV
bangladesh_krishi_bank_bkb,1,ASSET QUALITY,NPL amount,npl_amount,Tk mn,2019,35660.9,35660.9,,,native_numeric,0,Dying_Cyrus_-_SOCB_V7__furnished_.xlsx,20,AW
bangladesh_krishi_bank_bkb,1,ASSET QUALITY,NPL amount,npl_amount,Tk mn,2020,27327.1,27327.1,,,native_numeric,0,Dying_Cyrus_-_SOCB_V7__furnished_.xlsx,20,AX
bangladesh_krishi_bank_bkb,1,ASSET QUALITY,NPL amount,npl_amount,Tk mn,2021,24051.2,24051.2,,,native_numeric,0,Dying_Cyrus_-_SOCB_V7__furnished_.xlsx,20,AY
bangladesh_krishi_bank_bkb,1,ASSET QUALITY,NPL amount,npl_amount,Tk mn,2022,26254.4,26254.4,,,native_numeric,0,Dying_Cyrus_-_SOCB_V7__furnished_.xlsx,20,AZ
bangladesh_krishi_bank_bkb,1,ASSET QUALITY,NPL amount,npl_amount,Tk mn,2023,65008.8,65008.8,,,native_numeric,0,Dying_Cyrus_-_SOCB_V7__furnished_.xlsx,20,BA
bangladesh_krishi_bank_bkb,1,ASSET QUALITY,NPL amount,npl_amount,Tk mn,2024,141474.696937,141474.696937,,,native_numeric,0,Dying_Cyrus_-_SOCB_V7__furnished_.xlsx,20,BB
bangladesh_krishi_bank_bkb,1,ASSET QUALITY,NPL amount,npl_amount,Tk mn,2025,180237.697605,180237.697605,,,native_numeric,0,Dying_Cyrus_-_SOCB_V7__furnished_.xlsx,20,BC
bangladesh_krishi_bank_bkb,1,ASSET QUALITY,NPL amount,npl_amount,Tk mn,2026,,,,,missing,0,Dying_Cyrus_-_SOCB_V7__furnished_.xlsx,20,BD
bangladesh_krishi_bank_bkb,1,ASSET QUALITY,Provision Coverage %,provision_coverage_pct,%,1973,,,,fraction_inferred,missing,0,Dying_Cyrus_-_SOCB_V7__furnished_.xlsx,21,C
bangladesh_krishi_bank_bkb,1,ASSET QUALITY,Provision Coverage %,provision_coverage_pct,%,1974,,,,fraction_inferred,missing,0,Dying_Cyrus_-_SOCB_V7__furnished_.xlsx,21,D
bangladesh_krishi_bank_bkb,1,ASSET QUALITY,Provision Coverage %,provision_coverage_pct,%,1975,,,,fraction_inferred,missing,0,Dying_Cyrus_-_SOCB_V7__furnished_.xlsx,21,E
bangladesh_krishi_bank_bkb,1,ASSET QUALITY,Provision Coverage %,provision_coverage_pct,%,1976,,,,fraction_inferred,missing,0,Dying_Cyrus_-_SOCB_V7__furnished_.xlsx,21,F
bangladesh_krishi_bank_bkb,1,ASSET QUALITY,Provision Coverage %,provision_coverage_pct,%,1977,,,,fraction_inferred,missing,0,Dying_Cyrus_-_SOCB_V7__furnished_.xlsx,21,G
bangladesh_krishi_bank_bkb,1,ASSET QUALITY,Provision Coverage %,provision_coverage_pct,%,1978,,,,fraction_inferred,missing,0,Dying_Cyrus_-_SOCB_V7__furnished_.xlsx,21,H
bangladesh_krishi_bank_bkb,1,ASSET QUALITY,Provision Coverage %,provision_coverage_pct,%,1979,,,,fraction_inferred,missing,0,Dying_Cyrus_-_SOCB_V7__furnished_.xlsx,21,I
bangladesh_krishi_bank_bkb,1,ASSET QUALITY,Provision Coverage %,provision_coverage_pct,%,1980,,,,fraction_inferred,missing,0,Dying_Cyrus_-_SOCB_V7__furnished_.xlsx,21,J
bangladesh_krishi_bank_bkb,1,ASSET QUALITY,Provision Coverage %,provision_coverage_pct,%,1981,,,,fraction_inferred,missing,0,Dying_Cyrus_-_SOCB_V7__furnished_.xlsx,21,K
bangladesh_krishi_bank_bkb,1,ASSET QUALITY,Provision Coverage %,provision_coverage_pct,%,1982,,,,fraction_inferred,missing,0,Dying_Cyrus_-_SOCB_V7__furnished_.xlsx,21,L
bangladesh_krishi_bank_bkb,1,ASSET QUALITY,Provision Coverage %,provision_coverage_pct,%,1983,,,,fraction_inferred,missing,0,Dying_Cyrus_-_SOCB_V7__furnished_.xlsx,21,M
bangladesh_krishi_bank_bkb,1,ASSET QUALITY,Provision Coverage %,provision_coverage_pct,%,1984,,,,fraction_inferred,missing,0,Dying_Cyrus_-_SOCB_V7__furnished_.xlsx,21,N
bangladesh_krishi_bank_bkb,1,ASSET QUALITY,Provision Coverage %,provision_coverage_pct,%,1985,,,,fraction_inferred,missing,0,Dying_Cyrus_-_SOCB_V7__furnished_.xlsx,21,O
bangladesh_krishi_bank_bkb,1,ASSET QUALITY,Provision Coverage %,provision_coverage_pct,%,1986,,,,fraction_inferred,missing,0,Dying_Cyrus_-_SOCB_V7__furnished_.xlsx,21,P
bangladesh_krishi_bank_bkb,1,ASSET QUALITY,Provision Coverage %,provision_coverage_pct,%,1987,,,,fraction_inferred,missing,0,Dying_Cyrus_-_SOCB_V7__furnished_.xlsx,21,Q
bangladesh_krishi_bank_bkb,1,ASSET QUALITY,Provision Coverage %,provision_coverage_pct,%,1988,,,,fraction_inferred,missing,0,Dying_Cyrus_-_SOCB_V7__furnished_.xlsx,21,R
bangladesh_krishi_bank_bkb,1,ASSET QUALITY,Provision Coverage %,provision_coverage_pct,%,1989,,,,fraction_inferred,missing,0,Dying_Cyrus_-_SOCB_V7__furnished_.xlsx,21,S
bangladesh_krishi_bank_bkb,1,ASSET QUALITY,Provision Coverage %,provision_coverage_pct,%,1990,,,,fraction_inferred,missing,0,Dying_Cyrus_-_SOCB_V7__furnished_.xlsx,21,T
bangladesh_krishi_bank_bkb,1,ASSET QUALITY,Provision Coverage %,provision_coverage_pct,%,1991,,,,fraction_inferred,missing,0,Dying_Cyrus_-_SOCB_V7__furnished_.xlsx,21,U
bangladesh_krishi_bank_bkb,1,ASSET QUALITY,Provision Coverage %,provision_coverage_pct,%,1992,,,,fraction_inferred,missing,0,Dying_Cyrus_-_SOCB_V7__furnished_.xlsx,21,V
bangladesh_krishi_bank_bkb,1,ASSET QUALITY,Provision Coverage %,provision_coverage_pct,%,1993,,,,fraction_inferred,missing,0,Dying_Cyrus_-_SOCB_V7__furnished_.xlsx,21,W
bangladesh_krishi_bank_bkb,1,ASSET QUALITY,Provision Coverage %,provision_coverage_pct,%,1994,,,,fraction_inferred,missing,0,Dying_Cyrus_-_SOCB_V7__furnished_.xlsx,21,X
bangladesh_krishi_bank_bkb,1,ASSET QUALITY,Provision Coverage %,provision_coverage_pct,%,1995,,,,fraction_inferred,missing,0,Dying_Cyrus_-_SOCB_V7__furnished_.xlsx,21,Y
bangladesh_krishi_bank_bkb,1,ASSET QUALITY,Provision Coverage %,provision_coverage_pct,%,1996,,,,fraction_inferred,missing,0,Dying_Cyrus_-_SOCB_V7__furnished_.xlsx,21,Z
bangladesh_krishi_bank_bkb,1,ASSET QUALITY,Provision Coverage %,provision_coverage_pct,%,1997,,,,fraction_inferred,missing,0,Dying_Cyrus_-_SOCB_V7__furnished_.xlsx,21,AA
bangladesh_krishi_bank_bkb,1,ASSET QUALITY,Provision Coverage %,provision_coverage_pct,%,1998,,,,fraction_inferred,missing,0,Dying_Cyrus_-_SOCB_V7__furnished_.xlsx,21,AB
bangladesh_krishi_bank_bkb,1,ASSET QUALITY,Provision Coverage %,provision_coverage_pct,%,1999,,,,fraction_inferred,missing,0,Dying_Cyrus_-_SOCB_V7__furnished_.xlsx,21,AC
bangladesh_krishi_bank_bkb,1,ASSET QUALITY,Provision Coverage %,provision_coverage_pct,%,2000,,,,fraction_inferred,missing,0,Dying_Cyrus_-_SOCB_V7__furnished_.xlsx,21,AD
bangladesh_krishi_bank_bkb,1,ASSET QUALITY,Provision Coverage %,provision_coverage_pct,%,2001,,,,fraction_inferred,missing,0,Dying_Cyrus_-_SOCB_V7__furnished_.xlsx,21,AE
bangladesh_krishi_bank_bkb,1,ASSET QUALITY,Provision Coverage %,provision_coverage_pct,%,2002,,,,fraction_inferred,missing,0,Dying_Cyrus_-_SOCB_V7__furnished_.xlsx,21,AF
bangladesh_krishi_bank_bkb,1,ASSET QUALITY,Provision Coverage %,provision_coverage_pct,%,2003,,,,fraction_inferred,missing,0,Dying_Cyrus_-_SOCB_V7__furnished_.xlsx,21,AG
bangladesh_krishi_bank_bkb,1,ASSET QUALITY,Provision Coverage %,provision_coverage_pct,%,2004,,,,fraction_inferred,missing,0,Dying_Cyrus_-_SOCB_V7__furnished_.xlsx,21,AH
bangladesh_krishi_bank_bkb,1,ASSET QUALITY,Provision Coverage %,provision_coverage_pct,%,2005,,,,fraction_inferred,missing,0,Dying_Cyrus_-_SOCB_V7__furnished_.xlsx,21,AI
bangladesh_krishi_bank_bkb,1,ASSET QUALITY,Provision Coverage %,provision_coverage_pct,%,2006,,,,fraction_inferred,missing,0,Dying_Cyrus_-_SOCB_V7__furnished_.xlsx,21,AJ
bangladesh_krishi_bank_bkb,1,ASSET QUALITY,Provision Coverage %,provision_coverage_pct,%,2007,,,,fraction_inferred,missing,0,Dying_Cyrus_-_SOCB_V7__furnished_.xlsx,21,AK
bangladesh_krishi_bank_bkb,1,ASSET QUALITY,Provision Coverage %,provision_coverage_pct,%,2008,,,,fraction_inferred,missing,0,Dying_Cyrus_-_SOCB_V7__furnished_.xlsx,21,AL
bangladesh_krishi_bank_bkb,1,ASSET QUALITY,Provision Coverage %,provision_coverage_pct,%,2009,,,,fraction_inferred,missing,0,Dying_Cyrus_-_SOCB_V7__furnished_.xlsx,21,AM
bangladesh_krishi_bank_bkb,1,ASSET QUALITY,Provision Coverage %,provision_coverage_pct,%,2010,0.241484727948681,0.241484727948681,24.148472794868102,fraction_inferred,native_numeric,0,Dying_Cyrus_-_SOCB_V7__furnished_.xlsx,21,AN
bangladesh_krishi_bank_bkb,1,ASSET QUALITY,Provision Coverage %,provision_coverage_pct,%,2011,0.223687256650529,0.223687256650529,22.3687256650529,fraction_inferred,native_numeric,0,Dying_Cyrus_-_SOCB_V7__furnished_.xlsx,21,AO
bangladesh_krishi_bank_bkb,1,ASSET QUALITY,Provision Coverage %,provision_coverage_pct,%,2012,0.167961979867605,0.167961979867605,16.7961979867605,fraction_inferred,native_numeric,0,Dying_Cyrus_-_SOCB_V7__furnished_.xlsx,21,AP
bangladesh_krishi_bank_bkb,1,ASSET QUALITY,Provision Coverage %,provision_coverage_pct,%,2013,0.142329039800314,0.142329039800314,14.2329039800314,fraction_inferred,native_numeric,0,Dying_Cyrus_-_SOCB_V7__furnished_.xlsx,21,AQ
bangladesh_krishi_bank_bkb,1,ASSET QUALITY,Provision Coverage %,provision_coverage_pct,%,2014,0.605595590652706,0.605595590652706,60.5595590652706,fraction_inferred,native_numeric,0,Dying_Cyrus_-_SOCB_V7__furnished_.xlsx,21,AR
bangladesh_krishi_bank_bkb,1,ASSET QUALITY,Provision Coverage %,provision_coverage_pct,%,2015,0.586875588445985,0.586875588445985,58.6875588445985,fraction_inferred,native_numeric,0,Dying_Cyrus_-_SOCB_V7__furnished_.xlsx,21,AS
bangladesh_krishi_bank_bkb,1,ASSET QUALITY,Provision Coverage %,provision_coverage_pct,%,2016,0.522539400574226,0.522539400574226,52.2539400574226,fraction_inferred,native_numeric,0,Dying_Cyrus_-_SOCB_V7__furnished_.xlsx,21,AT
bangladesh_krishi_bank_bkb,1,ASSET QUALITY,Provision Coverage %,provision_coverage_pct,%,2017,0.566638939541738,0.566638939541738,56.66389395417381,fraction_inferred,native_numeric,0,Dying_Cyrus_-_SOCB_V7__furnished_.xlsx,21,AU
bangladesh_krishi_bank_bkb,1,ASSET QUALITY,Provision Coverage %,provision_coverage_pct,%,2018,0.56904709870551,0.56904709870551,56.904709870550995,fraction_inferred,native_numeric,0,Dying_Cyrus_-_SOCB_V7__furnished_.xlsx,21,AV
bangladesh_krishi_bank_bkb,1,ASSET QUALITY,Provision Coverage %,provision_coverage_pct,%,2019,0.551491970197051,0.551491970197051,55.1491970197051,fraction_inferred,native_numeric,0,Dying_Cyrus_-_SOCB_V7__furnished_.xlsx,21,AW
bangladesh_krishi_bank_bkb,1,ASSET QUALITY,Provision Coverage %,provision_coverage_pct,%,2020,0.689194974951605,0.689194974951605,68.9194974951605,fraction_inferred,native_numeric,0,Dying_Cyrus_-_SOCB_V7__furnished_.xlsx,21,AX
bangladesh_krishi_bank_bkb,1,ASSET QUALITY,Provision Coverage %,provision_coverage_pct,%,2021,0.793124667376264,0.793124667376264,79.3124667376264,fraction_inferred,native_numeric,0,Dying_Cyrus_-_SOCB_V7__furnished_.xlsx,21,AY
bangladesh_krishi_bank_bkb,1,ASSET QUALITY,Provision Coverage %,provision_coverage_pct,%,2022,0.724750898896947,0.724750898896947,72.4750898896947,fraction_inferred,native_numeric,0,Dying_Cyrus_-_SOCB_V7__furnished_.xlsx,21,AZ
bangladesh_krishi_bank_bkb,1,ASSET QUALITY,Provision Coverage %,provision_coverage_pct,%,2023,0.387349097352974,0.387349097352974,38.7349097352974,fraction_inferred,native_numeric,0,Dying_Cyrus_-_SOCB_V7__furnished_.xlsx,21,BA
bangladesh_krishi_bank_bkb,1,ASSET QUALITY,Provision Coverage %,provision_coverage_pct,%,2024,0.51800885567286,0.51800885567286,51.800885567286,fraction_inferred,native_numeric,0,Dying_Cyrus_-_SOCB_V7__furnished_.xlsx,21,BB
bangladesh_krishi_bank_bkb,1,ASSET QUALITY,Provision Coverage %,provision_coverage_pct,%,2025,0.729441894481639,0.729441894481639,72.9441894481639,fraction_inferred,native_numeric,0,Dying_Cyrus_-_SOCB_V7__furnished_.xlsx,21,BC
bangladesh_krishi_bank_bkb,1,ASSET QUALITY,Provision Coverage %,provision_coverage_pct,%,2026,,,,fraction_inferred,missing,0,Dying_Cyrus_-_SOCB_V7__furnished_.xlsx,21,BD
bangladesh_krishi_bank_bkb,1,ASSET QUALITY,Loan-Deposit Ratio %,loan_deposit_ratio_pct,%,1973,,,,fraction,missing,0,Dying_Cyrus_-_SOCB_V7__furnished_.xlsx,22,C
bangladesh_krishi_bank_bkb,1,ASSET QUALITY,Loan-Deposit Ratio %,loan_deposit_ratio_pct,%,1974,,,,fraction,missing,0,Dying_Cyrus_-_SOCB_V7__furnished_.xlsx,22,D
bangladesh_krishi_bank_bkb,1,ASSET QUALITY,Loan-Deposit Ratio %,loan_deposit_ratio_pct,%,1975,,,,fraction,missing,0,Dying_Cyrus_-_SOCB_V7__furnished_.xlsx,22,E
bangladesh_krishi_bank_bkb,1,ASSET QUALITY,Loan-Deposit Ratio %,loan_deposit_ratio_pct,%,1976,,,,fraction,missing,0,Dying_Cyrus_-_SOCB_V7__furnished_.xlsx,22,F
bangladesh_krishi_bank_bkb,1,ASSET QUALITY,Loan-Deposit Ratio %,loan_deposit_ratio_pct,%,1977,,,,fraction,missing,0,Dying_Cyrus_-_SOCB_V7__furnished_.xlsx,22,G
bangladesh_krishi_bank_bkb,1,ASSET QUALITY,Loan-Deposit Ratio %,loan_deposit_ratio_pct,%,1978,,,,fraction,missing,0,Dying_Cyrus_-_SOCB_V7__furnished_.xlsx,22,H
bangladesh_krishi_bank_bkb,1,ASSET QUALITY,Loan-Deposit Ratio %,loan_deposit_ratio_pct,%,1979,,,,fraction,missing,0,Dying_Cyrus_-_SOCB_V7__furnished_.xlsx,22,I
bangladesh_krishi_bank_bkb,1,ASSET QUALITY,Loan-Deposit Ratio %,loan_deposit_ratio_pct,%,1980,,,,fraction,missing,0,Dying_Cyrus_-_SOCB_V7__furnished_.xlsx,22,J
bangladesh_krishi_bank_bkb,1,ASSET QUALITY,Loan-Deposit Ratio %,loan_deposit_ratio_pct,%,1981,,,,fraction,missing,0,Dying_Cyrus_-_SOCB_V7__furnished_.xlsx,22,K
bangladesh_krishi_bank_bkb,1,ASSET QUALITY,Loan-Deposit Ratio %,loan_deposit_ratio_pct,%,1982,,,,fraction,missing,0,Dying_Cyrus_-_SOCB_V7__furnished_.xlsx,22,L
bangladesh_krishi_bank_bkb,1,ASSET QUALITY,Loan-Deposit Ratio %,loan_deposit_ratio_pct,%,1983,,,,fraction,missing,0,Dying_Cyrus_-_SOCB_V7__furnished_.xlsx,22,M
bangladesh_krishi_bank_bkb,1,ASSET QUALITY,Loan-Deposit Ratio %,loan_deposit_ratio_pct,%,1984,,,,fraction,missing,0,Dying_Cyrus_-_SOCB_V7__furnished_.xlsx,22,N
bangladesh_krishi_bank_bkb,1,ASSET QUALITY,Loan-Deposit Ratio %,loan_deposit_ratio_pct,%,1985,,,,fraction,missing,0,Dying_Cyrus_-_SOCB_V7__furnished_.xlsx,22,O
bangladesh_krishi_bank_bkb,1,ASSET QUALITY,Loan-Deposit Ratio %,loan_deposit_ratio_pct,%,1986,,,,fraction,missing,0,Dying_Cyrus_-_SOCB_V7__furnished_.xlsx,22,P
bangladesh_krishi_bank_bkb,1,ASSET QUALITY,Loan-Deposit Ratio %,loan_deposit_ratio_pct,%,1987,,,,fraction,missing,0,Dying_Cyrus_-_SOCB_V7__furnished_.xlsx,22,Q
bangladesh_krishi_bank_bkb,1,ASSET QUALITY,Loan-Deposit Ratio %,loan_deposit_ratio_pct,%,1988,,,,fraction,missing,0,Dying_Cyrus_-_SOCB_V7__furnished_.xlsx,22,R
bangladesh_krishi_bank_bkb,1,ASSET QUALITY,Loan-Deposit Ratio %,loan_deposit_ratio_pct,%,1989,,,,fraction,missing,0,Dying_Cyrus_-_SOCB_V7__furnished_.xlsx,22,S
bangladesh_krishi_bank_bkb,1,ASSET QUALITY,Loan-Deposit Ratio %,loan_deposit_ratio_pct,%,1990,,,,fraction,missing,0,Dying_Cyrus_-_SOCB_V7__furnished_.xlsx,22,T
bangladesh_krishi_bank_bkb,1,ASSET QUALITY,Loan-Deposit Ratio %,loan_deposit_ratio_pct,%,1991,,,,fraction,missing,0,Dying_Cyrus_-_SOCB_V7__furnished_.xlsx,22,U
bangladesh_krishi_bank_bkb,1,ASSET QUALITY,Loan-Deposit Ratio %,loan_deposit_ratio_pct,%,1992,,,,fraction,missing,0,Dying_Cyrus_-_SOCB_V7__furnished_.xlsx,22,V
bangladesh_krishi_bank_bkb,1,ASSET QUALITY,Loan-Deposit Ratio %,loan_deposit_ratio_pct,%,1993,,,,fraction,missing,0,Dying_Cyrus_-_SOCB_V7__furnished_.xlsx,22,W
bangladesh_krishi_bank_bkb,1,ASSET QUALITY,Loan-Deposit Ratio %,loan_deposit_ratio_pct,%,1994,,,,fraction,missing,0,Dying_Cyrus_-_SOCB_V7__furnished_.xlsx,22,X
bangladesh_krishi_bank_bkb,1,ASSET QUALITY,Loan-Deposit Ratio %,loan_deposit_ratio_pct,%,1995,,,,fraction,missing,0,Dying_Cyrus_-_SOCB_V7__furnished_.xlsx,22,Y
bangladesh_krishi_bank_bkb,1,ASSET QUALITY,Loan-Deposit Ratio %,loan_deposit_ratio_pct,%,1996,,,,fraction,missing,0,Dying_Cyrus_-_SOCB_V7__furnished_.xlsx,22,Z
bangladesh_krishi_bank_bkb,1,ASSET QUALITY,Loan-Deposit Ratio %,loan_deposit_ratio_pct,%,1997,,,,fraction,missing,0,Dying_Cyrus_-_SOCB_V7__furnished_.xlsx,22,AA
bangladesh_krishi_bank_bkb,1,ASSET QUALITY,Loan-Deposit Ratio %,loan_deposit_ratio_pct,%,1998,,,,fraction,missing,0,Dying_Cyrus_-_SOCB_V7__furnished_.xlsx,22,AB
bangladesh_krishi_bank_bkb,1,ASSET QUALITY,Loan-Deposit Ratio %,loan_deposit_ratio_pct,%,1999,,,,fraction,missing,0,Dying_Cyrus_-_SOCB_V7__furnished_.xlsx,22,AC
bangladesh_krishi_bank_bkb,1,ASSET QUALITY,Loan-Deposit Ratio %,loan_deposit_ratio_pct,%,2000,,,,fraction,missing,0,Dying_Cyrus_-_SOCB_V7__furnished_.xlsx,22,AD
bangladesh_krishi_bank_bkb,1,ASSET QUALITY,Loan-Deposit Ratio %,loan_deposit_ratio_pct,%,2001,,,,fraction,missing,0,Dying_Cyrus_-_SOCB_V7__furnished_.xlsx,22,AE
bangladesh_krishi_bank_bkb,1,ASSET QUALITY,Loan-Deposit Ratio %,loan_deposit_ratio_pct,%,2002,,,,fraction,missing,0,Dying_Cyrus_-_SOCB_V7__furnished_.xlsx,22,AF
bangladesh_krishi_bank_bkb,1,ASSET QUALITY,Loan-Deposit Ratio %,loan_deposit_ratio_pct,%,2003,,,,fraction,missing,0,Dying_Cyrus_-_SOCB_V7__furnished_.xlsx,22,AG
bangladesh_krishi_bank_bkb,1,ASSET QUALITY,Loan-Deposit Ratio %,loan_deposit_ratio_pct,%,2004,,,,fraction,missing,0,Dying_Cyrus_-_SOCB_V7__furnished_.xlsx,22,AH
bangladesh_krishi_bank_bkb,1,ASSET QUALITY,Loan-Deposit Ratio %,loan_deposit_ratio_pct,%,2005,,,,fraction,missing,0,Dying_Cyrus_-_SOCB_V7__furnished_.xlsx,22,AI
bangladesh_krishi_bank_bkb,1,ASSET QUALITY,Loan-Deposit Ratio %,loan_deposit_ratio_pct,%,2006,,,,fraction,missing,0,Dying_Cyrus_-_SOCB_V7__furnished_.xlsx,22,AJ
bangladesh_krishi_bank_bkb,1,ASSET QUALITY,Loan-Deposit Ratio %,loan_deposit_ratio_pct,%,2007,,,,fraction,missing,0,Dying_Cyrus_-_SOCB_V7__furnished_.xlsx,22,AK
bangladesh_krishi_bank_bkb,1,ASSET QUALITY,Loan-Deposit Ratio %,loan_deposit_ratio_pct,%,2008,,,,fraction,missing,0,Dying_Cyrus_-_SOCB_V7__furnished_.xlsx,22,AL
bangladesh_krishi_bank_bkb,1,ASSET QUALITY,Loan-Deposit Ratio %,loan_deposit_ratio_pct,%,2009,,,,fraction,missing,0,Dying_Cyrus_-_SOCB_V7__furnished_.xlsx,22,AM
bangladesh_krishi_bank_bkb,1,ASSET QUALITY,Loan-Deposit Ratio %,loan_deposit_ratio_pct,%,2010,1.010741,1.010741,101.07409999999999,fraction,native_numeric,0,Dying_Cyrus_-_SOCB_V7__furnished_.xlsx,22,AN
bangladesh_krishi_bank_bkb,1,ASSET QUALITY,Loan-Deposit Ratio %,loan_deposit_ratio_pct,%,2011,1.076276706,1.076276706,107.6276706,fraction,native_numeric,0,Dying_Cyrus_-_SOCB_V7__furnished_.xlsx,22,AO
bangladesh_krishi_bank_bkb,1,ASSET QUALITY,Loan-Deposit Ratio %,loan_deposit_ratio_pct,%,2012,1.031887022,1.031887022,103.18870220000001,fraction,native_numeric,0,Dying_Cyrus_-_SOCB_V7__furnished_.xlsx,22,AP
bangladesh_krishi_bank_bkb,1,ASSET QUALITY,Loan-Deposit Ratio %,loan_deposit_ratio_pct,%,2013,0.9983984489,0.9983984489,99.83984489,fraction,native_numeric,0,Dying_Cyrus_-_SOCB_V7__furnished_.xlsx,22,AQ
bangladesh_krishi_bank_bkb,1,ASSET QUALITY,Loan-Deposit Ratio %,loan_deposit_ratio_pct,%,2014,0.9728970611,0.9728970611,97.28970611,fraction,native_numeric,0,Dying_Cyrus_-_SOCB_V7__furnished_.xlsx,22,AR
bangladesh_krishi_bank_bkb,1,ASSET QUALITY,Loan-Deposit Ratio %,loan_deposit_ratio_pct,%,2015,0.9047208706,0.9047208706,90.47208705999999,fraction,native_numeric,0,Dying_Cyrus_-_SOCB_V7__furnished_.xlsx,22,AS
bangladesh_krishi_bank_bkb,1,ASSET QUALITY,Loan-Deposit Ratio %,loan_deposit_ratio_pct,%,2016,0.8800688866,0.8800688866,88.00688866,fraction,native_numeric,0,Dying_Cyrus_-_SOCB_V7__furnished_.xlsx,22,AT
bangladesh_krishi_bank_bkb,1,ASSET QUALITY,Loan-Deposit Ratio %,loan_deposit_ratio_pct,%,2017,0.85175495,0.85175495,85.175495,fraction,native_numeric,0,Dying_Cyrus_-_SOCB_V7__furnished_.xlsx,22,AU
bangladesh_krishi_bank_bkb,1,ASSET QUALITY,Loan-Deposit Ratio %,loan_deposit_ratio_pct,%,2018,0.8280396243,0.8280396243,82.80396243,fraction,native_numeric,0,Dying_Cyrus_-_SOCB_V7__furnished_.xlsx,22,AV
bangladesh_krishi_bank_bkb,1,ASSET QUALITY,Loan-Deposit Ratio %,loan_deposit_ratio_pct,%,2019,0.8519029219,0.8519029219,85.19029219000001,fraction,native_numeric,0,Dying_Cyrus_-_SOCB_V7__furnished_.xlsx,22,AW
bangladesh_krishi_bank_bkb,1,ASSET QUALITY,Loan-Deposit Ratio %,loan_deposit_ratio_pct,%,2020,0.8588360865,0.8588360865,85.88360865,fraction,native_numeric,0,Dying_Cyrus_-_SOCB_V7__furnished_.xlsx,22,AX
bangladesh_krishi_bank_bkb,1,ASSET QUALITY,Loan-Deposit Ratio %,loan_deposit_ratio_pct,%,2021,0.8181291286,0.8181291286,81.81291286,fraction,native_numeric,0,Dying_Cyrus_-_SOCB_V7__furnished_.xlsx,22,AY
bangladesh_krishi_bank_bkb,1,ASSET QUALITY,Loan-Deposit Ratio %,loan_deposit_ratio_pct,%,2022,0.7730690282,0.7730690282,77.30690282,fraction,native_numeric,0,Dying_Cyrus_-_SOCB_V7__furnished_.xlsx,22,AZ
bangladesh_krishi_bank_bkb,1,ASSET QUALITY,Loan-Deposit Ratio %,loan_deposit_ratio_pct,%,2023,0.7870472244,0.7870472244,78.70472244,fraction,native_numeric,0,Dying_Cyrus_-_SOCB_V7__furnished_.xlsx,22,BA
bangladesh_krishi_bank_bkb,1,ASSET QUALITY,Loan-Deposit Ratio %,loan_deposit_ratio_pct,%,2024,0.8080776875,0.8080776875,80.80776875,fraction,native_numeric,0,Dying_Cyrus_-_SOCB_V7__furnished_.xlsx,22,BB
bangladesh_krishi_bank_bkb,1,ASSET QUALITY,Loan-Deposit Ratio %,loan_deposit_ratio_pct,%,2025,0.7661029493,0.7661029493,76.61029493,fraction,native_numeric,0,Dying_Cyrus_-_SOCB_V7__furnished_.xlsx,22,BC
bangladesh_krishi_bank_bkb,1,ASSET QUALITY,Loan-Deposit Ratio %,loan_deposit_ratio_pct,%,2026,,,,fraction,missing,0,Dying_Cyrus_-_SOCB_V7__furnished_.xlsx,22,BD
bangladesh_krishi_bank_bkb,1,CAPITAL & EFFICIENCY,Capital Adequacy Ratio %,car_pct,%,1973,,,,fraction_inferred,missing,0,Dying_Cyrus_-_SOCB_V7__furnished_.xlsx,24,C
bangladesh_krishi_bank_bkb,1,CAPITAL & EFFICIENCY,Capital Adequacy Ratio %,car_pct,%,1974,,,,fraction_inferred,missing,0,Dying_Cyrus_-_SOCB_V7__furnished_.xlsx,24,D
bangladesh_krishi_bank_bkb,1,CAPITAL & EFFICIENCY,Capital Adequacy Ratio %,car_pct,%,1975,,,,fraction_inferred,missing,0,Dying_Cyrus_-_SOCB_V7__furnished_.xlsx,24,E
bangladesh_krishi_bank_bkb,1,CAPITAL & EFFICIENCY,Capital Adequacy Ratio %,car_pct,%,1976,,,,fraction_inferred,missing,0,Dying_Cyrus_-_SOCB_V7__furnished_.xlsx,24,F
bangladesh_krishi_bank_bkb,1,CAPITAL & EFFICIENCY,Capital Adequacy Ratio %,car_pct,%,1977,,,,fraction_inferred,missing,0,Dying_Cyrus_-_SOCB_V7__furnished_.xlsx,24,G
bangladesh_krishi_bank_bkb,1,CAPITAL & EFFICIENCY,Capital Adequacy Ratio %,car_pct,%,1978,,,,fraction_inferred,missing,0,Dying_Cyrus_-_SOCB_V7__furnished_.xlsx,24,H
bangladesh_krishi_bank_bkb,1,CAPITAL & EFFICIENCY,Capital Adequacy Ratio %,car_pct,%,1979,,,,fraction_inferred,missing,0,Dying_Cyrus_-_SOCB_V7__furnished_.xlsx,24,I
bangladesh_krishi_bank_bkb,1,CAPITAL & EFFICIENCY,Capital Adequacy Ratio %,car_pct,%,1980,,,,fraction_inferred,missing,0,Dying_Cyrus_-_SOCB_V7__furnished_.xlsx,24,J
bangladesh_krishi_bank_bkb,1,CAPITAL & EFFICIENCY,Capital Adequacy Ratio %,car_pct,%,1981,,,,fraction_inferred,missing,0,Dying_Cyrus_-_SOCB_V7__furnished_.xlsx,24,K
bangladesh_krishi_bank_bkb,1,CAPITAL & EFFICIENCY,Capital Adequacy Ratio %,car_pct,%,1982,,,,fraction_inferred,missing,0,Dying_Cyrus_-_SOCB_V7__furnished_.xlsx,24,L
bangladesh_krishi_bank_bkb,1,CAPITAL & EFFICIENCY,Capital Adequacy Ratio %,car_pct,%,1983,,,,fraction_inferred,missing,0,Dying_Cyrus_-_SOCB_V7__furnished_.xlsx,24,M
bangladesh_krishi_bank_bkb,1,CAPITAL & EFFICIENCY,Capital Adequacy Ratio %,car_pct,%,1984,,,,fraction_inferred,missing,0,Dying_Cyrus_-_SOCB_V7__furnished_.xlsx,24,N
bangladesh_krishi_bank_bkb,1,CAPITAL & EFFICIENCY,Capital Adequacy Ratio %,car_pct,%,1985,,,,fraction_inferred,missing,0,Dying_Cyrus_-_SOCB_V7__furnished_.xlsx,24,O
bangladesh_krishi_bank_bkb,1,CAPITAL & EFFICIENCY,Capital Adequacy Ratio %,car_pct,%,1986,,,,fraction_inferred,missing,0,Dying_Cyrus_-_SOCB_V7__furnished_.xlsx,24,P
bangladesh_krishi_bank_bkb,1,CAPITAL & EFFICIENCY,Capital Adequacy Ratio %,car_pct,%,1987,,,,fraction_inferred,missing,0,Dying_Cyrus_-_SOCB_V7__furnished_.xlsx,24,Q
bangladesh_krishi_bank_bkb,1,CAPITAL & EFFICIENCY,Capital Adequacy Ratio %,car_pct,%,1988,,,,fraction_inferred,missing,0,Dying_Cyrus_-_SOCB_V7__furnished_.xlsx,24,R
bangladesh_krishi_bank_bkb,1,CAPITAL & EFFICIENCY,Capital Adequacy Ratio %,car_pct,%,1989,,,,fraction_inferred,missing,0,Dying_Cyrus_-_SOCB_V7__furnished_.xlsx,24,S
bangladesh_krishi_bank_bkb,1,CAPITAL & EFFICIENCY,Capital Adequacy Ratio %,car_pct,%,1990,,,,fraction_inferred,missing,0,Dying_Cyrus_-_SOCB_V7__furnished_.xlsx,24,T
bangladesh_krishi_bank_bkb,1,CAPITAL & EFFICIENCY,Capital Adequacy Ratio %,car_pct,%,1991,,,,fraction_inferred,missing,0,Dying_Cyrus_-_SOCB_V7__furnished_.xlsx,24,U
bangladesh_krishi_bank_bkb,1,CAPITAL & EFFICIENCY,Capital Adequacy Ratio %,car_pct,%,1992,,,,fraction_inferred,missing,0,Dying_Cyrus_-_SOCB_V7__furnished_.xlsx,24,V
bangladesh_krishi_bank_bkb,1,CAPITAL & EFFICIENCY,Capital Adequacy Ratio %,car_pct,%,1993,,,,fraction_inferred,missing,0,Dying_Cyrus_-_SOCB_V7__furnished_.xlsx,24,W
bangladesh_krishi_bank_bkb,1,CAPITAL & EFFICIENCY,Capital Adequacy Ratio %,car_pct,%,1994,,,,fraction_inferred,missing,0,Dying_Cyrus_-_SOCB_V7__furnished_.xlsx,24,X
bangladesh_krishi_bank_bkb,1,CAPITAL & EFFICIENCY,Capital Adequacy Ratio %,car_pct,%,1995,,,,fraction_inferred,missing,0,Dying_Cyrus_-_SOCB_V7__furnished_.xlsx,24,Y
bangladesh_krishi_bank_bkb,1,CAPITAL & EFFICIENCY,Capital Adequacy Ratio %,car_pct,%,1996,,,,fraction_inferred,missing,0,Dying_Cyrus_-_SOCB_V7__furnished_.xlsx,24,Z
bangladesh_krishi_bank_bkb,1,CAPITAL & EFFICIENCY,Capital Adequacy Ratio %,car_pct,%,1997,,,,fraction_inferred,missing,0,Dying_Cyrus_-_SOCB_V7__furnished_.xlsx,24,AA
bangladesh_krishi_bank_bkb,1,CAPITAL & EFFICIENCY,Capital Adequacy Ratio %,car_pct,%,1998,,,,fraction_inferred,missing,0,Dying_Cyrus_-_SOCB_V7__furnished_.xlsx,24,AB
bangladesh_krishi_bank_bkb,1,CAPITAL & EFFICIENCY,Capital Adequacy Ratio %,car_pct,%,1999,,,,fraction_inferred,missing,0,Dying_Cyrus_-_SOCB_V7__furnished_.xlsx,24,AC
bangladesh_krishi_bank_bkb,1,CAPITAL & EFFICIENCY,Capital Adequacy Ratio %,car_pct,%,2000,,,,fraction_inferred,missing,0,Dying_Cyrus_-_SOCB_V7__furnished_.xlsx,24,AD
bangladesh_krishi_bank_bkb,1,CAPITAL & EFFICIENCY,Capital Adequacy Ratio %,car_pct,%,2001,,,,fraction_inferred,missing,0,Dying_Cyrus_-_SOCB_V7__furnished_.xlsx,24,AE
bangladesh_krishi_bank_bkb,1,CAPITAL & EFFICIENCY,Capital Adequacy Ratio %,car_pct,%,2002,,,,fraction_inferred,missing,0,Dying_Cyrus_-_SOCB_V7__furnished_.xlsx,24,AF
bangladesh_krishi_bank_bkb,1,CAPITAL & EFFICIENCY,Capital Adequacy Ratio %,car_pct,%,2003,,,,fraction_inferred,missing,0,Dying_Cyrus_-_SOCB_V7__furnished_.xlsx,24,AG
bangladesh_krishi_bank_bkb,1,CAPITAL & EFFICIENCY,Capital Adequacy Ratio %,car_pct,%,2004,,,,fraction_inferred,missing,0,Dying_Cyrus_-_SOCB_V7__furnished_.xlsx,24,AH
bangladesh_krishi_bank_bkb,1,CAPITAL & EFFICIENCY,Capital Adequacy Ratio %,car_pct,%,2005,,,,fraction_inferred,missing,0,Dying_Cyrus_-_SOCB_V7__furnished_.xlsx,24,AI
bangladesh_krishi_bank_bkb,1,CAPITAL & EFFICIENCY,Capital Adequacy Ratio %,car_pct,%,2006,,,,fraction_inferred,missing,0,Dying_Cyrus_-_SOCB_V7__furnished_.xlsx,24,AJ
bangladesh_krishi_bank_bkb,1,CAPITAL & EFFICIENCY,Capital Adequacy Ratio %,car_pct,%,2007,,,,fraction_inferred,missing,0,Dying_Cyrus_-_SOCB_V7__furnished_.xlsx,24,AK
bangladesh_krishi_bank_bkb,1,CAPITAL & EFFICIENCY,Capital Adequacy Ratio %,car_pct,%,2008,,,,fraction_inferred,missing,0,Dying_Cyrus_-_SOCB_V7__furnished_.xlsx,24,AL
bangladesh_krishi_bank_bkb,1,CAPITAL & EFFICIENCY,Capital Adequacy Ratio %,car_pct,%,2009,,,,fraction_inferred,missing,0,Dying_Cyrus_-_SOCB_V7__furnished_.xlsx,24,AM
bangladesh_krishi_bank_bkb,1,CAPITAL & EFFICIENCY,Capital Adequacy Ratio %,car_pct,%,2010,,,,fraction_inferred,missing,0,Dying_Cyrus_-_SOCB_V7__furnished_.xlsx,24,AN
bangladesh_krishi_bank_bkb,1,CAPITAL & EFFICIENCY,Capital Adequacy Ratio %,car_pct,%,2011,,,,fraction_inferred,missing,0,Dying_Cyrus_-_SOCB_V7__furnished_.xlsx,24,AO
bangladesh_krishi_bank_bkb,1,CAPITAL & EFFICIENCY,Capital Adequacy Ratio %,car_pct,%,2012,,,,fraction_inferred,missing,0,Dying_Cyrus_-_SOCB_V7__furnished_.xlsx,24,AP
bangladesh_krishi_bank_bkb,1,CAPITAL & EFFICIENCY,Capital Adequacy Ratio %,car_pct,%,2013,,,,fraction_inferred,missing,0,Dying_Cyrus_-_SOCB_V7__furnished_.xlsx,24,AQ
bangladesh_krishi_bank_bkb,1,CAPITAL & EFFICIENCY,Capital Adequacy Ratio %,car_pct,%,2014,-0.4064,-0.4064,-40.64,fraction_inferred,native_numeric,0,Dying_Cyrus_-_SOCB_V7__furnished_.xlsx,24,AR
bangladesh_krishi_bank_bkb,1,CAPITAL & EFFICIENCY,Capital Adequacy Ratio %,car_pct,%,2015,-0.3763,-0.3763,-37.63,fraction_inferred,native_numeric,0,Dying_Cyrus_-_SOCB_V7__furnished_.xlsx,24,AS
bangladesh_krishi_bank_bkb,1,CAPITAL & EFFICIENCY,Capital Adequacy Ratio %,car_pct,%,2016,-0.4687,-0.4687,-46.87,fraction_inferred,native_numeric,0,Dying_Cyrus_-_SOCB_V7__furnished_.xlsx,24,AT
bangladesh_krishi_bank_bkb,1,CAPITAL & EFFICIENCY,Capital Adequacy Ratio %,car_pct,%,2017,-0.4801,-0.4801,-48.010000000000005,fraction_inferred,native_numeric,0,Dying_Cyrus_-_SOCB_V7__furnished_.xlsx,24,AU
bangladesh_krishi_bank_bkb,1,CAPITAL & EFFICIENCY,Capital Adequacy Ratio %,car_pct,%,2018,-0.3986,-0.3986,-39.86,fraction_inferred,native_numeric,0,Dying_Cyrus_-_SOCB_V7__furnished_.xlsx,24,AV
bangladesh_krishi_bank_bkb,1,CAPITAL & EFFICIENCY,Capital Adequacy Ratio %,car_pct,%,2019,-0.3685,-0.3685,-36.85,fraction_inferred,native_numeric,0,Dying_Cyrus_-_SOCB_V7__furnished_.xlsx,24,AW
bangladesh_krishi_bank_bkb,1,CAPITAL & EFFICIENCY,Capital Adequacy Ratio %,car_pct,%,2020,-0.4168,-0.4168,-41.68,fraction_inferred,native_numeric,0,Dying_Cyrus_-_SOCB_V7__furnished_.xlsx,24,AX
bangladesh_krishi_bank_bkb,1,CAPITAL & EFFICIENCY,Capital Adequacy Ratio %,car_pct,%,2021,-0.401,-0.401,-40.1,fraction_inferred,native_numeric,0,Dying_Cyrus_-_SOCB_V7__furnished_.xlsx,24,AY
bangladesh_krishi_bank_bkb,1,CAPITAL & EFFICIENCY,Capital Adequacy Ratio %,car_pct,%,2022,-0.4425,-0.4425,-44.25,fraction_inferred,native_numeric,0,Dying_Cyrus_-_SOCB_V7__furnished_.xlsx,24,AZ
bangladesh_krishi_bank_bkb,1,CAPITAL & EFFICIENCY,Capital Adequacy Ratio %,car_pct,%,2023,-0.5241,-0.5241,-52.410000000000004,fraction_inferred,native_numeric,0,Dying_Cyrus_-_SOCB_V7__furnished_.xlsx,24,BA
bangladesh_krishi_bank_bkb,1,CAPITAL & EFFICIENCY,Capital Adequacy Ratio %,car_pct,%,2024,-0.7359,-0.7359,-73.59,fraction_inferred,native_numeric,0,Dying_Cyrus_-_SOCB_V7__furnished_.xlsx,24,BB
bangladesh_krishi_bank_bkb,1,CAPITAL & EFFICIENCY,Capital Adequacy Ratio %,car_pct,%,2025,-1.3308,-1.3308,-133.07999999999998,fraction_inferred,native_numeric,0,Dying_Cyrus_-_SOCB_V7__furnished_.xlsx,24,BC
bangladesh_krishi_bank_bkb,1,CAPITAL & EFFICIENCY,Capital Adequacy Ratio %,car_pct,%,2026,,,,fraction_inferred,missing,0,Dying_Cyrus_-_SOCB_V7__furnished_.xlsx,24,BD
bangladesh_krishi_bank_bkb,1,CAPITAL & EFFICIENCY,Cost-to-Income Ratio %,cost_income_pct,%,1973,,,,fraction_inferred,missing,0,Dying_Cyrus_-_SOCB_V7__furnished_.xlsx,25,C
bangladesh_krishi_bank_bkb,1,CAPITAL & EFFICIENCY,Cost-to-Income Ratio %,cost_income_pct,%,1974,,,,fraction_inferred,missing,0,Dying_Cyrus_-_SOCB_V7__furnished_.xlsx,25,D
bangladesh_krishi_bank_bkb,1,CAPITAL & EFFICIENCY,Cost-to-Income Ratio %,cost_income_pct,%,1975,,,,fraction_inferred,missing,0,Dying_Cyrus_-_SOCB_V7__furnished_.xlsx,25,E
bangladesh_krishi_bank_bkb,1,CAPITAL & EFFICIENCY,Cost-to-Income Ratio %,cost_income_pct,%,1976,,,,fraction_inferred,missing,0,Dying_Cyrus_-_SOCB_V7__furnished_.xlsx,25,F
bangladesh_krishi_bank_bkb,1,CAPITAL & EFFICIENCY,Cost-to-Income Ratio %,cost_income_pct,%,1977,,,,fraction_inferred,missing,0,Dying_Cyrus_-_SOCB_V7__furnished_.xlsx,25,G
bangladesh_krishi_bank_bkb,1,CAPITAL & EFFICIENCY,Cost-to-Income Ratio %,cost_income_pct,%,1978,,,,fraction_inferred,missing,0,Dying_Cyrus_-_SOCB_V7__furnished_.xlsx,25,H
bangladesh_krishi_bank_bkb,1,CAPITAL & EFFICIENCY,Cost-to-Income Ratio %,cost_income_pct,%,1979,,,,fraction_inferred,missing,0,Dying_Cyrus_-_SOCB_V7__furnished_.xlsx,25,I
bangladesh_krishi_bank_bkb,1,CAPITAL & EFFICIENCY,Cost-to-Income Ratio %,cost_income_pct,%,1980,,,,fraction_inferred,missing,0,Dying_Cyrus_-_SOCB_V7__furnished_.xlsx,25,J
bangladesh_krishi_bank_bkb,1,CAPITAL & EFFICIENCY,Cost-to-Income Ratio %,cost_income_pct,%,1981,,,,fraction_inferred,missing,0,Dying_Cyrus_-_SOCB_V7__furnished_.xlsx,25,K
bangladesh_krishi_bank_bkb,1,CAPITAL & EFFICIENCY,Cost-to-Income Ratio %,cost_income_pct,%,1982,,,,fraction_inferred,missing,0,Dying_Cyrus_-_SOCB_V7__furnished_.xlsx,25,L
bangladesh_krishi_bank_bkb,1,CAPITAL & EFFICIENCY,Cost-to-Income Ratio %,cost_income_pct,%,1983,,,,fraction_inferred,missing,0,Dying_Cyrus_-_SOCB_V7__furnished_.xlsx,25,M
bangladesh_krishi_bank_bkb,1,CAPITAL & EFFICIENCY,Cost-to-Income Ratio %,cost_income_pct,%,1984,,,,fraction_inferred,missing,0,Dying_Cyrus_-_SOCB_V7__furnished_.xlsx,25,N
bangladesh_krishi_bank_bkb,1,CAPITAL & EFFICIENCY,Cost-to-Income Ratio %,cost_income_pct,%,1985,,,,fraction_inferred,missing,0,Dying_Cyrus_-_SOCB_V7__furnished_.xlsx,25,O
bangladesh_krishi_bank_bkb,1,CAPITAL & EFFICIENCY,Cost-to-Income Ratio %,cost_income_pct,%,1986,,,,fraction_inferred,missing,0,Dying_Cyrus_-_SOCB_V7__furnished_.xlsx,25,P
bangladesh_krishi_bank_bkb,1,CAPITAL & EFFICIENCY,Cost-to-Income Ratio %,cost_income_pct,%,1987,,,,fraction_inferred,missing,0,Dying_Cyrus_-_SOCB_V7__furnished_.xlsx,25,Q
bangladesh_krishi_bank_bkb,1,CAPITAL & EFFICIENCY,Cost-to-Income Ratio %,cost_income_pct,%,1988,,,,fraction_inferred,missing,0,Dying_Cyrus_-_SOCB_V7__furnished_.xlsx,25,R
bangladesh_krishi_bank_bkb,1,CAPITAL & EFFICIENCY,Cost-to-Income Ratio %,cost_income_pct,%,1989,,,,fraction_inferred,missing,0,Dying_Cyrus_-_SOCB_V7__furnished_.xlsx,25,S
bangladesh_krishi_bank_bkb,1,CAPITAL & EFFICIENCY,Cost-to-Income Ratio %,cost_income_pct,%,1990,,,,fraction_inferred,missing,0,Dying_Cyrus_-_SOCB_V7__furnished_.xlsx,25,T
bangladesh_krishi_bank_bkb,1,CAPITAL & EFFICIENCY,Cost-to-Income Ratio %,cost_income_pct,%,1991,,,,fraction_inferred,missing,0,Dying_Cyrus_-_SOCB_V7__furnished_.xlsx,25,U
bangladesh_krishi_bank_bkb,1,CAPITAL & EFFICIENCY,Cost-to-Income Ratio %,cost_income_pct,%,1992,,,,fraction_inferred,missing,0,Dying_Cyrus_-_SOCB_V7__furnished_.xlsx,25,V
bangladesh_krishi_bank_bkb,1,CAPITAL & EFFICIENCY,Cost-to-Income Ratio %,cost_income_pct,%,1993,,,,fraction_inferred,missing,0,Dying_Cyrus_-_SOCB_V7__furnished_.xlsx,25,W
bangladesh_krishi_bank_bkb,1,CAPITAL & EFFICIENCY,Cost-to-Income Ratio %,cost_income_pct,%,1994,,,,fraction_inferred,missing,0,Dying_Cyrus_-_SOCB_V7__furnished_.xlsx,25,X
bangladesh_krishi_bank_bkb,1,CAPITAL & EFFICIENCY,Cost-to-Income Ratio %,cost_income_pct,%,1995,,,,fraction_inferred,missing,0,Dying_Cyrus_-_SOCB_V7__furnished_.xlsx,25,Y
bangladesh_krishi_bank_bkb,1,CAPITAL & EFFICIENCY,Cost-to-Income Ratio %,cost_income_pct,%,1996,,,,fraction_inferred,missing,0,Dying_Cyrus_-_SOCB_V7__furnished_.xlsx,25,Z
bangladesh_krishi_bank_bkb,1,CAPITAL & EFFICIENCY,Cost-to-Income Ratio %,cost_income_pct,%,1997,,,,fraction_inferred,missing,0,Dying_Cyrus_-_SOCB_V7__furnished_.xlsx,25,AA
bangladesh_krishi_bank_bkb,1,CAPITAL & EFFICIENCY,Cost-to-Income Ratio %,cost_income_pct,%,1998,,,,fraction_inferred,missing,0,Dying_Cyrus_-_SOCB_V7__furnished_.xlsx,25,AB
bangladesh_krishi_bank_bkb,1,CAPITAL & EFFICIENCY,Cost-to-Income Ratio %,cost_income_pct,%,1999,,,,fraction_inferred,missing,0,Dying_Cyrus_-_SOCB_V7__furnished_.xlsx,25,AC
bangladesh_krishi_bank_bkb,1,CAPITAL & EFFICIENCY,Cost-to-Income Ratio %,cost_income_pct,%,2000,,,,fraction_inferred,missing,0,Dying_Cyrus_-_SOCB_V7__furnished_.xlsx,25,AD
bangladesh_krishi_bank_bkb,1,CAPITAL & EFFICIENCY,Cost-to-Income Ratio %,cost_income_pct,%,2001,,,,fraction_inferred,missing,0,Dying_Cyrus_-_SOCB_V7__furnished_.xlsx,25,AE
bangladesh_krishi_bank_bkb,1,CAPITAL & EFFICIENCY,Cost-to-Income Ratio %,cost_income_pct,%,2002,,,,fraction_inferred,missing,0,Dying_Cyrus_-_SOCB_V7__furnished_.xlsx,25,AF
bangladesh_krishi_bank_bkb,1,CAPITAL & EFFICIENCY,Cost-to-Income Ratio %,cost_income_pct,%,2003,,,,fraction_inferred,missing,0,Dying_Cyrus_-_SOCB_V7__furnished_.xlsx,25,AG
bangladesh_krishi_bank_bkb,1,CAPITAL & EFFICIENCY,Cost-to-Income Ratio %,cost_income_pct,%,2004,,,,fraction_inferred,missing,0,Dying_Cyrus_-_SOCB_V7__furnished_.xlsx,25,AH
bangladesh_krishi_bank_bkb,1,CAPITAL & EFFICIENCY,Cost-to-Income Ratio %,cost_income_pct,%,2005,,,,fraction_inferred,missing,0,Dying_Cyrus_-_SOCB_V7__furnished_.xlsx,25,AI
bangladesh_krishi_bank_bkb,1,CAPITAL & EFFICIENCY,Cost-to-Income Ratio %,cost_income_pct,%,2006,,,,fraction_inferred,missing,0,Dying_Cyrus_-_SOCB_V7__furnished_.xlsx,25,AJ
bangladesh_krishi_bank_bkb,1,CAPITAL & EFFICIENCY,Cost-to-Income Ratio %,cost_income_pct,%,2007,,,,fraction_inferred,missing,0,Dying_Cyrus_-_SOCB_V7__furnished_.xlsx,25,AK
bangladesh_krishi_bank_bkb,1,CAPITAL & EFFICIENCY,Cost-to-Income Ratio %,cost_income_pct,%,2008,,,,fraction_inferred,missing,0,Dying_Cyrus_-_SOCB_V7__furnished_.xlsx,25,AL
bangladesh_krishi_bank_bkb,1,CAPITAL & EFFICIENCY,Cost-to-Income Ratio %,cost_income_pct,%,2009,,,,fraction_inferred,missing,0,Dying_Cyrus_-_SOCB_V7__furnished_.xlsx,25,AM
bangladesh_krishi_bank_bkb,1,CAPITAL & EFFICIENCY,Cost-to-Income Ratio %,cost_income_pct,%,2010,,,,fraction_inferred,missing,0,Dying_Cyrus_-_SOCB_V7__furnished_.xlsx,25,AN
bangladesh_krishi_bank_bkb,1,CAPITAL & EFFICIENCY,Cost-to-Income Ratio %,cost_income_pct,%,2011,,,,fraction_inferred,missing,0,Dying_Cyrus_-_SOCB_V7__furnished_.xlsx,25,AO
bangladesh_krishi_bank_bkb,1,CAPITAL & EFFICIENCY,Cost-to-Income Ratio %,cost_income_pct,%,2012,1.397983743,1.397983743,139.7983743,fraction_inferred,native_numeric,0,Dying_Cyrus_-_SOCB_V7__furnished_.xlsx,25,AP
bangladesh_krishi_bank_bkb,1,CAPITAL & EFFICIENCY,Cost-to-Income Ratio %,cost_income_pct,%,2013,3.994094459,3.994094459,399.4094459,fraction_inferred,native_numeric,0,Dying_Cyrus_-_SOCB_V7__furnished_.xlsx,25,AQ
bangladesh_krishi_bank_bkb,1,CAPITAL & EFFICIENCY,Cost-to-Income Ratio %,cost_income_pct,%,2014,5.01990544,5.01990544,501.99054399999994,fraction_inferred,native_numeric,0,Dying_Cyrus_-_SOCB_V7__furnished_.xlsx,25,AR
bangladesh_krishi_bank_bkb,1,CAPITAL & EFFICIENCY,Cost-to-Income Ratio %,cost_income_pct,%,2015,3.353362932,3.353362932,335.3362932,fraction_inferred,native_numeric,0,Dying_Cyrus_-_SOCB_V7__furnished_.xlsx,25,AS
bangladesh_krishi_bank_bkb,1,CAPITAL & EFFICIENCY,Cost-to-Income Ratio %,cost_income_pct,%,2016,5.083523893,5.083523893,508.35238929999997,fraction_inferred,native_numeric,0,Dying_Cyrus_-_SOCB_V7__furnished_.xlsx,25,AT
bangladesh_krishi_bank_bkb,1,CAPITAL & EFFICIENCY,Cost-to-Income Ratio %,cost_income_pct,%,2017,3.052614985,3.052614985,305.2614985,fraction_inferred,native_numeric,0,Dying_Cyrus_-_SOCB_V7__furnished_.xlsx,25,AU
bangladesh_krishi_bank_bkb,1,CAPITAL & EFFICIENCY,Cost-to-Income Ratio %,cost_income_pct,%,2018,6.504256883,6.504256883,650.4256883,fraction_inferred,native_numeric,0,Dying_Cyrus_-_SOCB_V7__furnished_.xlsx,25,AV
bangladesh_krishi_bank_bkb,1,CAPITAL & EFFICIENCY,Cost-to-Income Ratio %,cost_income_pct,%,2019,229.9103415,229.9103415,22991.03415,fraction_inferred,native_numeric,0,Dying_Cyrus_-_SOCB_V7__furnished_.xlsx,25,AW
bangladesh_krishi_bank_bkb,1,CAPITAL & EFFICIENCY,Cost-to-Income Ratio %,cost_income_pct,%,2020,-3.266986169,-3.266986169,-326.6986169,fraction_inferred,native_numeric,0,Dying_Cyrus_-_SOCB_V7__furnished_.xlsx,25,AX
bangladesh_krishi_bank_bkb,1,CAPITAL & EFFICIENCY,Cost-to-Income Ratio %,cost_income_pct,%,2021,-3.203760025,-3.203760025,-320.37600249999997,fraction_inferred,native_numeric,0,Dying_Cyrus_-_SOCB_V7__furnished_.xlsx,25,AY
bangladesh_krishi_bank_bkb,1,CAPITAL & EFFICIENCY,Cost-to-Income Ratio %,cost_income_pct,%,2022,-2.764692032,-2.764692032,-276.46920320000004,fraction_inferred,native_numeric,0,Dying_Cyrus_-_SOCB_V7__furnished_.xlsx,25,AZ
bangladesh_krishi_bank_bkb,1,CAPITAL & EFFICIENCY,Cost-to-Income Ratio %,cost_income_pct,%,2023,-4.090485077,-4.090485077,-409.0485077,fraction_inferred,native_numeric,0,Dying_Cyrus_-_SOCB_V7__furnished_.xlsx,25,BA
bangladesh_krishi_bank_bkb,1,CAPITAL & EFFICIENCY,Cost-to-Income Ratio %,cost_income_pct,%,2024,-12.38801241,-12.38801241,-1238.801241,fraction_inferred,native_numeric,0,Dying_Cyrus_-_SOCB_V7__furnished_.xlsx,25,BB
bangladesh_krishi_bank_bkb,1,CAPITAL & EFFICIENCY,Cost-to-Income Ratio %,cost_income_pct,%,2025,-2.853329407,-2.853329407,-285.3329407,fraction_inferred,native_numeric,0,Dying_Cyrus_-_SOCB_V7__furnished_.xlsx,25,BC
bangladesh_krishi_bank_bkb,1,CAPITAL & EFFICIENCY,Cost-to-Income Ratio %,cost_income_pct,%,2026,,,,fraction_inferred,missing,0,Dying_Cyrus_-_SOCB_V7__furnished_.xlsx,25,BD
bangladesh_krishi_bank_bkb,1,DERIVED METRICS (formulas),NPL / Total Assets %,npl_to_assets_pct,%,1973,,,,fraction,missing,0,Dying_Cyrus_-_SOCB_V7__furnished_.xlsx,27,C
bangladesh_krishi_bank_bkb,1,DERIVED METRICS (formulas),NPL / Total Assets %,npl_to_assets_pct,%,1974,,,,fraction,missing,0,Dying_Cyrus_-_SOCB_V7__furnished_.xlsx,27,D
bangladesh_krishi_bank_bkb,1,DERIVED METRICS (formulas),NPL / Total Assets %,npl_to_assets_pct,%,1975,,,,fraction,missing,0,Dying_Cyrus_-_SOCB_V7__furnished_.xlsx,27,E
bangladesh_krishi_bank_bkb,1,DERIVED METRICS (formulas),NPL / Total Assets %,npl_to_assets_pct,%,1976,,,,fraction,missing,0,Dying_Cyrus_-_SOCB_V7__furnished_.xlsx,27,F
bangladesh_krishi_bank_bkb,1,DERIVED METRICS (formulas),NPL / Total Assets %,npl_to_assets_pct,%,1977,,,,fraction,missing,0,Dying_Cyrus_-_SOCB_V7__furnished_.xlsx,27,G
bangladesh_krishi_bank_bkb,1,DERIVED METRICS (formulas),NPL / Total Assets %,npl_to_assets_pct,%,1978,,,,fraction,missing,0,Dying_Cyrus_-_SOCB_V7__furnished_.xlsx,27,H
bangladesh_krishi_bank_bkb,1,DERIVED METRICS (formulas),NPL / Total Assets %,npl_to_assets_pct,%,1979,,,,fraction,missing,0,Dying_Cyrus_-_SOCB_V7__furnished_.xlsx,27,I
bangladesh_krishi_bank_bkb,1,DERIVED METRICS (formulas),NPL / Total Assets %,npl_to_assets_pct,%,1980,,,,fraction,missing,0,Dying_Cyrus_-_SOCB_V7__furnished_.xlsx,27,J
bangladesh_krishi_bank_bkb,1,DERIVED METRICS (formulas),NPL / Total Assets %,npl_to_assets_pct,%,1981,,,,fraction,missing,0,Dying_Cyrus_-_SOCB_V7__furnished_.xlsx,27,K
bangladesh_krishi_bank_bkb,1,DERIVED METRICS (formulas),NPL / Total Assets %,npl_to_assets_pct,%,1982,,,,fraction,missing,0,Dying_Cyrus_-_SOCB_V7__furnished_.xlsx,27,L
bangladesh_krishi_bank_bkb,1,DERIVED METRICS (formulas),NPL / Total Assets %,npl_to_assets_pct,%,1983,,,,fraction,missing,0,Dying_Cyrus_-_SOCB_V7__furnished_.xlsx,27,M
bangladesh_krishi_bank_bkb,1,DERIVED METRICS (formulas),NPL / Total Assets %,npl_to_assets_pct,%,1984,,,,fraction,missing,0,Dying_Cyrus_-_SOCB_V7__furnished_.xlsx,27,N
bangladesh_krishi_bank_bkb,1,DERIVED METRICS (formulas),NPL / Total Assets %,npl_to_assets_pct,%,1985,,,,fraction,missing,0,Dying_Cyrus_-_SOCB_V7__furnished_.xlsx,27,O
bangladesh_krishi_bank_bkb,1,DERIVED METRICS (formulas),NPL / Total Assets %,npl_to_assets_pct,%,1986,,,,fraction,missing,0,Dying_Cyrus_-_SOCB_V7__furnished_.xlsx,27,P
bangladesh_krishi_bank_bkb,1,DERIVED METRICS (formulas),NPL / Total Assets %,npl_to_assets_pct,%,1987,,,,fraction,missing,0,Dying_Cyrus_-_SOCB_V7__furnished_.xlsx,27,Q
bangladesh_krishi_bank_bkb,1,DERIVED METRICS (formulas),NPL / Total Assets %,npl_to_assets_pct,%,1988,,,,fraction,missing,0,Dying_Cyrus_-_SOCB_V7__furnished_.xlsx,27,R
bangladesh_krishi_bank_bkb,1,DERIVED METRICS (formulas),NPL / Total Assets %,npl_to_assets_pct,%,1989,,,,fraction,missing,0,Dying_Cyrus_-_SOCB_V7__furnished_.xlsx,27,S
bangladesh_krishi_bank_bkb,1,DERIVED METRICS (formulas),NPL / Total Assets %,npl_to_assets_pct,%,1990,,,,fraction,missing,0,Dying_Cyrus_-_SOCB_V7__furnished_.xlsx,27,T
bangladesh_krishi_bank_bkb,1,DERIVED METRICS (formulas),NPL / Total Assets %,npl_to_assets_pct,%,1991,,,,fraction,missing,0,Dying_Cyrus_-_SOCB_V7__furnished_.xlsx,27,U
bangladesh_krishi_bank_bkb,1,DERIVED METRICS (formulas),NPL / Total Assets %,npl_to_assets_pct,%,1992,,,,fraction,missing,0,Dying_Cyrus_-_SOCB_V7__furnished_.xlsx,27,V
bangladesh_krishi_bank_bkb,1,DERIVED METRICS (formulas),NPL / Total Assets %,npl_to_assets_pct,%,1993,,,,fraction,missing,0,Dying_Cyrus_-_SOCB_V7__furnished_.xlsx,27,W
bangladesh_krishi_bank_bkb,1,DERIVED METRICS (formulas),NPL / Total Assets %,npl_to_assets_pct,%,1994,,,,fraction,missing,0,Dying_Cyrus_-_SOCB_V7__furnished_.xlsx,27,X
bangladesh_krishi_bank_bkb,1,DERIVED METRICS (formulas),NPL / Total Assets %,npl_to_assets_pct,%,1995,,,,fraction,missing,0,Dying_Cyrus_-_SOCB_V7__furnished_.xlsx,27,Y
bangladesh_krishi_bank_bkb,1,DERIVED METRICS (formulas),NPL / Total Assets %,npl_to_assets_pct,%,1996,,,,fraction,missing,0,Dying_Cyrus_-_SOCB_V7__furnished_.xlsx,27,Z
bangladesh_krishi_bank_bkb,1,DERIVED METRICS (formulas),NPL / Total Assets %,npl_to_assets_pct,%,1997,,,,fraction,missing,0,Dying_Cyrus_-_SOCB_V7__furnished_.xlsx,27,AA
bangladesh_krishi_bank_bkb,1,DERIVED METRICS (formulas),NPL / Total Assets %,npl_to_assets_pct,%,1998,,,,fraction,missing,0,Dying_Cyrus_-_SOCB_V7__furnished_.xlsx,27,AB
bangladesh_krishi_bank_bkb,1,DERIVED METRICS (formulas),NPL / Total Assets %,npl_to_assets_pct,%,1999,,,,fraction,missing,0,Dying_Cyrus_-_SOCB_V7__furnished_.xlsx,27,AC
bangladesh_krishi_bank_bkb,1,DERIVED METRICS (formulas),NPL / Total Assets %,npl_to_assets_pct,%,2000,,,,fraction,missing,0,Dying_Cyrus_-_SOCB_V7__furnished_.xlsx,27,AD
bangladesh_krishi_bank_bkb,1,DERIVED METRICS (formulas),NPL / Total Assets %,npl_to_assets_pct,%,2001,,,,fraction,missing,0,Dying_Cyrus_-_SOCB_V7__furnished_.xlsx,27,AE
bangladesh_krishi_bank_bkb,1,DERIVED METRICS (formulas),NPL / Total Assets %,npl_to_assets_pct,%,2002,,,,fraction,missing,0,Dying_Cyrus_-_SOCB_V7__furnished_.xlsx,27,AF
bangladesh_krishi_bank_bkb,1,DERIVED METRICS (formulas),NPL / Total Assets %,npl_to_assets_pct,%,2003,,,,fraction,missing,0,Dying_Cyrus_-_SOCB_V7__furnished_.xlsx,27,AG
bangladesh_krishi_bank_bkb,1,DERIVED METRICS (formulas),NPL / Total Assets %,npl_to_assets_pct,%,2004,,,,fraction,missing,0,Dying_Cyrus_-_SOCB_V7__furnished_.xlsx,27,AH
bangladesh_krishi_bank_bkb,1,DERIVED METRICS (formulas),NPL / Total Assets %,npl_to_assets_pct,%,2005,,,,fraction,missing,0,Dying_Cyrus_-_SOCB_V7__furnished_.xlsx,27,AI
bangladesh_krishi_bank_bkb,1,DERIVED METRICS (formulas),NPL / Total Assets %,npl_to_assets_pct,%,2006,,,,fraction,missing,0,Dying_Cyrus_-_SOCB_V7__furnished_.xlsx,27,AJ
bangladesh_krishi_bank_bkb,1,DERIVED METRICS (formulas),NPL / Total Assets %,npl_to_assets_pct,%,2007,,,,fraction,missing,0,Dying_Cyrus_-_SOCB_V7__furnished_.xlsx,27,AK
bangladesh_krishi_bank_bkb,1,DERIVED METRICS (formulas),NPL / Total Assets %,npl_to_assets_pct,%,2008,,,,fraction,missing,0,Dying_Cyrus_-_SOCB_V7__furnished_.xlsx,27,AL
bangladesh_krishi_bank_bkb,1,DERIVED METRICS (formulas),NPL / Total Assets %,npl_to_assets_pct,%,2009,,,,fraction,missing,0,Dying_Cyrus_-_SOCB_V7__furnished_.xlsx,27,AM
bangladesh_krishi_bank_bkb,1,DERIVED METRICS (formulas),NPL / Total Assets %,npl_to_assets_pct,%,2010,0.1756842246,0.1756842246,17.56842246,fraction,native_numeric,0,Dying_Cyrus_-_SOCB_V7__furnished_.xlsx,27,AN
bangladesh_krishi_bank_bkb,1,DERIVED METRICS (formulas),NPL / Total Assets %,npl_to_assets_pct,%,2011,0.1727764455,0.1727764455,17.277644549999998,fraction,native_numeric,0,Dying_Cyrus_-_SOCB_V7__furnished_.xlsx,27,AO
bangladesh_krishi_bank_bkb,1,DERIVED METRICS (formulas),NPL / Total Assets %,npl_to_assets_pct,%,2012,0.210521976,0.210521976,21.0521976,fraction,native_numeric,0,Dying_Cyrus_-_SOCB_V7__furnished_.xlsx,27,AP
bangladesh_krishi_bank_bkb,1,DERIVED METRICS (formulas),NPL / Total Assets %,npl_to_assets_pct,%,2013,0.2439978747,0.2439978747,24.39978747,fraction,native_numeric,0,Dying_Cyrus_-_SOCB_V7__furnished_.xlsx,27,AQ
bangladesh_krishi_bank_bkb,1,DERIVED METRICS (formulas),NPL / Total Assets %,npl_to_assets_pct,%,2014,0.2142864543,0.2142864543,21.42864543,fraction,native_numeric,0,Dying_Cyrus_-_SOCB_V7__furnished_.xlsx,27,AR
bangladesh_krishi_bank_bkb,1,DERIVED METRICS (formulas),NPL / Total Assets %,npl_to_assets_pct,%,2015,0.1874267532,0.1874267532,18.74267532,fraction,native_numeric,0,Dying_Cyrus_-_SOCB_V7__furnished_.xlsx,27,AS
bangladesh_krishi_bank_bkb,1,DERIVED METRICS (formulas),NPL / Total Assets %,npl_to_assets_pct,%,2016,0.2064971285,0.2064971285,20.64971285,fraction,native_numeric,0,Dying_Cyrus_-_SOCB_V7__furnished_.xlsx,27,AT
bangladesh_krishi_bank_bkb,1,DERIVED METRICS (formulas),NPL / Total Assets %,npl_to_assets_pct,%,2017,0.1788923108,0.1788923108,17.889231080000002,fraction,native_numeric,0,Dying_Cyrus_-_SOCB_V7__furnished_.xlsx,27,AU
bangladesh_krishi_bank_bkb,1,DERIVED METRICS (formulas),NPL / Total Assets %,npl_to_assets_pct,%,2018,0.1552314383,0.1552314383,15.52314383,fraction,native_numeric,0,Dying_Cyrus_-_SOCB_V7__furnished_.xlsx,27,AV
bangladesh_krishi_bank_bkb,1,DERIVED METRICS (formulas),NPL / Total Assets %,npl_to_assets_pct,%,2019,0.1330528558,0.1330528558,13.305285580000001,fraction,native_numeric,0,Dying_Cyrus_-_SOCB_V7__furnished_.xlsx,27,AW
bangladesh_krishi_bank_bkb,1,DERIVED METRICS (formulas),NPL / Total Assets %,npl_to_assets_pct,%,2020,0.0945851883,0.0945851883,9.45851883,fraction,native_numeric,0,Dying_Cyrus_-_SOCB_V7__furnished_.xlsx,27,AX
bangladesh_krishi_bank_bkb,1,DERIVED METRICS (formulas),NPL / Total Assets %,npl_to_assets_pct,%,2021,0.07177348201,0.07177348201,7.177348201,fraction,native_numeric,0,Dying_Cyrus_-_SOCB_V7__furnished_.xlsx,27,AY
bangladesh_krishi_bank_bkb,1,DERIVED METRICS (formulas),NPL / Total Assets %,npl_to_assets_pct,%,2022,0.07272903819,0.07272903819,7.272903819,fraction,native_numeric,0,Dying_Cyrus_-_SOCB_V7__furnished_.xlsx,27,AZ
bangladesh_krishi_bank_bkb,1,DERIVED METRICS (formulas),NPL / Total Assets %,npl_to_assets_pct,%,2023,0.157204766,0.157204766,15.7204766,fraction,native_numeric,0,Dying_Cyrus_-_SOCB_V7__furnished_.xlsx,27,BA
bangladesh_krishi_bank_bkb,1,DERIVED METRICS (formulas),NPL / Total Assets %,npl_to_assets_pct,%,2024,0.32039296,0.32039296,32.039296,fraction,native_numeric,0,Dying_Cyrus_-_SOCB_V7__furnished_.xlsx,27,BB
bangladesh_krishi_bank_bkb,1,DERIVED METRICS (formulas),NPL / Total Assets %,npl_to_assets_pct,%,2025,0.3770451018,0.3770451018,37.70451018,fraction,native_numeric,0,Dying_Cyrus_-_SOCB_V7__furnished_.xlsx,27,BC
bangladesh_krishi_bank_bkb,1,DERIVED METRICS (formulas),NPL / Total Assets %,npl_to_assets_pct,%,2026,,,,fraction,missing,0,Dying_Cyrus_-_SOCB_V7__furnished_.xlsx,27,BD
bangladesh_krishi_bank_bkb,1,DERIVED METRICS (formulas),YoY NPAT growth %,yoy_npat_growth_pct,%,1973,,,,percent_points,missing,0,Dying_Cyrus_-_SOCB_V7__furnished_.xlsx,28,C
bangladesh_krishi_bank_bkb,1,DERIVED METRICS (formulas),YoY NPAT growth %,yoy_npat_growth_pct,%,1974,,,,percent_points,missing,0,Dying_Cyrus_-_SOCB_V7__furnished_.xlsx,28,D
bangladesh_krishi_bank_bkb,1,DERIVED METRICS (formulas),YoY NPAT growth %,yoy_npat_growth_pct,%,1975,,,,percent_points,missing,0,Dying_Cyrus_-_SOCB_V7__furnished_.xlsx,28,E
bangladesh_krishi_bank_bkb,1,DERIVED METRICS (formulas),YoY NPAT growth %,yoy_npat_growth_pct,%,1976,,,,percent_points,missing,0,Dying_Cyrus_-_SOCB_V7__furnished_.xlsx,28,F
bangladesh_krishi_bank_bkb,1,DERIVED METRICS (formulas),YoY NPAT growth %,yoy_npat_growth_pct,%,1977,,,,percent_points,missing,0,Dying_Cyrus_-_SOCB_V7__furnished_.xlsx,28,G
bangladesh_krishi_bank_bkb,1,DERIVED METRICS (formulas),YoY NPAT growth %,yoy_npat_growth_pct,%,1978,,,,percent_points,missing,0,Dying_Cyrus_-_SOCB_V7__furnished_.xlsx,28,H
bangladesh_krishi_bank_bkb,1,DERIVED METRICS (formulas),YoY NPAT growth %,yoy_npat_growth_pct,%,1979,,,,percent_points,missing,0,Dying_Cyrus_-_SOCB_V7__furnished_.xlsx,28,I
bangladesh_krishi_bank_bkb,1,DERIVED METRICS (formulas),YoY NPAT growth %,yoy_npat_growth_pct,%,1980,,,,percent_points,missing,0,Dying_Cyrus_-_SOCB_V7__furnished_.xlsx,28,J
bangladesh_krishi_bank_bkb,1,DERIVED METRICS (formulas),YoY NPAT growth %,yoy_npat_growth_pct,%,1981,,,,percent_points,missing,0,Dying_Cyrus_-_SOCB_V7__furnished_.xlsx,28,K
bangladesh_krishi_bank_bkb,1,DERIVED METRICS (formulas),YoY NPAT growth %,yoy_npat_growth_pct,%,1982,,,,percent_points,missing,0,Dying_Cyrus_-_SOCB_V7__furnished_.xlsx,28,L
bangladesh_krishi_bank_bkb,1,DERIVED METRICS (formulas),YoY NPAT growth %,yoy_npat_growth_pct,%,1983,,,,percent_points,missing,0,Dying_Cyrus_-_SOCB_V7__furnished_.xlsx,28,M
bangladesh_krishi_bank_bkb,1,DERIVED METRICS (formulas),YoY NPAT growth %,yoy_npat_growth_pct,%,1984,,,,percent_points,missing,0,Dying_Cyrus_-_SOCB_V7__furnished_.xlsx,28,N
bangladesh_krishi_bank_bkb,1,DERIVED METRICS (formulas),YoY NPAT growth %,yoy_npat_growth_pct,%,1985,,,,percent_points,missing,0,Dying_Cyrus_-_SOCB_V7__furnished_.xlsx,28,O
bangladesh_krishi_bank_bkb,1,DERIVED METRICS (formulas),YoY NPAT growth %,yoy_npat_growth_pct,%,1986,,,,percent_points,missing,0,Dying_Cyrus_-_SOCB_V7__furnished_.xlsx,28,P
bangladesh_krishi_bank_bkb,1,DERIVED METRICS (formulas),YoY NPAT growth %,yoy_npat_growth_pct,%,1987,,,,percent_points,missing,0,Dying_Cyrus_-_SOCB_V7__furnished_.xlsx,28,Q
bangladesh_krishi_bank_bkb,1,DERIVED METRICS (formulas),YoY NPAT growth %,yoy_npat_growth_pct,%,1988,,,,percent_points,missing,0,Dying_Cyrus_-_SOCB_V7__furnished_.xlsx,28,R
bangladesh_krishi_bank_bkb,1,DERIVED METRICS (formulas),YoY NPAT growth %,yoy_npat_growth_pct,%,1989,,,,percent_points,missing,0,Dying_Cyrus_-_SOCB_V7__furnished_.xlsx,28,S
bangladesh_krishi_bank_bkb,1,DERIVED METRICS (formulas),YoY NPAT growth %,yoy_npat_growth_pct,%,1990,,,,percent_points,missing,0,Dying_Cyrus_-_SOCB_V7__furnished_.xlsx,28,T
bangladesh_krishi_bank_bkb,1,DERIVED METRICS (formulas),YoY NPAT growth %,yoy_npat_growth_pct,%,1991,,,,percent_points,missing,0,Dying_Cyrus_-_SOCB_V7__furnished_.xlsx,28,U
bangladesh_krishi_bank_bkb,1,DERIVED METRICS (formulas),YoY NPAT growth %,yoy_npat_growth_pct,%,1992,,,,percent_points,missing,0,Dying_Cyrus_-_SOCB_V7__furnished_.xlsx,28,V
bangladesh_krishi_bank_bkb,1,DERIVED METRICS (formulas),YoY NPAT growth %,yoy_npat_growth_pct,%,1993,,,,percent_points,missing,0,Dying_Cyrus_-_SOCB_V7__furnished_.xlsx,28,W
bangladesh_krishi_bank_bkb,1,DERIVED METRICS (formulas),YoY NPAT growth %,yoy_npat_growth_pct,%,1994,,,,percent_points,missing,0,Dying_Cyrus_-_SOCB_V7__furnished_.xlsx,28,X
bangladesh_krishi_bank_bkb,1,DERIVED METRICS (formulas),YoY NPAT growth %,yoy_npat_growth_pct,%,1995,,,,percent_points,missing,0,Dying_Cyrus_-_SOCB_V7__furnished_.xlsx,28,Y
bangladesh_krishi_bank_bkb,1,DERIVED METRICS (formulas),YoY NPAT growth %,yoy_npat_growth_pct,%,1996,,,,percent_points,missing,0,Dying_Cyrus_-_SOCB_V7__furnished_.xlsx,28,Z
bangladesh_krishi_bank_bkb,1,DERIVED METRICS (formulas),YoY NPAT growth %,yoy_npat_growth_pct,%,1997,,,,percent_points,missing,0,Dying_Cyrus_-_SOCB_V7__furnished_.xlsx,28,AA
bangladesh_krishi_bank_bkb,1,DERIVED METRICS (formulas),YoY NPAT growth %,yoy_npat_growth_pct,%,1998,,,,percent_points,missing,0,Dying_Cyrus_-_SOCB_V7__furnished_.xlsx,28,AB
bangladesh_krishi_bank_bkb,1,DERIVED METRICS (formulas),YoY NPAT growth %,yoy_npat_growth_pct,%,1999,,,,percent_points,missing,0,Dying_Cyrus_-_SOCB_V7__furnished_.xlsx,28,AC
bangladesh_krishi_bank_bkb,1,DERIVED METRICS (formulas),YoY NPAT growth %,yoy_npat_growth_pct,%,2000,,,,percent_points,missing,0,Dying_Cyrus_-_SOCB_V7__furnished_.xlsx,28,AD
bangladesh_krishi_bank_bkb,1,DERIVED METRICS (formulas),YoY NPAT growth %,yoy_npat_growth_pct,%,2001,,,,percent_points,missing,0,Dying_Cyrus_-_SOCB_V7__furnished_.xlsx,28,AE
bangladesh_krishi_bank_bkb,1,DERIVED METRICS (formulas),YoY NPAT growth %,yoy_npat_growth_pct,%,2002,,,,percent_points,missing,0,Dying_Cyrus_-_SOCB_V7__furnished_.xlsx,28,AF
bangladesh_krishi_bank_bkb,1,DERIVED METRICS (formulas),YoY NPAT growth %,yoy_npat_growth_pct,%,2003,,,,percent_points,missing,0,Dying_Cyrus_-_SOCB_V7__furnished_.xlsx,28,AG
bangladesh_krishi_bank_bkb,1,DERIVED METRICS (formulas),YoY NPAT growth %,yoy_npat_growth_pct,%,2004,,,,percent_points,missing,0,Dying_Cyrus_-_SOCB_V7__furnished_.xlsx,28,AH
bangladesh_krishi_bank_bkb,1,DERIVED METRICS (formulas),YoY NPAT growth %,yoy_npat_growth_pct,%,2005,,,,percent_points,missing,0,Dying_Cyrus_-_SOCB_V7__furnished_.xlsx,28,AI
bangladesh_krishi_bank_bkb,1,DERIVED METRICS (formulas),YoY NPAT growth %,yoy_npat_growth_pct,%,2006,,,,percent_points,missing,0,Dying_Cyrus_-_SOCB_V7__furnished_.xlsx,28,AJ
bangladesh_krishi_bank_bkb,1,DERIVED METRICS (formulas),YoY NPAT growth %,yoy_npat_growth_pct,%,2007,,,,percent_points,missing,0,Dying_Cyrus_-_SOCB_V7__furnished_.xlsx,28,AK
bangladesh_krishi_bank_bkb,1,DERIVED METRICS (formulas),YoY NPAT growth %,yoy_npat_growth_pct,%,2008,,,,percent_points,missing,0,Dying_Cyrus_-_SOCB_V7__furnished_.xlsx,28,AL
bangladesh_krishi_bank_bkb,1,DERIVED METRICS (formulas),YoY NPAT growth %,yoy_npat_growth_pct,%,2009,,,,percent_points,missing,0,Dying_Cyrus_-_SOCB_V7__furnished_.xlsx,28,AM
bangladesh_krishi_bank_bkb,1,DERIVED METRICS (formulas),YoY NPAT growth %,yoy_npat_growth_pct,%,2010,,,,percent_points,missing,0,Dying_Cyrus_-_SOCB_V7__furnished_.xlsx,28,AN
bangladesh_krishi_bank_bkb,1,DERIVED METRICS (formulas),YoY NPAT growth %,yoy_npat_growth_pct,%,2011,,,,percent_points,missing,0,Dying_Cyrus_-_SOCB_V7__furnished_.xlsx,28,AO
bangladesh_krishi_bank_bkb,1,DERIVED METRICS (formulas),YoY NPAT growth %,yoy_npat_growth_pct,%,2012,0.0899303349,0.0899303349,0.0899303349,percent_points,native_numeric,0,Dying_Cyrus_-_SOCB_V7__furnished_.xlsx,28,AP
bangladesh_krishi_bank_bkb,1,DERIVED METRICS (formulas),YoY NPAT growth %,yoy_npat_growth_pct,%,2013,-1.775446343,-1.775446343,-1.775446343,percent_points,native_numeric,0,Dying_Cyrus_-_SOCB_V7__furnished_.xlsx,28,AQ
bangladesh_krishi_bank_bkb,1,DERIVED METRICS (formulas),YoY NPAT growth %,yoy_npat_growth_pct,%,2014,-6.675572181,-6.675572181,-6.675572181,percent_points,native_numeric,0,Dying_Cyrus_-_SOCB_V7__furnished_.xlsx,28,AR
bangladesh_krishi_bank_bkb,1,DERIVED METRICS (formulas),YoY NPAT growth %,yoy_npat_growth_pct,%,2015,0.9280341071,0.9280341071,0.9280341071,percent_points,native_numeric,0,Dying_Cyrus_-_SOCB_V7__furnished_.xlsx,28,AS
bangladesh_krishi_bank_bkb,1,DERIVED METRICS (formulas),YoY NPAT growth %,yoy_npat_growth_pct,%,2016,-2.153227765,-2.153227765,-2.153227765,percent_points,native_numeric,0,Dying_Cyrus_-_SOCB_V7__furnished_.xlsx,28,AT
bangladesh_krishi_bank_bkb,1,DERIVED METRICS (formulas),YoY NPAT growth %,yoy_npat_growth_pct,%,2017,0.1663005186,0.1663005186,0.1663005186,percent_points,native_numeric,0,Dying_Cyrus_-_SOCB_V7__furnished_.xlsx,28,AU
bangladesh_krishi_bank_bkb,1,DERIVED METRICS (formulas),YoY NPAT growth %,yoy_npat_growth_pct,%,2018,-0.1059952739,-0.1059952739,-0.1059952739,percent_points,native_numeric,0,Dying_Cyrus_-_SOCB_V7__furnished_.xlsx,28,AV
bangladesh_krishi_bank_bkb,1,DERIVED METRICS (formulas),YoY NPAT growth %,yoy_npat_growth_pct,%,2019,-0.08544704145,-0.08544704145,-0.08544704145,percent_points,native_numeric,0,Dying_Cyrus_-_SOCB_V7__furnished_.xlsx,28,AW
bangladesh_krishi_bank_bkb,1,DERIVED METRICS (formulas),YoY NPAT growth %,yoy_npat_growth_pct,%,2020,-0.8270811484,-0.8270811484,-0.8270811484,percent_points,native_numeric,0,Dying_Cyrus_-_SOCB_V7__furnished_.xlsx,28,AX
bangladesh_krishi_bank_bkb,1,DERIVED METRICS (formulas),YoY NPAT growth %,yoy_npat_growth_pct,%,2021,-0.03330543478,-0.03330543478,-0.03330543478,percent_points,native_numeric,0,Dying_Cyrus_-_SOCB_V7__furnished_.xlsx,28,AY
bangladesh_krishi_bank_bkb,1,DERIVED METRICS (formulas),YoY NPAT growth %,yoy_npat_growth_pct,%,2022,-0.04199529383,-0.04199529383,-0.04199529383,percent_points,native_numeric,0,Dying_Cyrus_-_SOCB_V7__furnished_.xlsx,28,AZ
bangladesh_krishi_bank_bkb,1,DERIVED METRICS (formulas),YoY NPAT growth %,yoy_npat_growth_pct,%,2023,-0.7845632552,-0.7845632552,-0.7845632552,percent_points,native_numeric,0,Dying_Cyrus_-_SOCB_V7__furnished_.xlsx,28,BA
bangladesh_krishi_bank_bkb,1,DERIVED METRICS (formulas),YoY NPAT growth %,yoy_npat_growth_pct,%,2024,-1.731148278,-1.731148278,-1.731148278,percent_points,native_numeric,0,Dying_Cyrus_-_SOCB_V7__furnished_.xlsx,28,BB
bangladesh_krishi_bank_bkb,1,DERIVED METRICS (formulas),YoY NPAT growth %,yoy_npat_growth_pct,%,2025,-0.2676875036,-0.2676875036,-0.2676875036,percent_points,native_numeric,0,Dying_Cyrus_-_SOCB_V7__furnished_.xlsx,28,BC
bangladesh_krishi_bank_bkb,1,DERIVED METRICS (formulas),YoY NPAT growth %,yoy_npat_growth_pct,%,2026,1,1.0,1.0,percent_points,native_numeric,0,Dying_Cyrus_-_SOCB_V7__furnished_.xlsx,28,BD
bangladesh_krishi_bank_bkb,1,DERIVED METRICS (formulas),YoY Total Assets growth %,yoy_total_assets_growth_pct,%,1973,,,,fraction,missing,0,Dying_Cyrus_-_SOCB_V7__furnished_.xlsx,29,C
bangladesh_krishi_bank_bkb,1,DERIVED METRICS (formulas),YoY Total Assets growth %,yoy_total_assets_growth_pct,%,1974,,,,fraction,missing,0,Dying_Cyrus_-_SOCB_V7__furnished_.xlsx,29,D
bangladesh_krishi_bank_bkb,1,DERIVED METRICS (formulas),YoY Total Assets growth %,yoy_total_assets_growth_pct,%,1975,,,,fraction,missing,0,Dying_Cyrus_-_SOCB_V7__furnished_.xlsx,29,E
bangladesh_krishi_bank_bkb,1,DERIVED METRICS (formulas),YoY Total Assets growth %,yoy_total_assets_growth_pct,%,1976,,,,fraction,missing,0,Dying_Cyrus_-_SOCB_V7__furnished_.xlsx,29,F
bangladesh_krishi_bank_bkb,1,DERIVED METRICS (formulas),YoY Total Assets growth %,yoy_total_assets_growth_pct,%,1977,,,,fraction,missing,0,Dying_Cyrus_-_SOCB_V7__furnished_.xlsx,29,G
bangladesh_krishi_bank_bkb,1,DERIVED METRICS (formulas),YoY Total Assets growth %,yoy_total_assets_growth_pct,%,1978,,,,fraction,missing,0,Dying_Cyrus_-_SOCB_V7__furnished_.xlsx,29,H
bangladesh_krishi_bank_bkb,1,DERIVED METRICS (formulas),YoY Total Assets growth %,yoy_total_assets_growth_pct,%,1979,,,,fraction,missing,0,Dying_Cyrus_-_SOCB_V7__furnished_.xlsx,29,I
bangladesh_krishi_bank_bkb,1,DERIVED METRICS (formulas),YoY Total Assets growth %,yoy_total_assets_growth_pct,%,1980,,,,fraction,missing,0,Dying_Cyrus_-_SOCB_V7__furnished_.xlsx,29,J
bangladesh_krishi_bank_bkb,1,DERIVED METRICS (formulas),YoY Total Assets growth %,yoy_total_assets_growth_pct,%,1981,,,,fraction,missing,0,Dying_Cyrus_-_SOCB_V7__furnished_.xlsx,29,K
bangladesh_krishi_bank_bkb,1,DERIVED METRICS (formulas),YoY Total Assets growth %,yoy_total_assets_growth_pct,%,1982,,,,fraction,missing,0,Dying_Cyrus_-_SOCB_V7__furnished_.xlsx,29,L
bangladesh_krishi_bank_bkb,1,DERIVED METRICS (formulas),YoY Total Assets growth %,yoy_total_assets_growth_pct,%,1983,,,,fraction,missing,0,Dying_Cyrus_-_SOCB_V7__furnished_.xlsx,29,M
bangladesh_krishi_bank_bkb,1,DERIVED METRICS (formulas),YoY Total Assets growth %,yoy_total_assets_growth_pct,%,1984,,,,fraction,missing,0,Dying_Cyrus_-_SOCB_V7__furnished_.xlsx,29,N
bangladesh_krishi_bank_bkb,1,DERIVED METRICS (formulas),YoY Total Assets growth %,yoy_total_assets_growth_pct,%,1985,,,,fraction,missing,0,Dying_Cyrus_-_SOCB_V7__furnished_.xlsx,29,O
bangladesh_krishi_bank_bkb,1,DERIVED METRICS (formulas),YoY Total Assets growth %,yoy_total_assets_growth_pct,%,1986,,,,fraction,missing,0,Dying_Cyrus_-_SOCB_V7__furnished_.xlsx,29,P
bangladesh_krishi_bank_bkb,1,DERIVED METRICS (formulas),YoY Total Assets growth %,yoy_total_assets_growth_pct,%,1987,,,,fraction,missing,0,Dying_Cyrus_-_SOCB_V7__furnished_.xlsx,29,Q
bangladesh_krishi_bank_bkb,1,DERIVED METRICS (formulas),YoY Total Assets growth %,yoy_total_assets_growth_pct,%,1988,,,,fraction,missing,0,Dying_Cyrus_-_SOCB_V7__furnished_.xlsx,29,R
bangladesh_krishi_bank_bkb,1,DERIVED METRICS (formulas),YoY Total Assets growth %,yoy_total_assets_growth_pct,%,1989,,,,fraction,missing,0,Dying_Cyrus_-_SOCB_V7__furnished_.xlsx,29,S
bangladesh_krishi_bank_bkb,1,DERIVED METRICS (formulas),YoY Total Assets growth %,yoy_total_assets_growth_pct,%,1990,,,,fraction,missing,0,Dying_Cyrus_-_SOCB_V7__furnished_.xlsx,29,T
bangladesh_krishi_bank_bkb,1,DERIVED METRICS (formulas),YoY Total Assets growth %,yoy_total_assets_growth_pct,%,1991,,,,fraction,missing,0,Dying_Cyrus_-_SOCB_V7__furnished_.xlsx,29,U
bangladesh_krishi_bank_bkb,1,DERIVED METRICS (formulas),YoY Total Assets growth %,yoy_total_assets_growth_pct,%,1992,,,,fraction,missing,0,Dying_Cyrus_-_SOCB_V7__furnished_.xlsx,29,V
bangladesh_krishi_bank_bkb,1,DERIVED METRICS (formulas),YoY Total Assets growth %,yoy_total_assets_growth_pct,%,1993,,,,fraction,missing,0,Dying_Cyrus_-_SOCB_V7__furnished_.xlsx,29,W
bangladesh_krishi_bank_bkb,1,DERIVED METRICS (formulas),YoY Total Assets growth %,yoy_total_assets_growth_pct,%,1994,,,,fraction,missing,0,Dying_Cyrus_-_SOCB_V7__furnished_.xlsx,29,X
bangladesh_krishi_bank_bkb,1,DERIVED METRICS (formulas),YoY Total Assets growth %,yoy_total_assets_growth_pct,%,1995,,,,fraction,missing,0,Dying_Cyrus_-_SOCB_V7__furnished_.xlsx,29,Y
bangladesh_krishi_bank_bkb,1,DERIVED METRICS (formulas),YoY Total Assets growth %,yoy_total_assets_growth_pct,%,1996,,,,fraction,missing,0,Dying_Cyrus_-_SOCB_V7__furnished_.xlsx,29,Z
bangladesh_krishi_bank_bkb,1,DERIVED METRICS (formulas),YoY Total Assets growth %,yoy_total_assets_growth_pct,%,1997,,,,fraction,missing,0,Dying_Cyrus_-_SOCB_V7__furnished_.xlsx,29,AA
bangladesh_krishi_bank_bkb,1,DERIVED METRICS (formulas),YoY Total Assets growth %,yoy_total_assets_growth_pct,%,1998,,,,fraction,missing,0,Dying_Cyrus_-_SOCB_V7__furnished_.xlsx,29,AB
bangladesh_krishi_bank_bkb,1,DERIVED METRICS (formulas),YoY Total Assets growth %,yoy_total_assets_growth_pct,%,1999,,,,fraction,missing,0,Dying_Cyrus_-_SOCB_V7__furnished_.xlsx,29,AC
bangladesh_krishi_bank_bkb,1,DERIVED METRICS (formulas),YoY Total Assets growth %,yoy_total_assets_growth_pct,%,2000,,,,fraction,missing,0,Dying_Cyrus_-_SOCB_V7__furnished_.xlsx,29,AD
bangladesh_krishi_bank_bkb,1,DERIVED METRICS (formulas),YoY Total Assets growth %,yoy_total_assets_growth_pct,%,2001,,,,fraction,missing,0,Dying_Cyrus_-_SOCB_V7__furnished_.xlsx,29,AE
bangladesh_krishi_bank_bkb,1,DERIVED METRICS (formulas),YoY Total Assets growth %,yoy_total_assets_growth_pct,%,2002,,,,fraction,missing,0,Dying_Cyrus_-_SOCB_V7__furnished_.xlsx,29,AF
bangladesh_krishi_bank_bkb,1,DERIVED METRICS (formulas),YoY Total Assets growth %,yoy_total_assets_growth_pct,%,2003,,,,fraction,missing,0,Dying_Cyrus_-_SOCB_V7__furnished_.xlsx,29,AG
bangladesh_krishi_bank_bkb,1,DERIVED METRICS (formulas),YoY Total Assets growth %,yoy_total_assets_growth_pct,%,2004,,,,fraction,missing,0,Dying_Cyrus_-_SOCB_V7__furnished_.xlsx,29,AH
bangladesh_krishi_bank_bkb,1,DERIVED METRICS (formulas),YoY Total Assets growth %,yoy_total_assets_growth_pct,%,2005,,,,fraction,missing,0,Dying_Cyrus_-_SOCB_V7__furnished_.xlsx,29,AI
bangladesh_krishi_bank_bkb,1,DERIVED METRICS (formulas),YoY Total Assets growth %,yoy_total_assets_growth_pct,%,2006,,,,fraction,missing,0,Dying_Cyrus_-_SOCB_V7__furnished_.xlsx,29,AJ
bangladesh_krishi_bank_bkb,1,DERIVED METRICS (formulas),YoY Total Assets growth %,yoy_total_assets_growth_pct,%,2007,,,,fraction,missing,0,Dying_Cyrus_-_SOCB_V7__furnished_.xlsx,29,AK
bangladesh_krishi_bank_bkb,1,DERIVED METRICS (formulas),YoY Total Assets growth %,yoy_total_assets_growth_pct,%,2008,,,,fraction,missing,0,Dying_Cyrus_-_SOCB_V7__furnished_.xlsx,29,AL
bangladesh_krishi_bank_bkb,1,DERIVED METRICS (formulas),YoY Total Assets growth %,yoy_total_assets_growth_pct,%,2009,,,,fraction,missing,0,Dying_Cyrus_-_SOCB_V7__furnished_.xlsx,29,AM
bangladesh_krishi_bank_bkb,1,DERIVED METRICS (formulas),YoY Total Assets growth %,yoy_total_assets_growth_pct,%,2010,,,,fraction,missing,0,Dying_Cyrus_-_SOCB_V7__furnished_.xlsx,29,AN
bangladesh_krishi_bank_bkb,1,DERIVED METRICS (formulas),YoY Total Assets growth %,yoy_total_assets_growth_pct,%,2011,0.09652475394,0.09652475394,9.652475394,fraction,native_numeric,0,Dying_Cyrus_-_SOCB_V7__furnished_.xlsx,29,AO
bangladesh_krishi_bank_bkb,1,DERIVED METRICS (formulas),YoY Total Assets growth %,yoy_total_assets_growth_pct,%,2012,0.09143474972,0.09143474972,9.143474972,fraction,native_numeric,0,Dying_Cyrus_-_SOCB_V7__furnished_.xlsx,29,AP
bangladesh_krishi_bank_bkb,1,DERIVED METRICS (formulas),YoY Total Assets growth %,yoy_total_assets_growth_pct,%,2013,0.01707621479,0.01707621479,1.707621479,fraction,native_numeric,0,Dying_Cyrus_-_SOCB_V7__furnished_.xlsx,29,AQ
bangladesh_krishi_bank_bkb,1,DERIVED METRICS (formulas),YoY Total Assets growth %,yoy_total_assets_growth_pct,%,2014,0.09432791359,0.09432791359,9.432791359000001,fraction,native_numeric,0,Dying_Cyrus_-_SOCB_V7__furnished_.xlsx,29,AR
bangladesh_krishi_bank_bkb,1,DERIVED METRICS (formulas),YoY Total Assets growth %,yoy_total_assets_growth_pct,%,2015,0.08001621288,0.08001621288,8.001621288,fraction,native_numeric,0,Dying_Cyrus_-_SOCB_V7__furnished_.xlsx,29,AS
bangladesh_krishi_bank_bkb,1,DERIVED METRICS (formulas),YoY Total Assets growth %,yoy_total_assets_growth_pct,%,2016,0.01952028316,0.01952028316,1.9520283159999998,fraction,native_numeric,0,Dying_Cyrus_-_SOCB_V7__furnished_.xlsx,29,AT
bangladesh_krishi_bank_bkb,1,DERIVED METRICS (formulas),YoY Total Assets growth %,yoy_total_assets_growth_pct,%,2017,0.02903157804,0.02903157804,2.9031578039999997,fraction,native_numeric,0,Dying_Cyrus_-_SOCB_V7__furnished_.xlsx,29,AU
bangladesh_krishi_bank_bkb,1,DERIVED METRICS (formulas),YoY Total Assets growth %,yoy_total_assets_growth_pct,%,2018,0.05076071066,0.05076071066,5.076071066,fraction,native_numeric,0,Dying_Cyrus_-_SOCB_V7__furnished_.xlsx,29,AV
bangladesh_krishi_bank_bkb,1,DERIVED METRICS (formulas),YoY Total Assets growth %,yoy_total_assets_growth_pct,%,2019,0.05727409859,0.05727409859,5.727409859000001,fraction,native_numeric,0,Dying_Cyrus_-_SOCB_V7__furnished_.xlsx,29,AW
bangladesh_krishi_bank_bkb,1,DERIVED METRICS (formulas),YoY Total Assets growth %,yoy_total_assets_growth_pct,%,2020,0.07795917685,0.07795917685,7.795917685000001,fraction,native_numeric,0,Dying_Cyrus_-_SOCB_V7__furnished_.xlsx,29,AX
bangladesh_krishi_bank_bkb,1,DERIVED METRICS (formulas),YoY Total Assets growth %,yoy_total_assets_growth_pct,%,2021,0.1598513183,0.1598513183,15.985131829999998,fraction,native_numeric,0,Dying_Cyrus_-_SOCB_V7__furnished_.xlsx,29,AY
bangladesh_krishi_bank_bkb,1,DERIVED METRICS (formulas),YoY Total Assets growth %,yoy_total_assets_growth_pct,%,2022,0.07726244439,0.07726244439,7.726244439,fraction,native_numeric,0,Dying_Cyrus_-_SOCB_V7__furnished_.xlsx,29,AZ
bangladesh_krishi_bank_bkb,1,DERIVED METRICS (formulas),YoY Total Assets growth %,yoy_total_assets_growth_pct,%,2023,0.1455450881,0.1455450881,14.55450881,fraction,native_numeric,0,Dying_Cyrus_-_SOCB_V7__furnished_.xlsx,29,BA
bangladesh_krishi_bank_bkb,1,DERIVED METRICS (formulas),YoY Total Assets growth %,yoy_total_assets_growth_pct,%,2024,0.06779864799,0.06779864799,6.779864799,fraction,native_numeric,0,Dying_Cyrus_-_SOCB_V7__furnished_.xlsx,29,BB
bangladesh_krishi_bank_bkb,1,DERIVED METRICS (formulas),YoY Total Assets growth %,yoy_total_assets_growth_pct,%,2025,0.08257132716,0.08257132716,8.257132716,fraction,native_numeric,0,Dying_Cyrus_-_SOCB_V7__furnished_.xlsx,29,BC
bangladesh_krishi_bank_bkb,1,DERIVED METRICS (formulas),YoY Total Assets growth %,yoy_total_assets_growth_pct,%,2026,-1,-1.0,-100.0,fraction,native_numeric,0,Dying_Cyrus_-_SOCB_V7__furnished_.xlsx,29,BD
basic_bank_plc,1,BALANCE SHEET,Total Assets,total_assets,Tk mn,1989,406.73,406.73,,,native_numeric,0,Dying_Cyrus_-_SOCB_V7__furnished_.xlsx,6,C
basic_bank_plc,1,BALANCE SHEET,Total Assets,total_assets,Tk mn,1990,661.91,661.91,,,native_numeric,0,Dying_Cyrus_-_SOCB_V7__furnished_.xlsx,6,D
basic_bank_plc,1,BALANCE SHEET,Total Assets,total_assets,Tk mn,1991,991.37,991.37,,,native_numeric,0,Dying_Cyrus_-_SOCB_V7__furnished_.xlsx,6,E
basic_bank_plc,1,BALANCE SHEET,Total Assets,total_assets,Tk mn,1992,1646.95,1646.95,,,native_numeric,0,Dying_Cyrus_-_SOCB_V7__furnished_.xlsx,6,F
basic_bank_plc,1,BALANCE SHEET,Total Assets,total_assets,Tk mn,1993,2321.13,2321.13,,,native_numeric,0,Dying_Cyrus_-_SOCB_V7__furnished_.xlsx,6,G
basic_bank_plc,1,BALANCE SHEET,Total Assets,total_assets,Tk mn,1994,2609.85,2609.85,,,native_numeric,0,Dying_Cyrus_-_SOCB_V7__furnished_.xlsx,6,H
basic_bank_plc,1,BALANCE SHEET,Total Assets,total_assets,Tk mn,1995,3280.16,3280.16,,,native_numeric,0,Dying_Cyrus_-_SOCB_V7__furnished_.xlsx,6,I
basic_bank_plc,1,BALANCE SHEET,Total Assets,total_assets,Tk mn,1996,3962.55,3962.55,,,native_numeric,0,Dying_Cyrus_-_SOCB_V7__furnished_.xlsx,6,J
basic_bank_plc,1,BALANCE SHEET,Total Assets,total_assets,Tk mn,1997,4350.14,4350.14,,,native_numeric,0,Dying_Cyrus_-_SOCB_V7__furnished_.xlsx,6,K
basic_bank_plc,1,BALANCE SHEET,Total Assets,total_assets,Tk mn,1998,5620.57,5620.57,,,native_numeric,0,Dying_Cyrus_-_SOCB_V7__furnished_.xlsx,6,L
basic_bank_plc,1,BALANCE SHEET,Total Assets,total_assets,Tk mn,1999,7173.17,7173.17,,,native_numeric,0,Dying_Cyrus_-_SOCB_V7__furnished_.xlsx,6,M
basic_bank_plc,1,BALANCE SHEET,Total Assets,total_assets,Tk mn,2000,7730.67,7730.67,,,native_numeric,0,Dying_Cyrus_-_SOCB_V7__furnished_.xlsx,6,N
basic_bank_plc,1,BALANCE SHEET,Total Assets,total_assets,Tk mn,2001,9721.93,9721.93,,,native_numeric,0,Dying_Cyrus_-_SOCB_V7__furnished_.xlsx,6,O
basic_bank_plc,1,BALANCE SHEET,Total Assets,total_assets,Tk mn,2002,13019.42,13019.42,,,native_numeric,0,Dying_Cyrus_-_SOCB_V7__furnished_.xlsx,6,P
basic_bank_plc,1,BALANCE SHEET,Total Assets,total_assets,Tk mn,2003,14766.32,14766.32,,,native_numeric,0,Dying_Cyrus_-_SOCB_V7__furnished_.xlsx,6,Q
basic_bank_plc,1,BALANCE SHEET,Total Assets,total_assets,Tk mn,2004,19436.57,19436.57,,,native_numeric,0,Dying_Cyrus_-_SOCB_V7__furnished_.xlsx,6,R
basic_bank_plc,1,BALANCE SHEET,Total Assets,total_assets,Tk mn,2005,27136.37,27136.37,,,native_numeric,0,Dying_Cyrus_-_SOCB_V7__furnished_.xlsx,6,S
basic_bank_plc,1,BALANCE SHEET,Total Assets,total_assets,Tk mn,2006,29417.09,29417.09,,,native_numeric,0,Dying_Cyrus_-_SOCB_V7__furnished_.xlsx,6,T
basic_bank_plc,1,BALANCE SHEET,Total Assets,total_assets,Tk mn,2007,38773.91,38773.91,,,native_numeric,0,Dying_Cyrus_-_SOCB_V7__furnished_.xlsx,6,U
basic_bank_plc,1,BALANCE SHEET,Total Assets,total_assets,Tk mn,2008,46660.03,46660.03,,,native_numeric,0,Dying_Cyrus_-_SOCB_V7__furnished_.xlsx,6,V
basic_bank_plc,1,BALANCE SHEET,Total Assets,total_assets,Tk mn,2009,45308.31,45308.31,,,native_numeric,0,Dying_Cyrus_-_SOCB_V7__furnished_.xlsx,6,W
basic_bank_plc,1,BALANCE SHEET,Total Assets,total_assets,Tk mn,2010,61569.38,61569.38,,,native_numeric,0,Dying_Cyrus_-_SOCB_V7__furnished_.xlsx,6,X
basic_bank_plc,1,BALANCE SHEET,Total Assets,total_assets,Tk mn,2011,78031.73,78031.73,,,native_numeric,0,Dying_Cyrus_-_SOCB_V7__furnished_.xlsx,6,Y
basic_bank_plc,1,BALANCE SHEET,Total Assets,total_assets,Tk mn,2012,109682.06,109682.06,,,native_numeric,0,Dying_Cyrus_-_SOCB_V7__furnished_.xlsx,6,Z
basic_bank_plc,1,BALANCE SHEET,Total Assets,total_assets,Tk mn,2013,157072.19,157072.19,,,native_numeric,0,Dying_Cyrus_-_SOCB_V7__furnished_.xlsx,6,AA
basic_bank_plc,1,BALANCE SHEET,Total Assets,total_assets,Tk mn,2014,171118.53,171118.53,,,native_numeric,0,Dying_Cyrus_-_SOCB_V7__furnished_.xlsx,6,AB
basic_bank_plc,1,BALANCE SHEET,Total Assets,total_assets,Tk mn,2015,194173.36,194173.36,,,native_numeric,0,Dying_Cyrus_-_SOCB_V7__furnished_.xlsx,6,AC
basic_bank_plc,1,BALANCE SHEET,Total Assets,total_assets,Tk mn,2016,204739.63,204739.63,,,native_numeric,0,Dying_Cyrus_-_SOCB_V7__furnished_.xlsx,6,AD
basic_bank_plc,1,BALANCE SHEET,Total Assets,total_assets,Tk mn,2017,198816.67,198816.67,,,native_numeric,0,Dying_Cyrus_-_SOCB_V7__furnished_.xlsx,6,AE
basic_bank_plc,1,BALANCE SHEET,Total Assets,total_assets,Tk mn,2018,191560.41,191560.41,,,native_numeric,0,Dying_Cyrus_-_SOCB_V7__furnished_.xlsx,6,AF
basic_bank_plc,1,BALANCE SHEET,Total Assets,total_assets,Tk mn,2019,194915.97,194915.97,,,native_numeric,0,Dying_Cyrus_-_SOCB_V7__furnished_.xlsx,6,AG
basic_bank_plc,1,BALANCE SHEET,Total Assets,total_assets,Tk mn,2020,196678.18,196678.18,,,native_numeric,0,Dying_Cyrus_-_SOCB_V7__furnished_.xlsx,6,AH
basic_bank_plc,1,BALANCE SHEET,Total Assets,total_assets,Tk mn,2021,195561.35,195561.35,,,native_numeric,0,Dying_Cyrus_-_SOCB_V7__furnished_.xlsx,6,AI
basic_bank_plc,1,BALANCE SHEET,Total Assets,total_assets,Tk mn,2022,180575.95,180575.95,,,native_numeric,0,Dying_Cyrus_-_SOCB_V7__furnished_.xlsx,6,AJ
basic_bank_plc,1,BALANCE SHEET,Total Assets,total_assets,Tk mn,2023,168181.44,168181.44,,,native_numeric,0,Dying_Cyrus_-_SOCB_V7__furnished_.xlsx,6,AK
basic_bank_plc,1,BALANCE SHEET,Total Assets,total_assets,Tk mn,2024,,,,,missing,0,Dying_Cyrus_-_SOCB_V7__furnished_.xlsx,6,AL
basic_bank_plc,1,BALANCE SHEET,Total Assets,total_assets,Tk mn,2025,,,,,missing,0,Dying_Cyrus_-_SOCB_V7__furnished_.xlsx,6,AM
basic_bank_plc,1,BALANCE SHEET,Total Assets,total_assets,Tk mn,2026,,,,,missing,0,Dying_Cyrus_-_SOCB_V7__furnished_.xlsx,6,AN
basic_bank_plc,1,BALANCE SHEET,"Loans & Advances, gross",loans_advances_gross,Tk mn,1989,66.45,66.45,,,native_numeric,0,Dying_Cyrus_-_SOCB_V7__furnished_.xlsx,7,C
basic_bank_plc,1,BALANCE SHEET,"Loans & Advances, gross",loans_advances_gross,Tk mn,1990,200.0,200.0,,,native_numeric,0,Dying_Cyrus_-_SOCB_V7__furnished_.xlsx,7,D
basic_bank_plc,1,BALANCE SHEET,"Loans & Advances, gross",loans_advances_gross,Tk mn,1991,432.8,432.8,,,native_numeric,0,Dying_Cyrus_-_SOCB_V7__furnished_.xlsx,7,E
basic_bank_plc,1,BALANCE SHEET,"Loans & Advances, gross",loans_advances_gross,Tk mn,1992,715.75,715.75,,,native_numeric,0,Dying_Cyrus_-_SOCB_V7__furnished_.xlsx,7,F
basic_bank_plc,1,BALANCE SHEET,"Loans & Advances, gross",loans_advances_gross,Tk mn,1993,986.61,986.61,,,native_numeric,0,Dying_Cyrus_-_SOCB_V7__furnished_.xlsx,7,G
basic_bank_plc,1,BALANCE SHEET,"Loans & Advances, gross",loans_advances_gross,Tk mn,1994,1112.24,1112.24,,,native_numeric,0,Dying_Cyrus_-_SOCB_V7__furnished_.xlsx,7,H
basic_bank_plc,1,BALANCE SHEET,"Loans & Advances, gross",loans_advances_gross,Tk mn,1995,1561.29,1561.29,,,native_numeric,0,Dying_Cyrus_-_SOCB_V7__furnished_.xlsx,7,I
basic_bank_plc,1,BALANCE SHEET,"Loans & Advances, gross",loans_advances_gross,Tk mn,1996,1724.81,1724.81,,,native_numeric,0,Dying_Cyrus_-_SOCB_V7__furnished_.xlsx,7,J
basic_bank_plc,1,BALANCE SHEET,"Loans & Advances, gross",loans_advances_gross,Tk mn,1997,2630.9,2630.9,,,native_numeric,0,Dying_Cyrus_-_SOCB_V7__furnished_.xlsx,7,K
basic_bank_plc,1,BALANCE SHEET,"Loans & Advances, gross",loans_advances_gross,Tk mn,1998,3218.9,3218.9,,,native_numeric,0,Dying_Cyrus_-_SOCB_V7__furnished_.xlsx,7,L
basic_bank_plc,1,BALANCE SHEET,"Loans & Advances, gross",loans_advances_gross,Tk mn,1999,3960.11,3960.11,,,native_numeric,0,Dying_Cyrus_-_SOCB_V7__furnished_.xlsx,7,M
basic_bank_plc,1,BALANCE SHEET,"Loans & Advances, gross",loans_advances_gross,Tk mn,2000,4618.73,4618.73,,,native_numeric,0,Dying_Cyrus_-_SOCB_V7__furnished_.xlsx,7,N
basic_bank_plc,1,BALANCE SHEET,"Loans & Advances, gross",loans_advances_gross,Tk mn,2001,6260.78,6260.78,,,native_numeric,0,Dying_Cyrus_-_SOCB_V7__furnished_.xlsx,7,O
basic_bank_plc,1,BALANCE SHEET,"Loans & Advances, gross",loans_advances_gross,Tk mn,2002,7957.04,7957.04,,,native_numeric,0,Dying_Cyrus_-_SOCB_V7__furnished_.xlsx,7,P
basic_bank_plc,1,BALANCE SHEET,"Loans & Advances, gross",loans_advances_gross,Tk mn,2003,9282.2,9282.2,,,native_numeric,0,Dying_Cyrus_-_SOCB_V7__furnished_.xlsx,7,Q
basic_bank_plc,1,BALANCE SHEET,"Loans & Advances, gross",loans_advances_gross,Tk mn,2004,12000.15,12000.15,,,native_numeric,0,Dying_Cyrus_-_SOCB_V7__furnished_.xlsx,7,R
basic_bank_plc,1,BALANCE SHEET,"Loans & Advances, gross",loans_advances_gross,Tk mn,2005,15339.35,15339.35,,,native_numeric,0,Dying_Cyrus_-_SOCB_V7__furnished_.xlsx,7,S
basic_bank_plc,1,BALANCE SHEET,"Loans & Advances, gross",loans_advances_gross,Tk mn,2006,19000.0,19000.0,,,native_numeric,0,Dying_Cyrus_-_SOCB_V7__furnished_.xlsx,7,T
basic_bank_plc,1,BALANCE SHEET,"Loans & Advances, gross",loans_advances_gross,Tk mn,2007,22263.35,22263.35,,,native_numeric,0,Dying_Cyrus_-_SOCB_V7__furnished_.xlsx,7,U
basic_bank_plc,1,BALANCE SHEET,"Loans & Advances, gross",loans_advances_gross,Tk mn,2008,27269.13,27269.13,,,native_numeric,0,Dying_Cyrus_-_SOCB_V7__furnished_.xlsx,7,V
basic_bank_plc,1,BALANCE SHEET,"Loans & Advances, gross",loans_advances_gross,Tk mn,2009,29261.53,29261.53,,,native_numeric,0,Dying_Cyrus_-_SOCB_V7__furnished_.xlsx,7,W
basic_bank_plc,1,BALANCE SHEET,"Loans & Advances, gross",loans_advances_gross,Tk mn,2010,46341.51,46341.51,,,native_numeric,0,Dying_Cyrus_-_SOCB_V7__furnished_.xlsx,7,X
basic_bank_plc,1,BALANCE SHEET,"Loans & Advances, gross",loans_advances_gross,Tk mn,2011,56884.76,56884.76,,,native_numeric,0,Dying_Cyrus_-_SOCB_V7__furnished_.xlsx,7,Y
basic_bank_plc,1,BALANCE SHEET,"Loans & Advances, gross",loans_advances_gross,Tk mn,2012,85955.76,85955.76,,,native_numeric,0,Dying_Cyrus_-_SOCB_V7__furnished_.xlsx,7,Z
basic_bank_plc,1,BALANCE SHEET,"Loans & Advances, gross",loans_advances_gross,Tk mn,2013,109428.44,109428.44,,,native_numeric,0,Dying_Cyrus_-_SOCB_V7__furnished_.xlsx,7,AA
basic_bank_plc,1,BALANCE SHEET,"Loans & Advances, gross",loans_advances_gross,Tk mn,2014,89392.86,89392.86,,,native_numeric,0,Dying_Cyrus_-_SOCB_V7__furnished_.xlsx,7,AB
basic_bank_plc,1,BALANCE SHEET,"Loans & Advances, gross",loans_advances_gross,Tk mn,2015,128807.01,128807.01,,,native_numeric,0,Dying_Cyrus_-_SOCB_V7__furnished_.xlsx,7,AC
basic_bank_plc,1,BALANCE SHEET,"Loans & Advances, gross",loans_advances_gross,Tk mn,2016,134882.8,134882.8,,,native_numeric,0,Dying_Cyrus_-_SOCB_V7__furnished_.xlsx,7,AD
basic_bank_plc,1,BALANCE SHEET,"Loans & Advances, gross",loans_advances_gross,Tk mn,2017,145568.59,145568.59,,,native_numeric,0,Dying_Cyrus_-_SOCB_V7__furnished_.xlsx,7,AE
basic_bank_plc,1,BALANCE SHEET,"Loans & Advances, gross",loans_advances_gross,Tk mn,2018,151968.05,151968.05,,,native_numeric,0,Dying_Cyrus_-_SOCB_V7__furnished_.xlsx,7,AF
basic_bank_plc,1,BALANCE SHEET,"Loans & Advances, gross",loans_advances_gross,Tk mn,2019,151769.61,151769.61,,,native_numeric,0,Dying_Cyrus_-_SOCB_V7__furnished_.xlsx,7,AG
basic_bank_plc,1,BALANCE SHEET,"Loans & Advances, gross",loans_advances_gross,Tk mn,2020,149125.94,149125.94,,,native_numeric,0,Dying_Cyrus_-_SOCB_V7__furnished_.xlsx,7,AH
basic_bank_plc,1,BALANCE SHEET,"Loans & Advances, gross",loans_advances_gross,Tk mn,2021,144451.77,144451.77,,,native_numeric,0,Dying_Cyrus_-_SOCB_V7__furnished_.xlsx,7,AI
basic_bank_plc,1,BALANCE SHEET,"Loans & Advances, gross",loans_advances_gross,Tk mn,2022,134595.36,134595.36,,,native_numeric,0,Dying_Cyrus_-_SOCB_V7__furnished_.xlsx,7,AJ
basic_bank_plc,1,BALANCE SHEET,"Loans & Advances, gross",loans_advances_gross,Tk mn,2023,131524.83,131524.83,,,native_numeric,0,Dying_Cyrus_-_SOCB_V7__furnished_.xlsx,7,AK
basic_bank_plc,1,BALANCE SHEET,"Loans & Advances, gross",loans_advances_gross,Tk mn,2024,,,,,missing,0,Dying_Cyrus_-_SOCB_V7__furnished_.xlsx,7,AL
basic_bank_plc,1,BALANCE SHEET,"Loans & Advances, gross",loans_advances_gross,Tk mn,2025,,,,,missing,0,Dying_Cyrus_-_SOCB_V7__furnished_.xlsx,7,AM
basic_bank_plc,1,BALANCE SHEET,"Loans & Advances, gross",loans_advances_gross,Tk mn,2026,,,,,missing,0,Dying_Cyrus_-_SOCB_V7__furnished_.xlsx,7,AN
basic_bank_plc,1,BALANCE SHEET,Total Deposits,total_deposits,Tk mn,1989,317.72,317.72,,,native_numeric,0,Dying_Cyrus_-_SOCB_V7__furnished_.xlsx,8,C
basic_bank_plc,1,BALANCE SHEET,Total Deposits,total_deposits,Tk mn,1990,529.19,529.19,,,native_numeric,0,Dying_Cyrus_-_SOCB_V7__furnished_.xlsx,8,D
basic_bank_plc,1,BALANCE SHEET,Total Deposits,total_deposits,Tk mn,1991,843.79,843.79,,,native_numeric,0,Dying_Cyrus_-_SOCB_V7__furnished_.xlsx,8,E
basic_bank_plc,1,BALANCE SHEET,Total Deposits,total_deposits,Tk mn,1992,1367.36,1367.36,,,native_numeric,0,Dying_Cyrus_-_SOCB_V7__furnished_.xlsx,8,F
basic_bank_plc,1,BALANCE SHEET,Total Deposits,total_deposits,Tk mn,1993,1977.6,1977.6,,,native_numeric,0,Dying_Cyrus_-_SOCB_V7__furnished_.xlsx,8,G
basic_bank_plc,1,BALANCE SHEET,Total Deposits,total_deposits,Tk mn,1994,2241.33,2241.33,,,native_numeric,0,Dying_Cyrus_-_SOCB_V7__furnished_.xlsx,8,H
basic_bank_plc,1,BALANCE SHEET,Total Deposits,total_deposits,Tk mn,1995,2773.73,2773.73,,,native_numeric,0,Dying_Cyrus_-_SOCB_V7__furnished_.xlsx,8,I
basic_bank_plc,1,BALANCE SHEET,Total Deposits,total_deposits,Tk mn,1996,3357.05,3357.05,,,native_numeric,0,Dying_Cyrus_-_SOCB_V7__furnished_.xlsx,8,J
basic_bank_plc,1,BALANCE SHEET,Total Deposits,total_deposits,Tk mn,1997,3541.6,3541.6,,,native_numeric,0,Dying_Cyrus_-_SOCB_V7__furnished_.xlsx,8,K
basic_bank_plc,1,BALANCE SHEET,Total Deposits,total_deposits,Tk mn,1998,4551.48,4551.48,,,native_numeric,0,Dying_Cyrus_-_SOCB_V7__furnished_.xlsx,8,L
basic_bank_plc,1,BALANCE SHEET,Total Deposits,total_deposits,Tk mn,1999,5647.93,5647.93,,,native_numeric,0,Dying_Cyrus_-_SOCB_V7__furnished_.xlsx,8,M
basic_bank_plc,1,BALANCE SHEET,Total Deposits,total_deposits,Tk mn,2000,5845.15,5845.15,,,native_numeric,0,Dying_Cyrus_-_SOCB_V7__furnished_.xlsx,8,N
basic_bank_plc,1,BALANCE SHEET,Total Deposits,total_deposits,Tk mn,2001,7512.62,7512.62,,,native_numeric,0,Dying_Cyrus_-_SOCB_V7__furnished_.xlsx,8,O
basic_bank_plc,1,BALANCE SHEET,Total Deposits,total_deposits,Tk mn,2002,10021.24,10021.24,,,native_numeric,0,Dying_Cyrus_-_SOCB_V7__furnished_.xlsx,8,P
basic_bank_plc,1,BALANCE SHEET,Total Deposits,total_deposits,Tk mn,2003,11266.54,11266.54,,,native_numeric,0,Dying_Cyrus_-_SOCB_V7__furnished_.xlsx,8,Q
basic_bank_plc,1,BALANCE SHEET,Total Deposits,total_deposits,Tk mn,2004,15509.18,15509.18,,,native_numeric,0,Dying_Cyrus_-_SOCB_V7__furnished_.xlsx,8,R
basic_bank_plc,1,BALANCE SHEET,Total Deposits,total_deposits,Tk mn,2005,22325.58,22325.58,,,native_numeric,0,Dying_Cyrus_-_SOCB_V7__furnished_.xlsx,8,S
basic_bank_plc,1,BALANCE SHEET,Total Deposits,total_deposits,Tk mn,2006,24084.65,24084.65,,,native_numeric,0,Dying_Cyrus_-_SOCB_V7__furnished_.xlsx,8,T
basic_bank_plc,1,BALANCE SHEET,Total Deposits,total_deposits,Tk mn,2007,31947.98,31947.98,,,native_numeric,0,Dying_Cyrus_-_SOCB_V7__furnished_.xlsx,8,U
basic_bank_plc,1,BALANCE SHEET,Total Deposits,total_deposits,Tk mn,2008,38368.23,38368.23,,,native_numeric,0,Dying_Cyrus_-_SOCB_V7__furnished_.xlsx,8,V
basic_bank_plc,1,BALANCE SHEET,Total Deposits,total_deposits,Tk mn,2009,34501.69,34501.69,,,native_numeric,0,Dying_Cyrus_-_SOCB_V7__furnished_.xlsx,8,W
basic_bank_plc,1,BALANCE SHEET,Total Deposits,total_deposits,Tk mn,2010,49259.6,49259.6,,,native_numeric,0,Dying_Cyrus_-_SOCB_V7__furnished_.xlsx,8,X
basic_bank_plc,1,BALANCE SHEET,Total Deposits,total_deposits,Tk mn,2011,62650.73,62650.73,,,native_numeric,0,Dying_Cyrus_-_SOCB_V7__furnished_.xlsx,8,Y
basic_bank_plc,1,BALANCE SHEET,Total Deposits,total_deposits,Tk mn,2012,87693.23,87693.23,,,native_numeric,0,Dying_Cyrus_-_SOCB_V7__furnished_.xlsx,8,Z
basic_bank_plc,1,BALANCE SHEET,Total Deposits,total_deposits,Tk mn,2013,134493.45,134493.45,,,native_numeric,0,Dying_Cyrus_-_SOCB_V7__furnished_.xlsx,8,AA
basic_bank_plc,1,BALANCE SHEET,Total Deposits,total_deposits,Tk mn,2014,139934.06,139934.06,,,native_numeric,0,Dying_Cyrus_-_SOCB_V7__furnished_.xlsx,8,AB
basic_bank_plc,1,BALANCE SHEET,Total Deposits,total_deposits,Tk mn,2015,148167.23,148167.23,,,native_numeric,0,Dying_Cyrus_-_SOCB_V7__furnished_.xlsx,8,AC
basic_bank_plc,1,BALANCE SHEET,Total Deposits,total_deposits,Tk mn,2016,158070.98,158070.98,,,native_numeric,0,Dying_Cyrus_-_SOCB_V7__furnished_.xlsx,8,AD
basic_bank_plc,1,BALANCE SHEET,Total Deposits,total_deposits,Tk mn,2017,143180.24,143180.24,,,native_numeric,0,Dying_Cyrus_-_SOCB_V7__furnished_.xlsx,8,AE
basic_bank_plc,1,BALANCE SHEET,Total Deposits,total_deposits,Tk mn,2018,131821.58,131821.58,,,native_numeric,0,Dying_Cyrus_-_SOCB_V7__furnished_.xlsx,8,AF
basic_bank_plc,1,BALANCE SHEET,Total Deposits,total_deposits,Tk mn,2019,138307.35,138307.35,,,native_numeric,0,Dying_Cyrus_-_SOCB_V7__furnished_.xlsx,8,AG
basic_bank_plc,1,BALANCE SHEET,Total Deposits,total_deposits,Tk mn,2020,139714.95,139714.95,,,native_numeric,0,Dying_Cyrus_-_SOCB_V7__furnished_.xlsx,8,AH
basic_bank_plc,1,BALANCE SHEET,Total Deposits,total_deposits,Tk mn,2021,150980.39,150980.39,,,native_numeric,0,Dying_Cyrus_-_SOCB_V7__furnished_.xlsx,8,AI
basic_bank_plc,1,BALANCE SHEET,Total Deposits,total_deposits,Tk mn,2022,148961.57,148961.57,,,native_numeric,0,Dying_Cyrus_-_SOCB_V7__furnished_.xlsx,8,AJ
basic_bank_plc,1,BALANCE SHEET,Total Deposits,total_deposits,Tk mn,2023,146933.94,146933.94,,,native_numeric,0,Dying_Cyrus_-_SOCB_V7__furnished_.xlsx,8,AK
basic_bank_plc,1,BALANCE SHEET,Total Deposits,total_deposits,Tk mn,2024,,,,,missing,0,Dying_Cyrus_-_SOCB_V7__furnished_.xlsx,8,AL
basic_bank_plc,1,BALANCE SHEET,Total Deposits,total_deposits,Tk mn,2025,,,,,missing,0,Dying_Cyrus_-_SOCB_V7__furnished_.xlsx,8,AM
basic_bank_plc,1,BALANCE SHEET,Total Deposits,total_deposits,Tk mn,2026,,,,,missing,0,Dying_Cyrus_-_SOCB_V7__furnished_.xlsx,8,AN
basic_bank_plc,1,BALANCE SHEET,Shareholders' Equity,shareholders_equity,Tk mn,1989,81.09,81.09,,,native_numeric,0,Dying_Cyrus_-_SOCB_V7__furnished_.xlsx,9,C
basic_bank_plc,1,BALANCE SHEET,Shareholders' Equity,shareholders_equity,Tk mn,1990,84.36,84.36,,,native_numeric,0,Dying_Cyrus_-_SOCB_V7__furnished_.xlsx,9,D
basic_bank_plc,1,BALANCE SHEET,Shareholders' Equity,shareholders_equity,Tk mn,1991,84.83,84.83,,,native_numeric,0,Dying_Cyrus_-_SOCB_V7__furnished_.xlsx,9,E
basic_bank_plc,1,BALANCE SHEET,Shareholders' Equity,shareholders_equity,Tk mn,1992,90.48,90.48,,,native_numeric,0,Dying_Cyrus_-_SOCB_V7__furnished_.xlsx,9,F
basic_bank_plc,1,BALANCE SHEET,Shareholders' Equity,shareholders_equity,Tk mn,1993,107.81,107.81,,,native_numeric,0,Dying_Cyrus_-_SOCB_V7__furnished_.xlsx,9,G
basic_bank_plc,1,BALANCE SHEET,Shareholders' Equity,shareholders_equity,Tk mn,1994,133.49,133.49,,,native_numeric,0,Dying_Cyrus_-_SOCB_V7__furnished_.xlsx,9,H
basic_bank_plc,1,BALANCE SHEET,Shareholders' Equity,shareholders_equity,Tk mn,1995,185.96,185.96,,,native_numeric,0,Dying_Cyrus_-_SOCB_V7__furnished_.xlsx,9,I
basic_bank_plc,1,BALANCE SHEET,Shareholders' Equity,shareholders_equity,Tk mn,1996,243.73,243.73,,,native_numeric,0,Dying_Cyrus_-_SOCB_V7__furnished_.xlsx,9,J
basic_bank_plc,1,BALANCE SHEET,Shareholders' Equity,shareholders_equity,Tk mn,1997,338.34,338.34,,,native_numeric,0,Dying_Cyrus_-_SOCB_V7__furnished_.xlsx,9,K
basic_bank_plc,1,BALANCE SHEET,Shareholders' Equity,shareholders_equity,Tk mn,1998,474.48,474.48,,,native_numeric,0,Dying_Cyrus_-_SOCB_V7__furnished_.xlsx,9,L
basic_bank_plc,1,BALANCE SHEET,Shareholders' Equity,shareholders_equity,Tk mn,1999,584.43,584.43,,,native_numeric,0,Dying_Cyrus_-_SOCB_V7__furnished_.xlsx,9,M
basic_bank_plc,1,BALANCE SHEET,Shareholders' Equity,shareholders_equity,Tk mn,2000,697.77,697.77,,,native_numeric,0,Dying_Cyrus_-_SOCB_V7__furnished_.xlsx,9,N
basic_bank_plc,1,BALANCE SHEET,Shareholders' Equity,shareholders_equity,Tk mn,2001,761.35,761.35,,,native_numeric,0,Dying_Cyrus_-_SOCB_V7__furnished_.xlsx,9,O
basic_bank_plc,1,BALANCE SHEET,Shareholders' Equity,shareholders_equity,Tk mn,2002,1012.9,1012.9,,,native_numeric,0,Dying_Cyrus_-_SOCB_V7__furnished_.xlsx,9,P
basic_bank_plc,1,BALANCE SHEET,Shareholders' Equity,shareholders_equity,Tk mn,2003,1249.29,1249.29,,,native_numeric,0,Dying_Cyrus_-_SOCB_V7__furnished_.xlsx,9,Q
basic_bank_plc,1,BALANCE SHEET,Shareholders' Equity,shareholders_equity,Tk mn,2004,1491.23,1491.23,,,native_numeric,0,Dying_Cyrus_-_SOCB_V7__furnished_.xlsx,9,R
basic_bank_plc,1,BALANCE SHEET,Shareholders' Equity,shareholders_equity,Tk mn,2005,1726.14,1726.14,,,native_numeric,0,Dying_Cyrus_-_SOCB_V7__furnished_.xlsx,9,S
basic_bank_plc,1,BALANCE SHEET,Shareholders' Equity,shareholders_equity,Tk mn,2006,2239.0,2239.0,,,native_numeric,0,Dying_Cyrus_-_SOCB_V7__furnished_.xlsx,9,T
basic_bank_plc,1,BALANCE SHEET,Shareholders' Equity,shareholders_equity,Tk mn,2007,2596.58,2596.58,,,native_numeric,0,Dying_Cyrus_-_SOCB_V7__furnished_.xlsx,9,U
basic_bank_plc,1,BALANCE SHEET,Shareholders' Equity,shareholders_equity,Tk mn,2008,2982.59,2982.59,,,native_numeric,0,Dying_Cyrus_-_SOCB_V7__furnished_.xlsx,9,V
basic_bank_plc,1,BALANCE SHEET,Shareholders' Equity,shareholders_equity,Tk mn,2009,3923.95,3923.95,,,native_numeric,0,Dying_Cyrus_-_SOCB_V7__furnished_.xlsx,9,W
basic_bank_plc,1,BALANCE SHEET,Shareholders' Equity,shareholders_equity,Tk mn,2010,4474.43,4474.43,,,native_numeric,0,Dying_Cyrus_-_SOCB_V7__furnished_.xlsx,9,X
basic_bank_plc,1,BALANCE SHEET,Shareholders' Equity,shareholders_equity,Tk mn,2011,5481.76,5481.76,,,native_numeric,0,Dying_Cyrus_-_SOCB_V7__furnished_.xlsx,9,Y
basic_bank_plc,1,BALANCE SHEET,Shareholders' Equity,shareholders_equity,Tk mn,2012,6440.58,6440.58,,,native_numeric,0,Dying_Cyrus_-_SOCB_V7__furnished_.xlsx,9,Z
basic_bank_plc,1,BALANCE SHEET,Shareholders' Equity,shareholders_equity,Tk mn,2013,6039.18,6039.18,,,native_numeric,0,Dying_Cyrus_-_SOCB_V7__furnished_.xlsx,9,AA
basic_bank_plc,1,BALANCE SHEET,Shareholders' Equity,shareholders_equity,Tk mn,2014,13013.92,13013.92,,,native_numeric,0,Dying_Cyrus_-_SOCB_V7__furnished_.xlsx,9,AB
basic_bank_plc,1,BALANCE SHEET,Shareholders' Equity,shareholders_equity,Tk mn,2015,25947.08,25947.08,,,native_numeric,0,Dying_Cyrus_-_SOCB_V7__furnished_.xlsx,9,AC
basic_bank_plc,1,BALANCE SHEET,Shareholders' Equity,shareholders_equity,Tk mn,2016,10808.32,10808.32,,,native_numeric,0,Dying_Cyrus_-_SOCB_V7__furnished_.xlsx,9,AD
basic_bank_plc,1,BALANCE SHEET,Shareholders' Equity,shareholders_equity,Tk mn,2017,13907.09,13907.09,,,native_numeric,0,Dying_Cyrus_-_SOCB_V7__furnished_.xlsx,9,AE
basic_bank_plc,1,BALANCE SHEET,Shareholders' Equity,shareholders_equity,Tk mn,2018,10381.32,10381.32,,,native_numeric,0,Dying_Cyrus_-_SOCB_V7__furnished_.xlsx,9,AF
basic_bank_plc,1,BALANCE SHEET,Shareholders' Equity,shareholders_equity,Tk mn,2019,7007.14,7007.14,,,native_numeric,0,Dying_Cyrus_-_SOCB_V7__furnished_.xlsx,9,AG
basic_bank_plc,1,BALANCE SHEET,Shareholders' Equity,shareholders_equity,Tk mn,2020,3693.13,3693.13,,,native_numeric,0,Dying_Cyrus_-_SOCB_V7__furnished_.xlsx,9,AH
basic_bank_plc,1,BALANCE SHEET,Shareholders' Equity,shareholders_equity,Tk mn,2021,-574.91,-574.91,,,native_numeric,0,Dying_Cyrus_-_SOCB_V7__furnished_.xlsx,9,AI
basic_bank_plc,1,BALANCE SHEET,Shareholders' Equity,shareholders_equity,Tk mn,2022,-2107.27,-2107.27,,,native_numeric,0,Dying_Cyrus_-_SOCB_V7__furnished_.xlsx,9,AJ
basic_bank_plc,1,BALANCE SHEET,Shareholders' Equity,shareholders_equity,Tk mn,2023,-6142.49,-6142.49,,,native_numeric,0,Dying_Cyrus_-_SOCB_V7__furnished_.xlsx,9,AK
basic_bank_plc,1,BALANCE SHEET,Shareholders' Equity,shareholders_equity,Tk mn,2024,,,,,missing,0,Dying_Cyrus_-_SOCB_V7__furnished_.xlsx,9,AL
basic_bank_plc,1,BALANCE SHEET,Shareholders' Equity,shareholders_equity,Tk mn,2025,,,,,missing,0,Dying_Cyrus_-_SOCB_V7__furnished_.xlsx,9,AM
basic_bank_plc,1,BALANCE SHEET,Shareholders' Equity,shareholders_equity,Tk mn,2026,,,,,missing,0,Dying_Cyrus_-_SOCB_V7__furnished_.xlsx,9,AN
basic_bank_plc,1,INCOME STATEMENT,Net Interest Income,net_interest_income,Tk mn,1989,,,,,missing,0,Dying_Cyrus_-_SOCB_V7__furnished_.xlsx,11,C
basic_bank_plc,1,INCOME STATEMENT,Net Interest Income,net_interest_income,Tk mn,1990,,,,,missing,0,Dying_Cyrus_-_SOCB_V7__furnished_.xlsx,11,D
basic_bank_plc,1,INCOME STATEMENT,Net Interest Income,net_interest_income,Tk mn,1991,,,,,missing,0,Dying_Cyrus_-_SOCB_V7__furnished_.xlsx,11,E
basic_bank_plc,1,INCOME STATEMENT,Net Interest Income,net_interest_income,Tk mn,1992,,,,,missing,0,Dying_Cyrus_-_SOCB_V7__furnished_.xlsx,11,F
basic_bank_plc,1,INCOME STATEMENT,Net Interest Income,net_interest_income,Tk mn,1993,,,,,missing,0,Dying_Cyrus_-_SOCB_V7__furnished_.xlsx,11,G
basic_bank_plc,1,INCOME STATEMENT,Net Interest Income,net_interest_income,Tk mn,1994,,,,,missing,0,Dying_Cyrus_-_SOCB_V7__furnished_.xlsx,11,H
basic_bank_plc,1,INCOME STATEMENT,Net Interest Income,net_interest_income,Tk mn,1995,,,,,missing,0,Dying_Cyrus_-_SOCB_V7__furnished_.xlsx,11,I
basic_bank_plc,1,INCOME STATEMENT,Net Interest Income,net_interest_income,Tk mn,1996,,,,,missing,0,Dying_Cyrus_-_SOCB_V7__furnished_.xlsx,11,J
basic_bank_plc,1,INCOME STATEMENT,Net Interest Income,net_interest_income,Tk mn,1997,,,,,missing,0,Dying_Cyrus_-_SOCB_V7__furnished_.xlsx,11,K
basic_bank_plc,1,INCOME STATEMENT,Net Interest Income,net_interest_income,Tk mn,1998,,,,,missing,0,Dying_Cyrus_-_SOCB_V7__furnished_.xlsx,11,L
basic_bank_plc,1,INCOME STATEMENT,Net Interest Income,net_interest_income,Tk mn,1999,,,,,missing,0,Dying_Cyrus_-_SOCB_V7__furnished_.xlsx,11,M
basic_bank_plc,1,INCOME STATEMENT,Net Interest Income,net_interest_income,Tk mn,2000,,,,,missing,0,Dying_Cyrus_-_SOCB_V7__furnished_.xlsx,11,N
basic_bank_plc,1,INCOME STATEMENT,Net Interest Income,net_interest_income,Tk mn,2001,,,,,missing,0,Dying_Cyrus_-_SOCB_V7__furnished_.xlsx,11,O
basic_bank_plc,1,INCOME STATEMENT,Net Interest Income,net_interest_income,Tk mn,2002,,,,,missing,0,Dying_Cyrus_-_SOCB_V7__furnished_.xlsx,11,P
basic_bank_plc,1,INCOME STATEMENT,Net Interest Income,net_interest_income,Tk mn,2003,,,,,missing,0,Dying_Cyrus_-_SOCB_V7__furnished_.xlsx,11,Q
basic_bank_plc,1,INCOME STATEMENT,Net Interest Income,net_interest_income,Tk mn,2004,,,,,missing,0,Dying_Cyrus_-_SOCB_V7__furnished_.xlsx,11,R
basic_bank_plc,1,INCOME STATEMENT,Net Interest Income,net_interest_income,Tk mn,2005,797.06,797.06,,,native_numeric,0,Dying_Cyrus_-_SOCB_V7__furnished_.xlsx,11,S
basic_bank_plc,1,INCOME STATEMENT,Net Interest Income,net_interest_income,Tk mn,2006,962.69,962.69,,,native_numeric,0,Dying_Cyrus_-_SOCB_V7__furnished_.xlsx,11,T
basic_bank_plc,1,INCOME STATEMENT,Net Interest Income,net_interest_income,Tk mn,2007,938.1,938.1,,,native_numeric,0,Dying_Cyrus_-_SOCB_V7__furnished_.xlsx,11,U
basic_bank_plc,1,INCOME STATEMENT,Net Interest Income,net_interest_income,Tk mn,2008,1120.517,1120.517,,,native_numeric,0,Dying_Cyrus_-_SOCB_V7__furnished_.xlsx,11,V
basic_bank_plc,1,INCOME STATEMENT,Net Interest Income,net_interest_income,Tk mn,2009,1003.202,1003.202,,,native_numeric,0,Dying_Cyrus_-_SOCB_V7__furnished_.xlsx,11,W
basic_bank_plc,1,INCOME STATEMENT,Net Interest Income,net_interest_income,Tk mn,2010,1303.48,1303.48,,,native_numeric,0,Dying_Cyrus_-_SOCB_V7__furnished_.xlsx,11,X
basic_bank_plc,1,INCOME STATEMENT,Net Interest Income,net_interest_income,Tk mn,2011,2187.346,2187.346,,,native_numeric,0,Dying_Cyrus_-_SOCB_V7__furnished_.xlsx,11,Y
basic_bank_plc,1,INCOME STATEMENT,Net Interest Income,net_interest_income,Tk mn,2012,2476.28,2476.28,,,native_numeric,0,Dying_Cyrus_-_SOCB_V7__furnished_.xlsx,11,Z
basic_bank_plc,1,INCOME STATEMENT,Net Interest Income,net_interest_income,Tk mn,2013,1701.0,1701.0,,,native_numeric,0,Dying_Cyrus_-_SOCB_V7__furnished_.xlsx,11,AA
basic_bank_plc,1,INCOME STATEMENT,Net Interest Income,net_interest_income,Tk mn,2014,-1395.91,-1395.91,,,native_numeric,0,Dying_Cyrus_-_SOCB_V7__furnished_.xlsx,11,AB
basic_bank_plc,1,INCOME STATEMENT,Net Interest Income,net_interest_income,Tk mn,2015,,,,,missing,0,Dying_Cyrus_-_SOCB_V7__furnished_.xlsx,11,AC
basic_bank_plc,1,INCOME STATEMENT,Net Interest Income,net_interest_income,Tk mn,2016,-1055.8,-1055.8,,,native_numeric,0,Dying_Cyrus_-_SOCB_V7__furnished_.xlsx,11,AD
basic_bank_plc,1,INCOME STATEMENT,Net Interest Income,net_interest_income,Tk mn,2017,-188.15,-188.15,,,native_numeric,0,Dying_Cyrus_-_SOCB_V7__furnished_.xlsx,11,AE
basic_bank_plc,1,INCOME STATEMENT,Net Interest Income,net_interest_income,Tk mn,2018,-1259.95,-1259.95,,,native_numeric,0,Dying_Cyrus_-_SOCB_V7__furnished_.xlsx,11,AF
basic_bank_plc,1,INCOME STATEMENT,Net Interest Income,net_interest_income,Tk mn,2019,-2382.96,-2382.96,,,native_numeric,0,Dying_Cyrus_-_SOCB_V7__furnished_.xlsx,11,AG
basic_bank_plc,1,INCOME STATEMENT,Net Interest Income,net_interest_income,Tk mn,2020,-4204.86,-4204.86,,,native_numeric,0,Dying_Cyrus_-_SOCB_V7__furnished_.xlsx,11,AH
basic_bank_plc,1,INCOME STATEMENT,Net Interest Income,net_interest_income,Tk mn,2021,-4422.95,-4422.95,,,native_numeric,0,Dying_Cyrus_-_SOCB_V7__furnished_.xlsx,11,AI
basic_bank_plc,1,INCOME STATEMENT,Net Interest Income,net_interest_income,Tk mn,2022,-2464.5,-2464.5,,,native_numeric,0,Dying_Cyrus_-_SOCB_V7__furnished_.xlsx,11,AJ
basic_bank_plc,1,INCOME STATEMENT,Net Interest Income,net_interest_income,Tk mn,2023,-4784.62,-4784.62,,,native_numeric,0,Dying_Cyrus_-_SOCB_V7__furnished_.xlsx,11,AK
basic_bank_plc,1,INCOME STATEMENT,Net Interest Income,net_interest_income,Tk mn,2024,,,,,missing,0,Dying_Cyrus_-_SOCB_V7__furnished_.xlsx,11,AL
basic_bank_plc,1,INCOME STATEMENT,Net Interest Income,net_interest_income,Tk mn,2025,,,,,missing,0,Dying_Cyrus_-_SOCB_V7__furnished_.xlsx,11,AM
basic_bank_plc,1,INCOME STATEMENT,Net Interest Income,net_interest_income,Tk mn,2026,,,,,missing,0,Dying_Cyrus_-_SOCB_V7__furnished_.xlsx,11,AN
basic_bank_plc,1,INCOME STATEMENT,Non-Interest Income,non_interest_income,Tk mn,1989,,,,,missing,0,Dying_Cyrus_-_SOCB_V7__furnished_.xlsx,12,C
basic_bank_plc,1,INCOME STATEMENT,Non-Interest Income,non_interest_income,Tk mn,1990,,,,,missing,0,Dying_Cyrus_-_SOCB_V7__furnished_.xlsx,12,D
basic_bank_plc,1,INCOME STATEMENT,Non-Interest Income,non_interest_income,Tk mn,1991,,,,,missing,0,Dying_Cyrus_-_SOCB_V7__furnished_.xlsx,12,E
basic_bank_plc,1,INCOME STATEMENT,Non-Interest Income,non_interest_income,Tk mn,1992,,,,,missing,0,Dying_Cyrus_-_SOCB_V7__furnished_.xlsx,12,F
basic_bank_plc,1,INCOME STATEMENT,Non-Interest Income,non_interest_income,Tk mn,1993,,,,,missing,0,Dying_Cyrus_-_SOCB_V7__furnished_.xlsx,12,G
basic_bank_plc,1,INCOME STATEMENT,Non-Interest Income,non_interest_income,Tk mn,1994,,,,,missing,0,Dying_Cyrus_-_SOCB_V7__furnished_.xlsx,12,H
basic_bank_plc,1,INCOME STATEMENT,Non-Interest Income,non_interest_income,Tk mn,1995,,,,,missing,0,Dying_Cyrus_-_SOCB_V7__furnished_.xlsx,12,I
basic_bank_plc,1,INCOME STATEMENT,Non-Interest Income,non_interest_income,Tk mn,1996,,,,,missing,0,Dying_Cyrus_-_SOCB_V7__furnished_.xlsx,12,J
basic_bank_plc,1,INCOME STATEMENT,Non-Interest Income,non_interest_income,Tk mn,1997,,,,,missing,0,Dying_Cyrus_-_SOCB_V7__furnished_.xlsx,12,K
basic_bank_plc,1,INCOME STATEMENT,Non-Interest Income,non_interest_income,Tk mn,1998,,,,,missing,0,Dying_Cyrus_-_SOCB_V7__furnished_.xlsx,12,L
basic_bank_plc,1,INCOME STATEMENT,Non-Interest Income,non_interest_income,Tk mn,1999,,,,,missing,0,Dying_Cyrus_-_SOCB_V7__furnished_.xlsx,12,M
basic_bank_plc,1,INCOME STATEMENT,Non-Interest Income,non_interest_income,Tk mn,2000,,,,,missing,0,Dying_Cyrus_-_SOCB_V7__furnished_.xlsx,12,N
basic_bank_plc,1,INCOME STATEMENT,Non-Interest Income,non_interest_income,Tk mn,2001,,,,,missing,0,Dying_Cyrus_-_SOCB_V7__furnished_.xlsx,12,O
basic_bank_plc,1,INCOME STATEMENT,Non-Interest Income,non_interest_income,Tk mn,2002,,,,,missing,0,Dying_Cyrus_-_SOCB_V7__furnished_.xlsx,12,P
basic_bank_plc,1,INCOME STATEMENT,Non-Interest Income,non_interest_income,Tk mn,2003,,,,,missing,0,Dying_Cyrus_-_SOCB_V7__furnished_.xlsx,12,Q
basic_bank_plc,1,INCOME STATEMENT,Non-Interest Income,non_interest_income,Tk mn,2004,,,,,missing,0,Dying_Cyrus_-_SOCB_V7__furnished_.xlsx,12,R
basic_bank_plc,1,INCOME STATEMENT,Non-Interest Income,non_interest_income,Tk mn,2005,447.17,447.17,,,native_numeric,0,Dying_Cyrus_-_SOCB_V7__furnished_.xlsx,12,S
basic_bank_plc,1,INCOME STATEMENT,Non-Interest Income,non_interest_income,Tk mn,2006,591.77,591.77,,,native_numeric,0,Dying_Cyrus_-_SOCB_V7__furnished_.xlsx,12,T
basic_bank_plc,1,INCOME STATEMENT,Non-Interest Income,non_interest_income,Tk mn,2007,682.95,682.95,,,native_numeric,0,Dying_Cyrus_-_SOCB_V7__furnished_.xlsx,12,U
basic_bank_plc,1,INCOME STATEMENT,Non-Interest Income,non_interest_income,Tk mn,2008,1230.877,1230.877,,,native_numeric,0,Dying_Cyrus_-_SOCB_V7__furnished_.xlsx,12,V
basic_bank_plc,1,INCOME STATEMENT,Non-Interest Income,non_interest_income,Tk mn,2009,1285.131,1285.131,,,native_numeric,0,Dying_Cyrus_-_SOCB_V7__furnished_.xlsx,12,W
basic_bank_plc,1,INCOME STATEMENT,Non-Interest Income,non_interest_income,Tk mn,2010,1783.5,1783.5,,,native_numeric,0,Dying_Cyrus_-_SOCB_V7__furnished_.xlsx,12,X
basic_bank_plc,1,INCOME STATEMENT,Non-Interest Income,non_interest_income,Tk mn,2011,1726.213,1726.213,,,native_numeric,0,Dying_Cyrus_-_SOCB_V7__furnished_.xlsx,12,Y
basic_bank_plc,1,INCOME STATEMENT,Non-Interest Income,non_interest_income,Tk mn,2012,2381.397,2381.397,,,native_numeric,0,Dying_Cyrus_-_SOCB_V7__furnished_.xlsx,12,Z
basic_bank_plc,1,INCOME STATEMENT,Non-Interest Income,non_interest_income,Tk mn,2013,2529.79,2529.79,,,native_numeric,0,Dying_Cyrus_-_SOCB_V7__furnished_.xlsx,12,AA
basic_bank_plc,1,INCOME STATEMENT,Non-Interest Income,non_interest_income,Tk mn,2014,3043.24,3043.24,,,native_numeric,0,Dying_Cyrus_-_SOCB_V7__furnished_.xlsx,12,AB
basic_bank_plc,1,INCOME STATEMENT,Non-Interest Income,non_interest_income,Tk mn,2015,,,,,missing,0,Dying_Cyrus_-_SOCB_V7__furnished_.xlsx,12,AC
basic_bank_plc,1,INCOME STATEMENT,Non-Interest Income,non_interest_income,Tk mn,2016,3833.88,3833.88,,,native_numeric,0,Dying_Cyrus_-_SOCB_V7__furnished_.xlsx,12,AD
basic_bank_plc,1,INCOME STATEMENT,Non-Interest Income,non_interest_income,Tk mn,2017,3426.18,3426.18,,,native_numeric,0,Dying_Cyrus_-_SOCB_V7__furnished_.xlsx,12,AE
basic_bank_plc,1,INCOME STATEMENT,Non-Interest Income,non_interest_income,Tk mn,2018,3124.51,3124.51,,,native_numeric,0,Dying_Cyrus_-_SOCB_V7__furnished_.xlsx,12,AF
basic_bank_plc,1,INCOME STATEMENT,Non-Interest Income,non_interest_income,Tk mn,2019,2401.34,2401.34,,,native_numeric,0,Dying_Cyrus_-_SOCB_V7__furnished_.xlsx,12,AG
basic_bank_plc,1,INCOME STATEMENT,Non-Interest Income,non_interest_income,Tk mn,2020,3207.79,3207.79,,,native_numeric,0,Dying_Cyrus_-_SOCB_V7__furnished_.xlsx,12,AH
basic_bank_plc,1,INCOME STATEMENT,Non-Interest Income,non_interest_income,Tk mn,2021,3105.75,3105.75,,,native_numeric,0,Dying_Cyrus_-_SOCB_V7__furnished_.xlsx,12,AI
basic_bank_plc,1,INCOME STATEMENT,Non-Interest Income,non_interest_income,Tk mn,2022,3780.03,3780.03,,,native_numeric,0,Dying_Cyrus_-_SOCB_V7__furnished_.xlsx,12,AJ
basic_bank_plc,1,INCOME STATEMENT,Non-Interest Income,non_interest_income,Tk mn,2023,3308.99,3308.99,,,native_numeric,0,Dying_Cyrus_-_SOCB_V7__furnished_.xlsx,12,AK
basic_bank_plc,1,INCOME STATEMENT,Non-Interest Income,non_interest_income,Tk mn,2024,,,,,missing,0,Dying_Cyrus_-_SOCB_V7__furnished_.xlsx,12,AL
basic_bank_plc,1,INCOME STATEMENT,Non-Interest Income,non_interest_income,Tk mn,2025,,,,,missing,0,Dying_Cyrus_-_SOCB_V7__furnished_.xlsx,12,AM
basic_bank_plc,1,INCOME STATEMENT,Non-Interest Income,non_interest_income,Tk mn,2026,,,,,missing,0,Dying_Cyrus_-_SOCB_V7__furnished_.xlsx,12,AN
basic_bank_plc,1,INCOME STATEMENT,Net Profit After Tax,net_profit_after_tax,Tk mn,1989,1.09,1.09,,,native_numeric,0,Dying_Cyrus_-_SOCB_V7__furnished_.xlsx,13,C
basic_bank_plc,1,INCOME STATEMENT,Net Profit After Tax,net_profit_after_tax,Tk mn,1990,3.27,3.27,,,native_numeric,0,Dying_Cyrus_-_SOCB_V7__furnished_.xlsx,13,D
basic_bank_plc,1,INCOME STATEMENT,Net Profit After Tax,net_profit_after_tax,Tk mn,1991,2.87,2.87,,,native_numeric,0,Dying_Cyrus_-_SOCB_V7__furnished_.xlsx,13,E
basic_bank_plc,1,INCOME STATEMENT,Net Profit After Tax,net_profit_after_tax,Tk mn,1992,4.13,4.13,,,native_numeric,0,Dying_Cyrus_-_SOCB_V7__furnished_.xlsx,13,F
basic_bank_plc,1,INCOME STATEMENT,Net Profit After Tax,net_profit_after_tax,Tk mn,1993,17.33,17.33,,,native_numeric,0,Dying_Cyrus_-_SOCB_V7__furnished_.xlsx,13,G
basic_bank_plc,1,INCOME STATEMENT,Net Profit After Tax,net_profit_after_tax,Tk mn,1994,25.68,25.68,,,native_numeric,0,Dying_Cyrus_-_SOCB_V7__furnished_.xlsx,13,H
basic_bank_plc,1,INCOME STATEMENT,Net Profit After Tax,net_profit_after_tax,Tk mn,1995,52.48,52.48,,,native_numeric,0,Dying_Cyrus_-_SOCB_V7__furnished_.xlsx,13,I
basic_bank_plc,1,INCOME STATEMENT,Net Profit After Tax,net_profit_after_tax,Tk mn,1996,57.77,57.77,,,native_numeric,0,Dying_Cyrus_-_SOCB_V7__furnished_.xlsx,13,J
basic_bank_plc,1,INCOME STATEMENT,Net Profit After Tax,net_profit_after_tax,Tk mn,1997,94.61,94.61,,,native_numeric,0,Dying_Cyrus_-_SOCB_V7__furnished_.xlsx,13,K
basic_bank_plc,1,INCOME STATEMENT,Net Profit After Tax,net_profit_after_tax,Tk mn,1998,136.15,136.15,,,native_numeric,0,Dying_Cyrus_-_SOCB_V7__furnished_.xlsx,13,L
basic_bank_plc,1,INCOME STATEMENT,Net Profit After Tax,net_profit_after_tax,Tk mn,1999,159.95,159.95,,,native_numeric,0,Dying_Cyrus_-_SOCB_V7__furnished_.xlsx,13,M
basic_bank_plc,1,INCOME STATEMENT,Net Profit After Tax,net_profit_after_tax,Tk mn,2000,173.34,173.34,,,native_numeric,0,Dying_Cyrus_-_SOCB_V7__furnished_.xlsx,13,N
basic_bank_plc,1,INCOME STATEMENT,Net Profit After Tax,net_profit_after_tax,Tk mn,2001,213.67,213.67,,,native_numeric,0,Dying_Cyrus_-_SOCB_V7__furnished_.xlsx,13,O
basic_bank_plc,1,INCOME STATEMENT,Net Profit After Tax,net_profit_after_tax,Tk mn,2002,251.55,251.55,,,native_numeric,0,Dying_Cyrus_-_SOCB_V7__furnished_.xlsx,13,P
basic_bank_plc,1,INCOME STATEMENT,Net Profit After Tax,net_profit_after_tax,Tk mn,2003,236.39,236.39,,,native_numeric,0,Dying_Cyrus_-_SOCB_V7__furnished_.xlsx,13,Q
basic_bank_plc,1,INCOME STATEMENT,Net Profit After Tax,net_profit_after_tax,Tk mn,2004,291.48,291.48,,,native_numeric,0,Dying_Cyrus_-_SOCB_V7__furnished_.xlsx,13,R
basic_bank_plc,1,INCOME STATEMENT,Net Profit After Tax,net_profit_after_tax,Tk mn,2005,285.49,285.49,,,native_numeric,0,Dying_Cyrus_-_SOCB_V7__furnished_.xlsx,13,S
basic_bank_plc,1,INCOME STATEMENT,Net Profit After Tax,net_profit_after_tax,Tk mn,2006,554.14,554.14,,,native_numeric,0,Dying_Cyrus_-_SOCB_V7__furnished_.xlsx,13,T
basic_bank_plc,1,INCOME STATEMENT,Net Profit After Tax,net_profit_after_tax,Tk mn,2007,282.96,282.96,,,native_numeric,0,Dying_Cyrus_-_SOCB_V7__furnished_.xlsx,13,U
basic_bank_plc,1,INCOME STATEMENT,Net Profit After Tax,net_profit_after_tax,Tk mn,2008,549.86,549.86,,,native_numeric,0,Dying_Cyrus_-_SOCB_V7__furnished_.xlsx,13,V
basic_bank_plc,1,INCOME STATEMENT,Net Profit After Tax,net_profit_after_tax,Tk mn,2009,648.85,648.85,,,native_numeric,0,Dying_Cyrus_-_SOCB_V7__furnished_.xlsx,13,W
basic_bank_plc,1,INCOME STATEMENT,Net Profit After Tax,net_profit_after_tax,Tk mn,2010,660.93,660.93,,,native_numeric,0,Dying_Cyrus_-_SOCB_V7__furnished_.xlsx,13,X
basic_bank_plc,1,INCOME STATEMENT,Net Profit After Tax,net_profit_after_tax,Tk mn,2011,976.11,976.11,,,native_numeric,0,Dying_Cyrus_-_SOCB_V7__furnished_.xlsx,13,Y
basic_bank_plc,1,INCOME STATEMENT,Net Profit After Tax,net_profit_after_tax,Tk mn,2012,27.89,27.89,,,native_numeric,0,Dying_Cyrus_-_SOCB_V7__furnished_.xlsx,13,Z
basic_bank_plc,1,INCOME STATEMENT,Net Profit After Tax,net_profit_after_tax,Tk mn,2013,-531.53,-531.53,,,native_numeric,0,Dying_Cyrus_-_SOCB_V7__furnished_.xlsx,13,AA
basic_bank_plc,1,INCOME STATEMENT,Net Profit After Tax,net_profit_after_tax,Tk mn,2014,-1100.16,-1100.16,,,native_numeric,0,Dying_Cyrus_-_SOCB_V7__furnished_.xlsx,13,AB
basic_bank_plc,1,INCOME STATEMENT,Net Profit After Tax,net_profit_after_tax,Tk mn,2015,-3140.36,-3140.36,,,native_numeric,0,Dying_Cyrus_-_SOCB_V7__furnished_.xlsx,13,AC
basic_bank_plc,1,INCOME STATEMENT,Net Profit After Tax,net_profit_after_tax,Tk mn,2016,-14930.4,-14930.4,,,native_numeric,0,Dying_Cyrus_-_SOCB_V7__furnished_.xlsx,13,AD
basic_bank_plc,1,INCOME STATEMENT,Net Profit After Tax,net_profit_after_tax,Tk mn,2017,-6843.69,-6843.69,,,native_numeric,0,Dying_Cyrus_-_SOCB_V7__furnished_.xlsx,13,AE
basic_bank_plc,1,INCOME STATEMENT,Net Profit After Tax,net_profit_after_tax,Tk mn,2018,-3538.95,-3538.95,,,native_numeric,0,Dying_Cyrus_-_SOCB_V7__furnished_.xlsx,13,AF
basic_bank_plc,1,INCOME STATEMENT,Net Profit After Tax,net_profit_after_tax,Tk mn,2019,-3269.03,-3269.03,,,native_numeric,0,Dying_Cyrus_-_SOCB_V7__furnished_.xlsx,13,AG
basic_bank_plc,1,INCOME STATEMENT,Net Profit After Tax,net_profit_after_tax,Tk mn,2020,-3718.18,-3718.18,,,native_numeric,0,Dying_Cyrus_-_SOCB_V7__furnished_.xlsx,13,AH
basic_bank_plc,1,INCOME STATEMENT,Net Profit After Tax,net_profit_after_tax,Tk mn,2021,-3969.79,-3969.79,,,native_numeric,0,Dying_Cyrus_-_SOCB_V7__furnished_.xlsx,13,AI
basic_bank_plc,1,INCOME STATEMENT,Net Profit After Tax,net_profit_after_tax,Tk mn,2022,-1301.65,-1301.65,,,native_numeric,0,Dying_Cyrus_-_SOCB_V7__furnished_.xlsx,13,AJ
basic_bank_plc,1,INCOME STATEMENT,Net Profit After Tax,net_profit_after_tax,Tk mn,2023,-4162.95,-4162.95,,,native_numeric,0,Dying_Cyrus_-_SOCB_V7__furnished_.xlsx,13,AK
basic_bank_plc,1,INCOME STATEMENT,Net Profit After Tax,net_profit_after_tax,Tk mn,2024,,,,,missing,0,Dying_Cyrus_-_SOCB_V7__furnished_.xlsx,13,AL
basic_bank_plc,1,INCOME STATEMENT,Net Profit After Tax,net_profit_after_tax,Tk mn,2025,,,,,missing,0,Dying_Cyrus_-_SOCB_V7__furnished_.xlsx,13,AM
basic_bank_plc,1,INCOME STATEMENT,Net Profit After Tax,net_profit_after_tax,Tk mn,2026,,,,,missing,0,Dying_Cyrus_-_SOCB_V7__furnished_.xlsx,13,AN
basic_bank_plc,1,PER-SHARE & PROFITABILITY,EPS,eps,BDT,1989,,,,,missing,0,Dying_Cyrus_-_SOCB_V7__furnished_.xlsx,15,C
basic_bank_plc,1,PER-SHARE & PROFITABILITY,EPS,eps,BDT,1990,,,,,missing,0,Dying_Cyrus_-_SOCB_V7__furnished_.xlsx,15,D
basic_bank_plc,1,PER-SHARE & PROFITABILITY,EPS,eps,BDT,1991,,,,,missing,0,Dying_Cyrus_-_SOCB_V7__furnished_.xlsx,15,E
basic_bank_plc,1,PER-SHARE & PROFITABILITY,EPS,eps,BDT,1992,,,,,missing,0,Dying_Cyrus_-_SOCB_V7__furnished_.xlsx,15,F
basic_bank_plc,1,PER-SHARE & PROFITABILITY,EPS,eps,BDT,1993,,,,,missing,0,Dying_Cyrus_-_SOCB_V7__furnished_.xlsx,15,G
basic_bank_plc,1,PER-SHARE & PROFITABILITY,EPS,eps,BDT,1994,,,,,missing,0,Dying_Cyrus_-_SOCB_V7__furnished_.xlsx,15,H
basic_bank_plc,1,PER-SHARE & PROFITABILITY,EPS,eps,BDT,1995,,,,,missing,0,Dying_Cyrus_-_SOCB_V7__furnished_.xlsx,15,I
basic_bank_plc,1,PER-SHARE & PROFITABILITY,EPS,eps,BDT,1996,,,,,missing,0,Dying_Cyrus_-_SOCB_V7__furnished_.xlsx,15,J
basic_bank_plc,1,PER-SHARE & PROFITABILITY,EPS,eps,BDT,1997,,,,,missing,0,Dying_Cyrus_-_SOCB_V7__furnished_.xlsx,15,K
basic_bank_plc,1,PER-SHARE & PROFITABILITY,EPS,eps,BDT,1998,,,,,missing,0,Dying_Cyrus_-_SOCB_V7__furnished_.xlsx,15,L
basic_bank_plc,1,PER-SHARE & PROFITABILITY,EPS,eps,BDT,1999,,,,,missing,0,Dying_Cyrus_-_SOCB_V7__furnished_.xlsx,15,M
basic_bank_plc,1,PER-SHARE & PROFITABILITY,EPS,eps,BDT,2000,,,,,missing,0,Dying_Cyrus_-_SOCB_V7__furnished_.xlsx,15,N
basic_bank_plc,1,PER-SHARE & PROFITABILITY,EPS,eps,BDT,2001,,,,,missing,0,Dying_Cyrus_-_SOCB_V7__furnished_.xlsx,15,O
basic_bank_plc,1,PER-SHARE & PROFITABILITY,EPS,eps,BDT,2002,,,,,missing,0,Dying_Cyrus_-_SOCB_V7__furnished_.xlsx,15,P
basic_bank_plc,1,PER-SHARE & PROFITABILITY,EPS,eps,BDT,2003,,,,,missing,0,Dying_Cyrus_-_SOCB_V7__furnished_.xlsx,15,Q
basic_bank_plc,1,PER-SHARE & PROFITABILITY,EPS,eps,BDT,2004,35.99,35.99,,,native_numeric,0,Dying_Cyrus_-_SOCB_V7__furnished_.xlsx,15,R
basic_bank_plc,1,PER-SHARE & PROFITABILITY,EPS,eps,BDT,2005,35.21,35.21,,,native_numeric,0,Dying_Cyrus_-_SOCB_V7__furnished_.xlsx,15,S
basic_bank_plc,1,PER-SHARE & PROFITABILITY,EPS,eps,BDT,2006,58.64,58.64,,,native_numeric,0,Dying_Cyrus_-_SOCB_V7__furnished_.xlsx,15,T
basic_bank_plc,1,PER-SHARE & PROFITABILITY,EPS,eps,BDT,2007,21.6,21.6,,,native_numeric,0,Dying_Cyrus_-_SOCB_V7__furnished_.xlsx,15,U
basic_bank_plc,1,PER-SHARE & PROFITABILITY,EPS,eps,BDT,2008,41.99,41.99,,,native_numeric,0,Dying_Cyrus_-_SOCB_V7__furnished_.xlsx,15,V
basic_bank_plc,1,PER-SHARE & PROFITABILITY,EPS,eps,BDT,2009,44.59,44.59,,,native_numeric,0,Dying_Cyrus_-_SOCB_V7__furnished_.xlsx,15,W
basic_bank_plc,1,PER-SHARE & PROFITABILITY,EPS,eps,BDT,2010,33.64,33.64,,,native_numeric,0,Dying_Cyrus_-_SOCB_V7__furnished_.xlsx,15,X
basic_bank_plc,1,PER-SHARE & PROFITABILITY,EPS,eps,BDT,2011,33.12,33.12,,,native_numeric,0,Dying_Cyrus_-_SOCB_V7__furnished_.xlsx,15,Y
basic_bank_plc,1,PER-SHARE & PROFITABILITY,EPS,eps,BDT,2012,0.95,0.95,,,native_numeric,0,Dying_Cyrus_-_SOCB_V7__furnished_.xlsx,15,Z
basic_bank_plc,1,PER-SHARE & PROFITABILITY,EPS,eps,BDT,2013,-18.04,-18.04,,,native_numeric,0,Dying_Cyrus_-_SOCB_V7__furnished_.xlsx,15,AA
basic_bank_plc,1,PER-SHARE & PROFITABILITY,EPS,eps,BDT,2014,-37.33,-37.33,,,native_numeric,0,Dying_Cyrus_-_SOCB_V7__furnished_.xlsx,15,AB
basic_bank_plc,1,PER-SHARE & PROFITABILITY,EPS,eps,BDT,2015,,,,,missing,0,Dying_Cyrus_-_SOCB_V7__furnished_.xlsx,15,AC
basic_bank_plc,1,PER-SHARE & PROFITABILITY,EPS,eps,BDT,2016,-13.76,-13.76,,,native_numeric,0,Dying_Cyrus_-_SOCB_V7__furnished_.xlsx,15,AD
basic_bank_plc,1,PER-SHARE & PROFITABILITY,EPS,eps,BDT,2017,-6.31,-6.31,,,native_numeric,0,Dying_Cyrus_-_SOCB_V7__furnished_.xlsx,15,AE
basic_bank_plc,1,PER-SHARE & PROFITABILITY,EPS,eps,BDT,2018,-3.26,-3.26,,,native_numeric,0,Dying_Cyrus_-_SOCB_V7__furnished_.xlsx,15,AF
basic_bank_plc,1,PER-SHARE & PROFITABILITY,EPS,eps,BDT,2019,-3.01,-3.01,,,native_numeric,0,Dying_Cyrus_-_SOCB_V7__furnished_.xlsx,15,AG
basic_bank_plc,1,PER-SHARE & PROFITABILITY,EPS,eps,BDT,2020,-3.43,-3.43,,,native_numeric,0,Dying_Cyrus_-_SOCB_V7__furnished_.xlsx,15,AH
basic_bank_plc,1,PER-SHARE & PROFITABILITY,EPS,eps,BDT,2021,-3.66,-3.66,,,native_numeric,0,Dying_Cyrus_-_SOCB_V7__furnished_.xlsx,15,AI
basic_bank_plc,1,PER-SHARE & PROFITABILITY,EPS,eps,BDT,2022,-1.2,-1.2,,,native_numeric,0,Dying_Cyrus_-_SOCB_V7__furnished_.xlsx,15,AJ
basic_bank_plc,1,PER-SHARE & PROFITABILITY,EPS,eps,BDT,2023,-3.84,-3.84,,,native_numeric,0,Dying_Cyrus_-_SOCB_V7__furnished_.xlsx,15,AK
basic_bank_plc,1,PER-SHARE & PROFITABILITY,EPS,eps,BDT,2024,,,,,missing,0,Dying_Cyrus_-_SOCB_V7__furnished_.xlsx,15,AL
basic_bank_plc,1,PER-SHARE & PROFITABILITY,EPS,eps,BDT,2025,,,,,missing,0,Dying_Cyrus_-_SOCB_V7__furnished_.xlsx,15,AM
basic_bank_plc,1,PER-SHARE & PROFITABILITY,EPS,eps,BDT,2026,,,,,missing,0,Dying_Cyrus_-_SOCB_V7__furnished_.xlsx,15,AN
basic_bank_plc,1,PER-SHARE & PROFITABILITY,ROA %,roa_pct,%,1989,0.002679910506,0.002679910506,0.2679910506,fraction,native_numeric,0,Dying_Cyrus_-_SOCB_V7__furnished_.xlsx,16,C
basic_bank_plc,1,PER-SHARE & PROFITABILITY,ROA %,roa_pct,%,1990,0.004940248674,0.004940248674,0.4940248674,fraction,native_numeric,0,Dying_Cyrus_-_SOCB_V7__furnished_.xlsx,16,D
basic_bank_plc,1,PER-SHARE & PROFITABILITY,ROA %,roa_pct,%,1991,0.002894983709,0.002894983709,0.2894983709,fraction,native_numeric,0,Dying_Cyrus_-_SOCB_V7__furnished_.xlsx,16,E
basic_bank_plc,1,PER-SHARE & PROFITABILITY,ROA %,roa_pct,%,1992,0.002507665685,0.002507665685,0.2507665685,fraction,native_numeric,0,Dying_Cyrus_-_SOCB_V7__furnished_.xlsx,16,F
basic_bank_plc,1,PER-SHARE & PROFITABILITY,ROA %,roa_pct,%,1993,0.007466191036,0.007466191036,0.7466191036000001,fraction,native_numeric,0,Dying_Cyrus_-_SOCB_V7__furnished_.xlsx,16,G
basic_bank_plc,1,PER-SHARE & PROFITABILITY,ROA %,roa_pct,%,1994,0.009839645957,0.009839645957,0.9839645956999999,fraction,native_numeric,0,Dying_Cyrus_-_SOCB_V7__furnished_.xlsx,16,H
basic_bank_plc,1,PER-SHARE & PROFITABILITY,ROA %,roa_pct,%,1995,0.01599921955,0.01599921955,1.599921955,fraction,native_numeric,0,Dying_Cyrus_-_SOCB_V7__furnished_.xlsx,16,I
basic_bank_plc,1,PER-SHARE & PROFITABILITY,ROA %,roa_pct,%,1996,0.01457899585,0.01457899585,1.457899585,fraction,native_numeric,0,Dying_Cyrus_-_SOCB_V7__furnished_.xlsx,16,J
basic_bank_plc,1,PER-SHARE & PROFITABILITY,ROA %,roa_pct,%,1997,0.02174872533,0.02174872533,2.174872533,fraction,native_numeric,0,Dying_Cyrus_-_SOCB_V7__furnished_.xlsx,16,K
basic_bank_plc,1,PER-SHARE & PROFITABILITY,ROA %,roa_pct,%,1998,0.02422352181,0.02422352181,2.422352181,fraction,native_numeric,0,Dying_Cyrus_-_SOCB_V7__furnished_.xlsx,16,L
basic_bank_plc,1,PER-SHARE & PROFITABILITY,ROA %,roa_pct,%,1999,0.02229837018,0.02229837018,2.229837018,fraction,native_numeric,0,Dying_Cyrus_-_SOCB_V7__furnished_.xlsx,16,M
basic_bank_plc,1,PER-SHARE & PROFITABILITY,ROA %,roa_pct,%,2000,0.02242237736,0.02242237736,2.242237736,fraction,native_numeric,0,Dying_Cyrus_-_SOCB_V7__furnished_.xlsx,16,N
basic_bank_plc,1,PER-SHARE & PROFITABILITY,ROA %,roa_pct,%,2001,0.02197814631,0.02197814631,2.197814631,fraction,native_numeric,0,Dying_Cyrus_-_SOCB_V7__furnished_.xlsx,16,O
basic_bank_plc,1,PER-SHARE & PROFITABILITY,ROA %,roa_pct,%,2002,0.01932113719,0.01932113719,1.932113719,fraction,native_numeric,0,Dying_Cyrus_-_SOCB_V7__furnished_.xlsx,16,P
basic_bank_plc,1,PER-SHARE & PROFITABILITY,ROA %,roa_pct,%,2003,0.01600872797,0.01600872797,1.600872797,fraction,native_numeric,0,Dying_Cyrus_-_SOCB_V7__furnished_.xlsx,16,Q
basic_bank_plc,1,PER-SHARE & PROFITABILITY,ROA %,roa_pct,%,2004,0.01499647314,0.01499647314,1.499647314,fraction,native_numeric,0,Dying_Cyrus_-_SOCB_V7__furnished_.xlsx,16,R
basic_bank_plc,1,PER-SHARE & PROFITABILITY,ROA %,roa_pct,%,2005,0.01052056705,0.01052056705,1.052056705,fraction,native_numeric,0,Dying_Cyrus_-_SOCB_V7__furnished_.xlsx,16,S
basic_bank_plc,1,PER-SHARE & PROFITABILITY,ROA %,roa_pct,%,2006,0.01883734931,0.01883734931,1.8837349310000002,fraction,native_numeric,0,Dying_Cyrus_-_SOCB_V7__furnished_.xlsx,16,T
basic_bank_plc,1,PER-SHARE & PROFITABILITY,ROA %,roa_pct,%,2007,0.007297690638,0.007297690638,0.7297690638,fraction,native_numeric,0,Dying_Cyrus_-_SOCB_V7__furnished_.xlsx,16,U
basic_bank_plc,1,PER-SHARE & PROFITABILITY,ROA %,roa_pct,%,2008,0.01178439019,0.01178439019,1.178439019,fraction,native_numeric,0,Dying_Cyrus_-_SOCB_V7__furnished_.xlsx,16,V
basic_bank_plc,1,PER-SHARE & PROFITABILITY,ROA %,roa_pct,%,2009,0.0143207725,0.0143207725,1.43207725,fraction,native_numeric,0,Dying_Cyrus_-_SOCB_V7__furnished_.xlsx,16,W
basic_bank_plc,1,PER-SHARE & PROFITABILITY,ROA %,roa_pct,%,2010,0.01073471911,0.01073471911,1.0734719110000002,fraction,native_numeric,0,Dying_Cyrus_-_SOCB_V7__furnished_.xlsx,16,X
basic_bank_plc,1,PER-SHARE & PROFITABILITY,ROA %,roa_pct,%,2011,0.01250914211,0.01250914211,1.250914211,fraction,native_numeric,0,Dying_Cyrus_-_SOCB_V7__furnished_.xlsx,16,Y
basic_bank_plc,1,PER-SHARE & PROFITABILITY,ROA %,roa_pct,%,2012,0.0002542804174,0.0002542804174,0.02542804174,fraction,native_numeric,0,Dying_Cyrus_-_SOCB_V7__furnished_.xlsx,16,Z
basic_bank_plc,1,PER-SHARE & PROFITABILITY,ROA %,roa_pct,%,2013,-0.003383985415,-0.003383985415,-0.3383985415,fraction,native_numeric,0,Dying_Cyrus_-_SOCB_V7__furnished_.xlsx,16,AA
basic_bank_plc,1,PER-SHARE & PROFITABILITY,ROA %,roa_pct,%,2014,-0.006429227741,-0.006429227741,-0.6429227741,fraction,native_numeric,0,Dying_Cyrus_-_SOCB_V7__furnished_.xlsx,16,AB
basic_bank_plc,1,PER-SHARE & PROFITABILITY,ROA %,roa_pct,%,2015,-0.01617297038,-0.01617297038,-1.6172970379999998,fraction,native_numeric,0,Dying_Cyrus_-_SOCB_V7__furnished_.xlsx,16,AC
basic_bank_plc,1,PER-SHARE & PROFITABILITY,ROA %,roa_pct,%,2016,-0.0729238399,-0.0729238399,-7.292383989999999,fraction,native_numeric,0,Dying_Cyrus_-_SOCB_V7__furnished_.xlsx,16,AD
basic_bank_plc,1,PER-SHARE & PROFITABILITY,ROA %,roa_pct,%,2017,-0.0344221136,-0.0344221136,-3.44221136,fraction,native_numeric,0,Dying_Cyrus_-_SOCB_V7__furnished_.xlsx,16,AE
basic_bank_plc,1,PER-SHARE & PROFITABILITY,ROA %,roa_pct,%,2018,-0.0184743288,-0.0184743288,-1.84743288,fraction,native_numeric,0,Dying_Cyrus_-_SOCB_V7__furnished_.xlsx,16,AF
basic_bank_plc,1,PER-SHARE & PROFITABILITY,ROA %,roa_pct,%,2019,-0.01677148363,-0.01677148363,-1.6771483630000001,fraction,native_numeric,0,Dying_Cyrus_-_SOCB_V7__furnished_.xlsx,16,AG
basic_bank_plc,1,PER-SHARE & PROFITABILITY,ROA %,roa_pct,%,2020,-0.01890489326,-0.01890489326,-1.890489326,fraction,native_numeric,0,Dying_Cyrus_-_SOCB_V7__furnished_.xlsx,16,AH
basic_bank_plc,1,PER-SHARE & PROFITABILITY,ROA %,roa_pct,%,2021,-0.02029946101,-0.02029946101,-2.0299461009999997,fraction,native_numeric,0,Dying_Cyrus_-_SOCB_V7__furnished_.xlsx,16,AI
basic_bank_plc,1,PER-SHARE & PROFITABILITY,ROA %,roa_pct,%,2022,-0.007208324254,-0.007208324254,-0.7208324254,fraction,native_numeric,0,Dying_Cyrus_-_SOCB_V7__furnished_.xlsx,16,AJ
basic_bank_plc,1,PER-SHARE & PROFITABILITY,ROA %,roa_pct,%,2023,-0.02475273134,-0.02475273134,-2.475273134,fraction,native_numeric,0,Dying_Cyrus_-_SOCB_V7__furnished_.xlsx,16,AK
basic_bank_plc,1,PER-SHARE & PROFITABILITY,ROA %,roa_pct,%,2024,,,,fraction,missing,0,Dying_Cyrus_-_SOCB_V7__furnished_.xlsx,16,AL
basic_bank_plc,1,PER-SHARE & PROFITABILITY,ROA %,roa_pct,%,2025,,,,fraction,missing,0,Dying_Cyrus_-_SOCB_V7__furnished_.xlsx,16,AM
basic_bank_plc,1,PER-SHARE & PROFITABILITY,ROA %,roa_pct,%,2026,,,,fraction,missing,0,Dying_Cyrus_-_SOCB_V7__furnished_.xlsx,16,AN
basic_bank_plc,1,PER-SHARE & PROFITABILITY,ROE %,roe_pct,%,1989,0.01344185473,0.01344185473,1.344185473,fraction,native_numeric,0,Dying_Cyrus_-_SOCB_V7__furnished_.xlsx,17,C
basic_bank_plc,1,PER-SHARE & PROFITABILITY,ROE %,roe_pct,%,1990,0.03876244666,0.03876244666,3.876244666,fraction,native_numeric,0,Dying_Cyrus_-_SOCB_V7__furnished_.xlsx,17,D
basic_bank_plc,1,PER-SHARE & PROFITABILITY,ROE %,roe_pct,%,1991,0.03383237062,0.03383237062,3.3832370620000005,fraction,native_numeric,0,Dying_Cyrus_-_SOCB_V7__furnished_.xlsx,17,E
basic_bank_plc,1,PER-SHARE & PROFITABILITY,ROE %,roe_pct,%,1992,0.04564544651,0.04564544651,4.564544651,fraction,native_numeric,0,Dying_Cyrus_-_SOCB_V7__furnished_.xlsx,17,F
basic_bank_plc,1,PER-SHARE & PROFITABILITY,ROE %,roe_pct,%,1993,0.1607457564,0.1607457564,16.07457564,fraction,native_numeric,0,Dying_Cyrus_-_SOCB_V7__furnished_.xlsx,17,G
basic_bank_plc,1,PER-SHARE & PROFITABILITY,ROE %,roe_pct,%,1994,0.1923739606,0.1923739606,19.237396060000002,fraction,native_numeric,0,Dying_Cyrus_-_SOCB_V7__furnished_.xlsx,17,H
basic_bank_plc,1,PER-SHARE & PROFITABILITY,ROE %,roe_pct,%,1995,0.2822112282,0.2822112282,28.221122819999998,fraction,native_numeric,0,Dying_Cyrus_-_SOCB_V7__furnished_.xlsx,17,I
basic_bank_plc,1,PER-SHARE & PROFITABILITY,ROE %,roe_pct,%,1996,0.2370245764,0.2370245764,23.70245764,fraction,native_numeric,0,Dying_Cyrus_-_SOCB_V7__furnished_.xlsx,17,J
basic_bank_plc,1,PER-SHARE & PROFITABILITY,ROE %,roe_pct,%,1997,0.279629958,0.279629958,27.9629958,fraction,native_numeric,0,Dying_Cyrus_-_SOCB_V7__furnished_.xlsx,17,K
basic_bank_plc,1,PER-SHARE & PROFITABILITY,ROE %,roe_pct,%,1998,0.286945709,0.286945709,28.6945709,fraction,native_numeric,0,Dying_Cyrus_-_SOCB_V7__furnished_.xlsx,17,L
basic_bank_plc,1,PER-SHARE & PROFITABILITY,ROE %,roe_pct,%,1999,0.2736854713,0.2736854713,27.36854713,fraction,native_numeric,0,Dying_Cyrus_-_SOCB_V7__furnished_.xlsx,17,M
basic_bank_plc,1,PER-SHARE & PROFITABILITY,ROE %,roe_pct,%,2000,0.2484199665,0.2484199665,24.841996650000002,fraction,native_numeric,0,Dying_Cyrus_-_SOCB_V7__furnished_.xlsx,17,N
basic_bank_plc,1,PER-SHARE & PROFITABILITY,ROE %,roe_pct,%,2001,0.2806462205,0.2806462205,28.064622049999997,fraction,native_numeric,0,Dying_Cyrus_-_SOCB_V7__furnished_.xlsx,17,O
basic_bank_plc,1,PER-SHARE & PROFITABILITY,ROE %,roe_pct,%,2002,0.2483463323,0.2483463323,24.83463323,fraction,native_numeric,0,Dying_Cyrus_-_SOCB_V7__furnished_.xlsx,17,P
basic_bank_plc,1,PER-SHARE & PROFITABILITY,ROE %,roe_pct,%,2003,0.1892194767,0.1892194767,18.92194767,fraction,native_numeric,0,Dying_Cyrus_-_SOCB_V7__furnished_.xlsx,17,Q
basic_bank_plc,1,PER-SHARE & PROFITABILITY,ROE %,roe_pct,%,2004,0.1954628059,0.1954628059,19.546280590000002,fraction,native_numeric,0,Dying_Cyrus_-_SOCB_V7__furnished_.xlsx,17,R
basic_bank_plc,1,PER-SHARE & PROFITABILITY,ROE %,roe_pct,%,2005,0.1653921466,0.1653921466,16.539214660000003,fraction,native_numeric,0,Dying_Cyrus_-_SOCB_V7__furnished_.xlsx,17,S
basic_bank_plc,1,PER-SHARE & PROFITABILITY,ROE %,roe_pct,%,2006,0.2474944172,0.2474944172,24.74944172,fraction,native_numeric,0,Dying_Cyrus_-_SOCB_V7__furnished_.xlsx,17,T
basic_bank_plc,1,PER-SHARE & PROFITABILITY,ROE %,roe_pct,%,2007,0.1089741121,0.1089741121,10.897411210000001,fraction,native_numeric,0,Dying_Cyrus_-_SOCB_V7__furnished_.xlsx,17,U
basic_bank_plc,1,PER-SHARE & PROFITABILITY,ROE %,roe_pct,%,2008,0.1843565492,0.1843565492,18.43565492,fraction,native_numeric,0,Dying_Cyrus_-_SOCB_V7__furnished_.xlsx,17,V
basic_bank_plc,1,PER-SHARE & PROFITABILITY,ROE %,roe_pct,%,2009,0.1653563374,0.1653563374,16.53563374,fraction,native_numeric,0,Dying_Cyrus_-_SOCB_V7__furnished_.xlsx,17,W
basic_bank_plc,1,PER-SHARE & PROFITABILITY,ROE %,roe_pct,%,2010,0.1477126695,0.1477126695,14.771266950000001,fraction,native_numeric,0,Dying_Cyrus_-_SOCB_V7__furnished_.xlsx,17,X
basic_bank_plc,1,PER-SHARE & PROFITABILITY,ROE %,roe_pct,%,2011,0.178065074,0.178065074,17.806507399999997,fraction,native_numeric,0,Dying_Cyrus_-_SOCB_V7__furnished_.xlsx,17,Y
basic_bank_plc,1,PER-SHARE & PROFITABILITY,ROE %,roe_pct,%,2012,0.004330355341,0.004330355341,0.4330355341,fraction,native_numeric,0,Dying_Cyrus_-_SOCB_V7__furnished_.xlsx,17,Z
basic_bank_plc,1,PER-SHARE & PROFITABILITY,ROE %,roe_pct,%,2013,-0.0880136045,-0.0880136045,-8.801360449999999,fraction,native_numeric,0,Dying_Cyrus_-_SOCB_V7__furnished_.xlsx,17,AA
basic_bank_plc,1,PER-SHARE & PROFITABILITY,ROE %,roe_pct,%,2014,-0.0845371725,-0.0845371725,-8.453717249999999,fraction,native_numeric,0,Dying_Cyrus_-_SOCB_V7__furnished_.xlsx,17,AB
basic_bank_plc,1,PER-SHARE & PROFITABILITY,ROE %,roe_pct,%,2015,-0.1210294183,-0.1210294183,-12.102941829999999,fraction,native_numeric,0,Dying_Cyrus_-_SOCB_V7__furnished_.xlsx,17,AC
basic_bank_plc,1,PER-SHARE & PROFITABILITY,ROE %,roe_pct,%,2016,-1.38138027,-1.38138027,-138.138027,fraction,native_numeric,0,Dying_Cyrus_-_SOCB_V7__furnished_.xlsx,17,AD
basic_bank_plc,1,PER-SHARE & PROFITABILITY,ROE %,roe_pct,%,2017,-0.4921007918,-0.4921007918,-49.21007918,fraction,native_numeric,0,Dying_Cyrus_-_SOCB_V7__furnished_.xlsx,17,AE
basic_bank_plc,1,PER-SHARE & PROFITABILITY,ROE %,roe_pct,%,2018,-0.3408959554,-0.3408959554,-34.08959554,fraction,native_numeric,0,Dying_Cyrus_-_SOCB_V7__furnished_.xlsx,17,AF
basic_bank_plc,1,PER-SHARE & PROFITABILITY,ROE %,roe_pct,%,2019,-0.4665284267,-0.4665284267,-46.65284267,fraction,native_numeric,0,Dying_Cyrus_-_SOCB_V7__furnished_.xlsx,17,AG
basic_bank_plc,1,PER-SHARE & PROFITABILITY,ROE %,roe_pct,%,2020,-1.006782864,-1.006782864,-100.6782864,fraction,native_numeric,0,Dying_Cyrus_-_SOCB_V7__furnished_.xlsx,17,AH
basic_bank_plc,1,PER-SHARE & PROFITABILITY,ROE %,roe_pct,%,2021,6.905063401,6.905063401,690.5063401,fraction,native_numeric,0,Dying_Cyrus_-_SOCB_V7__furnished_.xlsx,17,AI
basic_bank_plc,1,PER-SHARE & PROFITABILITY,ROE %,roe_pct,%,2022,0.6176949323,0.6176949323,61.76949323000001,fraction,native_numeric,0,Dying_Cyrus_-_SOCB_V7__furnished_.xlsx,17,AJ
basic_bank_plc,1,PER-SHARE & PROFITABILITY,ROE %,roe_pct,%,2023,0.6777300411,0.6777300411,67.77300411,fraction,native_numeric,0,Dying_Cyrus_-_SOCB_V7__furnished_.xlsx,17,AK
basic_bank_plc,1,PER-SHARE & PROFITABILITY,ROE %,roe_pct,%,2024,,,,fraction,missing,0,Dying_Cyrus_-_SOCB_V7__furnished_.xlsx,17,AL
basic_bank_plc,1,PER-SHARE & PROFITABILITY,ROE %,roe_pct,%,2025,,,,fraction,missing,0,Dying_Cyrus_-_SOCB_V7__furnished_.xlsx,17,AM
basic_bank_plc,1,PER-SHARE & PROFITABILITY,ROE %,roe_pct,%,2026,,,,fraction,missing,0,Dying_Cyrus_-_SOCB_V7__furnished_.xlsx,17,AN
basic_bank_plc,1,ASSET QUALITY,NPL % (gross),npl_pct_gross,%,1989,,,,fraction,missing,0,Dying_Cyrus_-_SOCB_V7__furnished_.xlsx,19,C
basic_bank_plc,1,ASSET QUALITY,NPL % (gross),npl_pct_gross,%,1990,,,,fraction,missing,0,Dying_Cyrus_-_SOCB_V7__furnished_.xlsx,19,D
basic_bank_plc,1,ASSET QUALITY,NPL % (gross),npl_pct_gross,%,1991,,,,fraction,missing,0,Dying_Cyrus_-_SOCB_V7__furnished_.xlsx,19,E
basic_bank_plc,1,ASSET QUALITY,NPL % (gross),npl_pct_gross,%,1992,,,,fraction,missing,0,Dying_Cyrus_-_SOCB_V7__furnished_.xlsx,19,F
basic_bank_plc,1,ASSET QUALITY,NPL % (gross),npl_pct_gross,%,1993,,,,fraction,missing,0,Dying_Cyrus_-_SOCB_V7__furnished_.xlsx,19,G
basic_bank_plc,1,ASSET QUALITY,NPL % (gross),npl_pct_gross,%,1994,,,,fraction,missing,0,Dying_Cyrus_-_SOCB_V7__furnished_.xlsx,19,H
basic_bank_plc,1,ASSET QUALITY,NPL % (gross),npl_pct_gross,%,1995,,,,fraction,missing,0,Dying_Cyrus_-_SOCB_V7__furnished_.xlsx,19,I
basic_bank_plc,1,ASSET QUALITY,NPL % (gross),npl_pct_gross,%,1996,,,,fraction,missing,0,Dying_Cyrus_-_SOCB_V7__furnished_.xlsx,19,J
basic_bank_plc,1,ASSET QUALITY,NPL % (gross),npl_pct_gross,%,1997,,,,fraction,missing,0,Dying_Cyrus_-_SOCB_V7__furnished_.xlsx,19,K
basic_bank_plc,1,ASSET QUALITY,NPL % (gross),npl_pct_gross,%,1998,,,,fraction,missing,0,Dying_Cyrus_-_SOCB_V7__furnished_.xlsx,19,L
basic_bank_plc,1,ASSET QUALITY,NPL % (gross),npl_pct_gross,%,1999,,,,fraction,missing,0,Dying_Cyrus_-_SOCB_V7__furnished_.xlsx,19,M
basic_bank_plc,1,ASSET QUALITY,NPL % (gross),npl_pct_gross,%,2000,,,,fraction,missing,0,Dying_Cyrus_-_SOCB_V7__furnished_.xlsx,19,N
basic_bank_plc,1,ASSET QUALITY,NPL % (gross),npl_pct_gross,%,2001,,,,fraction,missing,0,Dying_Cyrus_-_SOCB_V7__furnished_.xlsx,19,O
basic_bank_plc,1,ASSET QUALITY,NPL % (gross),npl_pct_gross,%,2002,,,,fraction,missing,0,Dying_Cyrus_-_SOCB_V7__furnished_.xlsx,19,P
basic_bank_plc,1,ASSET QUALITY,NPL % (gross),npl_pct_gross,%,2003,,,,fraction,missing,0,Dying_Cyrus_-_SOCB_V7__furnished_.xlsx,19,Q
basic_bank_plc,1,ASSET QUALITY,NPL % (gross),npl_pct_gross,%,2004,,,,fraction,missing,0,Dying_Cyrus_-_SOCB_V7__furnished_.xlsx,19,R
basic_bank_plc,1,ASSET QUALITY,NPL % (gross),npl_pct_gross,%,2005,0.0455,0.0455,4.55,fraction,native_numeric,0,Dying_Cyrus_-_SOCB_V7__furnished_.xlsx,19,S
basic_bank_plc,1,ASSET QUALITY,NPL % (gross),npl_pct_gross,%,2006,0.037,0.037,3.6999999999999997,fraction,native_numeric,0,Dying_Cyrus_-_SOCB_V7__furnished_.xlsx,19,T
basic_bank_plc,1,ASSET QUALITY,NPL % (gross),npl_pct_gross,%,2007,0.0325,0.0325,3.25,fraction,native_numeric,0,Dying_Cyrus_-_SOCB_V7__furnished_.xlsx,19,U
basic_bank_plc,1,ASSET QUALITY,NPL % (gross),npl_pct_gross,%,2008,0.0459,0.0459,4.590000000000001,fraction,native_numeric,0,Dying_Cyrus_-_SOCB_V7__furnished_.xlsx,19,V
basic_bank_plc,1,ASSET QUALITY,NPL % (gross),npl_pct_gross,%,2009,0.0483,0.0483,4.83,fraction,native_numeric,0,Dying_Cyrus_-_SOCB_V7__furnished_.xlsx,19,W
basic_bank_plc,1,ASSET QUALITY,NPL % (gross),npl_pct_gross,%,2010,,,,fraction,missing,0,Dying_Cyrus_-_SOCB_V7__furnished_.xlsx,19,X
basic_bank_plc,1,ASSET QUALITY,NPL % (gross),npl_pct_gross,%,2011,0.0438,0.0438,4.38,fraction,native_numeric,0,Dying_Cyrus_-_SOCB_V7__furnished_.xlsx,19,Y
basic_bank_plc,1,ASSET QUALITY,NPL % (gross),npl_pct_gross,%,2012,0.0822,0.0822,8.219999999999999,fraction,native_numeric,0,Dying_Cyrus_-_SOCB_V7__furnished_.xlsx,19,Z
basic_bank_plc,1,ASSET QUALITY,NPL % (gross),npl_pct_gross,%,2013,0.2875,0.2875,28.749999999999996,fraction,native_numeric,0,Dying_Cyrus_-_SOCB_V7__furnished_.xlsx,19,AA
basic_bank_plc,1,ASSET QUALITY,NPL % (gross),npl_pct_gross,%,2014,0.5715,0.5715,57.15,fraction,native_numeric,0,Dying_Cyrus_-_SOCB_V7__furnished_.xlsx,19,AB
basic_bank_plc,1,ASSET QUALITY,NPL % (gross),npl_pct_gross,%,2015,,,,fraction,missing,0,Dying_Cyrus_-_SOCB_V7__furnished_.xlsx,19,AC
basic_bank_plc,1,ASSET QUALITY,NPL % (gross),npl_pct_gross,%,2016,0.5413,0.5413,54.13,fraction,native_numeric,0,Dying_Cyrus_-_SOCB_V7__furnished_.xlsx,19,AD
basic_bank_plc,1,ASSET QUALITY,NPL % (gross),npl_pct_gross,%,2017,0.5463,0.5463,54.63,fraction,native_numeric,0,Dying_Cyrus_-_SOCB_V7__furnished_.xlsx,19,AE
basic_bank_plc,1,ASSET QUALITY,NPL % (gross),npl_pct_gross,%,2018,0.5685,0.5685,56.85,fraction,native_numeric,0,Dying_Cyrus_-_SOCB_V7__furnished_.xlsx,19,AF
basic_bank_plc,1,ASSET QUALITY,NPL % (gross),npl_pct_gross,%,2019,0.5202,0.5202,52.019999999999996,fraction,native_numeric,0,Dying_Cyrus_-_SOCB_V7__furnished_.xlsx,19,AG
basic_bank_plc,1,ASSET QUALITY,NPL % (gross),npl_pct_gross,%,2020,0.5172,0.5172,51.72,fraction,native_numeric,0,Dying_Cyrus_-_SOCB_V7__furnished_.xlsx,19,AH
basic_bank_plc,1,ASSET QUALITY,NPL % (gross),npl_pct_gross,%,2021,0.598,0.598,59.8,fraction,native_numeric,0,Dying_Cyrus_-_SOCB_V7__furnished_.xlsx,19,AI
basic_bank_plc,1,ASSET QUALITY,NPL % (gross),npl_pct_gross,%,2022,0.5785,0.5785,57.85,fraction,native_numeric,0,Dying_Cyrus_-_SOCB_V7__furnished_.xlsx,19,AJ
basic_bank_plc,1,ASSET QUALITY,NPL % (gross),npl_pct_gross,%,2023,0.6335,0.6335,63.349999999999994,fraction,native_numeric,0,Dying_Cyrus_-_SOCB_V7__furnished_.xlsx,19,AK
basic_bank_plc,1,ASSET QUALITY,NPL % (gross),npl_pct_gross,%,2024,,,,fraction,missing,0,Dying_Cyrus_-_SOCB_V7__furnished_.xlsx,19,AL
basic_bank_plc,1,ASSET QUALITY,NPL % (gross),npl_pct_gross,%,2025,,,,fraction,missing,0,Dying_Cyrus_-_SOCB_V7__furnished_.xlsx,19,AM
basic_bank_plc,1,ASSET QUALITY,NPL % (gross),npl_pct_gross,%,2026,,,,fraction,missing,0,Dying_Cyrus_-_SOCB_V7__furnished_.xlsx,19,AN
basic_bank_plc,1,ASSET QUALITY,NPL amount,npl_amount,Tk mn,1989,,,,,missing,0,Dying_Cyrus_-_SOCB_V7__furnished_.xlsx,20,C
basic_bank_plc,1,ASSET QUALITY,NPL amount,npl_amount,Tk mn,1990,,,,,missing,0,Dying_Cyrus_-_SOCB_V7__furnished_.xlsx,20,D
basic_bank_plc,1,ASSET QUALITY,NPL amount,npl_amount,Tk mn,1991,,,,,missing,0,Dying_Cyrus_-_SOCB_V7__furnished_.xlsx,20,E
basic_bank_plc,1,ASSET QUALITY,NPL amount,npl_amount,Tk mn,1992,,,,,missing,0,Dying_Cyrus_-_SOCB_V7__furnished_.xlsx,20,F
basic_bank_plc,1,ASSET QUALITY,NPL amount,npl_amount,Tk mn,1993,,,,,missing,0,Dying_Cyrus_-_SOCB_V7__furnished_.xlsx,20,G
basic_bank_plc,1,ASSET QUALITY,NPL amount,npl_amount,Tk mn,1994,,,,,missing,0,Dying_Cyrus_-_SOCB_V7__furnished_.xlsx,20,H
basic_bank_plc,1,ASSET QUALITY,NPL amount,npl_amount,Tk mn,1995,,,,,missing,0,Dying_Cyrus_-_SOCB_V7__furnished_.xlsx,20,I
basic_bank_plc,1,ASSET QUALITY,NPL amount,npl_amount,Tk mn,1996,,,,,missing,0,Dying_Cyrus_-_SOCB_V7__furnished_.xlsx,20,J
basic_bank_plc,1,ASSET QUALITY,NPL amount,npl_amount,Tk mn,1997,,,,,missing,0,Dying_Cyrus_-_SOCB_V7__furnished_.xlsx,20,K
basic_bank_plc,1,ASSET QUALITY,NPL amount,npl_amount,Tk mn,1998,,,,,missing,0,Dying_Cyrus_-_SOCB_V7__furnished_.xlsx,20,L
basic_bank_plc,1,ASSET QUALITY,NPL amount,npl_amount,Tk mn,1999,,,,,missing,0,Dying_Cyrus_-_SOCB_V7__furnished_.xlsx,20,M
basic_bank_plc,1,ASSET QUALITY,NPL amount,npl_amount,Tk mn,2000,,,,,missing,0,Dying_Cyrus_-_SOCB_V7__furnished_.xlsx,20,N
basic_bank_plc,1,ASSET QUALITY,NPL amount,npl_amount,Tk mn,2001,,,,,missing,0,Dying_Cyrus_-_SOCB_V7__furnished_.xlsx,20,O
basic_bank_plc,1,ASSET QUALITY,NPL amount,npl_amount,Tk mn,2002,,,,,missing,0,Dying_Cyrus_-_SOCB_V7__furnished_.xlsx,20,P
basic_bank_plc,1,ASSET QUALITY,NPL amount,npl_amount,Tk mn,2003,,,,,missing,0,Dying_Cyrus_-_SOCB_V7__furnished_.xlsx,20,Q
basic_bank_plc,1,ASSET QUALITY,NPL amount,npl_amount,Tk mn,2004,,,,,missing,0,Dying_Cyrus_-_SOCB_V7__furnished_.xlsx,20,R
basic_bank_plc,1,ASSET QUALITY,NPL amount,npl_amount,Tk mn,2005,698.44,698.44,,,native_numeric,0,Dying_Cyrus_-_SOCB_V7__furnished_.xlsx,20,S
basic_bank_plc,1,ASSET QUALITY,NPL amount,npl_amount,Tk mn,2006,703.27,703.27,,,native_numeric,0,Dying_Cyrus_-_SOCB_V7__furnished_.xlsx,20,T
basic_bank_plc,1,ASSET QUALITY,NPL amount,npl_amount,Tk mn,2007,,,,,missing,0,Dying_Cyrus_-_SOCB_V7__furnished_.xlsx,20,U
basic_bank_plc,1,ASSET QUALITY,NPL amount,npl_amount,Tk mn,2008,1251.21,1251.21,,,native_numeric,0,Dying_Cyrus_-_SOCB_V7__furnished_.xlsx,20,V
basic_bank_plc,1,ASSET QUALITY,NPL amount,npl_amount,Tk mn,2009,1412.347,1412.347,,,native_numeric,0,Dying_Cyrus_-_SOCB_V7__furnished_.xlsx,20,W
basic_bank_plc,1,ASSET QUALITY,NPL amount,npl_amount,Tk mn,2010,,,,,missing,0,Dying_Cyrus_-_SOCB_V7__furnished_.xlsx,20,X
basic_bank_plc,1,ASSET QUALITY,NPL amount,npl_amount,Tk mn,2011,2489.79,2489.79,,,native_numeric,0,Dying_Cyrus_-_SOCB_V7__furnished_.xlsx,20,Y
basic_bank_plc,1,ASSET QUALITY,NPL amount,npl_amount,Tk mn,2012,7065.685,7065.685,,,native_numeric,0,Dying_Cyrus_-_SOCB_V7__furnished_.xlsx,20,Z
basic_bank_plc,1,ASSET QUALITY,NPL amount,npl_amount,Tk mn,2013,31455.31,31455.31,,,native_numeric,0,Dying_Cyrus_-_SOCB_V7__furnished_.xlsx,20,AA
basic_bank_plc,1,ASSET QUALITY,NPL amount,npl_amount,Tk mn,2014,51091.16,51091.16,,,native_numeric,0,Dying_Cyrus_-_SOCB_V7__furnished_.xlsx,20,AB
basic_bank_plc,1,ASSET QUALITY,NPL amount,npl_amount,Tk mn,2015,,,,,missing,0,Dying_Cyrus_-_SOCB_V7__furnished_.xlsx,20,AC
basic_bank_plc,1,ASSET QUALITY,NPL amount,npl_amount,Tk mn,2016,73006.86,73006.86,,,native_numeric,0,Dying_Cyrus_-_SOCB_V7__furnished_.xlsx,20,AD
basic_bank_plc,1,ASSET QUALITY,NPL amount,npl_amount,Tk mn,2017,79529.88,79529.88,,,native_numeric,0,Dying_Cyrus_-_SOCB_V7__furnished_.xlsx,20,AE
basic_bank_plc,1,ASSET QUALITY,NPL amount,npl_amount,Tk mn,2018,86398.01,86398.01,,,native_numeric,0,Dying_Cyrus_-_SOCB_V7__furnished_.xlsx,20,AF
basic_bank_plc,1,ASSET QUALITY,NPL amount,npl_amount,Tk mn,2019,78948.51,78948.51,,,native_numeric,0,Dying_Cyrus_-_SOCB_V7__furnished_.xlsx,20,AG
basic_bank_plc,1,ASSET QUALITY,NPL amount,npl_amount,Tk mn,2020,77121.89,77121.89,,,native_numeric,0,Dying_Cyrus_-_SOCB_V7__furnished_.xlsx,20,AH
basic_bank_plc,1,ASSET QUALITY,NPL amount,npl_amount,Tk mn,2021,86377.47,86377.47,,,native_numeric,0,Dying_Cyrus_-_SOCB_V7__furnished_.xlsx,20,AI
basic_bank_plc,1,ASSET QUALITY,NPL amount,npl_amount,Tk mn,2022,77866.55,77866.55,,,native_numeric,0,Dying_Cyrus_-_SOCB_V7__furnished_.xlsx,20,AJ
basic_bank_plc,1,ASSET QUALITY,NPL amount,npl_amount,Tk mn,2023,83327.48,83327.48,,,native_numeric,0,Dying_Cyrus_-_SOCB_V7__furnished_.xlsx,20,AK
basic_bank_plc,1,ASSET QUALITY,NPL amount,npl_amount,Tk mn,2024,,,,,missing,0,Dying_Cyrus_-_SOCB_V7__furnished_.xlsx,20,AL
basic_bank_plc,1,ASSET QUALITY,NPL amount,npl_amount,Tk mn,2025,,,,,missing,0,Dying_Cyrus_-_SOCB_V7__furnished_.xlsx,20,AM
basic_bank_plc,1,ASSET QUALITY,NPL amount,npl_amount,Tk mn,2026,,,,,missing,0,Dying_Cyrus_-_SOCB_V7__furnished_.xlsx,20,AN
basic_bank_plc,1,ASSET QUALITY,Provision Coverage %,provision_coverage_pct,%,1989,,,,fraction_inferred,missing,0,Dying_Cyrus_-_SOCB_V7__furnished_.xlsx,21,C
basic_bank_plc,1,ASSET QUALITY,Provision Coverage %,provision_coverage_pct,%,1990,,,,fraction_inferred,missing,0,Dying_Cyrus_-_SOCB_V7__furnished_.xlsx,21,D
basic_bank_plc,1,ASSET QUALITY,Provision Coverage %,provision_coverage_pct,%,1991,,,,fraction_inferred,missing,0,Dying_Cyrus_-_SOCB_V7__furnished_.xlsx,21,E
basic_bank_plc,1,ASSET QUALITY,Provision Coverage %,provision_coverage_pct,%,1992,,,,fraction_inferred,missing,0,Dying_Cyrus_-_SOCB_V7__furnished_.xlsx,21,F
basic_bank_plc,1,ASSET QUALITY,Provision Coverage %,provision_coverage_pct,%,1993,,,,fraction_inferred,missing,0,Dying_Cyrus_-_SOCB_V7__furnished_.xlsx,21,G
basic_bank_plc,1,ASSET QUALITY,Provision Coverage %,provision_coverage_pct,%,1994,,,,fraction_inferred,missing,0,Dying_Cyrus_-_SOCB_V7__furnished_.xlsx,21,H
basic_bank_plc,1,ASSET QUALITY,Provision Coverage %,provision_coverage_pct,%,1995,,,,fraction_inferred,missing,0,Dying_Cyrus_-_SOCB_V7__furnished_.xlsx,21,I
basic_bank_plc,1,ASSET QUALITY,Provision Coverage %,provision_coverage_pct,%,1996,,,,fraction_inferred,missing,0,Dying_Cyrus_-_SOCB_V7__furnished_.xlsx,21,J
basic_bank_plc,1,ASSET QUALITY,Provision Coverage %,provision_coverage_pct,%,1997,,,,fraction_inferred,missing,0,Dying_Cyrus_-_SOCB_V7__furnished_.xlsx,21,K
basic_bank_plc,1,ASSET QUALITY,Provision Coverage %,provision_coverage_pct,%,1998,,,,fraction_inferred,missing,0,Dying_Cyrus_-_SOCB_V7__furnished_.xlsx,21,L
basic_bank_plc,1,ASSET QUALITY,Provision Coverage %,provision_coverage_pct,%,1999,,,,fraction_inferred,missing,0,Dying_Cyrus_-_SOCB_V7__furnished_.xlsx,21,M
basic_bank_plc,1,ASSET QUALITY,Provision Coverage %,provision_coverage_pct,%,2000,,,,fraction_inferred,missing,0,Dying_Cyrus_-_SOCB_V7__furnished_.xlsx,21,N
basic_bank_plc,1,ASSET QUALITY,Provision Coverage %,provision_coverage_pct,%,2001,,,,fraction_inferred,missing,0,Dying_Cyrus_-_SOCB_V7__furnished_.xlsx,21,O
basic_bank_plc,1,ASSET QUALITY,Provision Coverage %,provision_coverage_pct,%,2002,,,,fraction_inferred,missing,0,Dying_Cyrus_-_SOCB_V7__furnished_.xlsx,21,P
basic_bank_plc,1,ASSET QUALITY,Provision Coverage %,provision_coverage_pct,%,2003,,,,fraction_inferred,missing,0,Dying_Cyrus_-_SOCB_V7__furnished_.xlsx,21,Q
basic_bank_plc,1,ASSET QUALITY,Provision Coverage %,provision_coverage_pct,%,2004,,,,fraction_inferred,missing,0,Dying_Cyrus_-_SOCB_V7__furnished_.xlsx,21,R
basic_bank_plc,1,ASSET QUALITY,Provision Coverage %,provision_coverage_pct,%,2005,0.3935,0.3935,39.35,fraction_inferred,native_numeric,0,Dying_Cyrus_-_SOCB_V7__furnished_.xlsx,21,S
basic_bank_plc,1,ASSET QUALITY,Provision Coverage %,provision_coverage_pct,%,2006,0.4596,0.4596,45.96,fraction_inferred,native_numeric,0,Dying_Cyrus_-_SOCB_V7__furnished_.xlsx,21,T
basic_bank_plc,1,ASSET QUALITY,Provision Coverage %,provision_coverage_pct,%,2007,,,,fraction_inferred,missing,0,Dying_Cyrus_-_SOCB_V7__furnished_.xlsx,21,U
basic_bank_plc,1,ASSET QUALITY,Provision Coverage %,provision_coverage_pct,%,2008,0.332351084150542,0.332351084150542,33.2351084150542,fraction_inferred,native_numeric,0,Dying_Cyrus_-_SOCB_V7__furnished_.xlsx,21,V
basic_bank_plc,1,ASSET QUALITY,Provision Coverage %,provision_coverage_pct,%,2009,0.370584565974226,0.370584565974226,37.0584565974226,fraction_inferred,native_numeric,0,Dying_Cyrus_-_SOCB_V7__furnished_.xlsx,21,W
basic_bank_plc,1,ASSET QUALITY,Provision Coverage %,provision_coverage_pct,%,2010,,,,fraction_inferred,missing,0,Dying_Cyrus_-_SOCB_V7__furnished_.xlsx,21,X
basic_bank_plc,1,ASSET QUALITY,Provision Coverage %,provision_coverage_pct,%,2011,0.359217845681764,0.359217845681764,35.9217845681764,fraction_inferred,native_numeric,0,Dying_Cyrus_-_SOCB_V7__furnished_.xlsx,21,Y
basic_bank_plc,1,ASSET QUALITY,Provision Coverage %,provision_coverage_pct,%,2012,0.363066284443759,0.363066284443759,36.306628444375896,fraction_inferred,native_numeric,0,Dying_Cyrus_-_SOCB_V7__furnished_.xlsx,21,Z
basic_bank_plc,1,ASSET QUALITY,Provision Coverage %,provision_coverage_pct,%,2013,0.1265,0.1265,12.65,fraction_inferred,native_numeric,0,Dying_Cyrus_-_SOCB_V7__furnished_.xlsx,21,AA
basic_bank_plc,1,ASSET QUALITY,Provision Coverage %,provision_coverage_pct,%,2014,0.0776,0.0776,7.76,fraction_inferred,native_numeric,0,Dying_Cyrus_-_SOCB_V7__furnished_.xlsx,21,AB
basic_bank_plc,1,ASSET QUALITY,Provision Coverage %,provision_coverage_pct,%,2015,,,,fraction_inferred,missing,0,Dying_Cyrus_-_SOCB_V7__furnished_.xlsx,21,AC
basic_bank_plc,1,ASSET QUALITY,Provision Coverage %,provision_coverage_pct,%,2016,0.2434,0.2434,24.34,fraction_inferred,native_numeric,0,Dying_Cyrus_-_SOCB_V7__furnished_.xlsx,21,AD
basic_bank_plc,1,ASSET QUALITY,Provision Coverage %,provision_coverage_pct,%,2017,0.2669,0.2669,26.69,fraction_inferred,native_numeric,0,Dying_Cyrus_-_SOCB_V7__furnished_.xlsx,21,AE
basic_bank_plc,1,ASSET QUALITY,Provision Coverage %,provision_coverage_pct,%,2018,0.2671,0.2671,26.71,fraction_inferred,native_numeric,0,Dying_Cyrus_-_SOCB_V7__furnished_.xlsx,21,AF
basic_bank_plc,1,ASSET QUALITY,Provision Coverage %,provision_coverage_pct,%,2019,0.2671,0.2671,26.71,fraction_inferred,native_numeric,0,Dying_Cyrus_-_SOCB_V7__furnished_.xlsx,21,AG
basic_bank_plc,1,ASSET QUALITY,Provision Coverage %,provision_coverage_pct,%,2020,0.2869,0.2869,28.689999999999998,fraction_inferred,native_numeric,0,Dying_Cyrus_-_SOCB_V7__furnished_.xlsx,21,AH
basic_bank_plc,1,ASSET QUALITY,Provision Coverage %,provision_coverage_pct,%,2021,0.188,0.188,18.8,fraction_inferred,native_numeric,0,Dying_Cyrus_-_SOCB_V7__furnished_.xlsx,21,AI
basic_bank_plc,1,ASSET QUALITY,Provision Coverage %,provision_coverage_pct,%,2022,0.1227,0.1227,12.27,fraction_inferred,native_numeric,0,Dying_Cyrus_-_SOCB_V7__furnished_.xlsx,21,AJ
basic_bank_plc,1,ASSET QUALITY,Provision Coverage %,provision_coverage_pct,%,2023,0.0601,0.0601,6.01,fraction_inferred,native_numeric,0,Dying_Cyrus_-_SOCB_V7__furnished_.xlsx,21,AK
basic_bank_plc,1,ASSET QUALITY,Provision Coverage %,provision_coverage_pct,%,2024,,,,fraction_inferred,missing,0,Dying_Cyrus_-_SOCB_V7__furnished_.xlsx,21,AL
basic_bank_plc,1,ASSET QUALITY,Provision Coverage %,provision_coverage_pct,%,2025,,,,fraction_inferred,missing,0,Dying_Cyrus_-_SOCB_V7__furnished_.xlsx,21,AM
basic_bank_plc,1,ASSET QUALITY,Provision Coverage %,provision_coverage_pct,%,2026,,,,fraction_inferred,missing,0,Dying_Cyrus_-_SOCB_V7__furnished_.xlsx,21,AN
basic_bank_plc,1,ASSET QUALITY,Loan-Deposit Ratio %,loan_deposit_ratio_pct,%,1989,0.2091464182,0.2091464182,20.91464182,fraction,native_numeric,0,Dying_Cyrus_-_SOCB_V7__furnished_.xlsx,22,C
basic_bank_plc,1,ASSET QUALITY,Loan-Deposit Ratio %,loan_deposit_ratio_pct,%,1990,0.377936091,0.377936091,37.7936091,fraction,native_numeric,0,Dying_Cyrus_-_SOCB_V7__furnished_.xlsx,22,D
basic_bank_plc,1,ASSET QUALITY,Loan-Deposit Ratio %,loan_deposit_ratio_pct,%,1991,0.5129238318,0.5129238318,51.29238318,fraction,native_numeric,0,Dying_Cyrus_-_SOCB_V7__furnished_.xlsx,22,E
basic_bank_plc,1,ASSET QUALITY,Loan-Deposit Ratio %,loan_deposit_ratio_pct,%,1992,0.5234539551,0.5234539551,52.34539551,fraction,native_numeric,0,Dying_Cyrus_-_SOCB_V7__furnished_.xlsx,22,F
basic_bank_plc,1,ASSET QUALITY,Loan-Deposit Ratio %,loan_deposit_ratio_pct,%,1993,0.4988925971,0.4988925971,49.88925971,fraction,native_numeric,0,Dying_Cyrus_-_SOCB_V7__furnished_.xlsx,22,G
basic_bank_plc,1,ASSET QUALITY,Loan-Deposit Ratio %,loan_deposit_ratio_pct,%,1994,0.4962410711,0.4962410711,49.62410711,fraction,native_numeric,0,Dying_Cyrus_-_SOCB_V7__furnished_.xlsx,22,H
basic_bank_plc,1,ASSET QUALITY,Loan-Deposit Ratio %,loan_deposit_ratio_pct,%,1995,0.5628846355,0.5628846355,56.28846355,fraction,native_numeric,0,Dying_Cyrus_-_SOCB_V7__furnished_.xlsx,22,I
basic_bank_plc,1,ASSET QUALITY,Loan-Deposit Ratio %,loan_deposit_ratio_pct,%,1996,0.5137874026,0.5137874026,51.37874026,fraction,native_numeric,0,Dying_Cyrus_-_SOCB_V7__furnished_.xlsx,22,J
basic_bank_plc,1,ASSET QUALITY,Loan-Deposit Ratio %,loan_deposit_ratio_pct,%,1997,0.7428563361,0.7428563361,74.28563361,fraction,native_numeric,0,Dying_Cyrus_-_SOCB_V7__furnished_.xlsx,22,K
basic_bank_plc,1,ASSET QUALITY,Loan-Deposit Ratio %,loan_deposit_ratio_pct,%,1998,0.7072205085,0.7072205085,70.72205085,fraction,native_numeric,0,Dying_Cyrus_-_SOCB_V7__furnished_.xlsx,22,L
basic_bank_plc,1,ASSET QUALITY,Loan-Deposit Ratio %,loan_deposit_ratio_pct,%,1999,0.7011613104,0.7011613104,70.11613104,fraction,native_numeric,0,Dying_Cyrus_-_SOCB_V7__furnished_.xlsx,22,M
basic_bank_plc,1,ASSET QUALITY,Loan-Deposit Ratio %,loan_deposit_ratio_pct,%,2000,0.7901816036,0.7901816036,79.01816036,fraction,native_numeric,0,Dying_Cyrus_-_SOCB_V7__furnished_.xlsx,22,N
basic_bank_plc,1,ASSET QUALITY,Loan-Deposit Ratio %,loan_deposit_ratio_pct,%,2001,0.8333683855,0.8333683855,83.33683855000001,fraction,native_numeric,0,Dying_Cyrus_-_SOCB_V7__furnished_.xlsx,22,O
basic_bank_plc,1,ASSET QUALITY,Loan-Deposit Ratio %,loan_deposit_ratio_pct,%,2002,0.7940175068,0.7940175068,79.40175068,fraction,native_numeric,0,Dying_Cyrus_-_SOCB_V7__furnished_.xlsx,22,P
basic_bank_plc,1,ASSET QUALITY,Loan-Deposit Ratio %,loan_deposit_ratio_pct,%,2003,0.8238731678,0.8238731678,82.38731677999999,fraction,native_numeric,0,Dying_Cyrus_-_SOCB_V7__furnished_.xlsx,22,Q
basic_bank_plc,1,ASSET QUALITY,Loan-Deposit Ratio %,loan_deposit_ratio_pct,%,2004,0.7737449691,0.7737449691,77.37449691,fraction,native_numeric,0,Dying_Cyrus_-_SOCB_V7__furnished_.xlsx,22,R
basic_bank_plc,1,ASSET QUALITY,Loan-Deposit Ratio %,loan_deposit_ratio_pct,%,2005,0.687075095,0.687075095,68.7075095,fraction,native_numeric,0,Dying_Cyrus_-_SOCB_V7__furnished_.xlsx,22,S
basic_bank_plc,1,ASSET QUALITY,Loan-Deposit Ratio %,loan_deposit_ratio_pct,%,2006,0.7888842063,0.7888842063,78.88842063,fraction,native_numeric,0,Dying_Cyrus_-_SOCB_V7__furnished_.xlsx,22,T
basic_bank_plc,1,ASSET QUALITY,Loan-Deposit Ratio %,loan_deposit_ratio_pct,%,2007,0.6968625246,0.6968625246,69.68625245999999,fraction,native_numeric,0,Dying_Cyrus_-_SOCB_V7__furnished_.xlsx,22,U
basic_bank_plc,1,ASSET QUALITY,Loan-Deposit Ratio %,loan_deposit_ratio_pct,%,2008,0.7107216048,0.7107216048,71.07216048000001,fraction,native_numeric,0,Dying_Cyrus_-_SOCB_V7__furnished_.xlsx,22,V
basic_bank_plc,1,ASSET QUALITY,Loan-Deposit Ratio %,loan_deposit_ratio_pct,%,2009,0.8481187443,0.8481187443,84.81187443,fraction,native_numeric,0,Dying_Cyrus_-_SOCB_V7__furnished_.xlsx,22,W
basic_bank_plc,1,ASSET QUALITY,Loan-Deposit Ratio %,loan_deposit_ratio_pct,%,2010,0.9407609887,0.9407609887,94.07609887,fraction,native_numeric,0,Dying_Cyrus_-_SOCB_V7__furnished_.xlsx,22,X
basic_bank_plc,1,ASSET QUALITY,Loan-Deposit Ratio %,loan_deposit_ratio_pct,%,2011,0.9079664355,0.9079664355,90.79664355,fraction,native_numeric,0,Dying_Cyrus_-_SOCB_V7__furnished_.xlsx,22,Y
basic_bank_plc,1,ASSET QUALITY,Loan-Deposit Ratio %,loan_deposit_ratio_pct,%,2012,0.980186954,0.980186954,98.0186954,fraction,native_numeric,0,Dying_Cyrus_-_SOCB_V7__furnished_.xlsx,22,Z
basic_bank_plc,1,ASSET QUALITY,Loan-Deposit Ratio %,loan_deposit_ratio_pct,%,2013,0.8136339725,0.8136339725,81.36339725,fraction,native_numeric,0,Dying_Cyrus_-_SOCB_V7__furnished_.xlsx,22,AA
basic_bank_plc,1,ASSET QUALITY,Loan-Deposit Ratio %,loan_deposit_ratio_pct,%,2014,0.6388213134,0.6388213134,63.88213134,fraction,native_numeric,0,Dying_Cyrus_-_SOCB_V7__furnished_.xlsx,22,AB
basic_bank_plc,1,ASSET QUALITY,Loan-Deposit Ratio %,loan_deposit_ratio_pct,%,2015,0.8693353449,0.8693353449,86.93353449,fraction,native_numeric,0,Dying_Cyrus_-_SOCB_V7__furnished_.xlsx,22,AC
basic_bank_plc,1,ASSET QUALITY,Loan-Deposit Ratio %,loan_deposit_ratio_pct,%,2016,0.8533052683,0.8533052683,85.33052683,fraction,native_numeric,0,Dying_Cyrus_-_SOCB_V7__furnished_.xlsx,22,AD
basic_bank_plc,1,ASSET QUALITY,Loan-Deposit Ratio %,loan_deposit_ratio_pct,%,2017,1.016680724,1.016680724,101.6680724,fraction,native_numeric,0,Dying_Cyrus_-_SOCB_V7__furnished_.xlsx,22,AE
basic_bank_plc,1,ASSET QUALITY,Loan-Deposit Ratio %,loan_deposit_ratio_pct,%,2018,1.15283135,1.15283135,115.283135,fraction,native_numeric,0,Dying_Cyrus_-_SOCB_V7__furnished_.xlsx,22,AF
basic_bank_plc,1,ASSET QUALITY,Loan-Deposit Ratio %,loan_deposit_ratio_pct,%,2019,1.097335825,1.097335825,109.73358250000001,fraction,native_numeric,0,Dying_Cyrus_-_SOCB_V7__furnished_.xlsx,22,AG
basic_bank_plc,1,ASSET QUALITY,Loan-Deposit Ratio %,loan_deposit_ratio_pct,%,2020,1.067358504,1.067358504,106.7358504,fraction,native_numeric,0,Dying_Cyrus_-_SOCB_V7__furnished_.xlsx,22,AH
basic_bank_plc,1,ASSET QUALITY,Loan-Deposit Ratio %,loan_deposit_ratio_pct,%,2021,0.9567584903,0.9567584903,95.67584903000001,fraction,native_numeric,0,Dying_Cyrus_-_SOCB_V7__furnished_.xlsx,22,AI
basic_bank_plc,1,ASSET QUALITY,Loan-Deposit Ratio %,loan_deposit_ratio_pct,%,2022,0.9035576089,0.9035576089,90.35576089,fraction,native_numeric,0,Dying_Cyrus_-_SOCB_V7__furnished_.xlsx,22,AJ
basic_bank_plc,1,ASSET QUALITY,Loan-Deposit Ratio %,loan_deposit_ratio_pct,%,2023,0.8951289947,0.8951289947,89.51289947,fraction,native_numeric,0,Dying_Cyrus_-_SOCB_V7__furnished_.xlsx,22,AK
basic_bank_plc,1,ASSET QUALITY,Loan-Deposit Ratio %,loan_deposit_ratio_pct,%,2024,,,,fraction,missing,0,Dying_Cyrus_-_SOCB_V7__furnished_.xlsx,22,AL
basic_bank_plc,1,ASSET QUALITY,Loan-Deposit Ratio %,loan_deposit_ratio_pct,%,2025,,,,fraction,missing,0,Dying_Cyrus_-_SOCB_V7__furnished_.xlsx,22,AM
basic_bank_plc,1,ASSET QUALITY,Loan-Deposit Ratio %,loan_deposit_ratio_pct,%,2026,,,,fraction,missing,0,Dying_Cyrus_-_SOCB_V7__furnished_.xlsx,22,AN
basic_bank_plc,1,CAPITAL & EFFICIENCY,Capital Adequacy Ratio %,car_pct,%,1989,,,,fraction_inferred,missing,0,Dying_Cyrus_-_SOCB_V7__furnished_.xlsx,24,C
basic_bank_plc,1,CAPITAL & EFFICIENCY,Capital Adequacy Ratio %,car_pct,%,1990,,,,fraction_inferred,missing,0,Dying_Cyrus_-_SOCB_V7__furnished_.xlsx,24,D
basic_bank_plc,1,CAPITAL & EFFICIENCY,Capital Adequacy Ratio %,car_pct,%,1991,,,,fraction_inferred,missing,0,Dying_Cyrus_-_SOCB_V7__furnished_.xlsx,24,E
basic_bank_plc,1,CAPITAL & EFFICIENCY,Capital Adequacy Ratio %,car_pct,%,1992,,,,fraction_inferred,missing,0,Dying_Cyrus_-_SOCB_V7__furnished_.xlsx,24,F
basic_bank_plc,1,CAPITAL & EFFICIENCY,Capital Adequacy Ratio %,car_pct,%,1993,,,,fraction_inferred,missing,0,Dying_Cyrus_-_SOCB_V7__furnished_.xlsx,24,G
basic_bank_plc,1,CAPITAL & EFFICIENCY,Capital Adequacy Ratio %,car_pct,%,1994,,,,fraction_inferred,missing,0,Dying_Cyrus_-_SOCB_V7__furnished_.xlsx,24,H
basic_bank_plc,1,CAPITAL & EFFICIENCY,Capital Adequacy Ratio %,car_pct,%,1995,,,,fraction_inferred,missing,0,Dying_Cyrus_-_SOCB_V7__furnished_.xlsx,24,I
basic_bank_plc,1,CAPITAL & EFFICIENCY,Capital Adequacy Ratio %,car_pct,%,1996,0.1239,0.1239,12.389999999999999,fraction_inferred,native_numeric,0,Dying_Cyrus_-_SOCB_V7__furnished_.xlsx,24,J
basic_bank_plc,1,CAPITAL & EFFICIENCY,Capital Adequacy Ratio %,car_pct,%,1997,0.1245,0.1245,12.45,fraction_inferred,native_numeric,0,Dying_Cyrus_-_SOCB_V7__furnished_.xlsx,24,K
basic_bank_plc,1,CAPITAL & EFFICIENCY,Capital Adequacy Ratio %,car_pct,%,1998,0.1401,0.1401,14.01,fraction_inferred,native_numeric,0,Dying_Cyrus_-_SOCB_V7__furnished_.xlsx,24,L
basic_bank_plc,1,CAPITAL & EFFICIENCY,Capital Adequacy Ratio %,car_pct,%,1999,0.1427,0.1427,14.27,fraction_inferred,native_numeric,0,Dying_Cyrus_-_SOCB_V7__furnished_.xlsx,24,M
basic_bank_plc,1,CAPITAL & EFFICIENCY,Capital Adequacy Ratio %,car_pct,%,2000,0.153,0.153,15.299999999999999,fraction_inferred,native_numeric,0,Dying_Cyrus_-_SOCB_V7__furnished_.xlsx,24,N
basic_bank_plc,1,CAPITAL & EFFICIENCY,Capital Adequacy Ratio %,car_pct,%,2001,0.1249,0.1249,12.49,fraction_inferred,native_numeric,0,Dying_Cyrus_-_SOCB_V7__furnished_.xlsx,24,O
basic_bank_plc,1,CAPITAL & EFFICIENCY,Capital Adequacy Ratio %,car_pct,%,2002,0.132,0.132,13.200000000000001,fraction_inferred,native_numeric,0,Dying_Cyrus_-_SOCB_V7__furnished_.xlsx,24,P
basic_bank_plc,1,CAPITAL & EFFICIENCY,Capital Adequacy Ratio %,car_pct,%,2003,0.1257,0.1257,12.57,fraction_inferred,native_numeric,0,Dying_Cyrus_-_SOCB_V7__furnished_.xlsx,24,Q
basic_bank_plc,1,CAPITAL & EFFICIENCY,Capital Adequacy Ratio %,car_pct,%,2004,0.1249,0.1249,12.49,fraction_inferred,native_numeric,0,Dying_Cyrus_-_SOCB_V7__furnished_.xlsx,24,R
basic_bank_plc,1,CAPITAL & EFFICIENCY,Capital Adequacy Ratio %,car_pct,%,2005,0.1177,0.1177,11.77,fraction_inferred,native_numeric,0,Dying_Cyrus_-_SOCB_V7__furnished_.xlsx,24,S
basic_bank_plc,1,CAPITAL & EFFICIENCY,Capital Adequacy Ratio %,car_pct,%,2006,0.1198,0.1198,11.98,fraction_inferred,native_numeric,0,Dying_Cyrus_-_SOCB_V7__furnished_.xlsx,24,T
basic_bank_plc,1,CAPITAL & EFFICIENCY,Capital Adequacy Ratio %,car_pct,%,2007,0.1291,0.1291,12.91,fraction_inferred,native_numeric,0,Dying_Cyrus_-_SOCB_V7__furnished_.xlsx,24,U
basic_bank_plc,1,CAPITAL & EFFICIENCY,Capital Adequacy Ratio %,car_pct,%,2008,0.1202,0.1202,12.02,fraction_inferred,native_numeric,0,Dying_Cyrus_-_SOCB_V7__furnished_.xlsx,24,V
basic_bank_plc,1,CAPITAL & EFFICIENCY,Capital Adequacy Ratio %,car_pct,%,2009,0.1348,0.1348,13.48,fraction_inferred,native_numeric,0,Dying_Cyrus_-_SOCB_V7__furnished_.xlsx,24,W
basic_bank_plc,1,CAPITAL & EFFICIENCY,Capital Adequacy Ratio %,car_pct,%,2010,0.0941,0.0941,9.41,fraction_inferred,native_numeric,0,Dying_Cyrus_-_SOCB_V7__furnished_.xlsx,24,X
basic_bank_plc,1,CAPITAL & EFFICIENCY,Capital Adequacy Ratio %,car_pct,%,2011,0.1013,0.1013,10.13,fraction_inferred,native_numeric,0,Dying_Cyrus_-_SOCB_V7__furnished_.xlsx,24,Y
basic_bank_plc,1,CAPITAL & EFFICIENCY,Capital Adequacy Ratio %,car_pct,%,2012,0.1005,0.1005,10.05,fraction_inferred,native_numeric,0,Dying_Cyrus_-_SOCB_V7__furnished_.xlsx,24,Z
basic_bank_plc,1,CAPITAL & EFFICIENCY,Capital Adequacy Ratio %,car_pct,%,2013,-0.0166,-0.0166,-1.66,fraction_inferred,native_numeric,0,Dying_Cyrus_-_SOCB_V7__furnished_.xlsx,24,AA
basic_bank_plc,1,CAPITAL & EFFICIENCY,Capital Adequacy Ratio %,car_pct,%,2014,-0.2807,-0.2807,-28.07,fraction_inferred,native_numeric,0,Dying_Cyrus_-_SOCB_V7__furnished_.xlsx,24,AB
basic_bank_plc,1,CAPITAL & EFFICIENCY,Capital Adequacy Ratio %,car_pct,%,2015,-0.0755,-0.0755,-7.55,fraction_inferred,native_numeric,0,Dying_Cyrus_-_SOCB_V7__furnished_.xlsx,24,AC
basic_bank_plc,1,CAPITAL & EFFICIENCY,Capital Adequacy Ratio %,car_pct,%,2016,-0.1559,-0.1559,-15.590000000000002,fraction_inferred,native_numeric,0,Dying_Cyrus_-_SOCB_V7__furnished_.xlsx,24,AD
basic_bank_plc,1,CAPITAL & EFFICIENCY,Capital Adequacy Ratio %,car_pct,%,2017,-0.1322,-0.1322,-13.22,fraction_inferred,native_numeric,0,Dying_Cyrus_-_SOCB_V7__furnished_.xlsx,24,AE
basic_bank_plc,1,CAPITAL & EFFICIENCY,Capital Adequacy Ratio %,car_pct,%,2018,0.0825,0.0825,8.25,fraction_inferred,native_numeric,0,Dying_Cyrus_-_SOCB_V7__furnished_.xlsx,24,AF
basic_bank_plc,1,CAPITAL & EFFICIENCY,Capital Adequacy Ratio %,car_pct,%,2019,0.0653,0.0653,6.529999999999999,fraction_inferred,native_numeric,0,Dying_Cyrus_-_SOCB_V7__furnished_.xlsx,24,AG
basic_bank_plc,1,CAPITAL & EFFICIENCY,Capital Adequacy Ratio %,car_pct,%,2020,0.0308,0.0308,3.08,fraction_inferred,native_numeric,0,Dying_Cyrus_-_SOCB_V7__furnished_.xlsx,24,AH
basic_bank_plc,1,CAPITAL & EFFICIENCY,Capital Adequacy Ratio %,car_pct,%,2021,0.0018,0.0018,0.18,fraction_inferred,native_numeric,0,Dying_Cyrus_-_SOCB_V7__furnished_.xlsx,24,AI
basic_bank_plc,1,CAPITAL & EFFICIENCY,Capital Adequacy Ratio %,car_pct,%,2022,-0.0136,-0.0136,-1.3599999999999999,fraction_inferred,native_numeric,0,Dying_Cyrus_-_SOCB_V7__furnished_.xlsx,24,AJ
basic_bank_plc,1,CAPITAL & EFFICIENCY,Capital Adequacy Ratio %,car_pct,%,2023,-0.0335,-0.0335,-3.35,fraction_inferred,native_numeric,0,Dying_Cyrus_-_SOCB_V7__furnished_.xlsx,24,AK
basic_bank_plc,1,CAPITAL & EFFICIENCY,Capital Adequacy Ratio %,car_pct,%,2024,,,,fraction_inferred,missing,0,Dying_Cyrus_-_SOCB_V7__furnished_.xlsx,24,AL
basic_bank_plc,1,CAPITAL & EFFICIENCY,Capital Adequacy Ratio %,car_pct,%,2025,,,,fraction_inferred,missing,0,Dying_Cyrus_-_SOCB_V7__furnished_.xlsx,24,AM
basic_bank_plc,1,CAPITAL & EFFICIENCY,Capital Adequacy Ratio %,car_pct,%,2026,,,,fraction_inferred,missing,0,Dying_Cyrus_-_SOCB_V7__furnished_.xlsx,24,AN
basic_bank_plc,1,CAPITAL & EFFICIENCY,Cost-to-Income Ratio %,cost_income_pct,%,1989,,,,fraction_inferred,missing,0,Dying_Cyrus_-_SOCB_V7__furnished_.xlsx,25,C
basic_bank_plc,1,CAPITAL & EFFICIENCY,Cost-to-Income Ratio %,cost_income_pct,%,1990,,,,fraction_inferred,missing,0,Dying_Cyrus_-_SOCB_V7__furnished_.xlsx,25,D
basic_bank_plc,1,CAPITAL & EFFICIENCY,Cost-to-Income Ratio %,cost_income_pct,%,1991,,,,fraction_inferred,missing,0,Dying_Cyrus_-_SOCB_V7__furnished_.xlsx,25,E
basic_bank_plc,1,CAPITAL & EFFICIENCY,Cost-to-Income Ratio %,cost_income_pct,%,1992,,,,fraction_inferred,missing,0,Dying_Cyrus_-_SOCB_V7__furnished_.xlsx,25,F
basic_bank_plc,1,CAPITAL & EFFICIENCY,Cost-to-Income Ratio %,cost_income_pct,%,1993,,,,fraction_inferred,missing,0,Dying_Cyrus_-_SOCB_V7__furnished_.xlsx,25,G
basic_bank_plc,1,CAPITAL & EFFICIENCY,Cost-to-Income Ratio %,cost_income_pct,%,1994,,,,fraction_inferred,missing,0,Dying_Cyrus_-_SOCB_V7__furnished_.xlsx,25,H
basic_bank_plc,1,CAPITAL & EFFICIENCY,Cost-to-Income Ratio %,cost_income_pct,%,1995,,,,fraction_inferred,missing,0,Dying_Cyrus_-_SOCB_V7__furnished_.xlsx,25,I
basic_bank_plc,1,CAPITAL & EFFICIENCY,Cost-to-Income Ratio %,cost_income_pct,%,1996,,,,fraction_inferred,missing,0,Dying_Cyrus_-_SOCB_V7__furnished_.xlsx,25,J
basic_bank_plc,1,CAPITAL & EFFICIENCY,Cost-to-Income Ratio %,cost_income_pct,%,1997,,,,fraction_inferred,missing,0,Dying_Cyrus_-_SOCB_V7__furnished_.xlsx,25,K
basic_bank_plc,1,CAPITAL & EFFICIENCY,Cost-to-Income Ratio %,cost_income_pct,%,1998,,,,fraction_inferred,missing,0,Dying_Cyrus_-_SOCB_V7__furnished_.xlsx,25,L
basic_bank_plc,1,CAPITAL & EFFICIENCY,Cost-to-Income Ratio %,cost_income_pct,%,1999,,,,fraction_inferred,missing,0,Dying_Cyrus_-_SOCB_V7__furnished_.xlsx,25,M
basic_bank_plc,1,CAPITAL & EFFICIENCY,Cost-to-Income Ratio %,cost_income_pct,%,2000,,,,fraction_inferred,missing,0,Dying_Cyrus_-_SOCB_V7__furnished_.xlsx,25,N
basic_bank_plc,1,CAPITAL & EFFICIENCY,Cost-to-Income Ratio %,cost_income_pct,%,2001,,,,fraction_inferred,missing,0,Dying_Cyrus_-_SOCB_V7__furnished_.xlsx,25,O
basic_bank_plc,1,CAPITAL & EFFICIENCY,Cost-to-Income Ratio %,cost_income_pct,%,2002,,,,fraction_inferred,missing,0,Dying_Cyrus_-_SOCB_V7__furnished_.xlsx,25,P
basic_bank_plc,1,CAPITAL & EFFICIENCY,Cost-to-Income Ratio %,cost_income_pct,%,2003,,,,fraction_inferred,missing,0,Dying_Cyrus_-_SOCB_V7__furnished_.xlsx,25,Q
basic_bank_plc,1,CAPITAL & EFFICIENCY,Cost-to-Income Ratio %,cost_income_pct,%,2004,,,,fraction_inferred,missing,0,Dying_Cyrus_-_SOCB_V7__furnished_.xlsx,25,R
basic_bank_plc,1,CAPITAL & EFFICIENCY,Cost-to-Income Ratio %,cost_income_pct,%,2005,,,,fraction_inferred,missing,0,Dying_Cyrus_-_SOCB_V7__furnished_.xlsx,25,S
basic_bank_plc,1,CAPITAL & EFFICIENCY,Cost-to-Income Ratio %,cost_income_pct,%,2006,,,,fraction_inferred,missing,0,Dying_Cyrus_-_SOCB_V7__furnished_.xlsx,25,T
basic_bank_plc,1,CAPITAL & EFFICIENCY,Cost-to-Income Ratio %,cost_income_pct,%,2007,,,,fraction_inferred,missing,0,Dying_Cyrus_-_SOCB_V7__furnished_.xlsx,25,U
basic_bank_plc,1,CAPITAL & EFFICIENCY,Cost-to-Income Ratio %,cost_income_pct,%,2008,0.347570845209267,0.347570845209267,34.7570845209267,fraction_inferred,native_numeric,0,Dying_Cyrus_-_SOCB_V7__furnished_.xlsx,25,V
basic_bank_plc,1,CAPITAL & EFFICIENCY,Cost-to-Income Ratio %,cost_income_pct,%,2009,0.314634714440599,0.314634714440599,31.4634714440599,fraction_inferred,native_numeric,0,Dying_Cyrus_-_SOCB_V7__furnished_.xlsx,25,W
basic_bank_plc,1,CAPITAL & EFFICIENCY,Cost-to-Income Ratio %,cost_income_pct,%,2010,,,,fraction_inferred,missing,0,Dying_Cyrus_-_SOCB_V7__furnished_.xlsx,25,X
basic_bank_plc,1,CAPITAL & EFFICIENCY,Cost-to-Income Ratio %,cost_income_pct,%,2011,0.399901470758458,0.399901470758458,39.9901470758458,fraction_inferred,native_numeric,0,Dying_Cyrus_-_SOCB_V7__furnished_.xlsx,25,Y
basic_bank_plc,1,CAPITAL & EFFICIENCY,Cost-to-Income Ratio %,cost_income_pct,%,2012,0.462686794531625,0.462686794531625,46.2686794531625,fraction_inferred,native_numeric,0,Dying_Cyrus_-_SOCB_V7__furnished_.xlsx,25,Z
basic_bank_plc,1,CAPITAL & EFFICIENCY,Cost-to-Income Ratio %,cost_income_pct,%,2013,0.6525,0.6525,65.25,fraction_inferred,native_numeric,0,Dying_Cyrus_-_SOCB_V7__furnished_.xlsx,25,AA
basic_bank_plc,1,CAPITAL & EFFICIENCY,Cost-to-Income Ratio %,cost_income_pct,%,2014,1.6825,1.6825,168.25,fraction_inferred,native_numeric,0,Dying_Cyrus_-_SOCB_V7__furnished_.xlsx,25,AB
basic_bank_plc,1,CAPITAL & EFFICIENCY,Cost-to-Income Ratio %,cost_income_pct,%,2015,,,,fraction_inferred,missing,0,Dying_Cyrus_-_SOCB_V7__furnished_.xlsx,25,AC
basic_bank_plc,1,CAPITAL & EFFICIENCY,Cost-to-Income Ratio %,cost_income_pct,%,2016,0.9673,0.9673,96.73,fraction_inferred,native_numeric,0,Dying_Cyrus_-_SOCB_V7__furnished_.xlsx,25,AD
basic_bank_plc,1,CAPITAL & EFFICIENCY,Cost-to-Income Ratio %,cost_income_pct,%,2017,0.8914,0.8914,89.14,fraction_inferred,native_numeric,0,Dying_Cyrus_-_SOCB_V7__furnished_.xlsx,25,AE
basic_bank_plc,1,CAPITAL & EFFICIENCY,Cost-to-Income Ratio %,cost_income_pct,%,2018,1.6439,1.6439,164.39,fraction_inferred,native_numeric,0,Dying_Cyrus_-_SOCB_V7__furnished_.xlsx,25,AF
basic_bank_plc,1,CAPITAL & EFFICIENCY,Cost-to-Income Ratio %,cost_income_pct,%,2019,,,,fraction_inferred,missing,0,Dying_Cyrus_-_SOCB_V7__furnished_.xlsx,25,AG
basic_bank_plc,1,CAPITAL & EFFICIENCY,Cost-to-Income Ratio %,cost_income_pct,%,2020,,,,fraction_inferred,missing,0,Dying_Cyrus_-_SOCB_V7__furnished_.xlsx,25,AH
basic_bank_plc,1,CAPITAL & EFFICIENCY,Cost-to-Income Ratio %,cost_income_pct,%,2021,,,,fraction_inferred,missing,0,Dying_Cyrus_-_SOCB_V7__furnished_.xlsx,25,AI
basic_bank_plc,1,CAPITAL & EFFICIENCY,Cost-to-Income Ratio %,cost_income_pct,%,2022,,,,fraction_inferred,missing,0,Dying_Cyrus_-_SOCB_V7__furnished_.xlsx,25,AJ
basic_bank_plc,1,CAPITAL & EFFICIENCY,Cost-to-Income Ratio %,cost_income_pct,%,2023,,,,fraction_inferred,missing,0,Dying_Cyrus_-_SOCB_V7__furnished_.xlsx,25,AK
basic_bank_plc,1,CAPITAL & EFFICIENCY,Cost-to-Income Ratio %,cost_income_pct,%,2024,,,,fraction_inferred,missing,0,Dying_Cyrus_-_SOCB_V7__furnished_.xlsx,25,AL
basic_bank_plc,1,CAPITAL & EFFICIENCY,Cost-to-Income Ratio %,cost_income_pct,%,2025,,,,fraction_inferred,missing,0,Dying_Cyrus_-_SOCB_V7__furnished_.xlsx,25,AM
basic_bank_plc,1,CAPITAL & EFFICIENCY,Cost-to-Income Ratio %,cost_income_pct,%,2026,,,,fraction_inferred,missing,0,Dying_Cyrus_-_SOCB_V7__furnished_.xlsx,25,AN
basic_bank_plc,1,DERIVED METRICS (formulas),NPL / Total Assets %,npl_to_assets_pct,%,1989,,,,fraction,missing,0,Dying_Cyrus_-_SOCB_V7__furnished_.xlsx,27,C
basic_bank_plc,1,DERIVED METRICS (formulas),NPL / Total Assets %,npl_to_assets_pct,%,1990,,,,fraction,missing,0,Dying_Cyrus_-_SOCB_V7__furnished_.xlsx,27,D
basic_bank_plc,1,DERIVED METRICS (formulas),NPL / Total Assets %,npl_to_assets_pct,%,1991,,,,fraction,missing,0,Dying_Cyrus_-_SOCB_V7__furnished_.xlsx,27,E
basic_bank_plc,1,DERIVED METRICS (formulas),NPL / Total Assets %,npl_to_assets_pct,%,1992,,,,fraction,missing,0,Dying_Cyrus_-_SOCB_V7__furnished_.xlsx,27,F
basic_bank_plc,1,DERIVED METRICS (formulas),NPL / Total Assets %,npl_to_assets_pct,%,1993,,,,fraction,missing,0,Dying_Cyrus_-_SOCB_V7__furnished_.xlsx,27,G
basic_bank_plc,1,DERIVED METRICS (formulas),NPL / Total Assets %,npl_to_assets_pct,%,1994,,,,fraction,missing,0,Dying_Cyrus_-_SOCB_V7__furnished_.xlsx,27,H
basic_bank_plc,1,DERIVED METRICS (formulas),NPL / Total Assets %,npl_to_assets_pct,%,1995,,,,fraction,missing,0,Dying_Cyrus_-_SOCB_V7__furnished_.xlsx,27,I
basic_bank_plc,1,DERIVED METRICS (formulas),NPL / Total Assets %,npl_to_assets_pct,%,1996,,,,fraction,missing,0,Dying_Cyrus_-_SOCB_V7__furnished_.xlsx,27,J
basic_bank_plc,1,DERIVED METRICS (formulas),NPL / Total Assets %,npl_to_assets_pct,%,1997,,,,fraction,missing,0,Dying_Cyrus_-_SOCB_V7__furnished_.xlsx,27,K
basic_bank_plc,1,DERIVED METRICS (formulas),NPL / Total Assets %,npl_to_assets_pct,%,1998,,,,fraction,missing,0,Dying_Cyrus_-_SOCB_V7__furnished_.xlsx,27,L
basic_bank_plc,1,DERIVED METRICS (formulas),NPL / Total Assets %,npl_to_assets_pct,%,1999,,,,fraction,missing,0,Dying_Cyrus_-_SOCB_V7__furnished_.xlsx,27,M
basic_bank_plc,1,DERIVED METRICS (formulas),NPL / Total Assets %,npl_to_assets_pct,%,2000,,,,fraction,missing,0,Dying_Cyrus_-_SOCB_V7__furnished_.xlsx,27,N
basic_bank_plc,1,DERIVED METRICS (formulas),NPL / Total Assets %,npl_to_assets_pct,%,2001,,,,fraction,missing,0,Dying_Cyrus_-_SOCB_V7__furnished_.xlsx,27,O
basic_bank_plc,1,DERIVED METRICS (formulas),NPL / Total Assets %,npl_to_assets_pct,%,2002,,,,fraction,missing,0,Dying_Cyrus_-_SOCB_V7__furnished_.xlsx,27,P
basic_bank_plc,1,DERIVED METRICS (formulas),NPL / Total Assets %,npl_to_assets_pct,%,2003,,,,fraction,missing,0,Dying_Cyrus_-_SOCB_V7__furnished_.xlsx,27,Q
basic_bank_plc,1,DERIVED METRICS (formulas),NPL / Total Assets %,npl_to_assets_pct,%,2004,,,,fraction,missing,0,Dying_Cyrus_-_SOCB_V7__furnished_.xlsx,27,R
basic_bank_plc,1,DERIVED METRICS (formulas),NPL / Total Assets %,npl_to_assets_pct,%,2005,0.02573815142,0.02573815142,2.573815142,fraction,native_numeric,0,Dying_Cyrus_-_SOCB_V7__furnished_.xlsx,27,S
basic_bank_plc,1,DERIVED METRICS (formulas),NPL / Total Assets %,npl_to_assets_pct,%,2006,0.02390685143,0.02390685143,2.3906851430000002,fraction,native_numeric,0,Dying_Cyrus_-_SOCB_V7__furnished_.xlsx,27,T
basic_bank_plc,1,DERIVED METRICS (formulas),NPL / Total Assets %,npl_to_assets_pct,%,2007,,,,fraction,missing,0,Dying_Cyrus_-_SOCB_V7__furnished_.xlsx,27,U
basic_bank_plc,1,DERIVED METRICS (formulas),NPL / Total Assets %,npl_to_assets_pct,%,2008,0.0268154564,0.0268154564,2.68154564,fraction,native_numeric,0,Dying_Cyrus_-_SOCB_V7__furnished_.xlsx,27,V
basic_bank_plc,1,DERIVED METRICS (formulas),NPL / Total Assets %,npl_to_assets_pct,%,2009,0.03117191968,0.03117191968,3.117191968,fraction,native_numeric,0,Dying_Cyrus_-_SOCB_V7__furnished_.xlsx,27,W
basic_bank_plc,1,DERIVED METRICS (formulas),NPL / Total Assets %,npl_to_assets_pct,%,2010,,,,fraction,missing,0,Dying_Cyrus_-_SOCB_V7__furnished_.xlsx,27,X
basic_bank_plc,1,DERIVED METRICS (formulas),NPL / Total Assets %,npl_to_assets_pct,%,2011,0.03190740485,0.03190740485,3.190740485,fraction,native_numeric,0,Dying_Cyrus_-_SOCB_V7__furnished_.xlsx,27,Y
basic_bank_plc,1,DERIVED METRICS (formulas),NPL / Total Assets %,npl_to_assets_pct,%,2012,0.06441969635,0.06441969635,6.4419696349999995,fraction,native_numeric,0,Dying_Cyrus_-_SOCB_V7__furnished_.xlsx,27,Z
basic_bank_plc,1,DERIVED METRICS (formulas),NPL / Total Assets %,npl_to_assets_pct,%,2013,0.2002602116,0.2002602116,20.02602116,fraction,native_numeric,0,Dying_Cyrus_-_SOCB_V7__furnished_.xlsx,27,AA
basic_bank_plc,1,DERIVED METRICS (formulas),NPL / Total Assets %,npl_to_assets_pct,%,2014,0.2985717561,0.2985717561,29.85717561,fraction,native_numeric,0,Dying_Cyrus_-_SOCB_V7__furnished_.xlsx,27,AB
basic_bank_plc,1,DERIVED METRICS (formulas),NPL / Total Assets %,npl_to_assets_pct,%,2015,,,,fraction,missing,0,Dying_Cyrus_-_SOCB_V7__furnished_.xlsx,27,AC
basic_bank_plc,1,DERIVED METRICS (formulas),NPL / Total Assets %,npl_to_assets_pct,%,2016,0.3565839208,0.3565839208,35.65839208,fraction,native_numeric,0,Dying_Cyrus_-_SOCB_V7__furnished_.xlsx,27,AD
basic_bank_plc,1,DERIVED METRICS (formulas),NPL / Total Assets %,npl_to_assets_pct,%,2017,0.4000161556,0.4000161556,40.00161556,fraction,native_numeric,0,Dying_Cyrus_-_SOCB_V7__furnished_.xlsx,27,AE
basic_bank_plc,1,DERIVED METRICS (formulas),NPL / Total Assets %,npl_to_assets_pct,%,2018,0.451022265,0.451022265,45.1022265,fraction,native_numeric,0,Dying_Cyrus_-_SOCB_V7__furnished_.xlsx,27,AF
basic_bank_plc,1,DERIVED METRICS (formulas),NPL / Total Assets %,npl_to_assets_pct,%,2019,0.4050386944,0.4050386944,40.50386944,fraction,native_numeric,0,Dying_Cyrus_-_SOCB_V7__furnished_.xlsx,27,AG
basic_bank_plc,1,DERIVED METRICS (formulas),NPL / Total Assets %,npl_to_assets_pct,%,2020,0.3921222476,0.3921222476,39.21222476,fraction,native_numeric,0,Dying_Cyrus_-_SOCB_V7__furnished_.xlsx,27,AH
basic_bank_plc,1,DERIVED METRICS (formulas),NPL / Total Assets %,npl_to_assets_pct,%,2021,0.441689884,0.441689884,44.168988399999996,fraction,native_numeric,0,Dying_Cyrus_-_SOCB_V7__furnished_.xlsx,27,AI
basic_bank_plc,1,DERIVED METRICS (formulas),NPL / Total Assets %,npl_to_assets_pct,%,2022,0.4312121852,0.4312121852,43.12121852,fraction,native_numeric,0,Dying_Cyrus_-_SOCB_V7__furnished_.xlsx,27,AJ
basic_bank_plc,1,DERIVED METRICS (formulas),NPL / Total Assets %,npl_to_assets_pct,%,2023,0.495461806,0.495461806,49.5461806,fraction,native_numeric,0,Dying_Cyrus_-_SOCB_V7__furnished_.xlsx,27,AK
basic_bank_plc,1,DERIVED METRICS (formulas),NPL / Total Assets %,npl_to_assets_pct,%,2024,,,,fraction,missing,0,Dying_Cyrus_-_SOCB_V7__furnished_.xlsx,27,AL
basic_bank_plc,1,DERIVED METRICS (formulas),NPL / Total Assets %,npl_to_assets_pct,%,2025,,,,fraction,missing,0,Dying_Cyrus_-_SOCB_V7__furnished_.xlsx,27,AM
basic_bank_plc,1,DERIVED METRICS (formulas),NPL / Total Assets %,npl_to_assets_pct,%,2026,,,,fraction,missing,0,Dying_Cyrus_-_SOCB_V7__furnished_.xlsx,27,AN
basic_bank_plc,1,DERIVED METRICS (formulas),YoY NPAT growth %,yoy_npat_growth_pct,%,1989,,,,percent_points,missing,0,Dying_Cyrus_-_SOCB_V7__furnished_.xlsx,28,C
basic_bank_plc,1,DERIVED METRICS (formulas),YoY NPAT growth %,yoy_npat_growth_pct,%,1990,2,2.0,2.0,percent_points,native_numeric,0,Dying_Cyrus_-_SOCB_V7__furnished_.xlsx,28,D
basic_bank_plc,1,DERIVED METRICS (formulas),YoY NPAT growth %,yoy_npat_growth_pct,%,1991,-0.122324159,-0.122324159,-0.122324159,percent_points,native_numeric,0,Dying_Cyrus_-_SOCB_V7__furnished_.xlsx,28,E
basic_bank_plc,1,DERIVED METRICS (formulas),YoY NPAT growth %,yoy_npat_growth_pct,%,1992,0.4390243902,0.4390243902,0.4390243902,percent_points,native_numeric,0,Dying_Cyrus_-_SOCB_V7__furnished_.xlsx,28,F
basic_bank_plc,1,DERIVED METRICS (formulas),YoY NPAT growth %,yoy_npat_growth_pct,%,1993,3.196125908,3.196125908,3.196125908,percent_points,native_numeric,0,Dying_Cyrus_-_SOCB_V7__furnished_.xlsx,28,G
basic_bank_plc,1,DERIVED METRICS (formulas),YoY NPAT growth %,yoy_npat_growth_pct,%,1994,0.4818234276,0.4818234276,0.4818234276,percent_points,native_numeric,0,Dying_Cyrus_-_SOCB_V7__furnished_.xlsx,28,H
basic_bank_plc,1,DERIVED METRICS (formulas),YoY NPAT growth %,yoy_npat_growth_pct,%,1995,1.043613707,1.043613707,1.043613707,percent_points,native_numeric,0,Dying_Cyrus_-_SOCB_V7__furnished_.xlsx,28,I
basic_bank_plc,1,DERIVED METRICS (formulas),YoY NPAT growth %,yoy_npat_growth_pct,%,1996,0.1008003049,0.1008003049,0.1008003049,percent_points,native_numeric,0,Dying_Cyrus_-_SOCB_V7__furnished_.xlsx,28,J
basic_bank_plc,1,DERIVED METRICS (formulas),YoY NPAT growth %,yoy_npat_growth_pct,%,1997,0.637701229,0.637701229,0.637701229,percent_points,native_numeric,0,Dying_Cyrus_-_SOCB_V7__furnished_.xlsx,28,K
basic_bank_plc,1,DERIVED METRICS (formulas),YoY NPAT growth %,yoy_npat_growth_pct,%,1998,0.4390656379,0.4390656379,0.4390656379,percent_points,native_numeric,0,Dying_Cyrus_-_SOCB_V7__furnished_.xlsx,28,L
basic_bank_plc,1,DERIVED METRICS (formulas),YoY NPAT growth %,yoy_npat_growth_pct,%,1999,0.1748071979,0.1748071979,0.1748071979,percent_points,native_numeric,0,Dying_Cyrus_-_SOCB_V7__furnished_.xlsx,28,M
basic_bank_plc,1,DERIVED METRICS (formulas),YoY NPAT growth %,yoy_npat_growth_pct,%,2000,0.08371366052,0.08371366052,0.08371366052,percent_points,native_numeric,0,Dying_Cyrus_-_SOCB_V7__furnished_.xlsx,28,N
basic_bank_plc,1,DERIVED METRICS (formulas),YoY NPAT growth %,yoy_npat_growth_pct,%,2001,0.2326641283,0.2326641283,0.2326641283,percent_points,native_numeric,0,Dying_Cyrus_-_SOCB_V7__furnished_.xlsx,28,O
basic_bank_plc,1,DERIVED METRICS (formulas),YoY NPAT growth %,yoy_npat_growth_pct,%,2002,0.1772827257,0.1772827257,0.1772827257,percent_points,native_numeric,0,Dying_Cyrus_-_SOCB_V7__furnished_.xlsx,28,P
basic_bank_plc,1,DERIVED METRICS (formulas),YoY NPAT growth %,yoy_npat_growth_pct,%,2003,-0.06026634864,-0.06026634864,-0.06026634864,percent_points,native_numeric,0,Dying_Cyrus_-_SOCB_V7__furnished_.xlsx,28,Q
basic_bank_plc,1,DERIVED METRICS (formulas),YoY NPAT growth %,yoy_npat_growth_pct,%,2004,0.2330470832,0.2330470832,0.2330470832,percent_points,native_numeric,0,Dying_Cyrus_-_SOCB_V7__furnished_.xlsx,28,R
basic_bank_plc,1,DERIVED METRICS (formulas),YoY NPAT growth %,yoy_npat_growth_pct,%,2005,-0.02055029505,-0.02055029505,-0.02055029505,percent_points,native_numeric,0,Dying_Cyrus_-_SOCB_V7__furnished_.xlsx,28,S
basic_bank_plc,1,DERIVED METRICS (formulas),YoY NPAT growth %,yoy_npat_growth_pct,%,2006,0.9410136958,0.9410136958,0.9410136958,percent_points,native_numeric,0,Dying_Cyrus_-_SOCB_V7__furnished_.xlsx,28,T
basic_bank_plc,1,DERIVED METRICS (formulas),YoY NPAT growth %,yoy_npat_growth_pct,%,2007,-0.4893709171,-0.4893709171,-0.4893709171,percent_points,native_numeric,0,Dying_Cyrus_-_SOCB_V7__furnished_.xlsx,28,U
basic_bank_plc,1,DERIVED METRICS (formulas),YoY NPAT growth %,yoy_npat_growth_pct,%,2008,0.9432428612,0.9432428612,0.9432428612,percent_points,native_numeric,0,Dying_Cyrus_-_SOCB_V7__furnished_.xlsx,28,V
basic_bank_plc,1,DERIVED METRICS (formulas),YoY NPAT growth %,yoy_npat_growth_pct,%,2009,0.1800276434,0.1800276434,0.1800276434,percent_points,native_numeric,0,Dying_Cyrus_-_SOCB_V7__furnished_.xlsx,28,W
basic_bank_plc,1,DERIVED METRICS (formulas),YoY NPAT growth %,yoy_npat_growth_pct,%,2010,0.01861755413,0.01861755413,0.01861755413,percent_points,native_numeric,0,Dying_Cyrus_-_SOCB_V7__furnished_.xlsx,28,X
basic_bank_plc,1,DERIVED METRICS (formulas),YoY NPAT growth %,yoy_npat_growth_pct,%,2011,0.4768734964,0.4768734964,0.4768734964,percent_points,native_numeric,0,Dying_Cyrus_-_SOCB_V7__furnished_.xlsx,28,Y
basic_bank_plc,1,DERIVED METRICS (formulas),YoY NPAT growth %,yoy_npat_growth_pct,%,2012,-0.9714274006,-0.9714274006,-0.9714274006,percent_points,native_numeric,0,Dying_Cyrus_-_SOCB_V7__furnished_.xlsx,28,Z
basic_bank_plc,1,DERIVED METRICS (formulas),YoY NPAT growth %,yoy_npat_growth_pct,%,2013,-20.05808534,-20.05808534,-20.05808534,percent_points,native_numeric,0,Dying_Cyrus_-_SOCB_V7__furnished_.xlsx,28,AA
basic_bank_plc,1,DERIVED METRICS (formulas),YoY NPAT growth %,yoy_npat_growth_pct,%,2014,-1.069798506,-1.069798506,-1.069798506,percent_points,native_numeric,0,Dying_Cyrus_-_SOCB_V7__furnished_.xlsx,28,AB
basic_bank_plc,1,DERIVED METRICS (formulas),YoY NPAT growth %,yoy_npat_growth_pct,%,2015,-1.854457533,-1.854457533,-1.854457533,percent_points,native_numeric,0,Dying_Cyrus_-_SOCB_V7__furnished_.xlsx,28,AC
basic_bank_plc,1,DERIVED METRICS (formulas),YoY NPAT growth %,yoy_npat_growth_pct,%,2016,-3.754359373,-3.754359373,-3.754359373,percent_points,native_numeric,0,Dying_Cyrus_-_SOCB_V7__furnished_.xlsx,28,AD
basic_bank_plc,1,DERIVED METRICS (formulas),YoY NPAT growth %,yoy_npat_growth_pct,%,2017,0.54162715,0.54162715,0.54162715,percent_points,native_numeric,0,Dying_Cyrus_-_SOCB_V7__furnished_.xlsx,28,AE
basic_bank_plc,1,DERIVED METRICS (formulas),YoY NPAT growth %,yoy_npat_growth_pct,%,2018,0.4828886171,0.4828886171,0.4828886171,percent_points,native_numeric,0,Dying_Cyrus_-_SOCB_V7__furnished_.xlsx,28,AF
basic_bank_plc,1,DERIVED METRICS (formulas),YoY NPAT growth %,yoy_npat_growth_pct,%,2019,0.07627121039,0.07627121039,0.07627121039,percent_points,native_numeric,0,Dying_Cyrus_-_SOCB_V7__furnished_.xlsx,28,AG
basic_bank_plc,1,DERIVED METRICS (formulas),YoY NPAT growth %,yoy_npat_growth_pct,%,2020,-0.1373954965,-0.1373954965,-0.1373954965,percent_points,native_numeric,0,Dying_Cyrus_-_SOCB_V7__furnished_.xlsx,28,AH
basic_bank_plc,1,DERIVED METRICS (formulas),YoY NPAT growth %,yoy_npat_growth_pct,%,2021,-0.06767020424,-0.06767020424,-0.06767020424,percent_points,native_numeric,0,Dying_Cyrus_-_SOCB_V7__furnished_.xlsx,28,AI
basic_bank_plc,1,DERIVED METRICS (formulas),YoY NPAT growth %,yoy_npat_growth_pct,%,2022,0.6721111192,0.6721111192,0.6721111192,percent_points,native_numeric,0,Dying_Cyrus_-_SOCB_V7__furnished_.xlsx,28,AJ
basic_bank_plc,1,DERIVED METRICS (formulas),YoY NPAT growth %,yoy_npat_growth_pct,%,2023,-2.198209964,-2.198209964,-2.198209964,percent_points,native_numeric,0,Dying_Cyrus_-_SOCB_V7__furnished_.xlsx,28,AK
basic_bank_plc,1,DERIVED METRICS (formulas),YoY NPAT growth %,yoy_npat_growth_pct,%,2024,1,1.0,1.0,percent_points,native_numeric,0,Dying_Cyrus_-_SOCB_V7__furnished_.xlsx,28,AL
basic_bank_plc,1,DERIVED METRICS (formulas),YoY NPAT growth %,yoy_npat_growth_pct,%,2025,,,,percent_points,missing,0,Dying_Cyrus_-_SOCB_V7__furnished_.xlsx,28,AM
basic_bank_plc,1,DERIVED METRICS (formulas),YoY NPAT growth %,yoy_npat_growth_pct,%,2026,,,,percent_points,missing,0,Dying_Cyrus_-_SOCB_V7__furnished_.xlsx,28,AN
basic_bank_plc,1,DERIVED METRICS (formulas),YoY Total Assets growth %,yoy_total_assets_growth_pct,%,1989,,,,fraction,missing,0,Dying_Cyrus_-_SOCB_V7__furnished_.xlsx,29,C
basic_bank_plc,1,DERIVED METRICS (formulas),YoY Total Assets growth %,yoy_total_assets_growth_pct,%,1990,0.6273940944,0.6273940944,62.73940944,fraction,native_numeric,0,Dying_Cyrus_-_SOCB_V7__furnished_.xlsx,29,D
basic_bank_plc,1,DERIVED METRICS (formulas),YoY Total Assets growth %,yoy_total_assets_growth_pct,%,1991,0.4977413848,0.4977413848,49.774138480000005,fraction,native_numeric,0,Dying_Cyrus_-_SOCB_V7__furnished_.xlsx,29,E
basic_bank_plc,1,DERIVED METRICS (formulas),YoY Total Assets growth %,yoy_total_assets_growth_pct,%,1992,0.661286906,0.661286906,66.1286906,fraction,native_numeric,0,Dying_Cyrus_-_SOCB_V7__furnished_.xlsx,29,F
basic_bank_plc,1,DERIVED METRICS (formulas),YoY Total Assets growth %,yoy_total_assets_growth_pct,%,1993,0.4093506178,0.4093506178,40.93506178,fraction,native_numeric,0,Dying_Cyrus_-_SOCB_V7__furnished_.xlsx,29,G
basic_bank_plc,1,DERIVED METRICS (formulas),YoY Total Assets growth %,yoy_total_assets_growth_pct,%,1994,0.1243876905,0.1243876905,12.43876905,fraction,native_numeric,0,Dying_Cyrus_-_SOCB_V7__furnished_.xlsx,29,H
basic_bank_plc,1,DERIVED METRICS (formulas),YoY Total Assets growth %,yoy_total_assets_growth_pct,%,1995,0.2568385156,0.2568385156,25.683851559999997,fraction,native_numeric,0,Dying_Cyrus_-_SOCB_V7__furnished_.xlsx,29,I
basic_bank_plc,1,DERIVED METRICS (formulas),YoY Total Assets growth %,yoy_total_assets_growth_pct,%,1996,0.2080355836,0.2080355836,20.80355836,fraction,native_numeric,0,Dying_Cyrus_-_SOCB_V7__furnished_.xlsx,29,J
basic_bank_plc,1,DERIVED METRICS (formulas),YoY Total Assets growth %,yoy_total_assets_growth_pct,%,1997,0.0978132768,0.0978132768,9.78132768,fraction,native_numeric,0,Dying_Cyrus_-_SOCB_V7__furnished_.xlsx,29,K
basic_bank_plc,1,DERIVED METRICS (formulas),YoY Total Assets growth %,yoy_total_assets_growth_pct,%,1998,0.2920434745,0.2920434745,29.20434745,fraction,native_numeric,0,Dying_Cyrus_-_SOCB_V7__furnished_.xlsx,29,L
basic_bank_plc,1,DERIVED METRICS (formulas),YoY Total Assets growth %,yoy_total_assets_growth_pct,%,1999,0.2762353284,0.2762353284,27.62353284,fraction,native_numeric,0,Dying_Cyrus_-_SOCB_V7__furnished_.xlsx,29,M
basic_bank_plc,1,DERIVED METRICS (formulas),YoY Total Assets growth %,yoy_total_assets_growth_pct,%,2000,0.07772017114,0.07772017114,7.7720171140000005,fraction,native_numeric,0,Dying_Cyrus_-_SOCB_V7__furnished_.xlsx,29,N
basic_bank_plc,1,DERIVED METRICS (formulas),YoY Total Assets growth %,yoy_total_assets_growth_pct,%,2001,0.2575792266,0.2575792266,25.75792266,fraction,native_numeric,0,Dying_Cyrus_-_SOCB_V7__furnished_.xlsx,29,O
basic_bank_plc,1,DERIVED METRICS (formulas),YoY Total Assets growth %,yoy_total_assets_growth_pct,%,2002,0.3391805948,0.3391805948,33.918059480000004,fraction,native_numeric,0,Dying_Cyrus_-_SOCB_V7__furnished_.xlsx,29,P
basic_bank_plc,1,DERIVED METRICS (formulas),YoY Total Assets growth %,yoy_total_assets_growth_pct,%,2003,0.1341764841,0.1341764841,13.41764841,fraction,native_numeric,0,Dying_Cyrus_-_SOCB_V7__furnished_.xlsx,29,Q
basic_bank_plc,1,DERIVED METRICS (formulas),YoY Total Assets growth %,yoy_total_assets_growth_pct,%,2004,0.3162771767,0.3162771767,31.62771767,fraction,native_numeric,0,Dying_Cyrus_-_SOCB_V7__furnished_.xlsx,29,R
basic_bank_plc,1,DERIVED METRICS (formulas),YoY Total Assets growth %,yoy_total_assets_growth_pct,%,2005,0.3961501438,0.3961501438,39.615014380000005,fraction,native_numeric,0,Dying_Cyrus_-_SOCB_V7__furnished_.xlsx,29,S
basic_bank_plc,1,DERIVED METRICS (formulas),YoY Total Assets growth %,yoy_total_assets_growth_pct,%,2006,0.08404661346,0.08404661346,8.404661346000001,fraction,native_numeric,0,Dying_Cyrus_-_SOCB_V7__furnished_.xlsx,29,T
basic_bank_plc,1,DERIVED METRICS (formulas),YoY Total Assets growth %,yoy_total_assets_growth_pct,%,2007,0.3180742895,0.3180742895,31.80742895,fraction,native_numeric,0,Dying_Cyrus_-_SOCB_V7__furnished_.xlsx,29,U
basic_bank_plc,1,DERIVED METRICS (formulas),YoY Total Assets growth %,yoy_total_assets_growth_pct,%,2008,0.2033872777,0.2033872777,20.338727770000002,fraction,native_numeric,0,Dying_Cyrus_-_SOCB_V7__furnished_.xlsx,29,V
basic_bank_plc,1,DERIVED METRICS (formulas),YoY Total Assets growth %,yoy_total_assets_growth_pct,%,2009,-0.02896954846,-0.02896954846,-2.8969548460000003,fraction,native_numeric,0,Dying_Cyrus_-_SOCB_V7__furnished_.xlsx,29,W
basic_bank_plc,1,DERIVED METRICS (formulas),YoY Total Assets growth %,yoy_total_assets_growth_pct,%,2010,0.35889818,0.35889818,35.889818,fraction,native_numeric,0,Dying_Cyrus_-_SOCB_V7__furnished_.xlsx,29,X
basic_bank_plc,1,DERIVED METRICS (formulas),YoY Total Assets growth %,yoy_total_assets_growth_pct,%,2011,0.2673788497,0.2673788497,26.737884969999996,fraction,native_numeric,0,Dying_Cyrus_-_SOCB_V7__furnished_.xlsx,29,Y
basic_bank_plc,1,DERIVED METRICS (formulas),YoY Total Assets growth %,yoy_total_assets_growth_pct,%,2012,0.4056084621,0.4056084621,40.56084621,fraction,native_numeric,0,Dying_Cyrus_-_SOCB_V7__furnished_.xlsx,29,Z
basic_bank_plc,1,DERIVED METRICS (formulas),YoY Total Assets growth %,yoy_total_assets_growth_pct,%,2013,0.4320681978,0.4320681978,43.20681978,fraction,native_numeric,0,Dying_Cyrus_-_SOCB_V7__furnished_.xlsx,29,AA
basic_bank_plc,1,DERIVED METRICS (formulas),YoY Total Assets growth %,yoy_total_assets_growth_pct,%,2014,0.08942601488,0.08942601488,8.942601488,fraction,native_numeric,0,Dying_Cyrus_-_SOCB_V7__furnished_.xlsx,29,AB
basic_bank_plc,1,DERIVED METRICS (formulas),YoY Total Assets growth %,yoy_total_assets_growth_pct,%,2015,0.134730178,0.134730178,13.473017800000001,fraction,native_numeric,0,Dying_Cyrus_-_SOCB_V7__furnished_.xlsx,29,AC
basic_bank_plc,1,DERIVED METRICS (formulas),YoY Total Assets growth %,yoy_total_assets_growth_pct,%,2016,0.05441668208,0.05441668208,5.441668208,fraction,native_numeric,0,Dying_Cyrus_-_SOCB_V7__furnished_.xlsx,29,AD
basic_bank_plc,1,DERIVED METRICS (formulas),YoY Total Assets growth %,yoy_total_assets_growth_pct,%,2017,-0.02892923075,-0.02892923075,-2.892923075,fraction,native_numeric,0,Dying_Cyrus_-_SOCB_V7__furnished_.xlsx,29,AE
basic_bank_plc,1,DERIVED METRICS (formulas),YoY Total Assets growth %,yoy_total_assets_growth_pct,%,2018,-0.0364972414,-0.0364972414,-3.64972414,fraction,native_numeric,0,Dying_Cyrus_-_SOCB_V7__furnished_.xlsx,29,AF
basic_bank_plc,1,DERIVED METRICS (formulas),YoY Total Assets growth %,yoy_total_assets_growth_pct,%,2019,0.01751698067,0.01751698067,1.7516980670000002,fraction,native_numeric,0,Dying_Cyrus_-_SOCB_V7__furnished_.xlsx,29,AG
basic_bank_plc,1,DERIVED METRICS (formulas),YoY Total Assets growth %,yoy_total_assets_growth_pct,%,2020,0.009040870279,0.009040870279,0.9040870279,fraction,native_numeric,0,Dying_Cyrus_-_SOCB_V7__furnished_.xlsx,29,AH
basic_bank_plc,1,DERIVED METRICS (formulas),YoY Total Assets growth %,yoy_total_assets_growth_pct,%,2021,-0.005678464179,-0.005678464179,-0.5678464179,fraction,native_numeric,0,Dying_Cyrus_-_SOCB_V7__furnished_.xlsx,29,AI
basic_bank_plc,1,DERIVED METRICS (formulas),YoY Total Assets growth %,yoy_total_assets_growth_pct,%,2022,-0.07662761584,-0.07662761584,-7.662761584,fraction,native_numeric,0,Dying_Cyrus_-_SOCB_V7__furnished_.xlsx,29,AJ
basic_bank_plc,1,DERIVED METRICS (formulas),YoY Total Assets growth %,yoy_total_assets_growth_pct,%,2023,-0.06863876391,-0.06863876391,-6.863876391,fraction,native_numeric,0,Dying_Cyrus_-_SOCB_V7__furnished_.xlsx,29,AK
basic_bank_plc,1,DERIVED METRICS (formulas),YoY Total Assets growth %,yoy_total_assets_growth_pct,%,2024,-1,-1.0,-100.0,fraction,native_numeric,0,Dying_Cyrus_-_SOCB_V7__furnished_.xlsx,29,AL
basic_bank_plc,1,DERIVED METRICS (formulas),YoY Total Assets growth %,yoy_total_assets_growth_pct,%,2025,,,,fraction,missing,0,Dying_Cyrus_-_SOCB_V7__furnished_.xlsx,29,AM
basic_bank_plc,1,DERIVED METRICS (formulas),YoY Total Assets growth %,yoy_total_assets_growth_pct,%,2026,,,,fraction,missing,0,Dying_Cyrus_-_SOCB_V7__furnished_.xlsx,29,AN
janata_bank_plc,1,BALANCE SHEET,Total Assets,total_assets,Tk mn,1972,2969.71,2969.71,,,native_numeric,0,Dying_Cyrus_-_SOCB_V7__furnished_.xlsx,6,C
janata_bank_plc,1,BALANCE SHEET,Total Assets,total_assets,Tk mn,1973,3954.82,3954.82,,,native_numeric,0,Dying_Cyrus_-_SOCB_V7__furnished_.xlsx,6,D
janata_bank_plc,1,BALANCE SHEET,Total Assets,total_assets,Tk mn,1974,4498.15,4498.15,,,native_numeric,0,Dying_Cyrus_-_SOCB_V7__furnished_.xlsx,6,E
janata_bank_plc,1,BALANCE SHEET,Total Assets,total_assets,Tk mn,1975,6313.35,6313.35,,,native_numeric,0,Dying_Cyrus_-_SOCB_V7__furnished_.xlsx,6,F
janata_bank_plc,1,BALANCE SHEET,Total Assets,total_assets,Tk mn,1976,8420.83,8420.83,,,native_numeric,0,Dying_Cyrus_-_SOCB_V7__furnished_.xlsx,6,G
janata_bank_plc,1,BALANCE SHEET,Total Assets,total_assets,Tk mn,1977,9994.18,9994.18,,,native_numeric,0,Dying_Cyrus_-_SOCB_V7__furnished_.xlsx,6,H
janata_bank_plc,1,BALANCE SHEET,Total Assets,total_assets,Tk mn,1978,11248.11,11248.11,,,native_numeric,0,Dying_Cyrus_-_SOCB_V7__furnished_.xlsx,6,I
janata_bank_plc,1,BALANCE SHEET,Total Assets,total_assets,Tk mn,1979,14446.55,14446.55,,,native_numeric,0,Dying_Cyrus_-_SOCB_V7__furnished_.xlsx,6,J
janata_bank_plc,1,BALANCE SHEET,Total Assets,total_assets,Tk mn,1980,16559.5,16559.5,,,native_numeric,0,Dying_Cyrus_-_SOCB_V7__furnished_.xlsx,6,K
janata_bank_plc,1,BALANCE SHEET,Total Assets,total_assets,Tk mn,1981,16979.59,16979.59,,,native_numeric,0,Dying_Cyrus_-_SOCB_V7__furnished_.xlsx,6,L
janata_bank_plc,1,BALANCE SHEET,Total Assets,total_assets,Tk mn,1982,19736.24,19736.24,,,native_numeric,0,Dying_Cyrus_-_SOCB_V7__furnished_.xlsx,6,M
janata_bank_plc,1,BALANCE SHEET,Total Assets,total_assets,Tk mn,1983,24474.88,24474.88,,,native_numeric,0,Dying_Cyrus_-_SOCB_V7__furnished_.xlsx,6,N
janata_bank_plc,1,BALANCE SHEET,Total Assets,total_assets,Tk mn,1984,32992.43,32992.43,,,native_numeric,0,Dying_Cyrus_-_SOCB_V7__furnished_.xlsx,6,O
janata_bank_plc,1,BALANCE SHEET,Total Assets,total_assets,Tk mn,1985,35671.5,35671.5,,,native_numeric,0,Dying_Cyrus_-_SOCB_V7__furnished_.xlsx,6,P
janata_bank_plc,1,BALANCE SHEET,Total Assets,total_assets,Tk mn,1986,35646.32,35646.32,,,native_numeric,0,Dying_Cyrus_-_SOCB_V7__furnished_.xlsx,6,Q
janata_bank_plc,1,BALANCE SHEET,Total Assets,total_assets,Tk mn,1987,40976.41,40976.41,,,native_numeric,0,Dying_Cyrus_-_SOCB_V7__furnished_.xlsx,6,R
janata_bank_plc,1,BALANCE SHEET,Total Assets,total_assets,Tk mn,1988,47676.04,47676.04,,,native_numeric,0,Dying_Cyrus_-_SOCB_V7__furnished_.xlsx,6,S
janata_bank_plc,1,BALANCE SHEET,Total Assets,total_assets,Tk mn,1989,54525.89,54525.89,,,native_numeric,0,Dying_Cyrus_-_SOCB_V7__furnished_.xlsx,6,T
janata_bank_plc,1,BALANCE SHEET,Total Assets,total_assets,Tk mn,1990,64244.66,64244.66,,,native_numeric,0,Dying_Cyrus_-_SOCB_V7__furnished_.xlsx,6,U
janata_bank_plc,1,BALANCE SHEET,Total Assets,total_assets,Tk mn,1991,67857.03,67857.03,,,native_numeric,0,Dying_Cyrus_-_SOCB_V7__furnished_.xlsx,6,V
janata_bank_plc,1,BALANCE SHEET,Total Assets,total_assets,Tk mn,1992,72606.03,72606.03,,,native_numeric,0,Dying_Cyrus_-_SOCB_V7__furnished_.xlsx,6,W
janata_bank_plc,1,BALANCE SHEET,Total Assets,total_assets,Tk mn,1993,78531.82,78531.82,,,native_numeric,0,Dying_Cyrus_-_SOCB_V7__furnished_.xlsx,6,X
janata_bank_plc,1,BALANCE SHEET,Total Assets,total_assets,Tk mn,1994,87559.42,87559.42,,,native_numeric,0,Dying_Cyrus_-_SOCB_V7__furnished_.xlsx,6,Y
janata_bank_plc,1,BALANCE SHEET,Total Assets,total_assets,Tk mn,1995,95585.65,95585.65,,,native_numeric,0,Dying_Cyrus_-_SOCB_V7__furnished_.xlsx,6,Z
janata_bank_plc,1,BALANCE SHEET,Total Assets,total_assets,Tk mn,1996,100359.68,100359.68,,,native_numeric,0,Dying_Cyrus_-_SOCB_V7__furnished_.xlsx,6,AA
janata_bank_plc,1,BALANCE SHEET,Total Assets,total_assets,Tk mn,1997,112994.27,112994.27,,,native_numeric,0,Dying_Cyrus_-_SOCB_V7__furnished_.xlsx,6,AB
janata_bank_plc,1,BALANCE SHEET,Total Assets,total_assets,Tk mn,1998,122771.03,122771.03,,,native_numeric,0,Dying_Cyrus_-_SOCB_V7__furnished_.xlsx,6,AC
janata_bank_plc,1,BALANCE SHEET,Total Assets,total_assets,Tk mn,1999,125887.96,125887.96,,,native_numeric,0,Dying_Cyrus_-_SOCB_V7__furnished_.xlsx,6,AD
janata_bank_plc,1,BALANCE SHEET,Total Assets,total_assets,Tk mn,2000,128567.89,128567.89,,,native_numeric,0,Dying_Cyrus_-_SOCB_V7__furnished_.xlsx,6,AE
janata_bank_plc,1,BALANCE SHEET,Total Assets,total_assets,Tk mn,2001,152041.78,152041.78,,,native_numeric,0,Dying_Cyrus_-_SOCB_V7__furnished_.xlsx,6,AF
janata_bank_plc,1,BALANCE SHEET,Total Assets,total_assets,Tk mn,2002,168234.65,168234.65,,,native_numeric,0,Dying_Cyrus_-_SOCB_V7__furnished_.xlsx,6,AG
janata_bank_plc,1,BALANCE SHEET,Total Assets,total_assets,Tk mn,2003,156341.35,156341.35,,,native_numeric,0,Dying_Cyrus_-_SOCB_V7__furnished_.xlsx,6,AH
janata_bank_plc,1,BALANCE SHEET,Total Assets,total_assets,Tk mn,2004,169030.51,169030.51,,,native_numeric,0,Dying_Cyrus_-_SOCB_V7__furnished_.xlsx,6,AI
janata_bank_plc,1,BALANCE SHEET,Total Assets,total_assets,Tk mn,2005,188166.18,188166.18,,,native_numeric,0,Dying_Cyrus_-_SOCB_V7__furnished_.xlsx,6,AJ
janata_bank_plc,1,BALANCE SHEET,Total Assets,total_assets,Tk mn,2006,212663.93,212663.93,,,native_numeric,0,Dying_Cyrus_-_SOCB_V7__furnished_.xlsx,6,AK
janata_bank_plc,1,BALANCE SHEET,Total Assets,total_assets,Tk mn,2007,243088.2,243088.2,,,native_numeric,0,Dying_Cyrus_-_SOCB_V7__furnished_.xlsx,6,AL
janata_bank_plc,1,BALANCE SHEET,Total Assets,total_assets,Tk mn,2008,267157.3,267157.3,,,native_numeric,0,Dying_Cyrus_-_SOCB_V7__furnished_.xlsx,6,AM
janata_bank_plc,1,BALANCE SHEET,Total Assets,total_assets,Tk mn,2009,293662.78,293662.78,,,native_numeric,0,Dying_Cyrus_-_SOCB_V7__furnished_.xlsx,6,AN
janata_bank_plc,1,BALANCE SHEET,Total Assets,total_assets,Tk mn,2010,345233.93,345233.93,,,native_numeric,0,Dying_Cyrus_-_SOCB_V7__furnished_.xlsx,6,AO
janata_bank_plc,1,BALANCE SHEET,Total Assets,total_assets,Tk mn,2011,440389.37,440389.37,,,native_numeric,0,Dying_Cyrus_-_SOCB_V7__furnished_.xlsx,6,AP
janata_bank_plc,1,BALANCE SHEET,Total Assets,total_assets,Tk mn,2012,511129.41,511129.41,,,native_numeric,0,Dying_Cyrus_-_SOCB_V7__furnished_.xlsx,6,AQ
janata_bank_plc,1,BALANCE SHEET,Total Assets,total_assets,Tk mn,2013,586082.99,586082.99,,,native_numeric,0,Dying_Cyrus_-_SOCB_V7__furnished_.xlsx,6,AR
janata_bank_plc,1,BALANCE SHEET,Total Assets,total_assets,Tk mn,2014,629454.14,629454.14,,,native_numeric,0,Dying_Cyrus_-_SOCB_V7__furnished_.xlsx,6,AS
janata_bank_plc,1,BALANCE SHEET,Total Assets,total_assets,Tk mn,2015,683157.58,683157.58,,,native_numeric,0,Dying_Cyrus_-_SOCB_V7__furnished_.xlsx,6,AT
janata_bank_plc,1,BALANCE SHEET,Total Assets,total_assets,Tk mn,2016,778603.91,778603.91,,,native_numeric,0,Dying_Cyrus_-_SOCB_V7__furnished_.xlsx,6,AU
janata_bank_plc,1,BALANCE SHEET,Total Assets,total_assets,Tk mn,2017,805988.41,805988.41,,,native_numeric,0,Dying_Cyrus_-_SOCB_V7__furnished_.xlsx,6,AV
janata_bank_plc,1,BALANCE SHEET,Total Assets,total_assets,Tk mn,2018,866046.48,866046.48,,,native_numeric,0,Dying_Cyrus_-_SOCB_V7__furnished_.xlsx,6,AW
janata_bank_plc,1,BALANCE SHEET,Total Assets,total_assets,Tk mn,2019,895387.08,895387.08,,,native_numeric,0,Dying_Cyrus_-_SOCB_V7__furnished_.xlsx,6,AX
janata_bank_plc,1,BALANCE SHEET,Total Assets,total_assets,Tk mn,2020,1043311.18,1043311.18,,,native_numeric,0,Dying_Cyrus_-_SOCB_V7__furnished_.xlsx,6,AY
janata_bank_plc,1,BALANCE SHEET,Total Assets,total_assets,Tk mn,2021,1249540.23,1249540.23,,,native_numeric,0,Dying_Cyrus_-_SOCB_V7__furnished_.xlsx,6,AZ
janata_bank_plc,1,BALANCE SHEET,Total Assets,total_assets,Tk mn,2022,1275032.27,1275032.27,,,native_numeric,0,Dying_Cyrus_-_SOCB_V7__furnished_.xlsx,6,BA
janata_bank_plc,1,BALANCE SHEET,Total Assets,total_assets,Tk mn,2023,1387058.68,1387058.68,,,native_numeric,0,Dying_Cyrus_-_SOCB_V7__furnished_.xlsx,6,BB
janata_bank_plc,1,BALANCE SHEET,Total Assets,total_assets,Tk mn,2024,1471372.43,1471372.43,,,native_numeric,0,Dying_Cyrus_-_SOCB_V7__furnished_.xlsx,6,BC
janata_bank_plc,1,BALANCE SHEET,Total Assets,total_assets,Tk mn,2025,,,,,missing,0,Dying_Cyrus_-_SOCB_V7__furnished_.xlsx,6,BD
janata_bank_plc,1,BALANCE SHEET,Total Assets,total_assets,Tk mn,2026,,,,,missing,0,Dying_Cyrus_-_SOCB_V7__furnished_.xlsx,6,BE
janata_bank_plc,1,BALANCE SHEET,"Loans & Advances, gross",loans_advances_gross,Tk mn,1972,1132.09,1132.09,,,native_numeric,0,Dying_Cyrus_-_SOCB_V7__furnished_.xlsx,7,C
janata_bank_plc,1,BALANCE SHEET,"Loans & Advances, gross",loans_advances_gross,Tk mn,1973,1564.4,1564.4,,,native_numeric,0,Dying_Cyrus_-_SOCB_V7__furnished_.xlsx,7,D
janata_bank_plc,1,BALANCE SHEET,"Loans & Advances, gross",loans_advances_gross,Tk mn,1974,2092.4,2092.4,,,native_numeric,0,Dying_Cyrus_-_SOCB_V7__furnished_.xlsx,7,E
janata_bank_plc,1,BALANCE SHEET,"Loans & Advances, gross",loans_advances_gross,Tk mn,1975,2563.0,2563.0,,,native_numeric,0,Dying_Cyrus_-_SOCB_V7__furnished_.xlsx,7,F
janata_bank_plc,1,BALANCE SHEET,"Loans & Advances, gross",loans_advances_gross,Tk mn,1976,3561.6,3561.6,,,native_numeric,0,Dying_Cyrus_-_SOCB_V7__furnished_.xlsx,7,G
janata_bank_plc,1,BALANCE SHEET,"Loans & Advances, gross",loans_advances_gross,Tk mn,1977,4532.2,4532.2,,,native_numeric,0,Dying_Cyrus_-_SOCB_V7__furnished_.xlsx,7,H
janata_bank_plc,1,BALANCE SHEET,"Loans & Advances, gross",loans_advances_gross,Tk mn,1978,5436.7,5436.7,,,native_numeric,0,Dying_Cyrus_-_SOCB_V7__furnished_.xlsx,7,I
janata_bank_plc,1,BALANCE SHEET,"Loans & Advances, gross",loans_advances_gross,Tk mn,1979,6768.7,6768.7,,,native_numeric,0,Dying_Cyrus_-_SOCB_V7__furnished_.xlsx,7,J
janata_bank_plc,1,BALANCE SHEET,"Loans & Advances, gross",loans_advances_gross,Tk mn,1980,7786.3,7786.3,,,native_numeric,0,Dying_Cyrus_-_SOCB_V7__furnished_.xlsx,7,K
janata_bank_plc,1,BALANCE SHEET,"Loans & Advances, gross",loans_advances_gross,Tk mn,1981,8897.8,8897.8,,,native_numeric,0,Dying_Cyrus_-_SOCB_V7__furnished_.xlsx,7,L
janata_bank_plc,1,BALANCE SHEET,"Loans & Advances, gross",loans_advances_gross,Tk mn,1982,11578.87,11578.87,,,native_numeric,0,Dying_Cyrus_-_SOCB_V7__furnished_.xlsx,7,M
janata_bank_plc,1,BALANCE SHEET,"Loans & Advances, gross",loans_advances_gross,Tk mn,1983,12568.05,12568.05,,,native_numeric,0,Dying_Cyrus_-_SOCB_V7__furnished_.xlsx,7,N
janata_bank_plc,1,BALANCE SHEET,"Loans & Advances, gross",loans_advances_gross,Tk mn,1984,15180.49,15180.49,,,native_numeric,0,Dying_Cyrus_-_SOCB_V7__furnished_.xlsx,7,O
janata_bank_plc,1,BALANCE SHEET,"Loans & Advances, gross",loans_advances_gross,Tk mn,1985,16991.18,16991.18,,,native_numeric,0,Dying_Cyrus_-_SOCB_V7__furnished_.xlsx,7,P
janata_bank_plc,1,BALANCE SHEET,"Loans & Advances, gross",loans_advances_gross,Tk mn,1986,17621.22,17621.22,,,native_numeric,0,Dying_Cyrus_-_SOCB_V7__furnished_.xlsx,7,Q
janata_bank_plc,1,BALANCE SHEET,"Loans & Advances, gross",loans_advances_gross,Tk mn,1987,18910.18,18910.18,,,native_numeric,0,Dying_Cyrus_-_SOCB_V7__furnished_.xlsx,7,R
janata_bank_plc,1,BALANCE SHEET,"Loans & Advances, gross",loans_advances_gross,Tk mn,1988,22721.32,22721.32,,,native_numeric,0,Dying_Cyrus_-_SOCB_V7__furnished_.xlsx,7,S
janata_bank_plc,1,BALANCE SHEET,"Loans & Advances, gross",loans_advances_gross,Tk mn,1989,26997.11,26997.11,,,native_numeric,0,Dying_Cyrus_-_SOCB_V7__furnished_.xlsx,7,T
janata_bank_plc,1,BALANCE SHEET,"Loans & Advances, gross",loans_advances_gross,Tk mn,1990,26163.33,26163.33,,,native_numeric,0,Dying_Cyrus_-_SOCB_V7__furnished_.xlsx,7,U
janata_bank_plc,1,BALANCE SHEET,"Loans & Advances, gross",loans_advances_gross,Tk mn,1991,27813.15,27813.15,,,native_numeric,0,Dying_Cyrus_-_SOCB_V7__furnished_.xlsx,7,V
janata_bank_plc,1,BALANCE SHEET,"Loans & Advances, gross",loans_advances_gross,Tk mn,1992,30800.77,30800.77,,,native_numeric,0,Dying_Cyrus_-_SOCB_V7__furnished_.xlsx,7,W
janata_bank_plc,1,BALANCE SHEET,"Loans & Advances, gross",loans_advances_gross,Tk mn,1993,35650.71,35650.71,,,native_numeric,0,Dying_Cyrus_-_SOCB_V7__furnished_.xlsx,7,X
janata_bank_plc,1,BALANCE SHEET,"Loans & Advances, gross",loans_advances_gross,Tk mn,1994,37580.26,37580.26,,,native_numeric,0,Dying_Cyrus_-_SOCB_V7__furnished_.xlsx,7,Y
janata_bank_plc,1,BALANCE SHEET,"Loans & Advances, gross",loans_advances_gross,Tk mn,1995,41960.82,41960.82,,,native_numeric,0,Dying_Cyrus_-_SOCB_V7__furnished_.xlsx,7,Z
janata_bank_plc,1,BALANCE SHEET,"Loans & Advances, gross",loans_advances_gross,Tk mn,1996,48754.64,48754.64,,,native_numeric,0,Dying_Cyrus_-_SOCB_V7__furnished_.xlsx,7,AA
janata_bank_plc,1,BALANCE SHEET,"Loans & Advances, gross",loans_advances_gross,Tk mn,1997,52946.12,52946.12,,,native_numeric,0,Dying_Cyrus_-_SOCB_V7__furnished_.xlsx,7,AB
janata_bank_plc,1,BALANCE SHEET,"Loans & Advances, gross",loans_advances_gross,Tk mn,1998,54652.64,54652.64,,,native_numeric,0,Dying_Cyrus_-_SOCB_V7__furnished_.xlsx,7,AC
janata_bank_plc,1,BALANCE SHEET,"Loans & Advances, gross",loans_advances_gross,Tk mn,1999,61182.48,61182.48,,,native_numeric,0,Dying_Cyrus_-_SOCB_V7__furnished_.xlsx,7,AD
janata_bank_plc,1,BALANCE SHEET,"Loans & Advances, gross",loans_advances_gross,Tk mn,2000,80952.94,80952.94,,,native_numeric,0,Dying_Cyrus_-_SOCB_V7__furnished_.xlsx,7,AE
janata_bank_plc,1,BALANCE SHEET,"Loans & Advances, gross",loans_advances_gross,Tk mn,2001,93293.9,93293.9,,,native_numeric,0,Dying_Cyrus_-_SOCB_V7__furnished_.xlsx,7,AF
janata_bank_plc,1,BALANCE SHEET,"Loans & Advances, gross",loans_advances_gross,Tk mn,2002,99748.74,99748.74,,,native_numeric,0,Dying_Cyrus_-_SOCB_V7__furnished_.xlsx,7,AG
janata_bank_plc,1,BALANCE SHEET,"Loans & Advances, gross",loans_advances_gross,Tk mn,2003,101461.88,101461.88,,,native_numeric,0,Dying_Cyrus_-_SOCB_V7__furnished_.xlsx,7,AH
janata_bank_plc,1,BALANCE SHEET,"Loans & Advances, gross",loans_advances_gross,Tk mn,2004,107785.77,107785.77,,,native_numeric,0,Dying_Cyrus_-_SOCB_V7__furnished_.xlsx,7,AI
janata_bank_plc,1,BALANCE SHEET,"Loans & Advances, gross",loans_advances_gross,Tk mn,2005,124467.44,124467.44,,,native_numeric,0,Dying_Cyrus_-_SOCB_V7__furnished_.xlsx,7,AJ
janata_bank_plc,1,BALANCE SHEET,"Loans & Advances, gross",loans_advances_gross,Tk mn,2006,138492.51,138492.51,,,native_numeric,0,Dying_Cyrus_-_SOCB_V7__furnished_.xlsx,7,AK
janata_bank_plc,1,BALANCE SHEET,"Loans & Advances, gross",loans_advances_gross,Tk mn,2007,121204.45,121204.45,,,native_numeric,0,Dying_Cyrus_-_SOCB_V7__furnished_.xlsx,7,AL
janata_bank_plc,1,BALANCE SHEET,"Loans & Advances, gross",loans_advances_gross,Tk mn,2008,144678.18,144678.18,,,native_numeric,0,Dying_Cyrus_-_SOCB_V7__furnished_.xlsx,7,AM
janata_bank_plc,1,BALANCE SHEET,"Loans & Advances, gross",loans_advances_gross,Tk mn,2009,166359.49,166359.49,,,native_numeric,0,Dying_Cyrus_-_SOCB_V7__furnished_.xlsx,7,AN
janata_bank_plc,1,BALANCE SHEET,"Loans & Advances, gross",loans_advances_gross,Tk mn,2010,225732.21,225732.21,,,native_numeric,0,Dying_Cyrus_-_SOCB_V7__furnished_.xlsx,7,AO
janata_bank_plc,1,BALANCE SHEET,"Loans & Advances, gross",loans_advances_gross,Tk mn,2011,257801.04,257801.04,,,native_numeric,0,Dying_Cyrus_-_SOCB_V7__furnished_.xlsx,7,AP
janata_bank_plc,1,BALANCE SHEET,"Loans & Advances, gross",loans_advances_gross,Tk mn,2012,305339.58,305339.58,,,native_numeric,0,Dying_Cyrus_-_SOCB_V7__furnished_.xlsx,7,AQ
janata_bank_plc,1,BALANCE SHEET,"Loans & Advances, gross",loans_advances_gross,Tk mn,2013,285747.65,285747.65,,,native_numeric,0,Dying_Cyrus_-_SOCB_V7__furnished_.xlsx,7,AR
janata_bank_plc,1,BALANCE SHEET,"Loans & Advances, gross",loans_advances_gross,Tk mn,2014,319773.25,319773.25,,,native_numeric,0,Dying_Cyrus_-_SOCB_V7__furnished_.xlsx,7,AS
janata_bank_plc,1,BALANCE SHEET,"Loans & Advances, gross",loans_advances_gross,Tk mn,2015,349861.3,349861.3,,,native_numeric,0,Dying_Cyrus_-_SOCB_V7__furnished_.xlsx,7,AT
janata_bank_plc,1,BALANCE SHEET,"Loans & Advances, gross",loans_advances_gross,Tk mn,2016,403037.41,403037.41,,,native_numeric,0,Dying_Cyrus_-_SOCB_V7__furnished_.xlsx,7,AU
janata_bank_plc,1,BALANCE SHEET,"Loans & Advances, gross",loans_advances_gross,Tk mn,2017,459580.05,459580.05,,,native_numeric,0,Dying_Cyrus_-_SOCB_V7__furnished_.xlsx,7,AV
janata_bank_plc,1,BALANCE SHEET,"Loans & Advances, gross",loans_advances_gross,Tk mn,2018,533707.16,533707.16,,,native_numeric,0,Dying_Cyrus_-_SOCB_V7__furnished_.xlsx,7,AW
janata_bank_plc,1,BALANCE SHEET,"Loans & Advances, gross",loans_advances_gross,Tk mn,2019,548473.94,548473.94,,,native_numeric,0,Dying_Cyrus_-_SOCB_V7__furnished_.xlsx,7,AX
janata_bank_plc,1,BALANCE SHEET,"Loans & Advances, gross",loans_advances_gross,Tk mn,2020,605351.7,605351.7,,,native_numeric,0,Dying_Cyrus_-_SOCB_V7__furnished_.xlsx,7,AY
janata_bank_plc,1,BALANCE SHEET,"Loans & Advances, gross",loans_advances_gross,Tk mn,2021,699656.76,699656.76,,,native_numeric,0,Dying_Cyrus_-_SOCB_V7__furnished_.xlsx,7,AZ
janata_bank_plc,1,BALANCE SHEET,"Loans & Advances, gross",loans_advances_gross,Tk mn,2022,852086.77,852086.77,,,native_numeric,0,Dying_Cyrus_-_SOCB_V7__furnished_.xlsx,7,BA
janata_bank_plc,1,BALANCE SHEET,"Loans & Advances, gross",loans_advances_gross,Tk mn,2023,983889.95,983889.95,,,native_numeric,0,Dying_Cyrus_-_SOCB_V7__furnished_.xlsx,7,BB
janata_bank_plc,1,BALANCE SHEET,"Loans & Advances, gross",loans_advances_gross,Tk mn,2024,1007942.5,1007942.5,,,native_numeric,0,Dying_Cyrus_-_SOCB_V7__furnished_.xlsx,7,BC
janata_bank_plc,1,BALANCE SHEET,"Loans & Advances, gross",loans_advances_gross,Tk mn,2025,,,,,missing,0,Dying_Cyrus_-_SOCB_V7__furnished_.xlsx,7,BD
janata_bank_plc,1,BALANCE SHEET,"Loans & Advances, gross",loans_advances_gross,Tk mn,2026,,,,,missing,0,Dying_Cyrus_-_SOCB_V7__furnished_.xlsx,7,BE
janata_bank_plc,1,BALANCE SHEET,Total Deposits,total_deposits,Tk mn,1972,1576.91,1576.91,,,native_numeric,0,Dying_Cyrus_-_SOCB_V7__furnished_.xlsx,8,C
janata_bank_plc,1,BALANCE SHEET,Total Deposits,total_deposits,Tk mn,1973,2285.62,2285.62,,,native_numeric,0,Dying_Cyrus_-_SOCB_V7__furnished_.xlsx,8,D
janata_bank_plc,1,BALANCE SHEET,Total Deposits,total_deposits,Tk mn,1974,2580.47,2580.47,,,native_numeric,0,Dying_Cyrus_-_SOCB_V7__furnished_.xlsx,8,E
janata_bank_plc,1,BALANCE SHEET,Total Deposits,total_deposits,Tk mn,1975,2921.1,2921.1,,,native_numeric,0,Dying_Cyrus_-_SOCB_V7__furnished_.xlsx,8,F
janata_bank_plc,1,BALANCE SHEET,Total Deposits,total_deposits,Tk mn,1976,4215.77,4215.77,,,native_numeric,0,Dying_Cyrus_-_SOCB_V7__furnished_.xlsx,8,G
janata_bank_plc,1,BALANCE SHEET,Total Deposits,total_deposits,Tk mn,1977,4811.22,4811.22,,,native_numeric,0,Dying_Cyrus_-_SOCB_V7__furnished_.xlsx,8,H
janata_bank_plc,1,BALANCE SHEET,Total Deposits,total_deposits,Tk mn,1978,5424.81,5424.81,,,native_numeric,0,Dying_Cyrus_-_SOCB_V7__furnished_.xlsx,8,I
janata_bank_plc,1,BALANCE SHEET,Total Deposits,total_deposits,Tk mn,1979,6628.6,6628.6,,,native_numeric,0,Dying_Cyrus_-_SOCB_V7__furnished_.xlsx,8,J
janata_bank_plc,1,BALANCE SHEET,Total Deposits,total_deposits,Tk mn,1980,7726.64,7726.64,,,native_numeric,0,Dying_Cyrus_-_SOCB_V7__furnished_.xlsx,8,K
janata_bank_plc,1,BALANCE SHEET,Total Deposits,total_deposits,Tk mn,1981,8698.42,8698.42,,,native_numeric,0,Dying_Cyrus_-_SOCB_V7__furnished_.xlsx,8,L
janata_bank_plc,1,BALANCE SHEET,Total Deposits,total_deposits,Tk mn,1982,9946.14,9946.14,,,native_numeric,0,Dying_Cyrus_-_SOCB_V7__furnished_.xlsx,8,M
janata_bank_plc,1,BALANCE SHEET,Total Deposits,total_deposits,Tk mn,1983,13710.59,13710.59,,,native_numeric,0,Dying_Cyrus_-_SOCB_V7__furnished_.xlsx,8,N
janata_bank_plc,1,BALANCE SHEET,Total Deposits,total_deposits,Tk mn,1984,18592.59,18592.59,,,native_numeric,0,Dying_Cyrus_-_SOCB_V7__furnished_.xlsx,8,O
janata_bank_plc,1,BALANCE SHEET,Total Deposits,total_deposits,Tk mn,1985,20280.8,20280.8,,,native_numeric,0,Dying_Cyrus_-_SOCB_V7__furnished_.xlsx,8,P
janata_bank_plc,1,BALANCE SHEET,Total Deposits,total_deposits,Tk mn,1986,22772.59,22772.59,,,native_numeric,0,Dying_Cyrus_-_SOCB_V7__furnished_.xlsx,8,Q
janata_bank_plc,1,BALANCE SHEET,Total Deposits,total_deposits,Tk mn,1987,27018.8,27018.8,,,native_numeric,0,Dying_Cyrus_-_SOCB_V7__furnished_.xlsx,8,R
janata_bank_plc,1,BALANCE SHEET,Total Deposits,total_deposits,Tk mn,1988,31720.69,31720.69,,,native_numeric,0,Dying_Cyrus_-_SOCB_V7__furnished_.xlsx,8,S
janata_bank_plc,1,BALANCE SHEET,Total Deposits,total_deposits,Tk mn,1989,36327.31,36327.31,,,native_numeric,0,Dying_Cyrus_-_SOCB_V7__furnished_.xlsx,8,T
janata_bank_plc,1,BALANCE SHEET,Total Deposits,total_deposits,Tk mn,1990,39314.22,39314.22,,,native_numeric,0,Dying_Cyrus_-_SOCB_V7__furnished_.xlsx,8,U
janata_bank_plc,1,BALANCE SHEET,Total Deposits,total_deposits,Tk mn,1991,44891.36,44891.36,,,native_numeric,0,Dying_Cyrus_-_SOCB_V7__furnished_.xlsx,8,V
janata_bank_plc,1,BALANCE SHEET,Total Deposits,total_deposits,Tk mn,1992,50620.17,50620.17,,,native_numeric,0,Dying_Cyrus_-_SOCB_V7__furnished_.xlsx,8,W
janata_bank_plc,1,BALANCE SHEET,Total Deposits,total_deposits,Tk mn,1993,54581.22,54581.22,,,native_numeric,0,Dying_Cyrus_-_SOCB_V7__furnished_.xlsx,8,X
janata_bank_plc,1,BALANCE SHEET,Total Deposits,total_deposits,Tk mn,1994,62809.89,62809.89,,,native_numeric,0,Dying_Cyrus_-_SOCB_V7__furnished_.xlsx,8,Y
janata_bank_plc,1,BALANCE SHEET,Total Deposits,total_deposits,Tk mn,1995,66562.76,66562.76,,,native_numeric,0,Dying_Cyrus_-_SOCB_V7__furnished_.xlsx,8,Z
janata_bank_plc,1,BALANCE SHEET,Total Deposits,total_deposits,Tk mn,1996,75704.24,75704.24,,,native_numeric,0,Dying_Cyrus_-_SOCB_V7__furnished_.xlsx,8,AA
janata_bank_plc,1,BALANCE SHEET,Total Deposits,total_deposits,Tk mn,1997,87031.68,87031.68,,,native_numeric,0,Dying_Cyrus_-_SOCB_V7__furnished_.xlsx,8,AB
janata_bank_plc,1,BALANCE SHEET,Total Deposits,total_deposits,Tk mn,1998,88488.91,88488.91,,,native_numeric,0,Dying_Cyrus_-_SOCB_V7__furnished_.xlsx,8,AC
janata_bank_plc,1,BALANCE SHEET,Total Deposits,total_deposits,Tk mn,1999,92436.63,92436.63,,,native_numeric,0,Dying_Cyrus_-_SOCB_V7__furnished_.xlsx,8,AD
janata_bank_plc,1,BALANCE SHEET,Total Deposits,total_deposits,Tk mn,2000,104677.93,104677.93,,,native_numeric,0,Dying_Cyrus_-_SOCB_V7__furnished_.xlsx,8,AE
janata_bank_plc,1,BALANCE SHEET,Total Deposits,total_deposits,Tk mn,2001,125066.38,125066.38,,,native_numeric,0,Dying_Cyrus_-_SOCB_V7__furnished_.xlsx,8,AF
janata_bank_plc,1,BALANCE SHEET,Total Deposits,total_deposits,Tk mn,2002,138892.56,138892.56,,,native_numeric,0,Dying_Cyrus_-_SOCB_V7__furnished_.xlsx,8,AG
janata_bank_plc,1,BALANCE SHEET,Total Deposits,total_deposits,Tk mn,2003,138596.62,138596.62,,,native_numeric,0,Dying_Cyrus_-_SOCB_V7__furnished_.xlsx,8,AH
janata_bank_plc,1,BALANCE SHEET,Total Deposits,total_deposits,Tk mn,2004,151035.9,151035.9,,,native_numeric,0,Dying_Cyrus_-_SOCB_V7__furnished_.xlsx,8,AI
janata_bank_plc,1,BALANCE SHEET,Total Deposits,total_deposits,Tk mn,2005,168896.95,168896.95,,,native_numeric,0,Dying_Cyrus_-_SOCB_V7__furnished_.xlsx,8,AJ
janata_bank_plc,1,BALANCE SHEET,Total Deposits,total_deposits,Tk mn,2006,182946.54,182946.54,,,native_numeric,0,Dying_Cyrus_-_SOCB_V7__furnished_.xlsx,8,AK
janata_bank_plc,1,BALANCE SHEET,Total Deposits,total_deposits,Tk mn,2007,198635.89,198635.89,,,native_numeric,0,Dying_Cyrus_-_SOCB_V7__furnished_.xlsx,8,AL
janata_bank_plc,1,BALANCE SHEET,Total Deposits,total_deposits,Tk mn,2008,221335.75,221335.75,,,native_numeric,0,Dying_Cyrus_-_SOCB_V7__furnished_.xlsx,8,AM
janata_bank_plc,1,BALANCE SHEET,Total Deposits,total_deposits,Tk mn,2009,246175.05,246175.05,,,native_numeric,0,Dying_Cyrus_-_SOCB_V7__furnished_.xlsx,8,AN
janata_bank_plc,1,BALANCE SHEET,Total Deposits,total_deposits,Tk mn,2010,286566.89,286566.89,,,native_numeric,0,Dying_Cyrus_-_SOCB_V7__furnished_.xlsx,8,AO
janata_bank_plc,1,BALANCE SHEET,Total Deposits,total_deposits,Tk mn,2011,361676.69,361676.69,,,native_numeric,0,Dying_Cyrus_-_SOCB_V7__furnished_.xlsx,8,AP
janata_bank_plc,1,BALANCE SHEET,Total Deposits,total_deposits,Tk mn,2012,409767.01,409767.01,,,native_numeric,0,Dying_Cyrus_-_SOCB_V7__furnished_.xlsx,8,AQ
janata_bank_plc,1,BALANCE SHEET,Total Deposits,total_deposits,Tk mn,2013,478535.57,478535.57,,,native_numeric,0,Dying_Cyrus_-_SOCB_V7__furnished_.xlsx,8,AR
janata_bank_plc,1,BALANCE SHEET,Total Deposits,total_deposits,Tk mn,2014,516010.74,516010.74,,,native_numeric,0,Dying_Cyrus_-_SOCB_V7__furnished_.xlsx,8,AS
janata_bank_plc,1,BALANCE SHEET,Total Deposits,total_deposits,Tk mn,2015,568911.14,568911.14,,,native_numeric,0,Dying_Cyrus_-_SOCB_V7__furnished_.xlsx,8,AT
janata_bank_plc,1,BALANCE SHEET,Total Deposits,total_deposits,Tk mn,2016,641819.15,641819.15,,,native_numeric,0,Dying_Cyrus_-_SOCB_V7__furnished_.xlsx,8,AU
janata_bank_plc,1,BALANCE SHEET,Total Deposits,total_deposits,Tk mn,2017,649440.78,649440.78,,,native_numeric,0,Dying_Cyrus_-_SOCB_V7__furnished_.xlsx,8,AV
janata_bank_plc,1,BALANCE SHEET,Total Deposits,total_deposits,Tk mn,2018,675548.45,675548.45,,,native_numeric,0,Dying_Cyrus_-_SOCB_V7__furnished_.xlsx,8,AW
janata_bank_plc,1,BALANCE SHEET,Total Deposits,total_deposits,Tk mn,2019,691409.37,691409.37,,,native_numeric,0,Dying_Cyrus_-_SOCB_V7__furnished_.xlsx,8,AX
janata_bank_plc,1,BALANCE SHEET,Total Deposits,total_deposits,Tk mn,2020,824007.96,824007.96,,,native_numeric,0,Dying_Cyrus_-_SOCB_V7__furnished_.xlsx,8,AY
janata_bank_plc,1,BALANCE SHEET,Total Deposits,total_deposits,Tk mn,2021,1016208.5,1016208.5,,,native_numeric,0,Dying_Cyrus_-_SOCB_V7__furnished_.xlsx,8,AZ
janata_bank_plc,1,BALANCE SHEET,Total Deposits,total_deposits,Tk mn,2022,1014584.97,1014584.97,,,native_numeric,0,Dying_Cyrus_-_SOCB_V7__furnished_.xlsx,8,BA
janata_bank_plc,1,BALANCE SHEET,Total Deposits,total_deposits,Tk mn,2023,1103360.63,1103360.63,,,native_numeric,0,Dying_Cyrus_-_SOCB_V7__furnished_.xlsx,8,BB
janata_bank_plc,1,BALANCE SHEET,Total Deposits,total_deposits,Tk mn,2024,1098095.07,1098095.07,,,native_numeric,0,Dying_Cyrus_-_SOCB_V7__furnished_.xlsx,8,BC
janata_bank_plc,1,BALANCE SHEET,Total Deposits,total_deposits,Tk mn,2025,,,,,missing,0,Dying_Cyrus_-_SOCB_V7__furnished_.xlsx,8,BD
janata_bank_plc,1,BALANCE SHEET,Total Deposits,total_deposits,Tk mn,2026,,,,,missing,0,Dying_Cyrus_-_SOCB_V7__furnished_.xlsx,8,BE
janata_bank_plc,1,BALANCE SHEET,Shareholders' Equity,shareholders_equity,Tk mn,1972,15.0,15.0,,,native_numeric,0,Dying_Cyrus_-_SOCB_V7__furnished_.xlsx,9,C
janata_bank_plc,1,BALANCE SHEET,Shareholders' Equity,shareholders_equity,Tk mn,1973,43.0,43.0,,,native_numeric,0,Dying_Cyrus_-_SOCB_V7__furnished_.xlsx,9,D
janata_bank_plc,1,BALANCE SHEET,Shareholders' Equity,shareholders_equity,Tk mn,1974,55.0,55.0,,,native_numeric,0,Dying_Cyrus_-_SOCB_V7__furnished_.xlsx,9,E
janata_bank_plc,1,BALANCE SHEET,Shareholders' Equity,shareholders_equity,Tk mn,1975,75.0,75.0,,,native_numeric,0,Dying_Cyrus_-_SOCB_V7__furnished_.xlsx,9,F
janata_bank_plc,1,BALANCE SHEET,Shareholders' Equity,shareholders_equity,Tk mn,1976,75.0,75.0,,,native_numeric,0,Dying_Cyrus_-_SOCB_V7__furnished_.xlsx,9,G
janata_bank_plc,1,BALANCE SHEET,Shareholders' Equity,shareholders_equity,Tk mn,1977,80.0,80.0,,,native_numeric,0,Dying_Cyrus_-_SOCB_V7__furnished_.xlsx,9,H
janata_bank_plc,1,BALANCE SHEET,Shareholders' Equity,shareholders_equity,Tk mn,1978,90.5,90.5,,,native_numeric,0,Dying_Cyrus_-_SOCB_V7__furnished_.xlsx,9,I
janata_bank_plc,1,BALANCE SHEET,Shareholders' Equity,shareholders_equity,Tk mn,1979,101.89,101.89,,,native_numeric,0,Dying_Cyrus_-_SOCB_V7__furnished_.xlsx,9,J
janata_bank_plc,1,BALANCE SHEET,Shareholders' Equity,shareholders_equity,Tk mn,1980,107.38,107.38,,,native_numeric,0,Dying_Cyrus_-_SOCB_V7__furnished_.xlsx,9,K
janata_bank_plc,1,BALANCE SHEET,Shareholders' Equity,shareholders_equity,Tk mn,1981,109.02,109.02,,,native_numeric,0,Dying_Cyrus_-_SOCB_V7__furnished_.xlsx,9,L
janata_bank_plc,1,BALANCE SHEET,Shareholders' Equity,shareholders_equity,Tk mn,1982,115.27,115.27,,,native_numeric,0,Dying_Cyrus_-_SOCB_V7__furnished_.xlsx,9,M
janata_bank_plc,1,BALANCE SHEET,Shareholders' Equity,shareholders_equity,Tk mn,1983,122.14,122.14,,,native_numeric,0,Dying_Cyrus_-_SOCB_V7__furnished_.xlsx,9,N
janata_bank_plc,1,BALANCE SHEET,Shareholders' Equity,shareholders_equity,Tk mn,1984,132.6,132.6,,,native_numeric,0,Dying_Cyrus_-_SOCB_V7__furnished_.xlsx,9,O
janata_bank_plc,1,BALANCE SHEET,Shareholders' Equity,shareholders_equity,Tk mn,1985,146.99,146.99,,,native_numeric,0,Dying_Cyrus_-_SOCB_V7__furnished_.xlsx,9,P
janata_bank_plc,1,BALANCE SHEET,Shareholders' Equity,shareholders_equity,Tk mn,1986,154.15,154.15,,,native_numeric,0,Dying_Cyrus_-_SOCB_V7__furnished_.xlsx,9,Q
janata_bank_plc,1,BALANCE SHEET,Shareholders' Equity,shareholders_equity,Tk mn,1987,232.1,232.1,,,native_numeric,0,Dying_Cyrus_-_SOCB_V7__furnished_.xlsx,9,R
janata_bank_plc,1,BALANCE SHEET,Shareholders' Equity,shareholders_equity,Tk mn,1988,216.51,216.51,,,native_numeric,0,Dying_Cyrus_-_SOCB_V7__furnished_.xlsx,9,S
janata_bank_plc,1,BALANCE SHEET,Shareholders' Equity,shareholders_equity,Tk mn,1989,254.51,254.51,,,native_numeric,0,Dying_Cyrus_-_SOCB_V7__furnished_.xlsx,9,T
janata_bank_plc,1,BALANCE SHEET,Shareholders' Equity,shareholders_equity,Tk mn,1990,1115.6,1115.6,,,native_numeric,0,Dying_Cyrus_-_SOCB_V7__furnished_.xlsx,9,U
janata_bank_plc,1,BALANCE SHEET,Shareholders' Equity,shareholders_equity,Tk mn,1991,2375.35,2375.35,,,native_numeric,0,Dying_Cyrus_-_SOCB_V7__furnished_.xlsx,9,V
janata_bank_plc,1,BALANCE SHEET,Shareholders' Equity,shareholders_equity,Tk mn,1992,2710.94,2710.94,,,native_numeric,0,Dying_Cyrus_-_SOCB_V7__furnished_.xlsx,9,W
janata_bank_plc,1,BALANCE SHEET,Shareholders' Equity,shareholders_equity,Tk mn,1993,2716.75,2716.75,,,native_numeric,0,Dying_Cyrus_-_SOCB_V7__furnished_.xlsx,9,X
janata_bank_plc,1,BALANCE SHEET,Shareholders' Equity,shareholders_equity,Tk mn,1994,2717.88,2717.88,,,native_numeric,0,Dying_Cyrus_-_SOCB_V7__furnished_.xlsx,9,Y
janata_bank_plc,1,BALANCE SHEET,Shareholders' Equity,shareholders_equity,Tk mn,1995,2728.2,2728.2,,,native_numeric,0,Dying_Cyrus_-_SOCB_V7__furnished_.xlsx,9,Z
janata_bank_plc,1,BALANCE SHEET,Shareholders' Equity,shareholders_equity,Tk mn,1996,2728.91,2728.91,,,native_numeric,0,Dying_Cyrus_-_SOCB_V7__furnished_.xlsx,9,AA
janata_bank_plc,1,BALANCE SHEET,Shareholders' Equity,shareholders_equity,Tk mn,1997,2737.23,2737.23,,,native_numeric,0,Dying_Cyrus_-_SOCB_V7__furnished_.xlsx,9,AB
janata_bank_plc,1,BALANCE SHEET,Shareholders' Equity,shareholders_equity,Tk mn,1998,3117.11,3117.11,,,native_numeric,0,Dying_Cyrus_-_SOCB_V7__furnished_.xlsx,9,AC
janata_bank_plc,1,BALANCE SHEET,Shareholders' Equity,shareholders_equity,Tk mn,1999,3125.24,3125.24,,,native_numeric,0,Dying_Cyrus_-_SOCB_V7__furnished_.xlsx,9,AD
janata_bank_plc,1,BALANCE SHEET,Shareholders' Equity,shareholders_equity,Tk mn,2000,3133.62,3133.62,,,native_numeric,0,Dying_Cyrus_-_SOCB_V7__furnished_.xlsx,9,AE
janata_bank_plc,1,BALANCE SHEET,Shareholders' Equity,shareholders_equity,Tk mn,2001,3141.95,3141.95,,,native_numeric,0,Dying_Cyrus_-_SOCB_V7__furnished_.xlsx,9,AF
janata_bank_plc,1,BALANCE SHEET,Shareholders' Equity,shareholders_equity,Tk mn,2002,3152.56,3152.56,,,native_numeric,0,Dying_Cyrus_-_SOCB_V7__furnished_.xlsx,9,AG
janata_bank_plc,1,BALANCE SHEET,Shareholders' Equity,shareholders_equity,Tk mn,2003,3168.28,3168.28,,,native_numeric,0,Dying_Cyrus_-_SOCB_V7__furnished_.xlsx,9,AH
janata_bank_plc,1,BALANCE SHEET,Shareholders' Equity,shareholders_equity,Tk mn,2004,3886.92,3886.92,,,native_numeric,0,Dying_Cyrus_-_SOCB_V7__furnished_.xlsx,9,AI
janata_bank_plc,1,BALANCE SHEET,Shareholders' Equity,shareholders_equity,Tk mn,2005,3889.99,3889.99,,,native_numeric,0,Dying_Cyrus_-_SOCB_V7__furnished_.xlsx,9,AJ
janata_bank_plc,1,BALANCE SHEET,Shareholders' Equity,shareholders_equity,Tk mn,2006,-5647.75,-5647.75,,,native_numeric,0,Dying_Cyrus_-_SOCB_V7__furnished_.xlsx,9,AK
janata_bank_plc,1,BALANCE SHEET,Shareholders' Equity,shareholders_equity,Tk mn,2007,5679.17,5679.17,,,native_numeric,0,Dying_Cyrus_-_SOCB_V7__furnished_.xlsx,9,AL
janata_bank_plc,1,BALANCE SHEET,Shareholders' Equity,shareholders_equity,Tk mn,2008,9062.37,9062.37,,,native_numeric,0,Dying_Cyrus_-_SOCB_V7__furnished_.xlsx,9,AM
janata_bank_plc,1,BALANCE SHEET,Shareholders' Equity,shareholders_equity,Tk mn,2009,13860.37,13860.37,,,native_numeric,0,Dying_Cyrus_-_SOCB_V7__furnished_.xlsx,9,AN
janata_bank_plc,1,BALANCE SHEET,Shareholders' Equity,shareholders_equity,Tk mn,2010,20390.33,20390.33,,,native_numeric,0,Dying_Cyrus_-_SOCB_V7__furnished_.xlsx,9,AO
janata_bank_plc,1,BALANCE SHEET,Shareholders' Equity,shareholders_equity,Tk mn,2011,30152.91,30152.91,,,native_numeric,0,Dying_Cyrus_-_SOCB_V7__furnished_.xlsx,9,AP
janata_bank_plc,1,BALANCE SHEET,Shareholders' Equity,shareholders_equity,Tk mn,2012,17205.68,17205.68,,,native_numeric,0,Dying_Cyrus_-_SOCB_V7__furnished_.xlsx,9,AQ
janata_bank_plc,1,BALANCE SHEET,Shareholders' Equity,shareholders_equity,Tk mn,2013,37116.2,37116.2,,,native_numeric,0,Dying_Cyrus_-_SOCB_V7__furnished_.xlsx,9,AR
janata_bank_plc,1,BALANCE SHEET,Shareholders' Equity,shareholders_equity,Tk mn,2014,39461.54,39461.54,,,native_numeric,0,Dying_Cyrus_-_SOCB_V7__furnished_.xlsx,9,AS
janata_bank_plc,1,BALANCE SHEET,Shareholders' Equity,shareholders_equity,Tk mn,2015,42037.35,42037.35,,,native_numeric,0,Dying_Cyrus_-_SOCB_V7__furnished_.xlsx,9,AT
janata_bank_plc,1,BALANCE SHEET,Shareholders' Equity,shareholders_equity,Tk mn,2016,49889.66,49889.66,,,native_numeric,0,Dying_Cyrus_-_SOCB_V7__furnished_.xlsx,9,AU
janata_bank_plc,1,BALANCE SHEET,Shareholders' Equity,shareholders_equity,Tk mn,2017,51363.33,51363.33,,,native_numeric,0,Dying_Cyrus_-_SOCB_V7__furnished_.xlsx,9,AV
janata_bank_plc,1,BALANCE SHEET,Shareholders' Equity,shareholders_equity,Tk mn,2018,54556.37,54556.37,,,native_numeric,0,Dying_Cyrus_-_SOCB_V7__furnished_.xlsx,9,AW
janata_bank_plc,1,BALANCE SHEET,Shareholders' Equity,shareholders_equity,Tk mn,2019,50267.95,50267.95,,,native_numeric,0,Dying_Cyrus_-_SOCB_V7__furnished_.xlsx,9,AX
janata_bank_plc,1,BALANCE SHEET,Shareholders' Equity,shareholders_equity,Tk mn,2020,51502.64,51502.64,,,native_numeric,0,Dying_Cyrus_-_SOCB_V7__furnished_.xlsx,9,AY
janata_bank_plc,1,BALANCE SHEET,Shareholders' Equity,shareholders_equity,Tk mn,2021,47428.45,47428.45,,,native_numeric,0,Dying_Cyrus_-_SOCB_V7__furnished_.xlsx,9,AZ
janata_bank_plc,1,BALANCE SHEET,Shareholders' Equity,shareholders_equity,Tk mn,2022,45801.83,45801.83,,,native_numeric,0,Dying_Cyrus_-_SOCB_V7__furnished_.xlsx,9,BA
janata_bank_plc,1,BALANCE SHEET,Shareholders' Equity,shareholders_equity,Tk mn,2023,46278.55,46278.55,,,native_numeric,0,Dying_Cyrus_-_SOCB_V7__furnished_.xlsx,9,BB
janata_bank_plc,1,BALANCE SHEET,Shareholders' Equity,shareholders_equity,Tk mn,2024,12392.93,12392.93,,,native_numeric,0,Dying_Cyrus_-_SOCB_V7__furnished_.xlsx,9,BC
janata_bank_plc,1,BALANCE SHEET,Shareholders' Equity,shareholders_equity,Tk mn,2025,,,,,missing,0,Dying_Cyrus_-_SOCB_V7__furnished_.xlsx,9,BD
janata_bank_plc,1,BALANCE SHEET,Shareholders' Equity,shareholders_equity,Tk mn,2026,,,,,missing,0,Dying_Cyrus_-_SOCB_V7__furnished_.xlsx,9,BE
janata_bank_plc,1,INCOME STATEMENT,Net Interest Income,net_interest_income,Tk mn,1972,30.06,30.06,,,native_numeric,0,Dying_Cyrus_-_SOCB_V7__furnished_.xlsx,11,C
janata_bank_plc,1,INCOME STATEMENT,Net Interest Income,net_interest_income,Tk mn,1973,64.67,64.67,,,native_numeric,0,Dying_Cyrus_-_SOCB_V7__furnished_.xlsx,11,D
janata_bank_plc,1,INCOME STATEMENT,Net Interest Income,net_interest_income,Tk mn,1974,72.89,72.89,,,native_numeric,0,Dying_Cyrus_-_SOCB_V7__furnished_.xlsx,11,E
janata_bank_plc,1,INCOME STATEMENT,Net Interest Income,net_interest_income,Tk mn,1975,88.07,88.07,,,native_numeric,0,Dying_Cyrus_-_SOCB_V7__furnished_.xlsx,11,F
janata_bank_plc,1,INCOME STATEMENT,Net Interest Income,net_interest_income,Tk mn,1976,102.76,102.76,,,native_numeric,0,Dying_Cyrus_-_SOCB_V7__furnished_.xlsx,11,G
janata_bank_plc,1,INCOME STATEMENT,Net Interest Income,net_interest_income,Tk mn,1977,146.15,146.15,,,native_numeric,0,Dying_Cyrus_-_SOCB_V7__furnished_.xlsx,11,H
janata_bank_plc,1,INCOME STATEMENT,Net Interest Income,net_interest_income,Tk mn,1978,190.07,190.07,,,native_numeric,0,Dying_Cyrus_-_SOCB_V7__furnished_.xlsx,11,I
janata_bank_plc,1,INCOME STATEMENT,Net Interest Income,net_interest_income,Tk mn,1979,228.69,228.69,,,native_numeric,0,Dying_Cyrus_-_SOCB_V7__furnished_.xlsx,11,J
janata_bank_plc,1,INCOME STATEMENT,Net Interest Income,net_interest_income,Tk mn,1980,279.26,279.26,,,native_numeric,0,Dying_Cyrus_-_SOCB_V7__furnished_.xlsx,11,K
janata_bank_plc,1,INCOME STATEMENT,Net Interest Income,net_interest_income,Tk mn,1981,249.34,249.34,,,native_numeric,0,Dying_Cyrus_-_SOCB_V7__furnished_.xlsx,11,L
janata_bank_plc,1,INCOME STATEMENT,Net Interest Income,net_interest_income,Tk mn,1982,336.92,336.92,,,native_numeric,0,Dying_Cyrus_-_SOCB_V7__furnished_.xlsx,11,M
janata_bank_plc,1,INCOME STATEMENT,Net Interest Income,net_interest_income,Tk mn,1983,397.88,397.88,,,native_numeric,0,Dying_Cyrus_-_SOCB_V7__furnished_.xlsx,11,N
janata_bank_plc,1,INCOME STATEMENT,Net Interest Income,net_interest_income,Tk mn,1984,408.35,408.35,,,native_numeric,0,Dying_Cyrus_-_SOCB_V7__furnished_.xlsx,11,O
janata_bank_plc,1,INCOME STATEMENT,Net Interest Income,net_interest_income,Tk mn,1985,536.24,536.24,,,native_numeric,0,Dying_Cyrus_-_SOCB_V7__furnished_.xlsx,11,P
janata_bank_plc,1,INCOME STATEMENT,Net Interest Income,net_interest_income,Tk mn,1986,670.28,670.28,,,native_numeric,0,Dying_Cyrus_-_SOCB_V7__furnished_.xlsx,11,Q
janata_bank_plc,1,INCOME STATEMENT,Net Interest Income,net_interest_income,Tk mn,1987,578.95,578.95,,,native_numeric,0,Dying_Cyrus_-_SOCB_V7__furnished_.xlsx,11,R
janata_bank_plc,1,INCOME STATEMENT,Net Interest Income,net_interest_income,Tk mn,1988,665.43,665.43,,,native_numeric,0,Dying_Cyrus_-_SOCB_V7__furnished_.xlsx,11,S
janata_bank_plc,1,INCOME STATEMENT,Net Interest Income,net_interest_income,Tk mn,1989,489.36,489.36,,,native_numeric,0,Dying_Cyrus_-_SOCB_V7__furnished_.xlsx,11,T
janata_bank_plc,1,INCOME STATEMENT,Net Interest Income,net_interest_income,Tk mn,1990,450.32,450.32,,,native_numeric,0,Dying_Cyrus_-_SOCB_V7__furnished_.xlsx,11,U
janata_bank_plc,1,INCOME STATEMENT,Net Interest Income,net_interest_income,Tk mn,1991,934.78,934.78,,,native_numeric,0,Dying_Cyrus_-_SOCB_V7__furnished_.xlsx,11,V
janata_bank_plc,1,INCOME STATEMENT,Net Interest Income,net_interest_income,Tk mn,1992,824.8,824.8,,,native_numeric,0,Dying_Cyrus_-_SOCB_V7__furnished_.xlsx,11,W
janata_bank_plc,1,INCOME STATEMENT,Net Interest Income,net_interest_income,Tk mn,1993,867.42,867.42,,,native_numeric,0,Dying_Cyrus_-_SOCB_V7__furnished_.xlsx,11,X
janata_bank_plc,1,INCOME STATEMENT,Net Interest Income,net_interest_income,Tk mn,1994,983.03,983.03,,,native_numeric,0,Dying_Cyrus_-_SOCB_V7__furnished_.xlsx,11,Y
janata_bank_plc,1,INCOME STATEMENT,Net Interest Income,net_interest_income,Tk mn,1995,695.62,695.62,,,native_numeric,0,Dying_Cyrus_-_SOCB_V7__furnished_.xlsx,11,Z
janata_bank_plc,1,INCOME STATEMENT,Net Interest Income,net_interest_income,Tk mn,1996,820.83,820.83,,,native_numeric,0,Dying_Cyrus_-_SOCB_V7__furnished_.xlsx,11,AA
janata_bank_plc,1,INCOME STATEMENT,Net Interest Income,net_interest_income,Tk mn,1997,886.8,886.8,,,native_numeric,0,Dying_Cyrus_-_SOCB_V7__furnished_.xlsx,11,AB
janata_bank_plc,1,INCOME STATEMENT,Net Interest Income,net_interest_income,Tk mn,1998,598.05,598.05,,,native_numeric,0,Dying_Cyrus_-_SOCB_V7__furnished_.xlsx,11,AC
janata_bank_plc,1,INCOME STATEMENT,Net Interest Income,net_interest_income,Tk mn,1999,1052.36,1052.36,,,native_numeric,0,Dying_Cyrus_-_SOCB_V7__furnished_.xlsx,11,AD
janata_bank_plc,1,INCOME STATEMENT,Net Interest Income,net_interest_income,Tk mn,2000,271.83,271.83,,,native_numeric,0,Dying_Cyrus_-_SOCB_V7__furnished_.xlsx,11,AE
janata_bank_plc,1,INCOME STATEMENT,Net Interest Income,net_interest_income,Tk mn,2001,295.92,295.92,,,native_numeric,0,Dying_Cyrus_-_SOCB_V7__furnished_.xlsx,11,AF
janata_bank_plc,1,INCOME STATEMENT,Net Interest Income,net_interest_income,Tk mn,2002,535.46,535.46,,,native_numeric,0,Dying_Cyrus_-_SOCB_V7__furnished_.xlsx,11,AG
janata_bank_plc,1,INCOME STATEMENT,Net Interest Income,net_interest_income,Tk mn,2003,1505.54,1505.54,,,native_numeric,0,Dying_Cyrus_-_SOCB_V7__furnished_.xlsx,11,AH
janata_bank_plc,1,INCOME STATEMENT,Net Interest Income,net_interest_income,Tk mn,2004,1899.8,1899.8,,,native_numeric,0,Dying_Cyrus_-_SOCB_V7__furnished_.xlsx,11,AI
janata_bank_plc,1,INCOME STATEMENT,Net Interest Income,net_interest_income,Tk mn,2005,2728.84,2728.84,,,native_numeric,0,Dying_Cyrus_-_SOCB_V7__furnished_.xlsx,11,AJ
janata_bank_plc,1,INCOME STATEMENT,Net Interest Income,net_interest_income,Tk mn,2006,2914.41,2914.41,,,native_numeric,0,Dying_Cyrus_-_SOCB_V7__furnished_.xlsx,11,AK
janata_bank_plc,1,INCOME STATEMENT,Net Interest Income,net_interest_income,Tk mn,2007,1399.95,1399.95,,,native_numeric,0,Dying_Cyrus_-_SOCB_V7__furnished_.xlsx,11,AL
janata_bank_plc,1,INCOME STATEMENT,Net Interest Income,net_interest_income,Tk mn,2008,3646.71,3646.71,,,native_numeric,0,Dying_Cyrus_-_SOCB_V7__furnished_.xlsx,11,AM
janata_bank_plc,1,INCOME STATEMENT,Net Interest Income,net_interest_income,Tk mn,2009,4490.98,4490.98,,,native_numeric,0,Dying_Cyrus_-_SOCB_V7__furnished_.xlsx,11,AN
janata_bank_plc,1,INCOME STATEMENT,Net Interest Income,net_interest_income,Tk mn,2010,7067.21,7067.21,,,native_numeric,0,Dying_Cyrus_-_SOCB_V7__furnished_.xlsx,11,AO
janata_bank_plc,1,INCOME STATEMENT,Net Interest Income,net_interest_income,Tk mn,2011,8480.3,8480.3,,,native_numeric,0,Dying_Cyrus_-_SOCB_V7__furnished_.xlsx,11,AP
janata_bank_plc,1,INCOME STATEMENT,Net Interest Income,net_interest_income,Tk mn,2012,6739.96,6739.96,,,native_numeric,0,Dying_Cyrus_-_SOCB_V7__furnished_.xlsx,11,AQ
janata_bank_plc,1,INCOME STATEMENT,Net Interest Income,net_interest_income,Tk mn,2013,1976.85,1976.85,,,native_numeric,0,Dying_Cyrus_-_SOCB_V7__furnished_.xlsx,11,AR
janata_bank_plc,1,INCOME STATEMENT,Net Interest Income,net_interest_income,Tk mn,2014,-2249.84,-2249.84,,,native_numeric,0,Dying_Cyrus_-_SOCB_V7__furnished_.xlsx,11,AS
janata_bank_plc,1,INCOME STATEMENT,Net Interest Income,net_interest_income,Tk mn,2015,-3327.53,-3327.53,,,native_numeric,0,Dying_Cyrus_-_SOCB_V7__furnished_.xlsx,11,AT
janata_bank_plc,1,INCOME STATEMENT,Net Interest Income,net_interest_income,Tk mn,2016,566.6,566.6,,,native_numeric,0,Dying_Cyrus_-_SOCB_V7__furnished_.xlsx,11,AU
janata_bank_plc,1,INCOME STATEMENT,Net Interest Income,net_interest_income,Tk mn,2017,4051.94,4051.94,,,native_numeric,0,Dying_Cyrus_-_SOCB_V7__furnished_.xlsx,11,AV
janata_bank_plc,1,INCOME STATEMENT,Net Interest Income,net_interest_income,Tk mn,2018,7516.57,7516.57,,,native_numeric,0,Dying_Cyrus_-_SOCB_V7__furnished_.xlsx,11,AW
janata_bank_plc,1,INCOME STATEMENT,Net Interest Income,net_interest_income,Tk mn,2019,4542.99,4542.99,,,native_numeric,0,Dying_Cyrus_-_SOCB_V7__furnished_.xlsx,11,AX
janata_bank_plc,1,INCOME STATEMENT,Net Interest Income,net_interest_income,Tk mn,2020,1651.51,1651.51,,,native_numeric,0,Dying_Cyrus_-_SOCB_V7__furnished_.xlsx,11,AY
janata_bank_plc,1,INCOME STATEMENT,Net Interest Income,net_interest_income,Tk mn,2021,-820.51,-820.51,,,native_numeric,0,Dying_Cyrus_-_SOCB_V7__furnished_.xlsx,11,AZ
janata_bank_plc,1,INCOME STATEMENT,Net Interest Income,net_interest_income,Tk mn,2022,315.84,315.84,,,native_numeric,0,Dying_Cyrus_-_SOCB_V7__furnished_.xlsx,11,BA
janata_bank_plc,1,INCOME STATEMENT,Net Interest Income,net_interest_income,Tk mn,2023,2786.82,2786.82,,,native_numeric,0,Dying_Cyrus_-_SOCB_V7__furnished_.xlsx,11,BB
janata_bank_plc,1,INCOME STATEMENT,Net Interest Income,net_interest_income,Tk mn,2024,-30432.92,-30432.92,,,native_numeric,0,Dying_Cyrus_-_SOCB_V7__furnished_.xlsx,11,BC
janata_bank_plc,1,INCOME STATEMENT,Net Interest Income,net_interest_income,Tk mn,2025,,,,,missing,0,Dying_Cyrus_-_SOCB_V7__furnished_.xlsx,11,BD
janata_bank_plc,1,INCOME STATEMENT,Net Interest Income,net_interest_income,Tk mn,2026,,,,,missing,0,Dying_Cyrus_-_SOCB_V7__furnished_.xlsx,11,BE
janata_bank_plc,1,INCOME STATEMENT,Non-Interest Income,non_interest_income,Tk mn,1972,11.72,11.72,,,native_numeric,0,Dying_Cyrus_-_SOCB_V7__furnished_.xlsx,12,C
janata_bank_plc,1,INCOME STATEMENT,Non-Interest Income,non_interest_income,Tk mn,1973,31.45,31.45,,,native_numeric,0,Dying_Cyrus_-_SOCB_V7__furnished_.xlsx,12,D
janata_bank_plc,1,INCOME STATEMENT,Non-Interest Income,non_interest_income,Tk mn,1974,40.14,40.14,,,native_numeric,0,Dying_Cyrus_-_SOCB_V7__furnished_.xlsx,12,E
janata_bank_plc,1,INCOME STATEMENT,Non-Interest Income,non_interest_income,Tk mn,1975,88.69,88.69,,,native_numeric,0,Dying_Cyrus_-_SOCB_V7__furnished_.xlsx,12,F
janata_bank_plc,1,INCOME STATEMENT,Non-Interest Income,non_interest_income,Tk mn,1976,112.34,112.34,,,native_numeric,0,Dying_Cyrus_-_SOCB_V7__furnished_.xlsx,12,G
janata_bank_plc,1,INCOME STATEMENT,Non-Interest Income,non_interest_income,Tk mn,1977,98.07,98.07,,,native_numeric,0,Dying_Cyrus_-_SOCB_V7__furnished_.xlsx,12,H
janata_bank_plc,1,INCOME STATEMENT,Non-Interest Income,non_interest_income,Tk mn,1978,75.53,75.53,,,native_numeric,0,Dying_Cyrus_-_SOCB_V7__furnished_.xlsx,12,I
janata_bank_plc,1,INCOME STATEMENT,Non-Interest Income,non_interest_income,Tk mn,1979,108.65,108.65,,,native_numeric,0,Dying_Cyrus_-_SOCB_V7__furnished_.xlsx,12,J
janata_bank_plc,1,INCOME STATEMENT,Non-Interest Income,non_interest_income,Tk mn,1980,146.47,146.47,,,native_numeric,0,Dying_Cyrus_-_SOCB_V7__furnished_.xlsx,12,K
janata_bank_plc,1,INCOME STATEMENT,Non-Interest Income,non_interest_income,Tk mn,1981,169.09,169.09,,,native_numeric,0,Dying_Cyrus_-_SOCB_V7__furnished_.xlsx,12,L
janata_bank_plc,1,INCOME STATEMENT,Non-Interest Income,non_interest_income,Tk mn,1982,161.51,161.51,,,native_numeric,0,Dying_Cyrus_-_SOCB_V7__furnished_.xlsx,12,M
janata_bank_plc,1,INCOME STATEMENT,Non-Interest Income,non_interest_income,Tk mn,1983,167.74,167.74,,,native_numeric,0,Dying_Cyrus_-_SOCB_V7__furnished_.xlsx,12,N
janata_bank_plc,1,INCOME STATEMENT,Non-Interest Income,non_interest_income,Tk mn,1984,264.53,264.53,,,native_numeric,0,Dying_Cyrus_-_SOCB_V7__furnished_.xlsx,12,O
janata_bank_plc,1,INCOME STATEMENT,Non-Interest Income,non_interest_income,Tk mn,1985,318.82,318.82,,,native_numeric,0,Dying_Cyrus_-_SOCB_V7__furnished_.xlsx,12,P
janata_bank_plc,1,INCOME STATEMENT,Non-Interest Income,non_interest_income,Tk mn,1986,237.19,237.19,,,native_numeric,0,Dying_Cyrus_-_SOCB_V7__furnished_.xlsx,12,Q
janata_bank_plc,1,INCOME STATEMENT,Non-Interest Income,non_interest_income,Tk mn,1987,314.07,314.07,,,native_numeric,0,Dying_Cyrus_-_SOCB_V7__furnished_.xlsx,12,R
janata_bank_plc,1,INCOME STATEMENT,Non-Interest Income,non_interest_income,Tk mn,1988,393.57,393.57,,,native_numeric,0,Dying_Cyrus_-_SOCB_V7__furnished_.xlsx,12,S
janata_bank_plc,1,INCOME STATEMENT,Non-Interest Income,non_interest_income,Tk mn,1989,564.68,564.68,,,native_numeric,0,Dying_Cyrus_-_SOCB_V7__furnished_.xlsx,12,T
janata_bank_plc,1,INCOME STATEMENT,Non-Interest Income,non_interest_income,Tk mn,1990,536.35,536.35,,,native_numeric,0,Dying_Cyrus_-_SOCB_V7__furnished_.xlsx,12,U
janata_bank_plc,1,INCOME STATEMENT,Non-Interest Income,non_interest_income,Tk mn,1991,241.97,241.97,,,native_numeric,0,Dying_Cyrus_-_SOCB_V7__furnished_.xlsx,12,V
janata_bank_plc,1,INCOME STATEMENT,Non-Interest Income,non_interest_income,Tk mn,1992,445.07,445.07,,,native_numeric,0,Dying_Cyrus_-_SOCB_V7__furnished_.xlsx,12,W
janata_bank_plc,1,INCOME STATEMENT,Non-Interest Income,non_interest_income,Tk mn,1993,521.11,521.11,,,native_numeric,0,Dying_Cyrus_-_SOCB_V7__furnished_.xlsx,12,X
janata_bank_plc,1,INCOME STATEMENT,Non-Interest Income,non_interest_income,Tk mn,1994,606.73,606.73,,,native_numeric,0,Dying_Cyrus_-_SOCB_V7__furnished_.xlsx,12,Y
janata_bank_plc,1,INCOME STATEMENT,Non-Interest Income,non_interest_income,Tk mn,1995,962.18,962.18,,,native_numeric,0,Dying_Cyrus_-_SOCB_V7__furnished_.xlsx,12,Z
janata_bank_plc,1,INCOME STATEMENT,Non-Interest Income,non_interest_income,Tk mn,1996,864.2,864.2,,,native_numeric,0,Dying_Cyrus_-_SOCB_V7__furnished_.xlsx,12,AA
janata_bank_plc,1,INCOME STATEMENT,Non-Interest Income,non_interest_income,Tk mn,1997,934.15,934.15,,,native_numeric,0,Dying_Cyrus_-_SOCB_V7__furnished_.xlsx,12,AB
janata_bank_plc,1,INCOME STATEMENT,Non-Interest Income,non_interest_income,Tk mn,1998,1369.07,1369.07,,,native_numeric,0,Dying_Cyrus_-_SOCB_V7__furnished_.xlsx,12,AC
janata_bank_plc,1,INCOME STATEMENT,Non-Interest Income,non_interest_income,Tk mn,1999,1179.47,1179.47,,,native_numeric,0,Dying_Cyrus_-_SOCB_V7__furnished_.xlsx,12,AD
janata_bank_plc,1,INCOME STATEMENT,Non-Interest Income,non_interest_income,Tk mn,2000,2995.3,2995.3,,,native_numeric,0,Dying_Cyrus_-_SOCB_V7__furnished_.xlsx,12,AE
janata_bank_plc,1,INCOME STATEMENT,Non-Interest Income,non_interest_income,Tk mn,2001,2765.22,2765.22,,,native_numeric,0,Dying_Cyrus_-_SOCB_V7__furnished_.xlsx,12,AF
janata_bank_plc,1,INCOME STATEMENT,Non-Interest Income,non_interest_income,Tk mn,2002,3461.44,3461.44,,,native_numeric,0,Dying_Cyrus_-_SOCB_V7__furnished_.xlsx,12,AG
janata_bank_plc,1,INCOME STATEMENT,Non-Interest Income,non_interest_income,Tk mn,2003,3593.52,3593.52,,,native_numeric,0,Dying_Cyrus_-_SOCB_V7__furnished_.xlsx,12,AH
janata_bank_plc,1,INCOME STATEMENT,Non-Interest Income,non_interest_income,Tk mn,2004,3535.75,3535.75,,,native_numeric,0,Dying_Cyrus_-_SOCB_V7__furnished_.xlsx,12,AI
janata_bank_plc,1,INCOME STATEMENT,Non-Interest Income,non_interest_income,Tk mn,2005,4239.71,4239.71,,,native_numeric,0,Dying_Cyrus_-_SOCB_V7__furnished_.xlsx,12,AJ
janata_bank_plc,1,INCOME STATEMENT,Non-Interest Income,non_interest_income,Tk mn,2006,5426.39,5426.39,,,native_numeric,0,Dying_Cyrus_-_SOCB_V7__furnished_.xlsx,12,AK
janata_bank_plc,1,INCOME STATEMENT,Non-Interest Income,non_interest_income,Tk mn,2007,3256.06,3256.06,,,native_numeric,0,Dying_Cyrus_-_SOCB_V7__furnished_.xlsx,12,AL
janata_bank_plc,1,INCOME STATEMENT,Non-Interest Income,non_interest_income,Tk mn,2008,7968.84,7968.84,,,native_numeric,0,Dying_Cyrus_-_SOCB_V7__furnished_.xlsx,12,AM
janata_bank_plc,1,INCOME STATEMENT,Non-Interest Income,non_interest_income,Tk mn,2009,9206.15,9206.15,,,native_numeric,0,Dying_Cyrus_-_SOCB_V7__furnished_.xlsx,12,AN
janata_bank_plc,1,INCOME STATEMENT,Non-Interest Income,non_interest_income,Tk mn,2010,11586.39,11586.39,,,native_numeric,0,Dying_Cyrus_-_SOCB_V7__furnished_.xlsx,12,AO
janata_bank_plc,1,INCOME STATEMENT,Non-Interest Income,non_interest_income,Tk mn,2011,14369.42,14369.42,,,native_numeric,0,Dying_Cyrus_-_SOCB_V7__furnished_.xlsx,12,AP
janata_bank_plc,1,INCOME STATEMENT,Non-Interest Income,non_interest_income,Tk mn,2012,15276.51,15276.51,,,native_numeric,0,Dying_Cyrus_-_SOCB_V7__furnished_.xlsx,12,AQ
janata_bank_plc,1,INCOME STATEMENT,Non-Interest Income,non_interest_income,Tk mn,2013,18882.17,18882.17,,,native_numeric,0,Dying_Cyrus_-_SOCB_V7__furnished_.xlsx,12,AR
janata_bank_plc,1,INCOME STATEMENT,Non-Interest Income,non_interest_income,Tk mn,2014,22658.58,22658.58,,,native_numeric,0,Dying_Cyrus_-_SOCB_V7__furnished_.xlsx,12,AS
janata_bank_plc,1,INCOME STATEMENT,Non-Interest Income,non_interest_income,Tk mn,2015,25023.65,25023.65,,,native_numeric,0,Dying_Cyrus_-_SOCB_V7__furnished_.xlsx,12,AT
janata_bank_plc,1,INCOME STATEMENT,Non-Interest Income,non_interest_income,Tk mn,2016,22630.19,22630.19,,,native_numeric,0,Dying_Cyrus_-_SOCB_V7__furnished_.xlsx,12,AU
janata_bank_plc,1,INCOME STATEMENT,Non-Interest Income,non_interest_income,Tk mn,2017,21326.36,21326.36,,,native_numeric,0,Dying_Cyrus_-_SOCB_V7__furnished_.xlsx,12,AV
janata_bank_plc,1,INCOME STATEMENT,Non-Interest Income,non_interest_income,Tk mn,2018,16216.19,16216.19,,,native_numeric,0,Dying_Cyrus_-_SOCB_V7__furnished_.xlsx,12,AW
janata_bank_plc,1,INCOME STATEMENT,Non-Interest Income,non_interest_income,Tk mn,2019,16589.33,16589.33,,,native_numeric,0,Dying_Cyrus_-_SOCB_V7__furnished_.xlsx,12,AX
janata_bank_plc,1,INCOME STATEMENT,Non-Interest Income,non_interest_income,Tk mn,2020,4058.41,4058.41,,,native_numeric,0,Dying_Cyrus_-_SOCB_V7__furnished_.xlsx,12,AY
janata_bank_plc,1,INCOME STATEMENT,Non-Interest Income,non_interest_income,Tk mn,2021,5949.31,5949.31,,,native_numeric,0,Dying_Cyrus_-_SOCB_V7__furnished_.xlsx,12,AZ
janata_bank_plc,1,INCOME STATEMENT,Non-Interest Income,non_interest_income,Tk mn,2022,7844.75,7844.75,,,native_numeric,0,Dying_Cyrus_-_SOCB_V7__furnished_.xlsx,12,BA
janata_bank_plc,1,INCOME STATEMENT,Non-Interest Income,non_interest_income,Tk mn,2023,4921.97,4921.97,,,native_numeric,0,Dying_Cyrus_-_SOCB_V7__furnished_.xlsx,12,BB
janata_bank_plc,1,INCOME STATEMENT,Non-Interest Income,non_interest_income,Tk mn,2024,5624.84,5624.84,,,native_numeric,0,Dying_Cyrus_-_SOCB_V7__furnished_.xlsx,12,BC
janata_bank_plc,1,INCOME STATEMENT,Non-Interest Income,non_interest_income,Tk mn,2025,,,,,missing,0,Dying_Cyrus_-_SOCB_V7__furnished_.xlsx,12,BD
janata_bank_plc,1,INCOME STATEMENT,Non-Interest Income,non_interest_income,Tk mn,2026,,,,,missing,0,Dying_Cyrus_-_SOCB_V7__furnished_.xlsx,12,BE
janata_bank_plc,1,INCOME STATEMENT,Net Profit After Tax,net_profit_after_tax,Tk mn,1972,10.58,10.58,,,native_numeric,0,Dying_Cyrus_-_SOCB_V7__furnished_.xlsx,13,C
janata_bank_plc,1,INCOME STATEMENT,Net Profit After Tax,net_profit_after_tax,Tk mn,1973,22.04,22.04,,,native_numeric,0,Dying_Cyrus_-_SOCB_V7__furnished_.xlsx,13,D
janata_bank_plc,1,INCOME STATEMENT,Net Profit After Tax,net_profit_after_tax,Tk mn,1974,20.5,20.5,,,native_numeric,0,Dying_Cyrus_-_SOCB_V7__furnished_.xlsx,13,E
janata_bank_plc,1,INCOME STATEMENT,Net Profit After Tax,net_profit_after_tax,Tk mn,1975,35.0,35.0,,,native_numeric,0,Dying_Cyrus_-_SOCB_V7__furnished_.xlsx,13,F
janata_bank_plc,1,INCOME STATEMENT,Net Profit After Tax,net_profit_after_tax,Tk mn,1976,0.6,0.6,,,native_numeric,0,Dying_Cyrus_-_SOCB_V7__furnished_.xlsx,13,G
janata_bank_plc,1,INCOME STATEMENT,Net Profit After Tax,net_profit_after_tax,Tk mn,1977,33.0,33.0,,,native_numeric,0,Dying_Cyrus_-_SOCB_V7__furnished_.xlsx,13,H
janata_bank_plc,1,INCOME STATEMENT,Net Profit After Tax,net_profit_after_tax,Tk mn,1978,29.75,29.75,,,native_numeric,0,Dying_Cyrus_-_SOCB_V7__furnished_.xlsx,13,I
janata_bank_plc,1,INCOME STATEMENT,Net Profit After Tax,net_profit_after_tax,Tk mn,1979,36.6,36.6,,,native_numeric,0,Dying_Cyrus_-_SOCB_V7__furnished_.xlsx,13,J
janata_bank_plc,1,INCOME STATEMENT,Net Profit After Tax,net_profit_after_tax,Tk mn,1980,37.66,37.66,,,native_numeric,0,Dying_Cyrus_-_SOCB_V7__furnished_.xlsx,13,K
janata_bank_plc,1,INCOME STATEMENT,Net Profit After Tax,net_profit_after_tax,Tk mn,1981,0.98,0.98,,,native_numeric,0,Dying_Cyrus_-_SOCB_V7__furnished_.xlsx,13,L
janata_bank_plc,1,INCOME STATEMENT,Net Profit After Tax,net_profit_after_tax,Tk mn,1982,62.85,62.85,,,native_numeric,0,Dying_Cyrus_-_SOCB_V7__furnished_.xlsx,13,M
janata_bank_plc,1,INCOME STATEMENT,Net Profit After Tax,net_profit_after_tax,Tk mn,1983,70.7,70.7,,,native_numeric,0,Dying_Cyrus_-_SOCB_V7__furnished_.xlsx,13,N
janata_bank_plc,1,INCOME STATEMENT,Net Profit After Tax,net_profit_after_tax,Tk mn,1984,81.67,81.67,,,native_numeric,0,Dying_Cyrus_-_SOCB_V7__furnished_.xlsx,13,O
janata_bank_plc,1,INCOME STATEMENT,Net Profit After Tax,net_profit_after_tax,Tk mn,1985,52.81,52.81,,,native_numeric,0,Dying_Cyrus_-_SOCB_V7__furnished_.xlsx,13,P
janata_bank_plc,1,INCOME STATEMENT,Net Profit After Tax,net_profit_after_tax,Tk mn,1986,93.54,93.54,,,native_numeric,0,Dying_Cyrus_-_SOCB_V7__furnished_.xlsx,13,Q
janata_bank_plc,1,INCOME STATEMENT,Net Profit After Tax,net_profit_after_tax,Tk mn,1987,88.21,88.21,,,native_numeric,0,Dying_Cyrus_-_SOCB_V7__furnished_.xlsx,13,R
janata_bank_plc,1,INCOME STATEMENT,Net Profit After Tax,net_profit_after_tax,Tk mn,1988,54.72,54.72,,,native_numeric,0,Dying_Cyrus_-_SOCB_V7__furnished_.xlsx,13,S
janata_bank_plc,1,INCOME STATEMENT,Net Profit After Tax,net_profit_after_tax,Tk mn,1989,59.04,59.04,,,native_numeric,0,Dying_Cyrus_-_SOCB_V7__furnished_.xlsx,13,T
janata_bank_plc,1,INCOME STATEMENT,Net Profit After Tax,net_profit_after_tax,Tk mn,1990,48.85,48.85,,,native_numeric,0,Dying_Cyrus_-_SOCB_V7__furnished_.xlsx,13,U
janata_bank_plc,1,INCOME STATEMENT,Net Profit After Tax,net_profit_after_tax,Tk mn,1991,1.5,1.5,,,native_numeric,0,Dying_Cyrus_-_SOCB_V7__furnished_.xlsx,13,V
janata_bank_plc,1,INCOME STATEMENT,Net Profit After Tax,net_profit_after_tax,Tk mn,1992,1.67,1.67,,,native_numeric,0,Dying_Cyrus_-_SOCB_V7__furnished_.xlsx,13,W
janata_bank_plc,1,INCOME STATEMENT,Net Profit After Tax,net_profit_after_tax,Tk mn,1993,6.83,6.83,,,native_numeric,0,Dying_Cyrus_-_SOCB_V7__furnished_.xlsx,13,X
janata_bank_plc,1,INCOME STATEMENT,Net Profit After Tax,net_profit_after_tax,Tk mn,1994,2.59,2.59,,,native_numeric,0,Dying_Cyrus_-_SOCB_V7__furnished_.xlsx,13,Y
janata_bank_plc,1,INCOME STATEMENT,Net Profit After Tax,net_profit_after_tax,Tk mn,1995,12.58,12.58,,,native_numeric,0,Dying_Cyrus_-_SOCB_V7__furnished_.xlsx,13,Z
janata_bank_plc,1,INCOME STATEMENT,Net Profit After Tax,net_profit_after_tax,Tk mn,1996,3.08,3.08,,,native_numeric,0,Dying_Cyrus_-_SOCB_V7__furnished_.xlsx,13,AA
janata_bank_plc,1,INCOME STATEMENT,Net Profit After Tax,net_profit_after_tax,Tk mn,1997,10.42,10.42,,,native_numeric,0,Dying_Cyrus_-_SOCB_V7__furnished_.xlsx,13,AB
janata_bank_plc,1,INCOME STATEMENT,Net Profit After Tax,net_profit_after_tax,Tk mn,1998,20.21,20.21,,,native_numeric,0,Dying_Cyrus_-_SOCB_V7__furnished_.xlsx,13,AC
janata_bank_plc,1,INCOME STATEMENT,Net Profit After Tax,net_profit_after_tax,Tk mn,1999,10.29,10.29,,,native_numeric,0,Dying_Cyrus_-_SOCB_V7__furnished_.xlsx,13,AD
janata_bank_plc,1,INCOME STATEMENT,Net Profit After Tax,net_profit_after_tax,Tk mn,2000,11.22,11.22,,,native_numeric,0,Dying_Cyrus_-_SOCB_V7__furnished_.xlsx,13,AE
janata_bank_plc,1,INCOME STATEMENT,Net Profit After Tax,net_profit_after_tax,Tk mn,2001,11.24,11.24,,,native_numeric,0,Dying_Cyrus_-_SOCB_V7__furnished_.xlsx,13,AF
janata_bank_plc,1,INCOME STATEMENT,Net Profit After Tax,net_profit_after_tax,Tk mn,2002,14.8,14.8,,,native_numeric,0,Dying_Cyrus_-_SOCB_V7__furnished_.xlsx,13,AG
janata_bank_plc,1,INCOME STATEMENT,Net Profit After Tax,net_profit_after_tax,Tk mn,2003,20.86,20.86,,,native_numeric,0,Dying_Cyrus_-_SOCB_V7__furnished_.xlsx,13,AH
janata_bank_plc,1,INCOME STATEMENT,Net Profit After Tax,net_profit_after_tax,Tk mn,2004,0.0,0.0,,,native_numeric,0,Dying_Cyrus_-_SOCB_V7__furnished_.xlsx,13,AI
janata_bank_plc,1,INCOME STATEMENT,Net Profit After Tax,net_profit_after_tax,Tk mn,2005,0.0,0.0,,,native_numeric,0,Dying_Cyrus_-_SOCB_V7__furnished_.xlsx,13,AJ
janata_bank_plc,1,INCOME STATEMENT,Net Profit After Tax,net_profit_after_tax,Tk mn,2006,-9968.18,-9968.18,,,native_numeric,0,Dying_Cyrus_-_SOCB_V7__furnished_.xlsx,13,AK
janata_bank_plc,1,INCOME STATEMENT,Net Profit After Tax,net_profit_after_tax,Tk mn,2007,15.48,15.48,,,native_numeric,0,Dying_Cyrus_-_SOCB_V7__furnished_.xlsx,13,AL
janata_bank_plc,1,INCOME STATEMENT,Net Profit After Tax,net_profit_after_tax,Tk mn,2008,3145.38,3145.38,,,native_numeric,0,Dying_Cyrus_-_SOCB_V7__furnished_.xlsx,13,AM
janata_bank_plc,1,INCOME STATEMENT,Net Profit After Tax,net_profit_after_tax,Tk mn,2009,2981.87,2981.87,,,native_numeric,0,Dying_Cyrus_-_SOCB_V7__furnished_.xlsx,13,AN
janata_bank_plc,1,INCOME STATEMENT,Net Profit After Tax,net_profit_after_tax,Tk mn,2010,4907.97,4907.97,,,native_numeric,0,Dying_Cyrus_-_SOCB_V7__furnished_.xlsx,13,AO
janata_bank_plc,1,INCOME STATEMENT,Net Profit After Tax,net_profit_after_tax,Tk mn,2011,4444.91,4444.91,,,native_numeric,0,Dying_Cyrus_-_SOCB_V7__furnished_.xlsx,13,AP
janata_bank_plc,1,INCOME STATEMENT,Net Profit After Tax,net_profit_after_tax,Tk mn,2012,-16280.34,-16280.34,,,native_numeric,0,Dying_Cyrus_-_SOCB_V7__furnished_.xlsx,13,AQ
janata_bank_plc,1,INCOME STATEMENT,Net Profit After Tax,net_profit_after_tax,Tk mn,2013,9551.39,9551.39,,,native_numeric,0,Dying_Cyrus_-_SOCB_V7__furnished_.xlsx,13,AR
janata_bank_plc,1,INCOME STATEMENT,Net Profit After Tax,net_profit_after_tax,Tk mn,2014,3813.15,3813.15,,,native_numeric,0,Dying_Cyrus_-_SOCB_V7__furnished_.xlsx,13,AS
janata_bank_plc,1,INCOME STATEMENT,Net Profit After Tax,net_profit_after_tax,Tk mn,2015,4807.88,4807.88,,,native_numeric,0,Dying_Cyrus_-_SOCB_V7__furnished_.xlsx,13,AT
janata_bank_plc,1,INCOME STATEMENT,Net Profit After Tax,net_profit_after_tax,Tk mn,2016,2605.48,2605.48,,,native_numeric,0,Dying_Cyrus_-_SOCB_V7__furnished_.xlsx,13,AU
janata_bank_plc,1,INCOME STATEMENT,Net Profit After Tax,net_profit_after_tax,Tk mn,2017,2686.5,2686.5,,,native_numeric,0,Dying_Cyrus_-_SOCB_V7__furnished_.xlsx,13,AV
janata_bank_plc,1,INCOME STATEMENT,Net Profit After Tax,net_profit_after_tax,Tk mn,2018,248.97,248.97,,,native_numeric,0,Dying_Cyrus_-_SOCB_V7__furnished_.xlsx,13,AW
janata_bank_plc,1,INCOME STATEMENT,Net Profit After Tax,net_profit_after_tax,Tk mn,2019,246.44,246.44,,,native_numeric,0,Dying_Cyrus_-_SOCB_V7__furnished_.xlsx,13,AX
janata_bank_plc,1,INCOME STATEMENT,Net Profit After Tax,net_profit_after_tax,Tk mn,2020,143.18,143.18,,,native_numeric,0,Dying_Cyrus_-_SOCB_V7__furnished_.xlsx,13,AY
janata_bank_plc,1,INCOME STATEMENT,Net Profit After Tax,net_profit_after_tax,Tk mn,2021,3003.19,3003.19,,,native_numeric,0,Dying_Cyrus_-_SOCB_V7__furnished_.xlsx,13,AZ
janata_bank_plc,1,INCOME STATEMENT,Net Profit After Tax,net_profit_after_tax,Tk mn,2022,1133.43,1133.43,,,native_numeric,0,Dying_Cyrus_-_SOCB_V7__furnished_.xlsx,13,BA
janata_bank_plc,1,INCOME STATEMENT,Net Profit After Tax,net_profit_after_tax,Tk mn,2023,553.1,553.1,,,native_numeric,0,Dying_Cyrus_-_SOCB_V7__furnished_.xlsx,13,BB
janata_bank_plc,1,INCOME STATEMENT,Net Profit After Tax,net_profit_after_tax,Tk mn,2024,-30706.13,-30706.13,,,native_numeric,0,Dying_Cyrus_-_SOCB_V7__furnished_.xlsx,13,BC
janata_bank_plc,1,INCOME STATEMENT,Net Profit After Tax,net_profit_after_tax,Tk mn,2025,,,,,missing,0,Dying_Cyrus_-_SOCB_V7__furnished_.xlsx,13,BD
janata_bank_plc,1,INCOME STATEMENT,Net Profit After Tax,net_profit_after_tax,Tk mn,2026,,,,,missing,0,Dying_Cyrus_-_SOCB_V7__furnished_.xlsx,13,BE
janata_bank_plc,1,PER-SHARE & PROFITABILITY,EPS,eps,BDT,1972,,,,,missing,0,Dying_Cyrus_-_SOCB_V7__furnished_.xlsx,15,C
janata_bank_plc,1,PER-SHARE & PROFITABILITY,EPS,eps,BDT,1973,,,,,missing,0,Dying_Cyrus_-_SOCB_V7__furnished_.xlsx,15,D
janata_bank_plc,1,PER-SHARE & PROFITABILITY,EPS,eps,BDT,1974,,,,,missing,0,Dying_Cyrus_-_SOCB_V7__furnished_.xlsx,15,E
janata_bank_plc,1,PER-SHARE & PROFITABILITY,EPS,eps,BDT,1975,,,,,missing,0,Dying_Cyrus_-_SOCB_V7__furnished_.xlsx,15,F
janata_bank_plc,1,PER-SHARE & PROFITABILITY,EPS,eps,BDT,1976,,,,,missing,0,Dying_Cyrus_-_SOCB_V7__furnished_.xlsx,15,G
janata_bank_plc,1,PER-SHARE & PROFITABILITY,EPS,eps,BDT,1977,,,,,missing,0,Dying_Cyrus_-_SOCB_V7__furnished_.xlsx,15,H
janata_bank_plc,1,PER-SHARE & PROFITABILITY,EPS,eps,BDT,1978,,,,,missing,0,Dying_Cyrus_-_SOCB_V7__furnished_.xlsx,15,I
janata_bank_plc,1,PER-SHARE & PROFITABILITY,EPS,eps,BDT,1979,,,,,missing,0,Dying_Cyrus_-_SOCB_V7__furnished_.xlsx,15,J
janata_bank_plc,1,PER-SHARE & PROFITABILITY,EPS,eps,BDT,1980,,,,,missing,0,Dying_Cyrus_-_SOCB_V7__furnished_.xlsx,15,K
janata_bank_plc,1,PER-SHARE & PROFITABILITY,EPS,eps,BDT,1981,,,,,missing,0,Dying_Cyrus_-_SOCB_V7__furnished_.xlsx,15,L
janata_bank_plc,1,PER-SHARE & PROFITABILITY,EPS,eps,BDT,1982,,,,,missing,0,Dying_Cyrus_-_SOCB_V7__furnished_.xlsx,15,M
janata_bank_plc,1,PER-SHARE & PROFITABILITY,EPS,eps,BDT,1983,,,,,missing,0,Dying_Cyrus_-_SOCB_V7__furnished_.xlsx,15,N
janata_bank_plc,1,PER-SHARE & PROFITABILITY,EPS,eps,BDT,1984,,,,,missing,0,Dying_Cyrus_-_SOCB_V7__furnished_.xlsx,15,O
janata_bank_plc,1,PER-SHARE & PROFITABILITY,EPS,eps,BDT,1985,,,,,missing,0,Dying_Cyrus_-_SOCB_V7__furnished_.xlsx,15,P
janata_bank_plc,1,PER-SHARE & PROFITABILITY,EPS,eps,BDT,1986,,,,,missing,0,Dying_Cyrus_-_SOCB_V7__furnished_.xlsx,15,Q
janata_bank_plc,1,PER-SHARE & PROFITABILITY,EPS,eps,BDT,1987,,,,,missing,0,Dying_Cyrus_-_SOCB_V7__furnished_.xlsx,15,R
janata_bank_plc,1,PER-SHARE & PROFITABILITY,EPS,eps,BDT,1988,,,,,missing,0,Dying_Cyrus_-_SOCB_V7__furnished_.xlsx,15,S
janata_bank_plc,1,PER-SHARE & PROFITABILITY,EPS,eps,BDT,1989,,,,,missing,0,Dying_Cyrus_-_SOCB_V7__furnished_.xlsx,15,T
janata_bank_plc,1,PER-SHARE & PROFITABILITY,EPS,eps,BDT,1990,,,,,missing,0,Dying_Cyrus_-_SOCB_V7__furnished_.xlsx,15,U
janata_bank_plc,1,PER-SHARE & PROFITABILITY,EPS,eps,BDT,1991,,,,,missing,0,Dying_Cyrus_-_SOCB_V7__furnished_.xlsx,15,V
janata_bank_plc,1,PER-SHARE & PROFITABILITY,EPS,eps,BDT,1992,,,,,missing,0,Dying_Cyrus_-_SOCB_V7__furnished_.xlsx,15,W
janata_bank_plc,1,PER-SHARE & PROFITABILITY,EPS,eps,BDT,1993,,,,,missing,0,Dying_Cyrus_-_SOCB_V7__furnished_.xlsx,15,X
janata_bank_plc,1,PER-SHARE & PROFITABILITY,EPS,eps,BDT,1994,,,,,missing,0,Dying_Cyrus_-_SOCB_V7__furnished_.xlsx,15,Y
janata_bank_plc,1,PER-SHARE & PROFITABILITY,EPS,eps,BDT,1995,,,,,missing,0,Dying_Cyrus_-_SOCB_V7__furnished_.xlsx,15,Z
janata_bank_plc,1,PER-SHARE & PROFITABILITY,EPS,eps,BDT,1996,,,,,missing,0,Dying_Cyrus_-_SOCB_V7__furnished_.xlsx,15,AA
janata_bank_plc,1,PER-SHARE & PROFITABILITY,EPS,eps,BDT,1997,,,,,missing,0,Dying_Cyrus_-_SOCB_V7__furnished_.xlsx,15,AB
janata_bank_plc,1,PER-SHARE & PROFITABILITY,EPS,eps,BDT,1998,,,,,missing,0,Dying_Cyrus_-_SOCB_V7__furnished_.xlsx,15,AC
janata_bank_plc,1,PER-SHARE & PROFITABILITY,EPS,eps,BDT,1999,,,,,missing,0,Dying_Cyrus_-_SOCB_V7__furnished_.xlsx,15,AD
janata_bank_plc,1,PER-SHARE & PROFITABILITY,EPS,eps,BDT,2000,,,,,missing,0,Dying_Cyrus_-_SOCB_V7__furnished_.xlsx,15,AE
janata_bank_plc,1,PER-SHARE & PROFITABILITY,EPS,eps,BDT,2001,,,,,missing,0,Dying_Cyrus_-_SOCB_V7__furnished_.xlsx,15,AF
janata_bank_plc,1,PER-SHARE & PROFITABILITY,EPS,eps,BDT,2002,,,,,missing,0,Dying_Cyrus_-_SOCB_V7__furnished_.xlsx,15,AG
janata_bank_plc,1,PER-SHARE & PROFITABILITY,EPS,eps,BDT,2003,,,,,missing,0,Dying_Cyrus_-_SOCB_V7__furnished_.xlsx,15,AH
janata_bank_plc,1,PER-SHARE & PROFITABILITY,EPS,eps,BDT,2004,,,,,missing,0,Dying_Cyrus_-_SOCB_V7__furnished_.xlsx,15,AI
janata_bank_plc,1,PER-SHARE & PROFITABILITY,EPS,eps,BDT,2005,,,,,missing,0,Dying_Cyrus_-_SOCB_V7__furnished_.xlsx,15,AJ
janata_bank_plc,1,PER-SHARE & PROFITABILITY,EPS,eps,BDT,2006,,,,,missing,0,Dying_Cyrus_-_SOCB_V7__furnished_.xlsx,15,AK
janata_bank_plc,1,PER-SHARE & PROFITABILITY,EPS,eps,BDT,2007,0.6,0.6,,,native_numeric,0,Dying_Cyrus_-_SOCB_V7__furnished_.xlsx,15,AL
janata_bank_plc,1,PER-SHARE & PROFITABILITY,EPS,eps,BDT,2008,121.26,121.26,,,native_numeric,0,Dying_Cyrus_-_SOCB_V7__furnished_.xlsx,15,AM
janata_bank_plc,1,PER-SHARE & PROFITABILITY,EPS,eps,BDT,2009,78.02,78.02,,,native_numeric,0,Dying_Cyrus_-_SOCB_V7__furnished_.xlsx,15,AN
janata_bank_plc,1,PER-SHARE & PROFITABILITY,EPS,eps,BDT,2010,98.16,98.16,,,native_numeric,0,Dying_Cyrus_-_SOCB_V7__furnished_.xlsx,15,AO
janata_bank_plc,1,PER-SHARE & PROFITABILITY,EPS,eps,BDT,2011,60.45,60.45,,,native_numeric,0,Dying_Cyrus_-_SOCB_V7__furnished_.xlsx,15,AP
janata_bank_plc,1,PER-SHARE & PROFITABILITY,EPS,eps,BDT,2012,-148.0,-148.0,,,native_numeric,0,Dying_Cyrus_-_SOCB_V7__furnished_.xlsx,15,AQ
janata_bank_plc,1,PER-SHARE & PROFITABILITY,EPS,eps,BDT,2013,86.31,86.31,,,native_numeric,0,Dying_Cyrus_-_SOCB_V7__furnished_.xlsx,15,AR
janata_bank_plc,1,PER-SHARE & PROFITABILITY,EPS,eps,BDT,2014,19.92,19.92,,,native_numeric,0,Dying_Cyrus_-_SOCB_V7__furnished_.xlsx,15,AS
janata_bank_plc,1,PER-SHARE & PROFITABILITY,EPS,eps,BDT,2015,25.12,25.12,,,native_numeric,0,Dying_Cyrus_-_SOCB_V7__furnished_.xlsx,15,AT
janata_bank_plc,1,PER-SHARE & PROFITABILITY,EPS,eps,BDT,2016,13.61,13.61,,,native_numeric,0,Dying_Cyrus_-_SOCB_V7__furnished_.xlsx,15,AU
janata_bank_plc,1,PER-SHARE & PROFITABILITY,EPS,eps,BDT,2017,14.04,14.04,,,native_numeric,0,Dying_Cyrus_-_SOCB_V7__furnished_.xlsx,15,AV
janata_bank_plc,1,PER-SHARE & PROFITABILITY,EPS,eps,BDT,2018,1.17,1.17,,,native_numeric,0,Dying_Cyrus_-_SOCB_V7__furnished_.xlsx,15,AW
janata_bank_plc,1,PER-SHARE & PROFITABILITY,EPS,eps,BDT,2019,1.06,1.06,,,native_numeric,0,Dying_Cyrus_-_SOCB_V7__furnished_.xlsx,15,AX
janata_bank_plc,1,PER-SHARE & PROFITABILITY,EPS,eps,BDT,2020,0.62,0.62,,,native_numeric,0,Dying_Cyrus_-_SOCB_V7__furnished_.xlsx,15,AY
janata_bank_plc,1,PER-SHARE & PROFITABILITY,EPS,eps,BDT,2021,12.98,12.98,,,native_numeric,0,Dying_Cyrus_-_SOCB_V7__furnished_.xlsx,15,AZ
janata_bank_plc,1,PER-SHARE & PROFITABILITY,EPS,eps,BDT,2022,4.9,4.9,,,native_numeric,0,Dying_Cyrus_-_SOCB_V7__furnished_.xlsx,15,BA
janata_bank_plc,1,PER-SHARE & PROFITABILITY,EPS,eps,BDT,2023,2.39,2.39,,,native_numeric,0,Dying_Cyrus_-_SOCB_V7__furnished_.xlsx,15,BB
janata_bank_plc,1,PER-SHARE & PROFITABILITY,EPS,eps,BDT,2024,-132.7,-132.7,,,native_numeric,0,Dying_Cyrus_-_SOCB_V7__furnished_.xlsx,15,BC
janata_bank_plc,1,PER-SHARE & PROFITABILITY,EPS,eps,BDT,2025,,,,,missing,0,Dying_Cyrus_-_SOCB_V7__furnished_.xlsx,15,BD
janata_bank_plc,1,PER-SHARE & PROFITABILITY,EPS,eps,BDT,2026,,,,,missing,0,Dying_Cyrus_-_SOCB_V7__furnished_.xlsx,15,BE
janata_bank_plc,1,PER-SHARE & PROFITABILITY,ROA %,roa_pct,%,1972,0.003562637429,0.003562637429,0.3562637429,fraction,native_numeric,0,Dying_Cyrus_-_SOCB_V7__furnished_.xlsx,16,C
janata_bank_plc,1,PER-SHARE & PROFITABILITY,ROA %,roa_pct,%,1973,0.00557294643,0.00557294643,0.557294643,fraction,native_numeric,0,Dying_Cyrus_-_SOCB_V7__furnished_.xlsx,16,D
janata_bank_plc,1,PER-SHARE & PROFITABILITY,ROA %,roa_pct,%,1974,0.004557429165,0.004557429165,0.4557429165,fraction,native_numeric,0,Dying_Cyrus_-_SOCB_V7__furnished_.xlsx,16,E
janata_bank_plc,1,PER-SHARE & PROFITABILITY,ROA %,roa_pct,%,1975,0.005543807962,0.005543807962,0.5543807962,fraction,native_numeric,0,Dying_Cyrus_-_SOCB_V7__furnished_.xlsx,16,F
janata_bank_plc,1,PER-SHARE & PROFITABILITY,ROA %,roa_pct,%,1976,7.125188372e-05,7.125188372e-05,0.0071251883719999996,fraction,native_numeric,0,Dying_Cyrus_-_SOCB_V7__furnished_.xlsx,16,G
janata_bank_plc,1,PER-SHARE & PROFITABILITY,ROA %,roa_pct,%,1977,0.003301921718,0.003301921718,0.3301921718,fraction,native_numeric,0,Dying_Cyrus_-_SOCB_V7__furnished_.xlsx,16,H
janata_bank_plc,1,PER-SHARE & PROFITABILITY,ROA %,roa_pct,%,1978,0.002644888786,0.002644888786,0.26448887860000003,fraction,native_numeric,0,Dying_Cyrus_-_SOCB_V7__furnished_.xlsx,16,I
janata_bank_plc,1,PER-SHARE & PROFITABILITY,ROA %,roa_pct,%,1979,0.002533476851,0.002533476851,0.2533476851,fraction,native_numeric,0,Dying_Cyrus_-_SOCB_V7__furnished_.xlsx,16,J
janata_bank_plc,1,PER-SHARE & PROFITABILITY,ROA %,roa_pct,%,1980,0.002274223256,0.002274223256,0.2274223256,fraction,native_numeric,0,Dying_Cyrus_-_SOCB_V7__furnished_.xlsx,16,K
janata_bank_plc,1,PER-SHARE & PROFITABILITY,ROA %,roa_pct,%,1981,5.77163524e-05,5.77163524e-05,0.00577163524,fraction,native_numeric,0,Dying_Cyrus_-_SOCB_V7__furnished_.xlsx,16,L
janata_bank_plc,1,PER-SHARE & PROFITABILITY,ROA %,roa_pct,%,1982,0.003184497148,0.003184497148,0.3184497148,fraction,native_numeric,0,Dying_Cyrus_-_SOCB_V7__furnished_.xlsx,16,M
janata_bank_plc,1,PER-SHARE & PROFITABILITY,ROA %,roa_pct,%,1983,0.002888676063,0.002888676063,0.28886760629999997,fraction,native_numeric,0,Dying_Cyrus_-_SOCB_V7__furnished_.xlsx,16,N
janata_bank_plc,1,PER-SHARE & PROFITABILITY,ROA %,roa_pct,%,1984,0.00247541633,0.00247541633,0.24754163299999998,fraction,native_numeric,0,Dying_Cyrus_-_SOCB_V7__furnished_.xlsx,16,O
janata_bank_plc,1,PER-SHARE & PROFITABILITY,ROA %,roa_pct,%,1985,0.001480453583,0.001480453583,0.14804535829999999,fraction,native_numeric,0,Dying_Cyrus_-_SOCB_V7__furnished_.xlsx,16,P
janata_bank_plc,1,PER-SHARE & PROFITABILITY,ROA %,roa_pct,%,1986,0.002624113794,0.002624113794,0.2624113794,fraction,native_numeric,0,Dying_Cyrus_-_SOCB_V7__furnished_.xlsx,16,Q
janata_bank_plc,1,PER-SHARE & PROFITABILITY,ROA %,roa_pct,%,1987,0.002152702006,0.002152702006,0.2152702006,fraction,native_numeric,0,Dying_Cyrus_-_SOCB_V7__furnished_.xlsx,16,R
janata_bank_plc,1,PER-SHARE & PROFITABILITY,ROA %,roa_pct,%,1988,0.001147746331,0.001147746331,0.11477463310000001,fraction,native_numeric,0,Dying_Cyrus_-_SOCB_V7__furnished_.xlsx,16,S
janata_bank_plc,1,PER-SHARE & PROFITABILITY,ROA %,roa_pct,%,1989,0.001082788378,0.001082788378,0.10827883779999999,fraction,native_numeric,0,Dying_Cyrus_-_SOCB_V7__furnished_.xlsx,16,T
janata_bank_plc,1,PER-SHARE & PROFITABILITY,ROA %,roa_pct,%,1990,0.0007603744809,0.0007603744809,0.07603744809,fraction,native_numeric,0,Dying_Cyrus_-_SOCB_V7__furnished_.xlsx,16,U
janata_bank_plc,1,PER-SHARE & PROFITABILITY,ROA %,roa_pct,%,1991,2.210529992e-05,2.210529992e-05,0.002210529992,fraction,native_numeric,0,Dying_Cyrus_-_SOCB_V7__furnished_.xlsx,16,V
janata_bank_plc,1,PER-SHARE & PROFITABILITY,ROA %,roa_pct,%,1992,2.300084442e-05,2.300084442e-05,0.002300084442,fraction,native_numeric,0,Dying_Cyrus_-_SOCB_V7__furnished_.xlsx,16,W
janata_bank_plc,1,PER-SHARE & PROFITABILITY,ROA %,roa_pct,%,1993,8.697111566e-05,8.697111566e-05,0.008697111566,fraction,native_numeric,0,Dying_Cyrus_-_SOCB_V7__furnished_.xlsx,16,X
janata_bank_plc,1,PER-SHARE & PROFITABILITY,ROA %,roa_pct,%,1994,2.95799127e-05,2.95799127e-05,0.00295799127,fraction,native_numeric,0,Dying_Cyrus_-_SOCB_V7__furnished_.xlsx,16,Y
janata_bank_plc,1,PER-SHARE & PROFITABILITY,ROA %,roa_pct,%,1995,0.0001316097134,0.0001316097134,0.013160971339999999,fraction,native_numeric,0,Dying_Cyrus_-_SOCB_V7__furnished_.xlsx,16,Z
janata_bank_plc,1,PER-SHARE & PROFITABILITY,ROA %,roa_pct,%,1996,3.068961559e-05,3.068961559e-05,0.0030689615589999998,fraction,native_numeric,0,Dying_Cyrus_-_SOCB_V7__furnished_.xlsx,16,AA
janata_bank_plc,1,PER-SHARE & PROFITABILITY,ROA %,roa_pct,%,1997,9.221706552e-05,9.221706552e-05,0.009221706552000001,fraction,native_numeric,0,Dying_Cyrus_-_SOCB_V7__furnished_.xlsx,16,AB
janata_bank_plc,1,PER-SHARE & PROFITABILITY,ROA %,roa_pct,%,1998,0.000164615382,0.000164615382,0.0164615382,fraction,native_numeric,0,Dying_Cyrus_-_SOCB_V7__furnished_.xlsx,16,AC
janata_bank_plc,1,PER-SHARE & PROFITABILITY,ROA %,roa_pct,%,1999,8.173934982e-05,8.173934982e-05,0.008173934982000001,fraction,native_numeric,0,Dying_Cyrus_-_SOCB_V7__furnished_.xlsx,16,AD
janata_bank_plc,1,PER-SHARE & PROFITABILITY,ROA %,roa_pct,%,2000,8.726906851e-05,8.726906851e-05,0.008726906851,fraction,native_numeric,0,Dying_Cyrus_-_SOCB_V7__furnished_.xlsx,16,AE
janata_bank_plc,1,PER-SHARE & PROFITABILITY,ROA %,roa_pct,%,2001,7.392704821e-05,7.392704821e-05,0.007392704821,fraction,native_numeric,0,Dying_Cyrus_-_SOCB_V7__furnished_.xlsx,16,AF
janata_bank_plc,1,PER-SHARE & PROFITABILITY,ROA %,roa_pct,%,2002,8.797236479e-05,8.797236479e-05,0.008797236479,fraction,native_numeric,0,Dying_Cyrus_-_SOCB_V7__furnished_.xlsx,16,AG
janata_bank_plc,1,PER-SHARE & PROFITABILITY,ROA %,roa_pct,%,2003,0.0001334259938,0.0001334259938,0.01334259938,fraction,native_numeric,0,Dying_Cyrus_-_SOCB_V7__furnished_.xlsx,16,AH
janata_bank_plc,1,PER-SHARE & PROFITABILITY,ROA %,roa_pct,%,2004,0,0.0,0.0,fraction,native_numeric,0,Dying_Cyrus_-_SOCB_V7__furnished_.xlsx,16,AI
janata_bank_plc,1,PER-SHARE & PROFITABILITY,ROA %,roa_pct,%,2005,0,0.0,0.0,fraction,native_numeric,0,Dying_Cyrus_-_SOCB_V7__furnished_.xlsx,16,AJ
janata_bank_plc,1,PER-SHARE & PROFITABILITY,ROA %,roa_pct,%,2006,-0.04687292293,-0.04687292293,-4.687292293,fraction,native_numeric,0,Dying_Cyrus_-_SOCB_V7__furnished_.xlsx,16,AK
janata_bank_plc,1,PER-SHARE & PROFITABILITY,ROA %,roa_pct,%,2007,6.368059001e-05,6.368059001e-05,0.006368059001,fraction,native_numeric,0,Dying_Cyrus_-_SOCB_V7__furnished_.xlsx,16,AL
janata_bank_plc,1,PER-SHARE & PROFITABILITY,ROA %,roa_pct,%,2008,0.01177351321,0.01177351321,1.177351321,fraction,native_numeric,0,Dying_Cyrus_-_SOCB_V7__furnished_.xlsx,16,AM
janata_bank_plc,1,PER-SHARE & PROFITABILITY,ROA %,roa_pct,%,2009,0.01015406174,0.01015406174,1.015406174,fraction,native_numeric,0,Dying_Cyrus_-_SOCB_V7__furnished_.xlsx,16,AN
janata_bank_plc,1,PER-SHARE & PROFITABILITY,ROA %,roa_pct,%,2010,0.01421636048,0.01421636048,1.421636048,fraction,native_numeric,0,Dying_Cyrus_-_SOCB_V7__furnished_.xlsx,16,AO
janata_bank_plc,1,PER-SHARE & PROFITABILITY,ROA %,roa_pct,%,2011,0.01009313644,0.01009313644,1.0093136440000001,fraction,native_numeric,0,Dying_Cyrus_-_SOCB_V7__furnished_.xlsx,16,AP
janata_bank_plc,1,PER-SHARE & PROFITABILITY,ROA %,roa_pct,%,2012,-0.03185169877,-0.03185169877,-3.185169877,fraction,native_numeric,0,Dying_Cyrus_-_SOCB_V7__furnished_.xlsx,16,AQ
janata_bank_plc,1,PER-SHARE & PROFITABILITY,ROA %,roa_pct,%,2013,0.01629699234,0.01629699234,1.629699234,fraction,native_numeric,0,Dying_Cyrus_-_SOCB_V7__furnished_.xlsx,16,AR
janata_bank_plc,1,PER-SHARE & PROFITABILITY,ROA %,roa_pct,%,2014,0.006057867854,0.006057867854,0.6057867854,fraction,native_numeric,0,Dying_Cyrus_-_SOCB_V7__furnished_.xlsx,16,AS
janata_bank_plc,1,PER-SHARE & PROFITABILITY,ROA %,roa_pct,%,2015,0.007037732056,0.007037732056,0.7037732056,fraction,native_numeric,0,Dying_Cyrus_-_SOCB_V7__furnished_.xlsx,16,AT
janata_bank_plc,1,PER-SHARE & PROFITABILITY,ROA %,roa_pct,%,2016,0.003346348466,0.003346348466,0.33463484660000004,fraction,native_numeric,0,Dying_Cyrus_-_SOCB_V7__furnished_.xlsx,16,AU
janata_bank_plc,1,PER-SHARE & PROFITABILITY,ROA %,roa_pct,%,2017,0.003333174481,0.003333174481,0.3333174481,fraction,native_numeric,0,Dying_Cyrus_-_SOCB_V7__furnished_.xlsx,16,AV
janata_bank_plc,1,PER-SHARE & PROFITABILITY,ROA %,roa_pct,%,2018,0.0002874787968,0.0002874787968,0.028747879679999998,fraction,native_numeric,0,Dying_Cyrus_-_SOCB_V7__furnished_.xlsx,16,AW
janata_bank_plc,1,PER-SHARE & PROFITABILITY,ROA %,roa_pct,%,2019,0.0002752329194,0.0002752329194,0.027523291940000003,fraction,native_numeric,0,Dying_Cyrus_-_SOCB_V7__furnished_.xlsx,16,AX
janata_bank_plc,1,PER-SHARE & PROFITABILITY,ROA %,roa_pct,%,2020,0.0001372361408,0.0001372361408,0.01372361408,fraction,native_numeric,0,Dying_Cyrus_-_SOCB_V7__furnished_.xlsx,16,AY
janata_bank_plc,1,PER-SHARE & PROFITABILITY,ROA %,roa_pct,%,2021,0.002403436022,0.002403436022,0.2403436022,fraction,native_numeric,0,Dying_Cyrus_-_SOCB_V7__furnished_.xlsx,16,AZ
janata_bank_plc,1,PER-SHARE & PROFITABILITY,ROA %,roa_pct,%,2022,0.0008889422069,0.0008889422069,0.08889422069000001,fraction,native_numeric,0,Dying_Cyrus_-_SOCB_V7__furnished_.xlsx,16,BA
janata_bank_plc,1,PER-SHARE & PROFITABILITY,ROA %,roa_pct,%,2023,0.0003987574628,0.0003987574628,0.03987574628,fraction,native_numeric,0,Dying_Cyrus_-_SOCB_V7__furnished_.xlsx,16,BB
janata_bank_plc,1,PER-SHARE & PROFITABILITY,ROA %,roa_pct,%,2024,-0.02086903993,-0.02086903993,-2.086903993,fraction,native_numeric,0,Dying_Cyrus_-_SOCB_V7__furnished_.xlsx,16,BC
janata_bank_plc,1,PER-SHARE & PROFITABILITY,ROA %,roa_pct,%,2025,,,,fraction,missing,0,Dying_Cyrus_-_SOCB_V7__furnished_.xlsx,16,BD
janata_bank_plc,1,PER-SHARE & PROFITABILITY,ROA %,roa_pct,%,2026,,,,fraction,missing,0,Dying_Cyrus_-_SOCB_V7__furnished_.xlsx,16,BE
janata_bank_plc,1,PER-SHARE & PROFITABILITY,ROE %,roe_pct,%,1972,0.7053333333,0.7053333333,70.53333333,fraction,native_numeric,0,Dying_Cyrus_-_SOCB_V7__furnished_.xlsx,17,C
janata_bank_plc,1,PER-SHARE & PROFITABILITY,ROE %,roe_pct,%,1973,0.5125581395,0.5125581395,51.25581395,fraction,native_numeric,0,Dying_Cyrus_-_SOCB_V7__furnished_.xlsx,17,D
janata_bank_plc,1,PER-SHARE & PROFITABILITY,ROE %,roe_pct,%,1974,0.3727272727,0.3727272727,37.27272727,fraction,native_numeric,0,Dying_Cyrus_-_SOCB_V7__furnished_.xlsx,17,E
janata_bank_plc,1,PER-SHARE & PROFITABILITY,ROE %,roe_pct,%,1975,0.4666666667,0.4666666667,46.66666667,fraction,native_numeric,0,Dying_Cyrus_-_SOCB_V7__furnished_.xlsx,17,F
janata_bank_plc,1,PER-SHARE & PROFITABILITY,ROE %,roe_pct,%,1976,0.008,0.008,0.8,fraction,native_numeric,0,Dying_Cyrus_-_SOCB_V7__furnished_.xlsx,17,G
janata_bank_plc,1,PER-SHARE & PROFITABILITY,ROE %,roe_pct,%,1977,0.4125,0.4125,41.25,fraction,native_numeric,0,Dying_Cyrus_-_SOCB_V7__furnished_.xlsx,17,H
janata_bank_plc,1,PER-SHARE & PROFITABILITY,ROE %,roe_pct,%,1978,0.3287292818,0.3287292818,32.87292818,fraction,native_numeric,0,Dying_Cyrus_-_SOCB_V7__furnished_.xlsx,17,I
janata_bank_plc,1,PER-SHARE & PROFITABILITY,ROE %,roe_pct,%,1979,0.3592109137,0.3592109137,35.92109137,fraction,native_numeric,0,Dying_Cyrus_-_SOCB_V7__furnished_.xlsx,17,J
janata_bank_plc,1,PER-SHARE & PROFITABILITY,ROE %,roe_pct,%,1980,0.3507170795,0.3507170795,35.07170795,fraction,native_numeric,0,Dying_Cyrus_-_SOCB_V7__furnished_.xlsx,17,K
janata_bank_plc,1,PER-SHARE & PROFITABILITY,ROE %,roe_pct,%,1981,0.008989176298,0.008989176298,0.8989176297999999,fraction,native_numeric,0,Dying_Cyrus_-_SOCB_V7__furnished_.xlsx,17,L
janata_bank_plc,1,PER-SHARE & PROFITABILITY,ROE %,roe_pct,%,1982,0.5452416067,0.5452416067,54.52416067,fraction,native_numeric,0,Dying_Cyrus_-_SOCB_V7__furnished_.xlsx,17,M
janata_bank_plc,1,PER-SHARE & PROFITABILITY,ROE %,roe_pct,%,1983,0.5788439496,0.5788439496,57.884394959999995,fraction,native_numeric,0,Dying_Cyrus_-_SOCB_V7__furnished_.xlsx,17,N
janata_bank_plc,1,PER-SHARE & PROFITABILITY,ROE %,roe_pct,%,1984,0.6159125189,0.6159125189,61.591251889999995,fraction,native_numeric,0,Dying_Cyrus_-_SOCB_V7__furnished_.xlsx,17,O
janata_bank_plc,1,PER-SHARE & PROFITABILITY,ROE %,roe_pct,%,1985,0.3592761412,0.3592761412,35.92761412,fraction,native_numeric,0,Dying_Cyrus_-_SOCB_V7__furnished_.xlsx,17,P
janata_bank_plc,1,PER-SHARE & PROFITABILITY,ROE %,roe_pct,%,1986,0.6068115472,0.6068115472,60.681154719999995,fraction,native_numeric,0,Dying_Cyrus_-_SOCB_V7__furnished_.xlsx,17,Q
janata_bank_plc,1,PER-SHARE & PROFITABILITY,ROE %,roe_pct,%,1987,0.3800517019,0.3800517019,38.00517019,fraction,native_numeric,0,Dying_Cyrus_-_SOCB_V7__furnished_.xlsx,17,R
janata_bank_plc,1,PER-SHARE & PROFITABILITY,ROE %,roe_pct,%,1988,0.2527365942,0.2527365942,25.27365942,fraction,native_numeric,0,Dying_Cyrus_-_SOCB_V7__furnished_.xlsx,17,S
janata_bank_plc,1,PER-SHARE & PROFITABILITY,ROE %,roe_pct,%,1989,0.231975168,0.231975168,23.197516800000002,fraction,native_numeric,0,Dying_Cyrus_-_SOCB_V7__furnished_.xlsx,17,T
janata_bank_plc,1,PER-SHARE & PROFITABILITY,ROE %,roe_pct,%,1990,0.04378809609,0.04378809609,4.378809609,fraction,native_numeric,0,Dying_Cyrus_-_SOCB_V7__furnished_.xlsx,17,U
janata_bank_plc,1,PER-SHARE & PROFITABILITY,ROE %,roe_pct,%,1991,0.0006314858863,0.0006314858863,0.06314858863,fraction,native_numeric,0,Dying_Cyrus_-_SOCB_V7__furnished_.xlsx,17,V
janata_bank_plc,1,PER-SHARE & PROFITABILITY,ROE %,roe_pct,%,1992,0.0006160224867,0.0006160224867,0.06160224867,fraction,native_numeric,0,Dying_Cyrus_-_SOCB_V7__furnished_.xlsx,17,W
janata_bank_plc,1,PER-SHARE & PROFITABILITY,ROE %,roe_pct,%,1993,0.002514033312,0.002514033312,0.2514033312,fraction,native_numeric,0,Dying_Cyrus_-_SOCB_V7__furnished_.xlsx,17,X
janata_bank_plc,1,PER-SHARE & PROFITABILITY,ROE %,roe_pct,%,1994,0.0009529486217,0.0009529486217,0.09529486217,fraction,native_numeric,0,Dying_Cyrus_-_SOCB_V7__furnished_.xlsx,17,Y
janata_bank_plc,1,PER-SHARE & PROFITABILITY,ROE %,roe_pct,%,1995,0.004611098893,0.004611098893,0.46110988929999996,fraction,native_numeric,0,Dying_Cyrus_-_SOCB_V7__furnished_.xlsx,17,Z
janata_bank_plc,1,PER-SHARE & PROFITABILITY,ROE %,roe_pct,%,1996,0.001128655764,0.001128655764,0.11286557640000001,fraction,native_numeric,0,Dying_Cyrus_-_SOCB_V7__furnished_.xlsx,17,AA
janata_bank_plc,1,PER-SHARE & PROFITABILITY,ROE %,roe_pct,%,1997,0.003806768156,0.003806768156,0.3806768156,fraction,native_numeric,0,Dying_Cyrus_-_SOCB_V7__furnished_.xlsx,17,AB
janata_bank_plc,1,PER-SHARE & PROFITABILITY,ROE %,roe_pct,%,1998,0.006483569717,0.006483569717,0.6483569717,fraction,native_numeric,0,Dying_Cyrus_-_SOCB_V7__furnished_.xlsx,17,AC
janata_bank_plc,1,PER-SHARE & PROFITABILITY,ROE %,roe_pct,%,1999,0.003292547132,0.003292547132,0.3292547132,fraction,native_numeric,0,Dying_Cyrus_-_SOCB_V7__furnished_.xlsx,17,AD
janata_bank_plc,1,PER-SHARE & PROFITABILITY,ROE %,roe_pct,%,2000,0.003580523484,0.003580523484,0.3580523484,fraction,native_numeric,0,Dying_Cyrus_-_SOCB_V7__furnished_.xlsx,17,AE
janata_bank_plc,1,PER-SHARE & PROFITABILITY,ROE %,roe_pct,%,2001,0.003577396203,0.003577396203,0.3577396203,fraction,native_numeric,0,Dying_Cyrus_-_SOCB_V7__furnished_.xlsx,17,AF
janata_bank_plc,1,PER-SHARE & PROFITABILITY,ROE %,roe_pct,%,2002,0.004694597407,0.004694597407,0.46945974069999996,fraction,native_numeric,0,Dying_Cyrus_-_SOCB_V7__furnished_.xlsx,17,AG
janata_bank_plc,1,PER-SHARE & PROFITABILITY,ROE %,roe_pct,%,2003,0.006584014039,0.006584014039,0.6584014039,fraction,native_numeric,0,Dying_Cyrus_-_SOCB_V7__furnished_.xlsx,17,AH
janata_bank_plc,1,PER-SHARE & PROFITABILITY,ROE %,roe_pct,%,2004,0,0.0,0.0,fraction,native_numeric,0,Dying_Cyrus_-_SOCB_V7__furnished_.xlsx,17,AI
janata_bank_plc,1,PER-SHARE & PROFITABILITY,ROE %,roe_pct,%,2005,0,0.0,0.0,fraction,native_numeric,0,Dying_Cyrus_-_SOCB_V7__furnished_.xlsx,17,AJ
janata_bank_plc,1,PER-SHARE & PROFITABILITY,ROE %,roe_pct,%,2006,1.764982515,1.764982515,176.4982515,fraction,native_numeric,0,Dying_Cyrus_-_SOCB_V7__furnished_.xlsx,17,AK
janata_bank_plc,1,PER-SHARE & PROFITABILITY,ROE %,roe_pct,%,2007,0.002725750418,0.002725750418,0.2725750418,fraction,native_numeric,0,Dying_Cyrus_-_SOCB_V7__furnished_.xlsx,17,AL
janata_bank_plc,1,PER-SHARE & PROFITABILITY,ROE %,roe_pct,%,2008,0.3470813926,0.3470813926,34.708139259999996,fraction,native_numeric,0,Dying_Cyrus_-_SOCB_V7__furnished_.xlsx,17,AM
janata_bank_plc,1,PER-SHARE & PROFITABILITY,ROE %,roe_pct,%,2009,0.2151363925,0.2151363925,21.51363925,fraction,native_numeric,0,Dying_Cyrus_-_SOCB_V7__furnished_.xlsx,17,AN
janata_bank_plc,1,PER-SHARE & PROFITABILITY,ROE %,roe_pct,%,2010,0.2407008616,0.2407008616,24.070086160000002,fraction,native_numeric,0,Dying_Cyrus_-_SOCB_V7__furnished_.xlsx,17,AO
janata_bank_plc,1,PER-SHARE & PROFITABILITY,ROE %,roe_pct,%,2011,0.1474123061,0.1474123061,14.74123061,fraction,native_numeric,0,Dying_Cyrus_-_SOCB_V7__furnished_.xlsx,17,AP
janata_bank_plc,1,PER-SHARE & PROFITABILITY,ROE %,roe_pct,%,2012,-0.9462189231,-0.9462189231,-94.62189230999999,fraction,native_numeric,0,Dying_Cyrus_-_SOCB_V7__furnished_.xlsx,17,AQ
janata_bank_plc,1,PER-SHARE & PROFITABILITY,ROE %,roe_pct,%,2013,0.2573374968,0.2573374968,25.733749680000003,fraction,native_numeric,0,Dying_Cyrus_-_SOCB_V7__furnished_.xlsx,17,AR
janata_bank_plc,1,PER-SHARE & PROFITABILITY,ROE %,roe_pct,%,2014,0.0966295284,0.0966295284,9.662952839999999,fraction,native_numeric,0,Dying_Cyrus_-_SOCB_V7__furnished_.xlsx,17,AS
janata_bank_plc,1,PER-SHARE & PROFITABILITY,ROE %,roe_pct,%,2015,0.1143716243,0.1143716243,11.43716243,fraction,native_numeric,0,Dying_Cyrus_-_SOCB_V7__furnished_.xlsx,17,AT
janata_bank_plc,1,PER-SHARE & PROFITABILITY,ROE %,roe_pct,%,2016,0.0522248498,0.0522248498,5.22248498,fraction,native_numeric,0,Dying_Cyrus_-_SOCB_V7__furnished_.xlsx,17,AU
janata_bank_plc,1,PER-SHARE & PROFITABILITY,ROE %,roe_pct,%,2017,0.05230385179,0.05230385179,5.230385179,fraction,native_numeric,0,Dying_Cyrus_-_SOCB_V7__furnished_.xlsx,17,AV
janata_bank_plc,1,PER-SHARE & PROFITABILITY,ROE %,roe_pct,%,2018,0.00456353676,0.00456353676,0.45635367600000004,fraction,native_numeric,0,Dying_Cyrus_-_SOCB_V7__furnished_.xlsx,17,AW
janata_bank_plc,1,PER-SHARE & PROFITABILITY,ROE %,roe_pct,%,2019,0.004902527356,0.004902527356,0.4902527356,fraction,native_numeric,0,Dying_Cyrus_-_SOCB_V7__furnished_.xlsx,17,AX
janata_bank_plc,1,PER-SHARE & PROFITABILITY,ROE %,roe_pct,%,2020,0.002780051663,0.002780051663,0.2780051663,fraction,native_numeric,0,Dying_Cyrus_-_SOCB_V7__furnished_.xlsx,17,AY
janata_bank_plc,1,PER-SHARE & PROFITABILITY,ROE %,roe_pct,%,2021,0.0633204332,0.0633204332,6.3320433199999995,fraction,native_numeric,0,Dying_Cyrus_-_SOCB_V7__furnished_.xlsx,17,AZ
janata_bank_plc,1,PER-SHARE & PROFITABILITY,ROE %,roe_pct,%,2022,0.02474639114,0.02474639114,2.474639114,fraction,native_numeric,0,Dying_Cyrus_-_SOCB_V7__furnished_.xlsx,17,BA
janata_bank_plc,1,PER-SHARE & PROFITABILITY,ROE %,roe_pct,%,2023,0.01195154126,0.01195154126,1.195154126,fraction,native_numeric,0,Dying_Cyrus_-_SOCB_V7__furnished_.xlsx,17,BB
janata_bank_plc,1,PER-SHARE & PROFITABILITY,ROE %,roe_pct,%,2024,-2.477713503,-2.477713503,-247.7713503,fraction,native_numeric,0,Dying_Cyrus_-_SOCB_V7__furnished_.xlsx,17,BC
janata_bank_plc,1,PER-SHARE & PROFITABILITY,ROE %,roe_pct,%,2025,,,,fraction,missing,0,Dying_Cyrus_-_SOCB_V7__furnished_.xlsx,17,BD
janata_bank_plc,1,PER-SHARE & PROFITABILITY,ROE %,roe_pct,%,2026,,,,fraction,missing,0,Dying_Cyrus_-_SOCB_V7__furnished_.xlsx,17,BE
janata_bank_plc,1,ASSET QUALITY,NPL % (gross),npl_pct_gross,%,1972,,,,fraction,missing,0,Dying_Cyrus_-_SOCB_V7__furnished_.xlsx,19,C
janata_bank_plc,1,ASSET QUALITY,NPL % (gross),npl_pct_gross,%,1973,,,,fraction,missing,0,Dying_Cyrus_-_SOCB_V7__furnished_.xlsx,19,D
janata_bank_plc,1,ASSET QUALITY,NPL % (gross),npl_pct_gross,%,1974,,,,fraction,missing,0,Dying_Cyrus_-_SOCB_V7__furnished_.xlsx,19,E
janata_bank_plc,1,ASSET QUALITY,NPL % (gross),npl_pct_gross,%,1975,,,,fraction,missing,0,Dying_Cyrus_-_SOCB_V7__furnished_.xlsx,19,F
janata_bank_plc,1,ASSET QUALITY,NPL % (gross),npl_pct_gross,%,1976,,,,fraction,missing,0,Dying_Cyrus_-_SOCB_V7__furnished_.xlsx,19,G
janata_bank_plc,1,ASSET QUALITY,NPL % (gross),npl_pct_gross,%,1977,,,,fraction,missing,0,Dying_Cyrus_-_SOCB_V7__furnished_.xlsx,19,H
janata_bank_plc,1,ASSET QUALITY,NPL % (gross),npl_pct_gross,%,1978,,,,fraction,missing,0,Dying_Cyrus_-_SOCB_V7__furnished_.xlsx,19,I
janata_bank_plc,1,ASSET QUALITY,NPL % (gross),npl_pct_gross,%,1979,,,,fraction,missing,0,Dying_Cyrus_-_SOCB_V7__furnished_.xlsx,19,J
janata_bank_plc,1,ASSET QUALITY,NPL % (gross),npl_pct_gross,%,1980,,,,fraction,missing,0,Dying_Cyrus_-_SOCB_V7__furnished_.xlsx,19,K
janata_bank_plc,1,ASSET QUALITY,NPL % (gross),npl_pct_gross,%,1981,,,,fraction,missing,0,Dying_Cyrus_-_SOCB_V7__furnished_.xlsx,19,L
janata_bank_plc,1,ASSET QUALITY,NPL % (gross),npl_pct_gross,%,1982,,,,fraction,missing,0,Dying_Cyrus_-_SOCB_V7__furnished_.xlsx,19,M
janata_bank_plc,1,ASSET QUALITY,NPL % (gross),npl_pct_gross,%,1983,,,,fraction,missing,0,Dying_Cyrus_-_SOCB_V7__furnished_.xlsx,19,N
janata_bank_plc,1,ASSET QUALITY,NPL % (gross),npl_pct_gross,%,1984,,,,fraction,missing,0,Dying_Cyrus_-_SOCB_V7__furnished_.xlsx,19,O
janata_bank_plc,1,ASSET QUALITY,NPL % (gross),npl_pct_gross,%,1985,,,,fraction,missing,0,Dying_Cyrus_-_SOCB_V7__furnished_.xlsx,19,P
janata_bank_plc,1,ASSET QUALITY,NPL % (gross),npl_pct_gross,%,1986,,,,fraction,missing,0,Dying_Cyrus_-_SOCB_V7__furnished_.xlsx,19,Q
janata_bank_plc,1,ASSET QUALITY,NPL % (gross),npl_pct_gross,%,1987,,,,fraction,missing,0,Dying_Cyrus_-_SOCB_V7__furnished_.xlsx,19,R
janata_bank_plc,1,ASSET QUALITY,NPL % (gross),npl_pct_gross,%,1988,,,,fraction,missing,0,Dying_Cyrus_-_SOCB_V7__furnished_.xlsx,19,S
janata_bank_plc,1,ASSET QUALITY,NPL % (gross),npl_pct_gross,%,1989,,,,fraction,missing,0,Dying_Cyrus_-_SOCB_V7__furnished_.xlsx,19,T
janata_bank_plc,1,ASSET QUALITY,NPL % (gross),npl_pct_gross,%,1990,,,,fraction,missing,0,Dying_Cyrus_-_SOCB_V7__furnished_.xlsx,19,U
janata_bank_plc,1,ASSET QUALITY,NPL % (gross),npl_pct_gross,%,1991,,,,fraction,missing,0,Dying_Cyrus_-_SOCB_V7__furnished_.xlsx,19,V
janata_bank_plc,1,ASSET QUALITY,NPL % (gross),npl_pct_gross,%,1992,,,,fraction,missing,0,Dying_Cyrus_-_SOCB_V7__furnished_.xlsx,19,W
janata_bank_plc,1,ASSET QUALITY,NPL % (gross),npl_pct_gross,%,1993,,,,fraction,missing,0,Dying_Cyrus_-_SOCB_V7__furnished_.xlsx,19,X
janata_bank_plc,1,ASSET QUALITY,NPL % (gross),npl_pct_gross,%,1994,,,,fraction,missing,0,Dying_Cyrus_-_SOCB_V7__furnished_.xlsx,19,Y
janata_bank_plc,1,ASSET QUALITY,NPL % (gross),npl_pct_gross,%,1995,,,,fraction,missing,0,Dying_Cyrus_-_SOCB_V7__furnished_.xlsx,19,Z
janata_bank_plc,1,ASSET QUALITY,NPL % (gross),npl_pct_gross,%,1996,,,,fraction,missing,0,Dying_Cyrus_-_SOCB_V7__furnished_.xlsx,19,AA
janata_bank_plc,1,ASSET QUALITY,NPL % (gross),npl_pct_gross,%,1997,,,,fraction,missing,0,Dying_Cyrus_-_SOCB_V7__furnished_.xlsx,19,AB
janata_bank_plc,1,ASSET QUALITY,NPL % (gross),npl_pct_gross,%,1998,,,,fraction,missing,0,Dying_Cyrus_-_SOCB_V7__furnished_.xlsx,19,AC
janata_bank_plc,1,ASSET QUALITY,NPL % (gross),npl_pct_gross,%,1999,,,,fraction,missing,0,Dying_Cyrus_-_SOCB_V7__furnished_.xlsx,19,AD
janata_bank_plc,1,ASSET QUALITY,NPL % (gross),npl_pct_gross,%,2000,,,,fraction,missing,0,Dying_Cyrus_-_SOCB_V7__furnished_.xlsx,19,AE
janata_bank_plc,1,ASSET QUALITY,NPL % (gross),npl_pct_gross,%,2001,,,,fraction,missing,0,Dying_Cyrus_-_SOCB_V7__furnished_.xlsx,19,AF
janata_bank_plc,1,ASSET QUALITY,NPL % (gross),npl_pct_gross,%,2002,,,,fraction,missing,0,Dying_Cyrus_-_SOCB_V7__furnished_.xlsx,19,AG
janata_bank_plc,1,ASSET QUALITY,NPL % (gross),npl_pct_gross,%,2003,,,,fraction,missing,0,Dying_Cyrus_-_SOCB_V7__furnished_.xlsx,19,AH
janata_bank_plc,1,ASSET QUALITY,NPL % (gross),npl_pct_gross,%,2004,,,,fraction,missing,0,Dying_Cyrus_-_SOCB_V7__furnished_.xlsx,19,AI
janata_bank_plc,1,ASSET QUALITY,NPL % (gross),npl_pct_gross,%,2005,,,,fraction,missing,0,Dying_Cyrus_-_SOCB_V7__furnished_.xlsx,19,AJ
janata_bank_plc,1,ASSET QUALITY,NPL % (gross),npl_pct_gross,%,2006,,,,fraction,missing,0,Dying_Cyrus_-_SOCB_V7__furnished_.xlsx,19,AK
janata_bank_plc,1,ASSET QUALITY,NPL % (gross),npl_pct_gross,%,2007,,,,fraction,missing,0,Dying_Cyrus_-_SOCB_V7__furnished_.xlsx,19,AL
janata_bank_plc,1,ASSET QUALITY,NPL % (gross),npl_pct_gross,%,2008,,,,fraction,missing,0,Dying_Cyrus_-_SOCB_V7__furnished_.xlsx,19,AM
janata_bank_plc,1,ASSET QUALITY,NPL % (gross),npl_pct_gross,%,2009,,,,fraction,missing,0,Dying_Cyrus_-_SOCB_V7__furnished_.xlsx,19,AN
janata_bank_plc,1,ASSET QUALITY,NPL % (gross),npl_pct_gross,%,2010,,,,fraction,missing,0,Dying_Cyrus_-_SOCB_V7__furnished_.xlsx,19,AO
janata_bank_plc,1,ASSET QUALITY,NPL % (gross),npl_pct_gross,%,2011,,,,fraction,missing,0,Dying_Cyrus_-_SOCB_V7__furnished_.xlsx,19,AP
janata_bank_plc,1,ASSET QUALITY,NPL % (gross),npl_pct_gross,%,2012,,,,fraction,missing,0,Dying_Cyrus_-_SOCB_V7__furnished_.xlsx,19,AQ
janata_bank_plc,1,ASSET QUALITY,NPL % (gross),npl_pct_gross,%,2013,,,,fraction,missing,0,Dying_Cyrus_-_SOCB_V7__furnished_.xlsx,19,AR
janata_bank_plc,1,ASSET QUALITY,NPL % (gross),npl_pct_gross,%,2014,,,,fraction,missing,0,Dying_Cyrus_-_SOCB_V7__furnished_.xlsx,19,AS
janata_bank_plc,1,ASSET QUALITY,NPL % (gross),npl_pct_gross,%,2015,,,,fraction,missing,0,Dying_Cyrus_-_SOCB_V7__furnished_.xlsx,19,AT
janata_bank_plc,1,ASSET QUALITY,NPL % (gross),npl_pct_gross,%,2016,,,,fraction,missing,0,Dying_Cyrus_-_SOCB_V7__furnished_.xlsx,19,AU
janata_bank_plc,1,ASSET QUALITY,NPL % (gross),npl_pct_gross,%,2017,,,,fraction,missing,0,Dying_Cyrus_-_SOCB_V7__furnished_.xlsx,19,AV
janata_bank_plc,1,ASSET QUALITY,NPL % (gross),npl_pct_gross,%,2018,,,,fraction,missing,0,Dying_Cyrus_-_SOCB_V7__furnished_.xlsx,19,AW
janata_bank_plc,1,ASSET QUALITY,NPL % (gross),npl_pct_gross,%,2019,,,,fraction,missing,0,Dying_Cyrus_-_SOCB_V7__furnished_.xlsx,19,AX
janata_bank_plc,1,ASSET QUALITY,NPL % (gross),npl_pct_gross,%,2020,0.2269,0.2269,22.689999999999998,fraction,native_numeric,0,Dying_Cyrus_-_SOCB_V7__furnished_.xlsx,19,AY
janata_bank_plc,1,ASSET QUALITY,NPL % (gross),npl_pct_gross,%,2021,0.1761,0.1761,17.61,fraction,native_numeric,0,Dying_Cyrus_-_SOCB_V7__furnished_.xlsx,19,AZ
janata_bank_plc,1,ASSET QUALITY,NPL % (gross),npl_pct_gross,%,2022,0.1784,0.1784,17.84,fraction,native_numeric,0,Dying_Cyrus_-_SOCB_V7__furnished_.xlsx,19,BA
janata_bank_plc,1,ASSET QUALITY,NPL % (gross),npl_pct_gross,%,2023,0.2542,0.2542,25.419999999999998,fraction,native_numeric,0,Dying_Cyrus_-_SOCB_V7__furnished_.xlsx,19,BB
janata_bank_plc,1,ASSET QUALITY,NPL % (gross),npl_pct_gross,%,2024,0.6753,0.6753,67.53,fraction,native_numeric,0,Dying_Cyrus_-_SOCB_V7__furnished_.xlsx,19,BC
janata_bank_plc,1,ASSET QUALITY,NPL % (gross),npl_pct_gross,%,2025,,,,fraction,missing,0,Dying_Cyrus_-_SOCB_V7__furnished_.xlsx,19,BD
janata_bank_plc,1,ASSET QUALITY,NPL % (gross),npl_pct_gross,%,2026,,,,fraction,missing,0,Dying_Cyrus_-_SOCB_V7__furnished_.xlsx,19,BE
janata_bank_plc,1,ASSET QUALITY,NPL amount,npl_amount,Tk mn,1972,,,,,missing,0,Dying_Cyrus_-_SOCB_V7__furnished_.xlsx,20,C
janata_bank_plc,1,ASSET QUALITY,NPL amount,npl_amount,Tk mn,1973,,,,,missing,0,Dying_Cyrus_-_SOCB_V7__furnished_.xlsx,20,D
janata_bank_plc,1,ASSET QUALITY,NPL amount,npl_amount,Tk mn,1974,,,,,missing,0,Dying_Cyrus_-_SOCB_V7__furnished_.xlsx,20,E
janata_bank_plc,1,ASSET QUALITY,NPL amount,npl_amount,Tk mn,1975,,,,,missing,0,Dying_Cyrus_-_SOCB_V7__furnished_.xlsx,20,F
janata_bank_plc,1,ASSET QUALITY,NPL amount,npl_amount,Tk mn,1976,,,,,missing,0,Dying_Cyrus_-_SOCB_V7__furnished_.xlsx,20,G
janata_bank_plc,1,ASSET QUALITY,NPL amount,npl_amount,Tk mn,1977,,,,,missing,0,Dying_Cyrus_-_SOCB_V7__furnished_.xlsx,20,H
janata_bank_plc,1,ASSET QUALITY,NPL amount,npl_amount,Tk mn,1978,,,,,missing,0,Dying_Cyrus_-_SOCB_V7__furnished_.xlsx,20,I
janata_bank_plc,1,ASSET QUALITY,NPL amount,npl_amount,Tk mn,1979,,,,,missing,0,Dying_Cyrus_-_SOCB_V7__furnished_.xlsx,20,J
janata_bank_plc,1,ASSET QUALITY,NPL amount,npl_amount,Tk mn,1980,,,,,missing,0,Dying_Cyrus_-_SOCB_V7__furnished_.xlsx,20,K
janata_bank_plc,1,ASSET QUALITY,NPL amount,npl_amount,Tk mn,1981,,,,,missing,0,Dying_Cyrus_-_SOCB_V7__furnished_.xlsx,20,L
janata_bank_plc,1,ASSET QUALITY,NPL amount,npl_amount,Tk mn,1982,,,,,missing,0,Dying_Cyrus_-_SOCB_V7__furnished_.xlsx,20,M
janata_bank_plc,1,ASSET QUALITY,NPL amount,npl_amount,Tk mn,1983,,,,,missing,0,Dying_Cyrus_-_SOCB_V7__furnished_.xlsx,20,N
janata_bank_plc,1,ASSET QUALITY,NPL amount,npl_amount,Tk mn,1984,,,,,missing,0,Dying_Cyrus_-_SOCB_V7__furnished_.xlsx,20,O
janata_bank_plc,1,ASSET QUALITY,NPL amount,npl_amount,Tk mn,1985,,,,,missing,0,Dying_Cyrus_-_SOCB_V7__furnished_.xlsx,20,P
janata_bank_plc,1,ASSET QUALITY,NPL amount,npl_amount,Tk mn,1986,,,,,missing,0,Dying_Cyrus_-_SOCB_V7__furnished_.xlsx,20,Q
janata_bank_plc,1,ASSET QUALITY,NPL amount,npl_amount,Tk mn,1987,,,,,missing,0,Dying_Cyrus_-_SOCB_V7__furnished_.xlsx,20,R
janata_bank_plc,1,ASSET QUALITY,NPL amount,npl_amount,Tk mn,1988,,,,,missing,0,Dying_Cyrus_-_SOCB_V7__furnished_.xlsx,20,S
janata_bank_plc,1,ASSET QUALITY,NPL amount,npl_amount,Tk mn,1989,,,,,missing,0,Dying_Cyrus_-_SOCB_V7__furnished_.xlsx,20,T
janata_bank_plc,1,ASSET QUALITY,NPL amount,npl_amount,Tk mn,1990,,,,,missing,0,Dying_Cyrus_-_SOCB_V7__furnished_.xlsx,20,U
janata_bank_plc,1,ASSET QUALITY,NPL amount,npl_amount,Tk mn,1991,,,,,missing,0,Dying_Cyrus_-_SOCB_V7__furnished_.xlsx,20,V
janata_bank_plc,1,ASSET QUALITY,NPL amount,npl_amount,Tk mn,1992,,,,,missing,0,Dying_Cyrus_-_SOCB_V7__furnished_.xlsx,20,W
janata_bank_plc,1,ASSET QUALITY,NPL amount,npl_amount,Tk mn,1993,,,,,missing,0,Dying_Cyrus_-_SOCB_V7__furnished_.xlsx,20,X
janata_bank_plc,1,ASSET QUALITY,NPL amount,npl_amount,Tk mn,1994,,,,,missing,0,Dying_Cyrus_-_SOCB_V7__furnished_.xlsx,20,Y
janata_bank_plc,1,ASSET QUALITY,NPL amount,npl_amount,Tk mn,1995,,,,,missing,0,Dying_Cyrus_-_SOCB_V7__furnished_.xlsx,20,Z
janata_bank_plc,1,ASSET QUALITY,NPL amount,npl_amount,Tk mn,1996,,,,,missing,0,Dying_Cyrus_-_SOCB_V7__furnished_.xlsx,20,AA
janata_bank_plc,1,ASSET QUALITY,NPL amount,npl_amount,Tk mn,1997,,,,,missing,0,Dying_Cyrus_-_SOCB_V7__furnished_.xlsx,20,AB
janata_bank_plc,1,ASSET QUALITY,NPL amount,npl_amount,Tk mn,1998,,,,,missing,0,Dying_Cyrus_-_SOCB_V7__furnished_.xlsx,20,AC
janata_bank_plc,1,ASSET QUALITY,NPL amount,npl_amount,Tk mn,1999,,,,,missing,0,Dying_Cyrus_-_SOCB_V7__furnished_.xlsx,20,AD
janata_bank_plc,1,ASSET QUALITY,NPL amount,npl_amount,Tk mn,2000,,,,,missing,0,Dying_Cyrus_-_SOCB_V7__furnished_.xlsx,20,AE
janata_bank_plc,1,ASSET QUALITY,NPL amount,npl_amount,Tk mn,2001,,,,,missing,0,Dying_Cyrus_-_SOCB_V7__furnished_.xlsx,20,AF
janata_bank_plc,1,ASSET QUALITY,NPL amount,npl_amount,Tk mn,2002,,,,,missing,0,Dying_Cyrus_-_SOCB_V7__furnished_.xlsx,20,AG
janata_bank_plc,1,ASSET QUALITY,NPL amount,npl_amount,Tk mn,2003,,,,,missing,0,Dying_Cyrus_-_SOCB_V7__furnished_.xlsx,20,AH
janata_bank_plc,1,ASSET QUALITY,NPL amount,npl_amount,Tk mn,2004,,,,,missing,0,Dying_Cyrus_-_SOCB_V7__furnished_.xlsx,20,AI
janata_bank_plc,1,ASSET QUALITY,NPL amount,npl_amount,Tk mn,2005,,,,,missing,0,Dying_Cyrus_-_SOCB_V7__furnished_.xlsx,20,AJ
janata_bank_plc,1,ASSET QUALITY,NPL amount,npl_amount,Tk mn,2006,,,,,missing,0,Dying_Cyrus_-_SOCB_V7__furnished_.xlsx,20,AK
janata_bank_plc,1,ASSET QUALITY,NPL amount,npl_amount,Tk mn,2007,,,,,missing,0,Dying_Cyrus_-_SOCB_V7__furnished_.xlsx,20,AL
janata_bank_plc,1,ASSET QUALITY,NPL amount,npl_amount,Tk mn,2008,,,,,missing,0,Dying_Cyrus_-_SOCB_V7__furnished_.xlsx,20,AM
janata_bank_plc,1,ASSET QUALITY,NPL amount,npl_amount,Tk mn,2009,,,,,missing,0,Dying_Cyrus_-_SOCB_V7__furnished_.xlsx,20,AN
janata_bank_plc,1,ASSET QUALITY,NPL amount,npl_amount,Tk mn,2010,,,,,missing,0,Dying_Cyrus_-_SOCB_V7__furnished_.xlsx,20,AO
janata_bank_plc,1,ASSET QUALITY,NPL amount,npl_amount,Tk mn,2011,,,,,missing,0,Dying_Cyrus_-_SOCB_V7__furnished_.xlsx,20,AP
janata_bank_plc,1,ASSET QUALITY,NPL amount,npl_amount,Tk mn,2012,,,,,missing,0,Dying_Cyrus_-_SOCB_V7__furnished_.xlsx,20,AQ
janata_bank_plc,1,ASSET QUALITY,NPL amount,npl_amount,Tk mn,2013,,,,,missing,0,Dying_Cyrus_-_SOCB_V7__furnished_.xlsx,20,AR
janata_bank_plc,1,ASSET QUALITY,NPL amount,npl_amount,Tk mn,2014,,,,,missing,0,Dying_Cyrus_-_SOCB_V7__furnished_.xlsx,20,AS
janata_bank_plc,1,ASSET QUALITY,NPL amount,npl_amount,Tk mn,2015,,,,,missing,0,Dying_Cyrus_-_SOCB_V7__furnished_.xlsx,20,AT
janata_bank_plc,1,ASSET QUALITY,NPL amount,npl_amount,Tk mn,2016,,,,,missing,0,Dying_Cyrus_-_SOCB_V7__furnished_.xlsx,20,AU
janata_bank_plc,1,ASSET QUALITY,NPL amount,npl_amount,Tk mn,2017,,,,,missing,0,Dying_Cyrus_-_SOCB_V7__furnished_.xlsx,20,AV
janata_bank_plc,1,ASSET QUALITY,NPL amount,npl_amount,Tk mn,2018,,,,,missing,0,Dying_Cyrus_-_SOCB_V7__furnished_.xlsx,20,AW
janata_bank_plc,1,ASSET QUALITY,NPL amount,npl_amount,Tk mn,2019,,,,,missing,0,Dying_Cyrus_-_SOCB_V7__furnished_.xlsx,20,AX
janata_bank_plc,1,ASSET QUALITY,NPL amount,npl_amount,Tk mn,2020,137362.19,137362.19,,,native_numeric,0,Dying_Cyrus_-_SOCB_V7__furnished_.xlsx,20,AY
janata_bank_plc,1,ASSET QUALITY,NPL amount,npl_amount,Tk mn,2021,123199.92,123199.92,,,native_numeric,0,Dying_Cyrus_-_SOCB_V7__furnished_.xlsx,20,AZ
janata_bank_plc,1,ASSET QUALITY,NPL amount,npl_amount,Tk mn,2022,151975.17,151975.17,,,native_numeric,0,Dying_Cyrus_-_SOCB_V7__furnished_.xlsx,20,BA
janata_bank_plc,1,ASSET QUALITY,NPL amount,npl_amount,Tk mn,2023,250088.86,250088.86,,,native_numeric,0,Dying_Cyrus_-_SOCB_V7__furnished_.xlsx,20,BB
janata_bank_plc,1,ASSET QUALITY,NPL amount,npl_amount,Tk mn,2024,680658.64,680658.64,,,native_numeric,0,Dying_Cyrus_-_SOCB_V7__furnished_.xlsx,20,BC
janata_bank_plc,1,ASSET QUALITY,NPL amount,npl_amount,Tk mn,2025,,,,,missing,0,Dying_Cyrus_-_SOCB_V7__furnished_.xlsx,20,BD
janata_bank_plc,1,ASSET QUALITY,NPL amount,npl_amount,Tk mn,2026,,,,,missing,0,Dying_Cyrus_-_SOCB_V7__furnished_.xlsx,20,BE
janata_bank_plc,1,ASSET QUALITY,Provision Coverage %,provision_coverage_pct,%,1972,,,,fraction_inferred,missing,0,Dying_Cyrus_-_SOCB_V7__furnished_.xlsx,21,C
janata_bank_plc,1,ASSET QUALITY,Provision Coverage %,provision_coverage_pct,%,1973,,,,fraction_inferred,missing,0,Dying_Cyrus_-_SOCB_V7__furnished_.xlsx,21,D
janata_bank_plc,1,ASSET QUALITY,Provision Coverage %,provision_coverage_pct,%,1974,,,,fraction_inferred,missing,0,Dying_Cyrus_-_SOCB_V7__furnished_.xlsx,21,E
janata_bank_plc,1,ASSET QUALITY,Provision Coverage %,provision_coverage_pct,%,1975,,,,fraction_inferred,missing,0,Dying_Cyrus_-_SOCB_V7__furnished_.xlsx,21,F
janata_bank_plc,1,ASSET QUALITY,Provision Coverage %,provision_coverage_pct,%,1976,,,,fraction_inferred,missing,0,Dying_Cyrus_-_SOCB_V7__furnished_.xlsx,21,G
janata_bank_plc,1,ASSET QUALITY,Provision Coverage %,provision_coverage_pct,%,1977,,,,fraction_inferred,missing,0,Dying_Cyrus_-_SOCB_V7__furnished_.xlsx,21,H
janata_bank_plc,1,ASSET QUALITY,Provision Coverage %,provision_coverage_pct,%,1978,,,,fraction_inferred,missing,0,Dying_Cyrus_-_SOCB_V7__furnished_.xlsx,21,I
janata_bank_plc,1,ASSET QUALITY,Provision Coverage %,provision_coverage_pct,%,1979,,,,fraction_inferred,missing,0,Dying_Cyrus_-_SOCB_V7__furnished_.xlsx,21,J
janata_bank_plc,1,ASSET QUALITY,Provision Coverage %,provision_coverage_pct,%,1980,,,,fraction_inferred,missing,0,Dying_Cyrus_-_SOCB_V7__furnished_.xlsx,21,K
janata_bank_plc,1,ASSET QUALITY,Provision Coverage %,provision_coverage_pct,%,1981,,,,fraction_inferred,missing,0,Dying_Cyrus_-_SOCB_V7__furnished_.xlsx,21,L
janata_bank_plc,1,ASSET QUALITY,Provision Coverage %,provision_coverage_pct,%,1982,,,,fraction_inferred,missing,0,Dying_Cyrus_-_SOCB_V7__furnished_.xlsx,21,M
janata_bank_plc,1,ASSET QUALITY,Provision Coverage %,provision_coverage_pct,%,1983,,,,fraction_inferred,missing,0,Dying_Cyrus_-_SOCB_V7__furnished_.xlsx,21,N
janata_bank_plc,1,ASSET QUALITY,Provision Coverage %,provision_coverage_pct,%,1984,,,,fraction_inferred,missing,0,Dying_Cyrus_-_SOCB_V7__furnished_.xlsx,21,O
janata_bank_plc,1,ASSET QUALITY,Provision Coverage %,provision_coverage_pct,%,1985,,,,fraction_inferred,missing,0,Dying_Cyrus_-_SOCB_V7__furnished_.xlsx,21,P
janata_bank_plc,1,ASSET QUALITY,Provision Coverage %,provision_coverage_pct,%,1986,,,,fraction_inferred,missing,0,Dying_Cyrus_-_SOCB_V7__furnished_.xlsx,21,Q
janata_bank_plc,1,ASSET QUALITY,Provision Coverage %,provision_coverage_pct,%,1987,,,,fraction_inferred,missing,0,Dying_Cyrus_-_SOCB_V7__furnished_.xlsx,21,R
janata_bank_plc,1,ASSET QUALITY,Provision Coverage %,provision_coverage_pct,%,1988,,,,fraction_inferred,missing,0,Dying_Cyrus_-_SOCB_V7__furnished_.xlsx,21,S
janata_bank_plc,1,ASSET QUALITY,Provision Coverage %,provision_coverage_pct,%,1989,,,,fraction_inferred,missing,0,Dying_Cyrus_-_SOCB_V7__furnished_.xlsx,21,T
janata_bank_plc,1,ASSET QUALITY,Provision Coverage %,provision_coverage_pct,%,1990,,,,fraction_inferred,missing,0,Dying_Cyrus_-_SOCB_V7__furnished_.xlsx,21,U
janata_bank_plc,1,ASSET QUALITY,Provision Coverage %,provision_coverage_pct,%,1991,,,,fraction_inferred,missing,0,Dying_Cyrus_-_SOCB_V7__furnished_.xlsx,21,V
janata_bank_plc,1,ASSET QUALITY,Provision Coverage %,provision_coverage_pct,%,1992,,,,fraction_inferred,missing,0,Dying_Cyrus_-_SOCB_V7__furnished_.xlsx,21,W
janata_bank_plc,1,ASSET QUALITY,Provision Coverage %,provision_coverage_pct,%,1993,,,,fraction_inferred,missing,0,Dying_Cyrus_-_SOCB_V7__furnished_.xlsx,21,X
janata_bank_plc,1,ASSET QUALITY,Provision Coverage %,provision_coverage_pct,%,1994,,,,fraction_inferred,missing,0,Dying_Cyrus_-_SOCB_V7__furnished_.xlsx,21,Y
janata_bank_plc,1,ASSET QUALITY,Provision Coverage %,provision_coverage_pct,%,1995,,,,fraction_inferred,missing,0,Dying_Cyrus_-_SOCB_V7__furnished_.xlsx,21,Z
janata_bank_plc,1,ASSET QUALITY,Provision Coverage %,provision_coverage_pct,%,1996,,,,fraction_inferred,missing,0,Dying_Cyrus_-_SOCB_V7__furnished_.xlsx,21,AA
janata_bank_plc,1,ASSET QUALITY,Provision Coverage %,provision_coverage_pct,%,1997,,,,fraction_inferred,missing,0,Dying_Cyrus_-_SOCB_V7__furnished_.xlsx,21,AB
janata_bank_plc,1,ASSET QUALITY,Provision Coverage %,provision_coverage_pct,%,1998,,,,fraction_inferred,missing,0,Dying_Cyrus_-_SOCB_V7__furnished_.xlsx,21,AC
janata_bank_plc,1,ASSET QUALITY,Provision Coverage %,provision_coverage_pct,%,1999,,,,fraction_inferred,missing,0,Dying_Cyrus_-_SOCB_V7__furnished_.xlsx,21,AD
janata_bank_plc,1,ASSET QUALITY,Provision Coverage %,provision_coverage_pct,%,2000,,,,fraction_inferred,missing,0,Dying_Cyrus_-_SOCB_V7__furnished_.xlsx,21,AE
janata_bank_plc,1,ASSET QUALITY,Provision Coverage %,provision_coverage_pct,%,2001,,,,fraction_inferred,missing,0,Dying_Cyrus_-_SOCB_V7__furnished_.xlsx,21,AF
janata_bank_plc,1,ASSET QUALITY,Provision Coverage %,provision_coverage_pct,%,2002,,,,fraction_inferred,missing,0,Dying_Cyrus_-_SOCB_V7__furnished_.xlsx,21,AG
janata_bank_plc,1,ASSET QUALITY,Provision Coverage %,provision_coverage_pct,%,2003,,,,fraction_inferred,missing,0,Dying_Cyrus_-_SOCB_V7__furnished_.xlsx,21,AH
janata_bank_plc,1,ASSET QUALITY,Provision Coverage %,provision_coverage_pct,%,2004,,,,fraction_inferred,missing,0,Dying_Cyrus_-_SOCB_V7__furnished_.xlsx,21,AI
janata_bank_plc,1,ASSET QUALITY,Provision Coverage %,provision_coverage_pct,%,2005,,,,fraction_inferred,missing,0,Dying_Cyrus_-_SOCB_V7__furnished_.xlsx,21,AJ
janata_bank_plc,1,ASSET QUALITY,Provision Coverage %,provision_coverage_pct,%,2006,,,,fraction_inferred,missing,0,Dying_Cyrus_-_SOCB_V7__furnished_.xlsx,21,AK
janata_bank_plc,1,ASSET QUALITY,Provision Coverage %,provision_coverage_pct,%,2007,,,,fraction_inferred,missing,0,Dying_Cyrus_-_SOCB_V7__furnished_.xlsx,21,AL
janata_bank_plc,1,ASSET QUALITY,Provision Coverage %,provision_coverage_pct,%,2008,,,,fraction_inferred,missing,0,Dying_Cyrus_-_SOCB_V7__furnished_.xlsx,21,AM
janata_bank_plc,1,ASSET QUALITY,Provision Coverage %,provision_coverage_pct,%,2009,,,,fraction_inferred,missing,0,Dying_Cyrus_-_SOCB_V7__furnished_.xlsx,21,AN
janata_bank_plc,1,ASSET QUALITY,Provision Coverage %,provision_coverage_pct,%,2010,,,,fraction_inferred,missing,0,Dying_Cyrus_-_SOCB_V7__furnished_.xlsx,21,AO
janata_bank_plc,1,ASSET QUALITY,Provision Coverage %,provision_coverage_pct,%,2011,,,,fraction_inferred,missing,0,Dying_Cyrus_-_SOCB_V7__furnished_.xlsx,21,AP
janata_bank_plc,1,ASSET QUALITY,Provision Coverage %,provision_coverage_pct,%,2012,,,,fraction_inferred,missing,0,Dying_Cyrus_-_SOCB_V7__furnished_.xlsx,21,AQ
janata_bank_plc,1,ASSET QUALITY,Provision Coverage %,provision_coverage_pct,%,2013,,,,fraction_inferred,missing,0,Dying_Cyrus_-_SOCB_V7__furnished_.xlsx,21,AR
janata_bank_plc,1,ASSET QUALITY,Provision Coverage %,provision_coverage_pct,%,2014,,,,fraction_inferred,missing,0,Dying_Cyrus_-_SOCB_V7__furnished_.xlsx,21,AS
janata_bank_plc,1,ASSET QUALITY,Provision Coverage %,provision_coverage_pct,%,2015,,,,fraction_inferred,missing,0,Dying_Cyrus_-_SOCB_V7__furnished_.xlsx,21,AT
janata_bank_plc,1,ASSET QUALITY,Provision Coverage %,provision_coverage_pct,%,2016,,,,fraction_inferred,missing,0,Dying_Cyrus_-_SOCB_V7__furnished_.xlsx,21,AU
janata_bank_plc,1,ASSET QUALITY,Provision Coverage %,provision_coverage_pct,%,2017,,,,fraction_inferred,missing,0,Dying_Cyrus_-_SOCB_V7__furnished_.xlsx,21,AV
janata_bank_plc,1,ASSET QUALITY,Provision Coverage %,provision_coverage_pct,%,2018,,,,fraction_inferred,missing,0,Dying_Cyrus_-_SOCB_V7__furnished_.xlsx,21,AW
janata_bank_plc,1,ASSET QUALITY,Provision Coverage %,provision_coverage_pct,%,2019,,,,fraction_inferred,missing,0,Dying_Cyrus_-_SOCB_V7__furnished_.xlsx,21,AX
janata_bank_plc,1,ASSET QUALITY,Provision Coverage %,provision_coverage_pct,%,2020,0.3373,0.3373,33.73,fraction_inferred,native_numeric,0,Dying_Cyrus_-_SOCB_V7__furnished_.xlsx,21,AY
janata_bank_plc,1,ASSET QUALITY,Provision Coverage %,provision_coverage_pct,%,2021,0.4298,0.4298,42.980000000000004,fraction_inferred,native_numeric,0,Dying_Cyrus_-_SOCB_V7__furnished_.xlsx,21,AZ
janata_bank_plc,1,ASSET QUALITY,Provision Coverage %,provision_coverage_pct,%,2022,0.3769,0.3769,37.69,fraction_inferred,native_numeric,0,Dying_Cyrus_-_SOCB_V7__furnished_.xlsx,21,BA
janata_bank_plc,1,ASSET QUALITY,Provision Coverage %,provision_coverage_pct,%,2023,0.2414,0.2414,24.14,fraction_inferred,native_numeric,0,Dying_Cyrus_-_SOCB_V7__furnished_.xlsx,21,BB
janata_bank_plc,1,ASSET QUALITY,Provision Coverage %,provision_coverage_pct,%,2024,0.095,0.095,9.5,fraction_inferred,native_numeric,0,Dying_Cyrus_-_SOCB_V7__furnished_.xlsx,21,BC
janata_bank_plc,1,ASSET QUALITY,Provision Coverage %,provision_coverage_pct,%,2025,,,,fraction_inferred,missing,0,Dying_Cyrus_-_SOCB_V7__furnished_.xlsx,21,BD
janata_bank_plc,1,ASSET QUALITY,Provision Coverage %,provision_coverage_pct,%,2026,,,,fraction_inferred,missing,0,Dying_Cyrus_-_SOCB_V7__furnished_.xlsx,21,BE
janata_bank_plc,1,ASSET QUALITY,Loan-Deposit Ratio %,loan_deposit_ratio_pct,%,1972,0.7179166852,0.7179166852,71.79166852,fraction,native_numeric,0,Dying_Cyrus_-_SOCB_V7__furnished_.xlsx,22,C
janata_bank_plc,1,ASSET QUALITY,Loan-Deposit Ratio %,loan_deposit_ratio_pct,%,1973,0.6844532337,0.6844532337,68.44532337,fraction,native_numeric,0,Dying_Cyrus_-_SOCB_V7__furnished_.xlsx,22,D
janata_bank_plc,1,ASSET QUALITY,Loan-Deposit Ratio %,loan_deposit_ratio_pct,%,1974,0.8108600371,0.8108600371,81.08600371,fraction,native_numeric,0,Dying_Cyrus_-_SOCB_V7__furnished_.xlsx,22,E
janata_bank_plc,1,ASSET QUALITY,Loan-Deposit Ratio %,loan_deposit_ratio_pct,%,1975,0.8774091952,0.8774091952,87.74091952,fraction,native_numeric,0,Dying_Cyrus_-_SOCB_V7__furnished_.xlsx,22,F
janata_bank_plc,1,ASSET QUALITY,Loan-Deposit Ratio %,loan_deposit_ratio_pct,%,1976,0.8448278725,0.8448278725,84.48278725,fraction,native_numeric,0,Dying_Cyrus_-_SOCB_V7__furnished_.xlsx,22,G
janata_bank_plc,1,ASSET QUALITY,Loan-Deposit Ratio %,loan_deposit_ratio_pct,%,1977,0.9420063934,0.9420063934,94.20063934000001,fraction,native_numeric,0,Dying_Cyrus_-_SOCB_V7__furnished_.xlsx,22,H
janata_bank_plc,1,ASSET QUALITY,Loan-Deposit Ratio %,loan_deposit_ratio_pct,%,1978,1.002191782,1.002191782,100.21917819999999,fraction,native_numeric,0,Dying_Cyrus_-_SOCB_V7__furnished_.xlsx,22,I
janata_bank_plc,1,ASSET QUALITY,Loan-Deposit Ratio %,loan_deposit_ratio_pct,%,1979,1.021135685,1.021135685,102.1135685,fraction,native_numeric,0,Dying_Cyrus_-_SOCB_V7__furnished_.xlsx,22,J
janata_bank_plc,1,ASSET QUALITY,Loan-Deposit Ratio %,loan_deposit_ratio_pct,%,1980,1.007721338,1.007721338,100.7721338,fraction,native_numeric,0,Dying_Cyrus_-_SOCB_V7__furnished_.xlsx,22,K
janata_bank_plc,1,ASSET QUALITY,Loan-Deposit Ratio %,loan_deposit_ratio_pct,%,1981,1.022921404,1.022921404,102.29214040000001,fraction,native_numeric,0,Dying_Cyrus_-_SOCB_V7__furnished_.xlsx,22,L
janata_bank_plc,1,ASSET QUALITY,Loan-Deposit Ratio %,loan_deposit_ratio_pct,%,1982,1.16415715,1.16415715,116.415715,fraction,native_numeric,0,Dying_Cyrus_-_SOCB_V7__furnished_.xlsx,22,M
janata_bank_plc,1,ASSET QUALITY,Loan-Deposit Ratio %,loan_deposit_ratio_pct,%,1983,0.9166673352,0.9166673352,91.66673352,fraction,native_numeric,0,Dying_Cyrus_-_SOCB_V7__furnished_.xlsx,22,N
janata_bank_plc,1,ASSET QUALITY,Loan-Deposit Ratio %,loan_deposit_ratio_pct,%,1984,0.8164806517,0.8164806517,81.64806517,fraction,native_numeric,0,Dying_Cyrus_-_SOCB_V7__furnished_.xlsx,22,O
janata_bank_plc,1,ASSET QUALITY,Loan-Deposit Ratio %,loan_deposit_ratio_pct,%,1985,0.8377963394,0.8377963394,83.77963394,fraction,native_numeric,0,Dying_Cyrus_-_SOCB_V7__furnished_.xlsx,22,P
janata_bank_plc,1,ASSET QUALITY,Loan-Deposit Ratio %,loan_deposit_ratio_pct,%,1986,0.7737907722,0.7737907722,77.37907722,fraction,native_numeric,0,Dying_Cyrus_-_SOCB_V7__furnished_.xlsx,22,Q
janata_bank_plc,1,ASSET QUALITY,Loan-Deposit Ratio %,loan_deposit_ratio_pct,%,1987,0.6998897064,0.6998897064,69.98897064,fraction,native_numeric,0,Dying_Cyrus_-_SOCB_V7__furnished_.xlsx,22,R
janata_bank_plc,1,ASSET QUALITY,Loan-Deposit Ratio %,loan_deposit_ratio_pct,%,1988,0.7162933719,0.7162933719,71.62933719,fraction,native_numeric,0,Dying_Cyrus_-_SOCB_V7__furnished_.xlsx,22,S
janata_bank_plc,1,ASSET QUALITY,Loan-Deposit Ratio %,loan_deposit_ratio_pct,%,1989,0.7431629262,0.7431629262,74.31629262,fraction,native_numeric,0,Dying_Cyrus_-_SOCB_V7__furnished_.xlsx,22,T
janata_bank_plc,1,ASSET QUALITY,Loan-Deposit Ratio %,loan_deposit_ratio_pct,%,1990,0.6654927912,0.6654927912,66.54927912000001,fraction,native_numeric,0,Dying_Cyrus_-_SOCB_V7__furnished_.xlsx,22,U
janata_bank_plc,1,ASSET QUALITY,Loan-Deposit Ratio %,loan_deposit_ratio_pct,%,1991,0.6195657694,0.6195657694,61.95657694,fraction,native_numeric,0,Dying_Cyrus_-_SOCB_V7__furnished_.xlsx,22,V
janata_bank_plc,1,ASSET QUALITY,Loan-Deposit Ratio %,loan_deposit_ratio_pct,%,1992,0.608468324,0.608468324,60.8468324,fraction,native_numeric,0,Dying_Cyrus_-_SOCB_V7__furnished_.xlsx,22,W
janata_bank_plc,1,ASSET QUALITY,Loan-Deposit Ratio %,loan_deposit_ratio_pct,%,1993,0.6531680677,0.6531680677,65.31680677,fraction,native_numeric,0,Dying_Cyrus_-_SOCB_V7__furnished_.xlsx,22,X
janata_bank_plc,1,ASSET QUALITY,Loan-Deposit Ratio %,loan_deposit_ratio_pct,%,1994,0.598317558,0.598317558,59.831755799999996,fraction,native_numeric,0,Dying_Cyrus_-_SOCB_V7__furnished_.xlsx,22,Y
janata_bank_plc,1,ASSET QUALITY,Loan-Deposit Ratio %,loan_deposit_ratio_pct,%,1995,0.6303948334,0.6303948334,63.039483340000004,fraction,native_numeric,0,Dying_Cyrus_-_SOCB_V7__furnished_.xlsx,22,Z
janata_bank_plc,1,ASSET QUALITY,Loan-Deposit Ratio %,loan_deposit_ratio_pct,%,1996,0.6440146549,0.6440146549,64.40146548999999,fraction,native_numeric,0,Dying_Cyrus_-_SOCB_V7__furnished_.xlsx,22,AA
janata_bank_plc,1,ASSET QUALITY,Loan-Deposit Ratio %,loan_deposit_ratio_pct,%,1997,0.608354567,0.608354567,60.8354567,fraction,native_numeric,0,Dying_Cyrus_-_SOCB_V7__furnished_.xlsx,22,AB
janata_bank_plc,1,ASSET QUALITY,Loan-Deposit Ratio %,loan_deposit_ratio_pct,%,1998,0.6176213494,0.6176213494,61.76213494,fraction,native_numeric,0,Dying_Cyrus_-_SOCB_V7__furnished_.xlsx,22,AC
janata_bank_plc,1,ASSET QUALITY,Loan-Deposit Ratio %,loan_deposit_ratio_pct,%,1999,0.6618856616,0.6618856616,66.18856616,fraction,native_numeric,0,Dying_Cyrus_-_SOCB_V7__furnished_.xlsx,22,AD
janata_bank_plc,1,ASSET QUALITY,Loan-Deposit Ratio %,loan_deposit_ratio_pct,%,2000,0.7733525109,0.7733525109,77.33525109,fraction,native_numeric,0,Dying_Cyrus_-_SOCB_V7__furnished_.xlsx,22,AE
janata_bank_plc,1,ASSET QUALITY,Loan-Deposit Ratio %,loan_deposit_ratio_pct,%,2001,0.745955068,0.745955068,74.5955068,fraction,native_numeric,0,Dying_Cyrus_-_SOCB_V7__furnished_.xlsx,22,AF
janata_bank_plc,1,ASSET QUALITY,Loan-Deposit Ratio %,loan_deposit_ratio_pct,%,2002,0.7181719453,0.7181719453,71.81719453,fraction,native_numeric,0,Dying_Cyrus_-_SOCB_V7__furnished_.xlsx,22,AG
janata_bank_plc,1,ASSET QUALITY,Loan-Deposit Ratio %,loan_deposit_ratio_pct,%,2003,0.7320660489,0.7320660489,73.20660489000001,fraction,native_numeric,0,Dying_Cyrus_-_SOCB_V7__furnished_.xlsx,22,AH
janata_bank_plc,1,ASSET QUALITY,Loan-Deposit Ratio %,loan_deposit_ratio_pct,%,2004,0.7136433788,0.7136433788,71.36433788,fraction,native_numeric,0,Dying_Cyrus_-_SOCB_V7__furnished_.xlsx,22,AI
janata_bank_plc,1,ASSET QUALITY,Loan-Deposit Ratio %,loan_deposit_ratio_pct,%,2005,0.7369430887,0.7369430887,73.69430887,fraction,native_numeric,0,Dying_Cyrus_-_SOCB_V7__furnished_.xlsx,22,AJ
janata_bank_plc,1,ASSET QUALITY,Loan-Deposit Ratio %,loan_deposit_ratio_pct,%,2006,0.7570108186,0.7570108186,75.70108186,fraction,native_numeric,0,Dying_Cyrus_-_SOCB_V7__furnished_.xlsx,22,AK
janata_bank_plc,1,ASSET QUALITY,Loan-Deposit Ratio %,loan_deposit_ratio_pct,%,2007,0.6101840408,0.6101840408,61.018404079999996,fraction,native_numeric,0,Dying_Cyrus_-_SOCB_V7__furnished_.xlsx,22,AL
janata_bank_plc,1,ASSET QUALITY,Loan-Deposit Ratio %,loan_deposit_ratio_pct,%,2008,0.6536593388,0.6536593388,65.36593388,fraction,native_numeric,0,Dying_Cyrus_-_SOCB_V7__furnished_.xlsx,22,AM
janata_bank_plc,1,ASSET QUALITY,Loan-Deposit Ratio %,loan_deposit_ratio_pct,%,2009,0.6757772163,0.6757772163,67.57772163,fraction,native_numeric,0,Dying_Cyrus_-_SOCB_V7__furnished_.xlsx,22,AN
janata_bank_plc,1,ASSET QUALITY,Loan-Deposit Ratio %,loan_deposit_ratio_pct,%,2010,0.7877121115,0.7877121115,78.77121115,fraction,native_numeric,0,Dying_Cyrus_-_SOCB_V7__furnished_.xlsx,22,AO
janata_bank_plc,1,ASSET QUALITY,Loan-Deposit Ratio %,loan_deposit_ratio_pct,%,2011,0.7127941809,0.7127941809,71.27941809000001,fraction,native_numeric,0,Dying_Cyrus_-_SOCB_V7__furnished_.xlsx,22,AP
janata_bank_plc,1,ASSET QUALITY,Loan-Deposit Ratio %,loan_deposit_ratio_pct,%,2012,0.7451541304,0.7451541304,74.51541304,fraction,native_numeric,0,Dying_Cyrus_-_SOCB_V7__furnished_.xlsx,22,AQ
janata_bank_plc,1,ASSET QUALITY,Loan-Deposit Ratio %,loan_deposit_ratio_pct,%,2013,0.5971293837,0.5971293837,59.71293837,fraction,native_numeric,0,Dying_Cyrus_-_SOCB_V7__furnished_.xlsx,22,AR
janata_bank_plc,1,ASSET QUALITY,Loan-Deposit Ratio %,loan_deposit_ratio_pct,%,2014,0.6197027023,0.6197027023,61.970270230000004,fraction,native_numeric,0,Dying_Cyrus_-_SOCB_V7__furnished_.xlsx,22,AS
janata_bank_plc,1,ASSET QUALITY,Loan-Deposit Ratio %,loan_deposit_ratio_pct,%,2015,0.614966513,0.614966513,61.4966513,fraction,native_numeric,0,Dying_Cyrus_-_SOCB_V7__furnished_.xlsx,22,AT
janata_bank_plc,1,ASSET QUALITY,Loan-Deposit Ratio %,loan_deposit_ratio_pct,%,2016,0.627961023,0.627961023,62.7961023,fraction,native_numeric,0,Dying_Cyrus_-_SOCB_V7__furnished_.xlsx,22,AU
janata_bank_plc,1,ASSET QUALITY,Loan-Deposit Ratio %,loan_deposit_ratio_pct,%,2017,0.7076550536,0.7076550536,70.76550536,fraction,native_numeric,0,Dying_Cyrus_-_SOCB_V7__furnished_.xlsx,22,AV
janata_bank_plc,1,ASSET QUALITY,Loan-Deposit Ratio %,loan_deposit_ratio_pct,%,2018,0.7900353557,0.7900353557,79.00353557000001,fraction,native_numeric,0,Dying_Cyrus_-_SOCB_V7__furnished_.xlsx,22,AW
janata_bank_plc,1,ASSET QUALITY,Loan-Deposit Ratio %,loan_deposit_ratio_pct,%,2019,0.7932694635,0.7932694635,79.32694635,fraction,native_numeric,0,Dying_Cyrus_-_SOCB_V7__furnished_.xlsx,22,AX
janata_bank_plc,1,ASSET QUALITY,Loan-Deposit Ratio %,loan_deposit_ratio_pct,%,2020,0.7346430246,0.7346430246,73.46430246,fraction,native_numeric,0,Dying_Cyrus_-_SOCB_V7__furnished_.xlsx,22,AY
janata_bank_plc,1,ASSET QUALITY,Loan-Deposit Ratio %,loan_deposit_ratio_pct,%,2021,0.6884972523,0.6884972523,68.84972523,fraction,native_numeric,0,Dying_Cyrus_-_SOCB_V7__furnished_.xlsx,22,AZ
janata_bank_plc,1,ASSET QUALITY,Loan-Deposit Ratio %,loan_deposit_ratio_pct,%,2022,0.8398377614,0.8398377614,83.98377614,fraction,native_numeric,0,Dying_Cyrus_-_SOCB_V7__furnished_.xlsx,22,BA
janata_bank_plc,1,ASSET QUALITY,Loan-Deposit Ratio %,loan_deposit_ratio_pct,%,2023,0.8917210958,0.8917210958,89.17210958,fraction,native_numeric,0,Dying_Cyrus_-_SOCB_V7__furnished_.xlsx,22,BB
janata_bank_plc,1,ASSET QUALITY,Loan-Deposit Ratio %,loan_deposit_ratio_pct,%,2024,0.9179009428,0.9179009428,91.79009428,fraction,native_numeric,0,Dying_Cyrus_-_SOCB_V7__furnished_.xlsx,22,BC
janata_bank_plc,1,ASSET QUALITY,Loan-Deposit Ratio %,loan_deposit_ratio_pct,%,2025,,,,fraction,missing,0,Dying_Cyrus_-_SOCB_V7__furnished_.xlsx,22,BD
janata_bank_plc,1,ASSET QUALITY,Loan-Deposit Ratio %,loan_deposit_ratio_pct,%,2026,,,,fraction,missing,0,Dying_Cyrus_-_SOCB_V7__furnished_.xlsx,22,BE
janata_bank_plc,1,CAPITAL & EFFICIENCY,Capital Adequacy Ratio %,car_pct,%,1972,,,,fraction_inferred,missing,0,Dying_Cyrus_-_SOCB_V7__furnished_.xlsx,24,C
janata_bank_plc,1,CAPITAL & EFFICIENCY,Capital Adequacy Ratio %,car_pct,%,1973,,,,fraction_inferred,missing,0,Dying_Cyrus_-_SOCB_V7__furnished_.xlsx,24,D
janata_bank_plc,1,CAPITAL & EFFICIENCY,Capital Adequacy Ratio %,car_pct,%,1974,,,,fraction_inferred,missing,0,Dying_Cyrus_-_SOCB_V7__furnished_.xlsx,24,E
janata_bank_plc,1,CAPITAL & EFFICIENCY,Capital Adequacy Ratio %,car_pct,%,1975,,,,fraction_inferred,missing,0,Dying_Cyrus_-_SOCB_V7__furnished_.xlsx,24,F
janata_bank_plc,1,CAPITAL & EFFICIENCY,Capital Adequacy Ratio %,car_pct,%,1976,,,,fraction_inferred,missing,0,Dying_Cyrus_-_SOCB_V7__furnished_.xlsx,24,G
janata_bank_plc,1,CAPITAL & EFFICIENCY,Capital Adequacy Ratio %,car_pct,%,1977,,,,fraction_inferred,missing,0,Dying_Cyrus_-_SOCB_V7__furnished_.xlsx,24,H
janata_bank_plc,1,CAPITAL & EFFICIENCY,Capital Adequacy Ratio %,car_pct,%,1978,,,,fraction_inferred,missing,0,Dying_Cyrus_-_SOCB_V7__furnished_.xlsx,24,I
janata_bank_plc,1,CAPITAL & EFFICIENCY,Capital Adequacy Ratio %,car_pct,%,1979,,,,fraction_inferred,missing,0,Dying_Cyrus_-_SOCB_V7__furnished_.xlsx,24,J
janata_bank_plc,1,CAPITAL & EFFICIENCY,Capital Adequacy Ratio %,car_pct,%,1980,,,,fraction_inferred,missing,0,Dying_Cyrus_-_SOCB_V7__furnished_.xlsx,24,K
janata_bank_plc,1,CAPITAL & EFFICIENCY,Capital Adequacy Ratio %,car_pct,%,1981,,,,fraction_inferred,missing,0,Dying_Cyrus_-_SOCB_V7__furnished_.xlsx,24,L
janata_bank_plc,1,CAPITAL & EFFICIENCY,Capital Adequacy Ratio %,car_pct,%,1982,,,,fraction_inferred,missing,0,Dying_Cyrus_-_SOCB_V7__furnished_.xlsx,24,M
janata_bank_plc,1,CAPITAL & EFFICIENCY,Capital Adequacy Ratio %,car_pct,%,1983,,,,fraction_inferred,missing,0,Dying_Cyrus_-_SOCB_V7__furnished_.xlsx,24,N
janata_bank_plc,1,CAPITAL & EFFICIENCY,Capital Adequacy Ratio %,car_pct,%,1984,,,,fraction_inferred,missing,0,Dying_Cyrus_-_SOCB_V7__furnished_.xlsx,24,O
janata_bank_plc,1,CAPITAL & EFFICIENCY,Capital Adequacy Ratio %,car_pct,%,1985,,,,fraction_inferred,missing,0,Dying_Cyrus_-_SOCB_V7__furnished_.xlsx,24,P
janata_bank_plc,1,CAPITAL & EFFICIENCY,Capital Adequacy Ratio %,car_pct,%,1986,,,,fraction_inferred,missing,0,Dying_Cyrus_-_SOCB_V7__furnished_.xlsx,24,Q
janata_bank_plc,1,CAPITAL & EFFICIENCY,Capital Adequacy Ratio %,car_pct,%,1987,,,,fraction_inferred,missing,0,Dying_Cyrus_-_SOCB_V7__furnished_.xlsx,24,R
janata_bank_plc,1,CAPITAL & EFFICIENCY,Capital Adequacy Ratio %,car_pct,%,1988,,,,fraction_inferred,missing,0,Dying_Cyrus_-_SOCB_V7__furnished_.xlsx,24,S
janata_bank_plc,1,CAPITAL & EFFICIENCY,Capital Adequacy Ratio %,car_pct,%,1989,,,,fraction_inferred,missing,0,Dying_Cyrus_-_SOCB_V7__furnished_.xlsx,24,T
janata_bank_plc,1,CAPITAL & EFFICIENCY,Capital Adequacy Ratio %,car_pct,%,1990,,,,fraction_inferred,missing,0,Dying_Cyrus_-_SOCB_V7__furnished_.xlsx,24,U
janata_bank_plc,1,CAPITAL & EFFICIENCY,Capital Adequacy Ratio %,car_pct,%,1991,,,,fraction_inferred,missing,0,Dying_Cyrus_-_SOCB_V7__furnished_.xlsx,24,V
janata_bank_plc,1,CAPITAL & EFFICIENCY,Capital Adequacy Ratio %,car_pct,%,1992,,,,fraction_inferred,missing,0,Dying_Cyrus_-_SOCB_V7__furnished_.xlsx,24,W
janata_bank_plc,1,CAPITAL & EFFICIENCY,Capital Adequacy Ratio %,car_pct,%,1993,,,,fraction_inferred,missing,0,Dying_Cyrus_-_SOCB_V7__furnished_.xlsx,24,X
janata_bank_plc,1,CAPITAL & EFFICIENCY,Capital Adequacy Ratio %,car_pct,%,1994,,,,fraction_inferred,missing,0,Dying_Cyrus_-_SOCB_V7__furnished_.xlsx,24,Y
janata_bank_plc,1,CAPITAL & EFFICIENCY,Capital Adequacy Ratio %,car_pct,%,1995,,,,fraction_inferred,missing,0,Dying_Cyrus_-_SOCB_V7__furnished_.xlsx,24,Z
janata_bank_plc,1,CAPITAL & EFFICIENCY,Capital Adequacy Ratio %,car_pct,%,1996,,,,fraction_inferred,missing,0,Dying_Cyrus_-_SOCB_V7__furnished_.xlsx,24,AA
janata_bank_plc,1,CAPITAL & EFFICIENCY,Capital Adequacy Ratio %,car_pct,%,1997,,,,fraction_inferred,missing,0,Dying_Cyrus_-_SOCB_V7__furnished_.xlsx,24,AB
janata_bank_plc,1,CAPITAL & EFFICIENCY,Capital Adequacy Ratio %,car_pct,%,1998,,,,fraction_inferred,missing,0,Dying_Cyrus_-_SOCB_V7__furnished_.xlsx,24,AC
janata_bank_plc,1,CAPITAL & EFFICIENCY,Capital Adequacy Ratio %,car_pct,%,1999,,,,fraction_inferred,missing,0,Dying_Cyrus_-_SOCB_V7__furnished_.xlsx,24,AD
janata_bank_plc,1,CAPITAL & EFFICIENCY,Capital Adequacy Ratio %,car_pct,%,2000,,,,fraction_inferred,missing,0,Dying_Cyrus_-_SOCB_V7__furnished_.xlsx,24,AE
janata_bank_plc,1,CAPITAL & EFFICIENCY,Capital Adequacy Ratio %,car_pct,%,2001,,,,fraction_inferred,missing,0,Dying_Cyrus_-_SOCB_V7__furnished_.xlsx,24,AF
janata_bank_plc,1,CAPITAL & EFFICIENCY,Capital Adequacy Ratio %,car_pct,%,2002,,,,fraction_inferred,missing,0,Dying_Cyrus_-_SOCB_V7__furnished_.xlsx,24,AG
janata_bank_plc,1,CAPITAL & EFFICIENCY,Capital Adequacy Ratio %,car_pct,%,2003,,,,fraction_inferred,missing,0,Dying_Cyrus_-_SOCB_V7__furnished_.xlsx,24,AH
janata_bank_plc,1,CAPITAL & EFFICIENCY,Capital Adequacy Ratio %,car_pct,%,2004,,,,fraction_inferred,missing,0,Dying_Cyrus_-_SOCB_V7__furnished_.xlsx,24,AI
janata_bank_plc,1,CAPITAL & EFFICIENCY,Capital Adequacy Ratio %,car_pct,%,2005,,,,fraction_inferred,missing,0,Dying_Cyrus_-_SOCB_V7__furnished_.xlsx,24,AJ
janata_bank_plc,1,CAPITAL & EFFICIENCY,Capital Adequacy Ratio %,car_pct,%,2006,,,,fraction_inferred,missing,0,Dying_Cyrus_-_SOCB_V7__furnished_.xlsx,24,AK
janata_bank_plc,1,CAPITAL & EFFICIENCY,Capital Adequacy Ratio %,car_pct,%,2007,,,,fraction_inferred,missing,0,Dying_Cyrus_-_SOCB_V7__furnished_.xlsx,24,AL
janata_bank_plc,1,CAPITAL & EFFICIENCY,Capital Adequacy Ratio %,car_pct,%,2008,,,,fraction_inferred,missing,0,Dying_Cyrus_-_SOCB_V7__furnished_.xlsx,24,AM
janata_bank_plc,1,CAPITAL & EFFICIENCY,Capital Adequacy Ratio %,car_pct,%,2009,,,,fraction_inferred,missing,0,Dying_Cyrus_-_SOCB_V7__furnished_.xlsx,24,AN
janata_bank_plc,1,CAPITAL & EFFICIENCY,Capital Adequacy Ratio %,car_pct,%,2010,,,,fraction_inferred,missing,0,Dying_Cyrus_-_SOCB_V7__furnished_.xlsx,24,AO
janata_bank_plc,1,CAPITAL & EFFICIENCY,Capital Adequacy Ratio %,car_pct,%,2011,,,,fraction_inferred,missing,0,Dying_Cyrus_-_SOCB_V7__furnished_.xlsx,24,AP
janata_bank_plc,1,CAPITAL & EFFICIENCY,Capital Adequacy Ratio %,car_pct,%,2012,,,,fraction_inferred,missing,0,Dying_Cyrus_-_SOCB_V7__furnished_.xlsx,24,AQ
janata_bank_plc,1,CAPITAL & EFFICIENCY,Capital Adequacy Ratio %,car_pct,%,2013,,,,fraction_inferred,missing,0,Dying_Cyrus_-_SOCB_V7__furnished_.xlsx,24,AR
janata_bank_plc,1,CAPITAL & EFFICIENCY,Capital Adequacy Ratio %,car_pct,%,2014,,,,fraction_inferred,missing,0,Dying_Cyrus_-_SOCB_V7__furnished_.xlsx,24,AS
janata_bank_plc,1,CAPITAL & EFFICIENCY,Capital Adequacy Ratio %,car_pct,%,2015,,,,fraction_inferred,missing,0,Dying_Cyrus_-_SOCB_V7__furnished_.xlsx,24,AT
janata_bank_plc,1,CAPITAL & EFFICIENCY,Capital Adequacy Ratio %,car_pct,%,2016,,,,fraction_inferred,missing,0,Dying_Cyrus_-_SOCB_V7__furnished_.xlsx,24,AU
janata_bank_plc,1,CAPITAL & EFFICIENCY,Capital Adequacy Ratio %,car_pct,%,2017,,,,fraction_inferred,missing,0,Dying_Cyrus_-_SOCB_V7__furnished_.xlsx,24,AV
janata_bank_plc,1,CAPITAL & EFFICIENCY,Capital Adequacy Ratio %,car_pct,%,2018,,,,fraction_inferred,missing,0,Dying_Cyrus_-_SOCB_V7__furnished_.xlsx,24,AW
janata_bank_plc,1,CAPITAL & EFFICIENCY,Capital Adequacy Ratio %,car_pct,%,2019,,,,fraction_inferred,missing,0,Dying_Cyrus_-_SOCB_V7__furnished_.xlsx,24,AX
janata_bank_plc,1,CAPITAL & EFFICIENCY,Capital Adequacy Ratio %,car_pct,%,2020,0.1005,0.1005,10.05,fraction_inferred,native_numeric,0,Dying_Cyrus_-_SOCB_V7__furnished_.xlsx,24,AY
janata_bank_plc,1,CAPITAL & EFFICIENCY,Capital Adequacy Ratio %,car_pct,%,2021,0.0898,0.0898,8.98,fraction_inferred,native_numeric,0,Dying_Cyrus_-_SOCB_V7__furnished_.xlsx,24,AZ
janata_bank_plc,1,CAPITAL & EFFICIENCY,Capital Adequacy Ratio %,car_pct,%,2022,0.0783,0.0783,7.829999999999999,fraction_inferred,native_numeric,0,Dying_Cyrus_-_SOCB_V7__furnished_.xlsx,24,BA
janata_bank_plc,1,CAPITAL & EFFICIENCY,Capital Adequacy Ratio %,car_pct,%,2023,0.0675,0.0675,6.75,fraction_inferred,native_numeric,0,Dying_Cyrus_-_SOCB_V7__furnished_.xlsx,24,BB
janata_bank_plc,1,CAPITAL & EFFICIENCY,Capital Adequacy Ratio %,car_pct,%,2024,0.0093,0.0093,0.9299999999999999,fraction_inferred,native_numeric,0,Dying_Cyrus_-_SOCB_V7__furnished_.xlsx,24,BC
janata_bank_plc,1,CAPITAL & EFFICIENCY,Capital Adequacy Ratio %,car_pct,%,2025,,,,fraction_inferred,missing,0,Dying_Cyrus_-_SOCB_V7__furnished_.xlsx,24,BD
janata_bank_plc,1,CAPITAL & EFFICIENCY,Capital Adequacy Ratio %,car_pct,%,2026,,,,fraction_inferred,missing,0,Dying_Cyrus_-_SOCB_V7__furnished_.xlsx,24,BE
janata_bank_plc,1,CAPITAL & EFFICIENCY,Cost-to-Income Ratio %,cost_income_pct,%,1972,,,,fraction_inferred,missing,0,Dying_Cyrus_-_SOCB_V7__furnished_.xlsx,25,C
janata_bank_plc,1,CAPITAL & EFFICIENCY,Cost-to-Income Ratio %,cost_income_pct,%,1973,,,,fraction_inferred,missing,0,Dying_Cyrus_-_SOCB_V7__furnished_.xlsx,25,D
janata_bank_plc,1,CAPITAL & EFFICIENCY,Cost-to-Income Ratio %,cost_income_pct,%,1974,,,,fraction_inferred,missing,0,Dying_Cyrus_-_SOCB_V7__furnished_.xlsx,25,E
janata_bank_plc,1,CAPITAL & EFFICIENCY,Cost-to-Income Ratio %,cost_income_pct,%,1975,,,,fraction_inferred,missing,0,Dying_Cyrus_-_SOCB_V7__furnished_.xlsx,25,F
janata_bank_plc,1,CAPITAL & EFFICIENCY,Cost-to-Income Ratio %,cost_income_pct,%,1976,,,,fraction_inferred,missing,0,Dying_Cyrus_-_SOCB_V7__furnished_.xlsx,25,G
janata_bank_plc,1,CAPITAL & EFFICIENCY,Cost-to-Income Ratio %,cost_income_pct,%,1977,,,,fraction_inferred,missing,0,Dying_Cyrus_-_SOCB_V7__furnished_.xlsx,25,H
janata_bank_plc,1,CAPITAL & EFFICIENCY,Cost-to-Income Ratio %,cost_income_pct,%,1978,,,,fraction_inferred,missing,0,Dying_Cyrus_-_SOCB_V7__furnished_.xlsx,25,I
janata_bank_plc,1,CAPITAL & EFFICIENCY,Cost-to-Income Ratio %,cost_income_pct,%,1979,,,,fraction_inferred,missing,0,Dying_Cyrus_-_SOCB_V7__furnished_.xlsx,25,J
janata_bank_plc,1,CAPITAL & EFFICIENCY,Cost-to-Income Ratio %,cost_income_pct,%,1980,,,,fraction_inferred,missing,0,Dying_Cyrus_-_SOCB_V7__furnished_.xlsx,25,K
janata_bank_plc,1,CAPITAL & EFFICIENCY,Cost-to-Income Ratio %,cost_income_pct,%,1981,,,,fraction_inferred,missing,0,Dying_Cyrus_-_SOCB_V7__furnished_.xlsx,25,L
janata_bank_plc,1,CAPITAL & EFFICIENCY,Cost-to-Income Ratio %,cost_income_pct,%,1982,,,,fraction_inferred,missing,0,Dying_Cyrus_-_SOCB_V7__furnished_.xlsx,25,M
janata_bank_plc,1,CAPITAL & EFFICIENCY,Cost-to-Income Ratio %,cost_income_pct,%,1983,,,,fraction_inferred,missing,0,Dying_Cyrus_-_SOCB_V7__furnished_.xlsx,25,N
janata_bank_plc,1,CAPITAL & EFFICIENCY,Cost-to-Income Ratio %,cost_income_pct,%,1984,,,,fraction_inferred,missing,0,Dying_Cyrus_-_SOCB_V7__furnished_.xlsx,25,O
janata_bank_plc,1,CAPITAL & EFFICIENCY,Cost-to-Income Ratio %,cost_income_pct,%,1985,,,,fraction_inferred,missing,0,Dying_Cyrus_-_SOCB_V7__furnished_.xlsx,25,P
janata_bank_plc,1,CAPITAL & EFFICIENCY,Cost-to-Income Ratio %,cost_income_pct,%,1986,,,,fraction_inferred,missing,0,Dying_Cyrus_-_SOCB_V7__furnished_.xlsx,25,Q
janata_bank_plc,1,CAPITAL & EFFICIENCY,Cost-to-Income Ratio %,cost_income_pct,%,1987,,,,fraction_inferred,missing,0,Dying_Cyrus_-_SOCB_V7__furnished_.xlsx,25,R
janata_bank_plc,1,CAPITAL & EFFICIENCY,Cost-to-Income Ratio %,cost_income_pct,%,1988,,,,fraction_inferred,missing,0,Dying_Cyrus_-_SOCB_V7__furnished_.xlsx,25,S
janata_bank_plc,1,CAPITAL & EFFICIENCY,Cost-to-Income Ratio %,cost_income_pct,%,1989,,,,fraction_inferred,missing,0,Dying_Cyrus_-_SOCB_V7__furnished_.xlsx,25,T
janata_bank_plc,1,CAPITAL & EFFICIENCY,Cost-to-Income Ratio %,cost_income_pct,%,1990,,,,fraction_inferred,missing,0,Dying_Cyrus_-_SOCB_V7__furnished_.xlsx,25,U
janata_bank_plc,1,CAPITAL & EFFICIENCY,Cost-to-Income Ratio %,cost_income_pct,%,1991,,,,fraction_inferred,missing,0,Dying_Cyrus_-_SOCB_V7__furnished_.xlsx,25,V
janata_bank_plc,1,CAPITAL & EFFICIENCY,Cost-to-Income Ratio %,cost_income_pct,%,1992,,,,fraction_inferred,missing,0,Dying_Cyrus_-_SOCB_V7__furnished_.xlsx,25,W
janata_bank_plc,1,CAPITAL & EFFICIENCY,Cost-to-Income Ratio %,cost_income_pct,%,1993,,,,fraction_inferred,missing,0,Dying_Cyrus_-_SOCB_V7__furnished_.xlsx,25,X
janata_bank_plc,1,CAPITAL & EFFICIENCY,Cost-to-Income Ratio %,cost_income_pct,%,1994,,,,fraction_inferred,missing,0,Dying_Cyrus_-_SOCB_V7__furnished_.xlsx,25,Y
janata_bank_plc,1,CAPITAL & EFFICIENCY,Cost-to-Income Ratio %,cost_income_pct,%,1995,,,,fraction_inferred,missing,0,Dying_Cyrus_-_SOCB_V7__furnished_.xlsx,25,Z
janata_bank_plc,1,CAPITAL & EFFICIENCY,Cost-to-Income Ratio %,cost_income_pct,%,1996,,,,fraction_inferred,missing,0,Dying_Cyrus_-_SOCB_V7__furnished_.xlsx,25,AA
janata_bank_plc,1,CAPITAL & EFFICIENCY,Cost-to-Income Ratio %,cost_income_pct,%,1997,,,,fraction_inferred,missing,0,Dying_Cyrus_-_SOCB_V7__furnished_.xlsx,25,AB
janata_bank_plc,1,CAPITAL & EFFICIENCY,Cost-to-Income Ratio %,cost_income_pct,%,1998,,,,fraction_inferred,missing,0,Dying_Cyrus_-_SOCB_V7__furnished_.xlsx,25,AC
janata_bank_plc,1,CAPITAL & EFFICIENCY,Cost-to-Income Ratio %,cost_income_pct,%,1999,,,,fraction_inferred,missing,0,Dying_Cyrus_-_SOCB_V7__furnished_.xlsx,25,AD
janata_bank_plc,1,CAPITAL & EFFICIENCY,Cost-to-Income Ratio %,cost_income_pct,%,2000,,,,fraction_inferred,missing,0,Dying_Cyrus_-_SOCB_V7__furnished_.xlsx,25,AE
janata_bank_plc,1,CAPITAL & EFFICIENCY,Cost-to-Income Ratio %,cost_income_pct,%,2001,,,,fraction_inferred,missing,0,Dying_Cyrus_-_SOCB_V7__furnished_.xlsx,25,AF
janata_bank_plc,1,CAPITAL & EFFICIENCY,Cost-to-Income Ratio %,cost_income_pct,%,2002,,,,fraction_inferred,missing,0,Dying_Cyrus_-_SOCB_V7__furnished_.xlsx,25,AG
janata_bank_plc,1,CAPITAL & EFFICIENCY,Cost-to-Income Ratio %,cost_income_pct,%,2003,,,,fraction_inferred,missing,0,Dying_Cyrus_-_SOCB_V7__furnished_.xlsx,25,AH
janata_bank_plc,1,CAPITAL & EFFICIENCY,Cost-to-Income Ratio %,cost_income_pct,%,2004,,,,fraction_inferred,missing,0,Dying_Cyrus_-_SOCB_V7__furnished_.xlsx,25,AI
janata_bank_plc,1,CAPITAL & EFFICIENCY,Cost-to-Income Ratio %,cost_income_pct,%,2005,,,,fraction_inferred,missing,0,Dying_Cyrus_-_SOCB_V7__furnished_.xlsx,25,AJ
janata_bank_plc,1,CAPITAL & EFFICIENCY,Cost-to-Income Ratio %,cost_income_pct,%,2006,,,,fraction_inferred,missing,0,Dying_Cyrus_-_SOCB_V7__furnished_.xlsx,25,AK
janata_bank_plc,1,CAPITAL & EFFICIENCY,Cost-to-Income Ratio %,cost_income_pct,%,2007,,,,fraction_inferred,missing,0,Dying_Cyrus_-_SOCB_V7__furnished_.xlsx,25,AL
janata_bank_plc,1,CAPITAL & EFFICIENCY,Cost-to-Income Ratio %,cost_income_pct,%,2008,,,,fraction_inferred,missing,0,Dying_Cyrus_-_SOCB_V7__furnished_.xlsx,25,AM
janata_bank_plc,1,CAPITAL & EFFICIENCY,Cost-to-Income Ratio %,cost_income_pct,%,2009,,,,fraction_inferred,missing,0,Dying_Cyrus_-_SOCB_V7__furnished_.xlsx,25,AN
janata_bank_plc,1,CAPITAL & EFFICIENCY,Cost-to-Income Ratio %,cost_income_pct,%,2010,,,,fraction_inferred,missing,0,Dying_Cyrus_-_SOCB_V7__furnished_.xlsx,25,AO
janata_bank_plc,1,CAPITAL & EFFICIENCY,Cost-to-Income Ratio %,cost_income_pct,%,2011,,,,fraction_inferred,missing,0,Dying_Cyrus_-_SOCB_V7__furnished_.xlsx,25,AP
janata_bank_plc,1,CAPITAL & EFFICIENCY,Cost-to-Income Ratio %,cost_income_pct,%,2012,,,,fraction_inferred,missing,0,Dying_Cyrus_-_SOCB_V7__furnished_.xlsx,25,AQ
janata_bank_plc,1,CAPITAL & EFFICIENCY,Cost-to-Income Ratio %,cost_income_pct,%,2013,,,,fraction_inferred,missing,0,Dying_Cyrus_-_SOCB_V7__furnished_.xlsx,25,AR
janata_bank_plc,1,CAPITAL & EFFICIENCY,Cost-to-Income Ratio %,cost_income_pct,%,2014,,,,fraction_inferred,missing,0,Dying_Cyrus_-_SOCB_V7__furnished_.xlsx,25,AS
janata_bank_plc,1,CAPITAL & EFFICIENCY,Cost-to-Income Ratio %,cost_income_pct,%,2015,,,,fraction_inferred,missing,0,Dying_Cyrus_-_SOCB_V7__furnished_.xlsx,25,AT
janata_bank_plc,1,CAPITAL & EFFICIENCY,Cost-to-Income Ratio %,cost_income_pct,%,2016,,,,fraction_inferred,missing,0,Dying_Cyrus_-_SOCB_V7__furnished_.xlsx,25,AU
janata_bank_plc,1,CAPITAL & EFFICIENCY,Cost-to-Income Ratio %,cost_income_pct,%,2017,,,,fraction_inferred,missing,0,Dying_Cyrus_-_SOCB_V7__furnished_.xlsx,25,AV
janata_bank_plc,1,CAPITAL & EFFICIENCY,Cost-to-Income Ratio %,cost_income_pct,%,2018,,,,fraction_inferred,missing,0,Dying_Cyrus_-_SOCB_V7__furnished_.xlsx,25,AW
janata_bank_plc,1,CAPITAL & EFFICIENCY,Cost-to-Income Ratio %,cost_income_pct,%,2019,,,,fraction_inferred,missing,0,Dying_Cyrus_-_SOCB_V7__furnished_.xlsx,25,AX
janata_bank_plc,1,CAPITAL & EFFICIENCY,Cost-to-Income Ratio %,cost_income_pct,%,2020,0.8214,0.8214,82.14,fraction_inferred,native_numeric,0,Dying_Cyrus_-_SOCB_V7__furnished_.xlsx,25,AY
janata_bank_plc,1,CAPITAL & EFFICIENCY,Cost-to-Income Ratio %,cost_income_pct,%,2021,0.847,0.847,84.7,fraction_inferred,native_numeric,0,Dying_Cyrus_-_SOCB_V7__furnished_.xlsx,25,AZ
janata_bank_plc,1,CAPITAL & EFFICIENCY,Cost-to-Income Ratio %,cost_income_pct,%,2022,0.8638,0.8638,86.38,fraction_inferred,native_numeric,0,Dying_Cyrus_-_SOCB_V7__furnished_.xlsx,25,BA
janata_bank_plc,1,CAPITAL & EFFICIENCY,Cost-to-Income Ratio %,cost_income_pct,%,2023,0.9228,0.9228,92.28,fraction_inferred,native_numeric,0,Dying_Cyrus_-_SOCB_V7__furnished_.xlsx,25,BB
janata_bank_plc,1,CAPITAL & EFFICIENCY,Cost-to-Income Ratio %,cost_income_pct,%,2024,1.318,1.318,131.8,fraction_inferred,native_numeric,0,Dying_Cyrus_-_SOCB_V7__furnished_.xlsx,25,BC
janata_bank_plc,1,CAPITAL & EFFICIENCY,Cost-to-Income Ratio %,cost_income_pct,%,2025,,,,fraction_inferred,missing,0,Dying_Cyrus_-_SOCB_V7__furnished_.xlsx,25,BD
janata_bank_plc,1,CAPITAL & EFFICIENCY,Cost-to-Income Ratio %,cost_income_pct,%,2026,,,,fraction_inferred,missing,0,Dying_Cyrus_-_SOCB_V7__furnished_.xlsx,25,BE
janata_bank_plc,1,DERIVED METRICS (formulas),NPL / Total Assets %,npl_to_assets_pct,%,1972,,,,fraction,missing,0,Dying_Cyrus_-_SOCB_V7__furnished_.xlsx,27,C
janata_bank_plc,1,DERIVED METRICS (formulas),NPL / Total Assets %,npl_to_assets_pct,%,1973,,,,fraction,missing,0,Dying_Cyrus_-_SOCB_V7__furnished_.xlsx,27,D
janata_bank_plc,1,DERIVED METRICS (formulas),NPL / Total Assets %,npl_to_assets_pct,%,1974,,,,fraction,missing,0,Dying_Cyrus_-_SOCB_V7__furnished_.xlsx,27,E
janata_bank_plc,1,DERIVED METRICS (formulas),NPL / Total Assets %,npl_to_assets_pct,%,1975,,,,fraction,missing,0,Dying_Cyrus_-_SOCB_V7__furnished_.xlsx,27,F
janata_bank_plc,1,DERIVED METRICS (formulas),NPL / Total Assets %,npl_to_assets_pct,%,1976,,,,fraction,missing,0,Dying_Cyrus_-_SOCB_V7__furnished_.xlsx,27,G
janata_bank_plc,1,DERIVED METRICS (formulas),NPL / Total Assets %,npl_to_assets_pct,%,1977,,,,fraction,missing,0,Dying_Cyrus_-_SOCB_V7__furnished_.xlsx,27,H
janata_bank_plc,1,DERIVED METRICS (formulas),NPL / Total Assets %,npl_to_assets_pct,%,1978,,,,fraction,missing,0,Dying_Cyrus_-_SOCB_V7__furnished_.xlsx,27,I
janata_bank_plc,1,DERIVED METRICS (formulas),NPL / Total Assets %,npl_to_assets_pct,%,1979,,,,fraction,missing,0,Dying_Cyrus_-_SOCB_V7__furnished_.xlsx,27,J
janata_bank_plc,1,DERIVED METRICS (formulas),NPL / Total Assets %,npl_to_assets_pct,%,1980,,,,fraction,missing,0,Dying_Cyrus_-_SOCB_V7__furnished_.xlsx,27,K
janata_bank_plc,1,DERIVED METRICS (formulas),NPL / Total Assets %,npl_to_assets_pct,%,1981,,,,fraction,missing,0,Dying_Cyrus_-_SOCB_V7__furnished_.xlsx,27,L
janata_bank_plc,1,DERIVED METRICS (formulas),NPL / Total Assets %,npl_to_assets_pct,%,1982,,,,fraction,missing,0,Dying_Cyrus_-_SOCB_V7__furnished_.xlsx,27,M
janata_bank_plc,1,DERIVED METRICS (formulas),NPL / Total Assets %,npl_to_assets_pct,%,1983,,,,fraction,missing,0,Dying_Cyrus_-_SOCB_V7__furnished_.xlsx,27,N
janata_bank_plc,1,DERIVED METRICS (formulas),NPL / Total Assets %,npl_to_assets_pct,%,1984,,,,fraction,missing,0,Dying_Cyrus_-_SOCB_V7__furnished_.xlsx,27,O
janata_bank_plc,1,DERIVED METRICS (formulas),NPL / Total Assets %,npl_to_assets_pct,%,1985,,,,fraction,missing,0,Dying_Cyrus_-_SOCB_V7__furnished_.xlsx,27,P
janata_bank_plc,1,DERIVED METRICS (formulas),NPL / Total Assets %,npl_to_assets_pct,%,1986,,,,fraction,missing,0,Dying_Cyrus_-_SOCB_V7__furnished_.xlsx,27,Q
janata_bank_plc,1,DERIVED METRICS (formulas),NPL / Total Assets %,npl_to_assets_pct,%,1987,,,,fraction,missing,0,Dying_Cyrus_-_SOCB_V7__furnished_.xlsx,27,R
janata_bank_plc,1,DERIVED METRICS (formulas),NPL / Total Assets %,npl_to_assets_pct,%,1988,,,,fraction,missing,0,Dying_Cyrus_-_SOCB_V7__furnished_.xlsx,27,S
janata_bank_plc,1,DERIVED METRICS (formulas),NPL / Total Assets %,npl_to_assets_pct,%,1989,,,,fraction,missing,0,Dying_Cyrus_-_SOCB_V7__furnished_.xlsx,27,T
janata_bank_plc,1,DERIVED METRICS (formulas),NPL / Total Assets %,npl_to_assets_pct,%,1990,,,,fraction,missing,0,Dying_Cyrus_-_SOCB_V7__furnished_.xlsx,27,U
janata_bank_plc,1,DERIVED METRICS (formulas),NPL / Total Assets %,npl_to_assets_pct,%,1991,,,,fraction,missing,0,Dying_Cyrus_-_SOCB_V7__furnished_.xlsx,27,V
janata_bank_plc,1,DERIVED METRICS (formulas),NPL / Total Assets %,npl_to_assets_pct,%,1992,,,,fraction,missing,0,Dying_Cyrus_-_SOCB_V7__furnished_.xlsx,27,W
janata_bank_plc,1,DERIVED METRICS (formulas),NPL / Total Assets %,npl_to_assets_pct,%,1993,,,,fraction,missing,0,Dying_Cyrus_-_SOCB_V7__furnished_.xlsx,27,X
janata_bank_plc,1,DERIVED METRICS (formulas),NPL / Total Assets %,npl_to_assets_pct,%,1994,,,,fraction,missing,0,Dying_Cyrus_-_SOCB_V7__furnished_.xlsx,27,Y
janata_bank_plc,1,DERIVED METRICS (formulas),NPL / Total Assets %,npl_to_assets_pct,%,1995,,,,fraction,missing,0,Dying_Cyrus_-_SOCB_V7__furnished_.xlsx,27,Z
janata_bank_plc,1,DERIVED METRICS (formulas),NPL / Total Assets %,npl_to_assets_pct,%,1996,,,,fraction,missing,0,Dying_Cyrus_-_SOCB_V7__furnished_.xlsx,27,AA
janata_bank_plc,1,DERIVED METRICS (formulas),NPL / Total Assets %,npl_to_assets_pct,%,1997,,,,fraction,missing,0,Dying_Cyrus_-_SOCB_V7__furnished_.xlsx,27,AB
janata_bank_plc,1,DERIVED METRICS (formulas),NPL / Total Assets %,npl_to_assets_pct,%,1998,,,,fraction,missing,0,Dying_Cyrus_-_SOCB_V7__furnished_.xlsx,27,AC
janata_bank_plc,1,DERIVED METRICS (formulas),NPL / Total Assets %,npl_to_assets_pct,%,1999,,,,fraction,missing,0,Dying_Cyrus_-_SOCB_V7__furnished_.xlsx,27,AD
janata_bank_plc,1,DERIVED METRICS (formulas),NPL / Total Assets %,npl_to_assets_pct,%,2000,,,,fraction,missing,0,Dying_Cyrus_-_SOCB_V7__furnished_.xlsx,27,AE
janata_bank_plc,1,DERIVED METRICS (formulas),NPL / Total Assets %,npl_to_assets_pct,%,2001,,,,fraction,missing,0,Dying_Cyrus_-_SOCB_V7__furnished_.xlsx,27,AF
janata_bank_plc,1,DERIVED METRICS (formulas),NPL / Total Assets %,npl_to_assets_pct,%,2002,,,,fraction,missing,0,Dying_Cyrus_-_SOCB_V7__furnished_.xlsx,27,AG
janata_bank_plc,1,DERIVED METRICS (formulas),NPL / Total Assets %,npl_to_assets_pct,%,2003,,,,fraction,missing,0,Dying_Cyrus_-_SOCB_V7__furnished_.xlsx,27,AH
janata_bank_plc,1,DERIVED METRICS (formulas),NPL / Total Assets %,npl_to_assets_pct,%,2004,,,,fraction,missing,0,Dying_Cyrus_-_SOCB_V7__furnished_.xlsx,27,AI
janata_bank_plc,1,DERIVED METRICS (formulas),NPL / Total Assets %,npl_to_assets_pct,%,2005,,,,fraction,missing,0,Dying_Cyrus_-_SOCB_V7__furnished_.xlsx,27,AJ
janata_bank_plc,1,DERIVED METRICS (formulas),NPL / Total Assets %,npl_to_assets_pct,%,2006,,,,fraction,missing,0,Dying_Cyrus_-_SOCB_V7__furnished_.xlsx,27,AK
janata_bank_plc,1,DERIVED METRICS (formulas),NPL / Total Assets %,npl_to_assets_pct,%,2007,,,,fraction,missing,0,Dying_Cyrus_-_SOCB_V7__furnished_.xlsx,27,AL
janata_bank_plc,1,DERIVED METRICS (formulas),NPL / Total Assets %,npl_to_assets_pct,%,2008,,,,fraction,missing,0,Dying_Cyrus_-_SOCB_V7__furnished_.xlsx,27,AM
janata_bank_plc,1,DERIVED METRICS (formulas),NPL / Total Assets %,npl_to_assets_pct,%,2009,,,,fraction,missing,0,Dying_Cyrus_-_SOCB_V7__furnished_.xlsx,27,AN
janata_bank_plc,1,DERIVED METRICS (formulas),NPL / Total Assets %,npl_to_assets_pct,%,2010,,,,fraction,missing,0,Dying_Cyrus_-_SOCB_V7__furnished_.xlsx,27,AO
janata_bank_plc,1,DERIVED METRICS (formulas),NPL / Total Assets %,npl_to_assets_pct,%,2011,,,,fraction,missing,0,Dying_Cyrus_-_SOCB_V7__furnished_.xlsx,27,AP
janata_bank_plc,1,DERIVED METRICS (formulas),NPL / Total Assets %,npl_to_assets_pct,%,2012,,,,fraction,missing,0,Dying_Cyrus_-_SOCB_V7__furnished_.xlsx,27,AQ
janata_bank_plc,1,DERIVED METRICS (formulas),NPL / Total Assets %,npl_to_assets_pct,%,2013,,,,fraction,missing,0,Dying_Cyrus_-_SOCB_V7__furnished_.xlsx,27,AR
janata_bank_plc,1,DERIVED METRICS (formulas),NPL / Total Assets %,npl_to_assets_pct,%,2014,,,,fraction,missing,0,Dying_Cyrus_-_SOCB_V7__furnished_.xlsx,27,AS
janata_bank_plc,1,DERIVED METRICS (formulas),NPL / Total Assets %,npl_to_assets_pct,%,2015,,,,fraction,missing,0,Dying_Cyrus_-_SOCB_V7__furnished_.xlsx,27,AT
janata_bank_plc,1,DERIVED METRICS (formulas),NPL / Total Assets %,npl_to_assets_pct,%,2016,,,,fraction,missing,0,Dying_Cyrus_-_SOCB_V7__furnished_.xlsx,27,AU
janata_bank_plc,1,DERIVED METRICS (formulas),NPL / Total Assets %,npl_to_assets_pct,%,2017,,,,fraction,missing,0,Dying_Cyrus_-_SOCB_V7__furnished_.xlsx,27,AV
janata_bank_plc,1,DERIVED METRICS (formulas),NPL / Total Assets %,npl_to_assets_pct,%,2018,,,,fraction,missing,0,Dying_Cyrus_-_SOCB_V7__furnished_.xlsx,27,AW
janata_bank_plc,1,DERIVED METRICS (formulas),NPL / Total Assets %,npl_to_assets_pct,%,2019,,,,fraction,missing,0,Dying_Cyrus_-_SOCB_V7__furnished_.xlsx,27,AX
janata_bank_plc,1,DERIVED METRICS (formulas),NPL / Total Assets %,npl_to_assets_pct,%,2020,0.1316598467,0.1316598467,13.16598467,fraction,native_numeric,0,Dying_Cyrus_-_SOCB_V7__furnished_.xlsx,27,AY
janata_bank_plc,1,DERIVED METRICS (formulas),NPL / Total Assets %,npl_to_assets_pct,%,2021,0.09859620126,0.09859620126,9.859620126,fraction,native_numeric,0,Dying_Cyrus_-_SOCB_V7__furnished_.xlsx,27,AZ
janata_bank_plc,1,DERIVED METRICS (formulas),NPL / Total Assets %,npl_to_assets_pct,%,2022,0.119193195,0.119193195,11.9193195,fraction,native_numeric,0,Dying_Cyrus_-_SOCB_V7__furnished_.xlsx,27,BA
janata_bank_plc,1,DERIVED METRICS (formulas),NPL / Total Assets %,npl_to_assets_pct,%,2023,0.1803015717,0.1803015717,18.03015717,fraction,native_numeric,0,Dying_Cyrus_-_SOCB_V7__furnished_.xlsx,27,BB
janata_bank_plc,1,DERIVED METRICS (formulas),NPL / Total Assets %,npl_to_assets_pct,%,2024,0.462601192,0.462601192,46.2601192,fraction,native_numeric,0,Dying_Cyrus_-_SOCB_V7__furnished_.xlsx,27,BC
janata_bank_plc,1,DERIVED METRICS (formulas),NPL / Total Assets %,npl_to_assets_pct,%,2025,,,,fraction,missing,0,Dying_Cyrus_-_SOCB_V7__furnished_.xlsx,27,BD
janata_bank_plc,1,DERIVED METRICS (formulas),NPL / Total Assets %,npl_to_assets_pct,%,2026,,,,fraction,missing,0,Dying_Cyrus_-_SOCB_V7__furnished_.xlsx,27,BE
janata_bank_plc,1,DERIVED METRICS (formulas),YoY NPAT growth %,yoy_npat_growth_pct,%,1972,,,,percent_points,missing,0,Dying_Cyrus_-_SOCB_V7__furnished_.xlsx,28,C
janata_bank_plc,1,DERIVED METRICS (formulas),YoY NPAT growth %,yoy_npat_growth_pct,%,1973,1.083175803,1.083175803,1.083175803,percent_points,native_numeric,0,Dying_Cyrus_-_SOCB_V7__furnished_.xlsx,28,D
janata_bank_plc,1,DERIVED METRICS (formulas),YoY NPAT growth %,yoy_npat_growth_pct,%,1974,-0.06987295826,-0.06987295826,-0.06987295826,percent_points,native_numeric,0,Dying_Cyrus_-_SOCB_V7__furnished_.xlsx,28,E
janata_bank_plc,1,DERIVED METRICS (formulas),YoY NPAT growth %,yoy_npat_growth_pct,%,1975,0.7073170732,0.7073170732,0.7073170732,percent_points,native_numeric,0,Dying_Cyrus_-_SOCB_V7__furnished_.xlsx,28,F
janata_bank_plc,1,DERIVED METRICS (formulas),YoY NPAT growth %,yoy_npat_growth_pct,%,1976,-0.9828571429,-0.9828571429,-0.9828571429,percent_points,native_numeric,0,Dying_Cyrus_-_SOCB_V7__furnished_.xlsx,28,G
janata_bank_plc,1,DERIVED METRICS (formulas),YoY NPAT growth %,yoy_npat_growth_pct,%,1977,54,54.0,54.0,percent_points,native_numeric,0,Dying_Cyrus_-_SOCB_V7__furnished_.xlsx,28,H
janata_bank_plc,1,DERIVED METRICS (formulas),YoY NPAT growth %,yoy_npat_growth_pct,%,1978,-0.09848484848,-0.09848484848,-0.09848484848,percent_points,native_numeric,0,Dying_Cyrus_-_SOCB_V7__furnished_.xlsx,28,I
janata_bank_plc,1,DERIVED METRICS (formulas),YoY NPAT growth %,yoy_npat_growth_pct,%,1979,0.2302521008,0.2302521008,0.2302521008,percent_points,native_numeric,0,Dying_Cyrus_-_SOCB_V7__furnished_.xlsx,28,J
janata_bank_plc,1,DERIVED METRICS (formulas),YoY NPAT growth %,yoy_npat_growth_pct,%,1980,0.02896174863,0.02896174863,0.02896174863,percent_points,native_numeric,0,Dying_Cyrus_-_SOCB_V7__furnished_.xlsx,28,K
janata_bank_plc,1,DERIVED METRICS (formulas),YoY NPAT growth %,yoy_npat_growth_pct,%,1981,-0.9739776952,-0.9739776952,-0.9739776952,percent_points,native_numeric,0,Dying_Cyrus_-_SOCB_V7__furnished_.xlsx,28,L
janata_bank_plc,1,DERIVED METRICS (formulas),YoY NPAT growth %,yoy_npat_growth_pct,%,1982,63.13265306,63.13265306,63.13265306,percent_points,native_numeric,0,Dying_Cyrus_-_SOCB_V7__furnished_.xlsx,28,M
janata_bank_plc,1,DERIVED METRICS (formulas),YoY NPAT growth %,yoy_npat_growth_pct,%,1983,0.1249005569,0.1249005569,0.1249005569,percent_points,native_numeric,0,Dying_Cyrus_-_SOCB_V7__furnished_.xlsx,28,N
janata_bank_plc,1,DERIVED METRICS (formulas),YoY NPAT growth %,yoy_npat_growth_pct,%,1984,0.1551626591,0.1551626591,0.1551626591,percent_points,native_numeric,0,Dying_Cyrus_-_SOCB_V7__furnished_.xlsx,28,O
janata_bank_plc,1,DERIVED METRICS (formulas),YoY NPAT growth %,yoy_npat_growth_pct,%,1985,-0.3533733317,-0.3533733317,-0.3533733317,percent_points,native_numeric,0,Dying_Cyrus_-_SOCB_V7__furnished_.xlsx,28,P
janata_bank_plc,1,DERIVED METRICS (formulas),YoY NPAT growth %,yoy_npat_growth_pct,%,1986,0.771255444,0.771255444,0.771255444,percent_points,native_numeric,0,Dying_Cyrus_-_SOCB_V7__furnished_.xlsx,28,Q
janata_bank_plc,1,DERIVED METRICS (formulas),YoY NPAT growth %,yoy_npat_growth_pct,%,1987,-0.05698097071,-0.05698097071,-0.05698097071,percent_points,native_numeric,0,Dying_Cyrus_-_SOCB_V7__furnished_.xlsx,28,R
janata_bank_plc,1,DERIVED METRICS (formulas),YoY NPAT growth %,yoy_npat_growth_pct,%,1988,-0.3796621698,-0.3796621698,-0.3796621698,percent_points,native_numeric,0,Dying_Cyrus_-_SOCB_V7__furnished_.xlsx,28,S
janata_bank_plc,1,DERIVED METRICS (formulas),YoY NPAT growth %,yoy_npat_growth_pct,%,1989,0.07894736842,0.07894736842,0.07894736842,percent_points,native_numeric,0,Dying_Cyrus_-_SOCB_V7__furnished_.xlsx,28,T
janata_bank_plc,1,DERIVED METRICS (formulas),YoY NPAT growth %,yoy_npat_growth_pct,%,1990,-0.1725948509,-0.1725948509,-0.1725948509,percent_points,native_numeric,0,Dying_Cyrus_-_SOCB_V7__furnished_.xlsx,28,U
janata_bank_plc,1,DERIVED METRICS (formulas),YoY NPAT growth %,yoy_npat_growth_pct,%,1991,-0.9692937564,-0.9692937564,-0.9692937564,percent_points,native_numeric,0,Dying_Cyrus_-_SOCB_V7__furnished_.xlsx,28,V
janata_bank_plc,1,DERIVED METRICS (formulas),YoY NPAT growth %,yoy_npat_growth_pct,%,1992,0.1133333333,0.1133333333,0.1133333333,percent_points,native_numeric,0,Dying_Cyrus_-_SOCB_V7__furnished_.xlsx,28,W
janata_bank_plc,1,DERIVED METRICS (formulas),YoY NPAT growth %,yoy_npat_growth_pct,%,1993,3.089820359,3.089820359,3.089820359,percent_points,native_numeric,0,Dying_Cyrus_-_SOCB_V7__furnished_.xlsx,28,X
janata_bank_plc,1,DERIVED METRICS (formulas),YoY NPAT growth %,yoy_npat_growth_pct,%,1994,-0.6207906296,-0.6207906296,-0.6207906296,percent_points,native_numeric,0,Dying_Cyrus_-_SOCB_V7__furnished_.xlsx,28,Y
janata_bank_plc,1,DERIVED METRICS (formulas),YoY NPAT growth %,yoy_npat_growth_pct,%,1995,3.857142857,3.857142857,3.857142857,percent_points,native_numeric,0,Dying_Cyrus_-_SOCB_V7__furnished_.xlsx,28,Z
janata_bank_plc,1,DERIVED METRICS (formulas),YoY NPAT growth %,yoy_npat_growth_pct,%,1996,-0.7551669316,-0.7551669316,-0.7551669316,percent_points,native_numeric,0,Dying_Cyrus_-_SOCB_V7__furnished_.xlsx,28,AA
janata_bank_plc,1,DERIVED METRICS (formulas),YoY NPAT growth %,yoy_npat_growth_pct,%,1997,2.383116883,2.383116883,2.383116883,percent_points,native_numeric,0,Dying_Cyrus_-_SOCB_V7__furnished_.xlsx,28,AB
janata_bank_plc,1,DERIVED METRICS (formulas),YoY NPAT growth %,yoy_npat_growth_pct,%,1998,0.9395393474,0.9395393474,0.9395393474,percent_points,native_numeric,0,Dying_Cyrus_-_SOCB_V7__furnished_.xlsx,28,AC
janata_bank_plc,1,DERIVED METRICS (formulas),YoY NPAT growth %,yoy_npat_growth_pct,%,1999,-0.4908461158,-0.4908461158,-0.4908461158,percent_points,native_numeric,0,Dying_Cyrus_-_SOCB_V7__furnished_.xlsx,28,AD
janata_bank_plc,1,DERIVED METRICS (formulas),YoY NPAT growth %,yoy_npat_growth_pct,%,2000,0.09037900875,0.09037900875,0.09037900875,percent_points,native_numeric,0,Dying_Cyrus_-_SOCB_V7__furnished_.xlsx,28,AE
janata_bank_plc,1,DERIVED METRICS (formulas),YoY NPAT growth %,yoy_npat_growth_pct,%,2001,0.001782531194,0.001782531194,0.001782531194,percent_points,native_numeric,0,Dying_Cyrus_-_SOCB_V7__furnished_.xlsx,28,AF
janata_bank_plc,1,DERIVED METRICS (formulas),YoY NPAT growth %,yoy_npat_growth_pct,%,2002,0.3167259786,0.3167259786,0.3167259786,percent_points,native_numeric,0,Dying_Cyrus_-_SOCB_V7__furnished_.xlsx,28,AG
janata_bank_plc,1,DERIVED METRICS (formulas),YoY NPAT growth %,yoy_npat_growth_pct,%,2003,0.4094594595,0.4094594595,0.4094594595,percent_points,native_numeric,0,Dying_Cyrus_-_SOCB_V7__furnished_.xlsx,28,AH
janata_bank_plc,1,DERIVED METRICS (formulas),YoY NPAT growth %,yoy_npat_growth_pct,%,2004,-1,-1.0,-1.0,percent_points,native_numeric,0,Dying_Cyrus_-_SOCB_V7__furnished_.xlsx,28,AI
janata_bank_plc,1,DERIVED METRICS (formulas),YoY NPAT growth %,yoy_npat_growth_pct,%,2005,,,,percent_points,missing,0,Dying_Cyrus_-_SOCB_V7__furnished_.xlsx,28,AJ
janata_bank_plc,1,DERIVED METRICS (formulas),YoY NPAT growth %,yoy_npat_growth_pct,%,2006,,,,percent_points,missing,0,Dying_Cyrus_-_SOCB_V7__furnished_.xlsx,28,AK
janata_bank_plc,1,DERIVED METRICS (formulas),YoY NPAT growth %,yoy_npat_growth_pct,%,2007,1.001552941,1.001552941,1.001552941,percent_points,native_numeric,0,Dying_Cyrus_-_SOCB_V7__furnished_.xlsx,28,AL
janata_bank_plc,1,DERIVED METRICS (formulas),YoY NPAT growth %,yoy_npat_growth_pct,%,2008,202.1899225,202.1899225,202.1899225,percent_points,native_numeric,0,Dying_Cyrus_-_SOCB_V7__furnished_.xlsx,28,AM
janata_bank_plc,1,DERIVED METRICS (formulas),YoY NPAT growth %,yoy_npat_growth_pct,%,2009,-0.05198417997,-0.05198417997,-0.05198417997,percent_points,native_numeric,0,Dying_Cyrus_-_SOCB_V7__furnished_.xlsx,28,AN
janata_bank_plc,1,DERIVED METRICS (formulas),YoY NPAT growth %,yoy_npat_growth_pct,%,2010,0.6459369456,0.6459369456,0.6459369456,percent_points,native_numeric,0,Dying_Cyrus_-_SOCB_V7__furnished_.xlsx,28,AO
janata_bank_plc,1,DERIVED METRICS (formulas),YoY NPAT growth %,yoy_npat_growth_pct,%,2011,-0.09434857996,-0.09434857996,-0.09434857996,percent_points,native_numeric,0,Dying_Cyrus_-_SOCB_V7__furnished_.xlsx,28,AP
janata_bank_plc,1,DERIVED METRICS (formulas),YoY NPAT growth %,yoy_npat_growth_pct,%,2012,-4.662692833,-4.662692833,-4.662692833,percent_points,native_numeric,0,Dying_Cyrus_-_SOCB_V7__furnished_.xlsx,28,AQ
janata_bank_plc,1,DERIVED METRICS (formulas),YoY NPAT growth %,yoy_npat_growth_pct,%,2013,1.586682465,1.586682465,1.586682465,percent_points,native_numeric,0,Dying_Cyrus_-_SOCB_V7__furnished_.xlsx,28,AR
janata_bank_plc,1,DERIVED METRICS (formulas),YoY NPAT growth %,yoy_npat_growth_pct,%,2014,-0.6007753845,-0.6007753845,-0.6007753845,percent_points,native_numeric,0,Dying_Cyrus_-_SOCB_V7__furnished_.xlsx,28,AS
janata_bank_plc,1,DERIVED METRICS (formulas),YoY NPAT growth %,yoy_npat_growth_pct,%,2015,0.260868311,0.260868311,0.260868311,percent_points,native_numeric,0,Dying_Cyrus_-_SOCB_V7__furnished_.xlsx,28,AT
janata_bank_plc,1,DERIVED METRICS (formulas),YoY NPAT growth %,yoy_npat_growth_pct,%,2016,-0.4580813165,-0.4580813165,-0.4580813165,percent_points,native_numeric,0,Dying_Cyrus_-_SOCB_V7__furnished_.xlsx,28,AU
janata_bank_plc,1,DERIVED METRICS (formulas),YoY NPAT growth %,yoy_npat_growth_pct,%,2017,0.03109599767,0.03109599767,0.03109599767,percent_points,native_numeric,0,Dying_Cyrus_-_SOCB_V7__furnished_.xlsx,28,AV
janata_bank_plc,1,DERIVED METRICS (formulas),YoY NPAT growth %,yoy_npat_growth_pct,%,2018,-0.9073255165,-0.9073255165,-0.9073255165,percent_points,native_numeric,0,Dying_Cyrus_-_SOCB_V7__furnished_.xlsx,28,AW
janata_bank_plc,1,DERIVED METRICS (formulas),YoY NPAT growth %,yoy_npat_growth_pct,%,2019,-0.01016186689,-0.01016186689,-0.01016186689,percent_points,native_numeric,0,Dying_Cyrus_-_SOCB_V7__furnished_.xlsx,28,AX
janata_bank_plc,1,DERIVED METRICS (formulas),YoY NPAT growth %,yoy_npat_growth_pct,%,2020,-0.4190066548,-0.4190066548,-0.4190066548,percent_points,native_numeric,0,Dying_Cyrus_-_SOCB_V7__furnished_.xlsx,28,AY
janata_bank_plc,1,DERIVED METRICS (formulas),YoY NPAT growth %,yoy_npat_growth_pct,%,2021,19.97492667,19.97492667,19.97492667,percent_points,native_numeric,0,Dying_Cyrus_-_SOCB_V7__furnished_.xlsx,28,AZ
janata_bank_plc,1,DERIVED METRICS (formulas),YoY NPAT growth %,yoy_npat_growth_pct,%,2022,-0.6225913112,-0.6225913112,-0.6225913112,percent_points,native_numeric,0,Dying_Cyrus_-_SOCB_V7__furnished_.xlsx,28,BA
janata_bank_plc,1,DERIVED METRICS (formulas),YoY NPAT growth %,yoy_npat_growth_pct,%,2023,-0.5120122107,-0.5120122107,-0.5120122107,percent_points,native_numeric,0,Dying_Cyrus_-_SOCB_V7__furnished_.xlsx,28,BB
janata_bank_plc,1,DERIVED METRICS (formulas),YoY NPAT growth %,yoy_npat_growth_pct,%,2024,-56.51641656,-56.51641656,-56.51641656,percent_points,native_numeric,0,Dying_Cyrus_-_SOCB_V7__furnished_.xlsx,28,BC
janata_bank_plc,1,DERIVED METRICS (formulas),YoY NPAT growth %,yoy_npat_growth_pct,%,2025,1,1.0,1.0,percent_points,native_numeric,0,Dying_Cyrus_-_SOCB_V7__furnished_.xlsx,28,BD
janata_bank_plc,1,DERIVED METRICS (formulas),YoY NPAT growth %,yoy_npat_growth_pct,%,2026,,,,percent_points,missing,0,Dying_Cyrus_-_SOCB_V7__furnished_.xlsx,28,BE
janata_bank_plc,1,DERIVED METRICS (formulas),YoY Total Assets growth %,yoy_total_assets_growth_pct,%,1972,,,,fraction,missing,0,Dying_Cyrus_-_SOCB_V7__furnished_.xlsx,29,C
janata_bank_plc,1,DERIVED METRICS (formulas),YoY Total Assets growth %,yoy_total_assets_growth_pct,%,1973,0.3317192588,0.3317192588,33.17192588,fraction,native_numeric,0,Dying_Cyrus_-_SOCB_V7__furnished_.xlsx,29,D
janata_bank_plc,1,DERIVED METRICS (formulas),YoY Total Assets growth %,yoy_total_assets_growth_pct,%,1974,0.1373842552,0.1373842552,13.73842552,fraction,native_numeric,0,Dying_Cyrus_-_SOCB_V7__furnished_.xlsx,29,E
janata_bank_plc,1,DERIVED METRICS (formulas),YoY Total Assets growth %,yoy_total_assets_growth_pct,%,1975,0.4035436791,0.4035436791,40.35436791,fraction,native_numeric,0,Dying_Cyrus_-_SOCB_V7__furnished_.xlsx,29,F
janata_bank_plc,1,DERIVED METRICS (formulas),YoY Total Assets growth %,yoy_total_assets_growth_pct,%,1976,0.3338132687,0.3338132687,33.38132687,fraction,native_numeric,0,Dying_Cyrus_-_SOCB_V7__furnished_.xlsx,29,G
janata_bank_plc,1,DERIVED METRICS (formulas),YoY Total Assets growth %,yoy_total_assets_growth_pct,%,1977,0.1868402521,0.1868402521,18.684025209999998,fraction,native_numeric,0,Dying_Cyrus_-_SOCB_V7__furnished_.xlsx,29,H
janata_bank_plc,1,DERIVED METRICS (formulas),YoY Total Assets growth %,yoy_total_assets_growth_pct,%,1978,0.1254660212,0.1254660212,12.54660212,fraction,native_numeric,0,Dying_Cyrus_-_SOCB_V7__furnished_.xlsx,29,I
janata_bank_plc,1,DERIVED METRICS (formulas),YoY Total Assets growth %,yoy_total_assets_growth_pct,%,1979,0.2843535492,0.2843535492,28.43535492,fraction,native_numeric,0,Dying_Cyrus_-_SOCB_V7__furnished_.xlsx,29,J
janata_bank_plc,1,DERIVED METRICS (formulas),YoY Total Assets growth %,yoy_total_assets_growth_pct,%,1980,0.1462598337,0.1462598337,14.62598337,fraction,native_numeric,0,Dying_Cyrus_-_SOCB_V7__furnished_.xlsx,29,K
janata_bank_plc,1,DERIVED METRICS (formulas),YoY Total Assets growth %,yoy_total_assets_growth_pct,%,1981,0.02536851958,0.02536851958,2.5368519579999997,fraction,native_numeric,0,Dying_Cyrus_-_SOCB_V7__furnished_.xlsx,29,L
janata_bank_plc,1,DERIVED METRICS (formulas),YoY Total Assets growth %,yoy_total_assets_growth_pct,%,1982,0.1623507988,0.1623507988,16.23507988,fraction,native_numeric,0,Dying_Cyrus_-_SOCB_V7__furnished_.xlsx,29,M
janata_bank_plc,1,DERIVED METRICS (formulas),YoY Total Assets growth %,yoy_total_assets_growth_pct,%,1983,0.2400984179,0.2400984179,24.00984179,fraction,native_numeric,0,Dying_Cyrus_-_SOCB_V7__furnished_.xlsx,29,N
janata_bank_plc,1,DERIVED METRICS (formulas),YoY Total Assets growth %,yoy_total_assets_growth_pct,%,1984,0.3480119208,0.3480119208,34.80119208,fraction,native_numeric,0,Dying_Cyrus_-_SOCB_V7__furnished_.xlsx,29,O
janata_bank_plc,1,DERIVED METRICS (formulas),YoY Total Assets growth %,yoy_total_assets_growth_pct,%,1985,0.08120256677,0.08120256677,8.120256677,fraction,native_numeric,0,Dying_Cyrus_-_SOCB_V7__furnished_.xlsx,29,P
janata_bank_plc,1,DERIVED METRICS (formulas),YoY Total Assets growth %,yoy_total_assets_growth_pct,%,1986,-0.000705885651,-0.000705885651,-0.0705885651,fraction,native_numeric,0,Dying_Cyrus_-_SOCB_V7__furnished_.xlsx,29,Q
janata_bank_plc,1,DERIVED METRICS (formulas),YoY Total Assets growth %,yoy_total_assets_growth_pct,%,1987,0.149527076,0.149527076,14.9527076,fraction,native_numeric,0,Dying_Cyrus_-_SOCB_V7__furnished_.xlsx,29,R
janata_bank_plc,1,DERIVED METRICS (formulas),YoY Total Assets growth %,yoy_total_assets_growth_pct,%,1988,0.1634996819,0.1634996819,16.34996819,fraction,native_numeric,0,Dying_Cyrus_-_SOCB_V7__furnished_.xlsx,29,S
janata_bank_plc,1,DERIVED METRICS (formulas),YoY Total Assets growth %,yoy_total_assets_growth_pct,%,1989,0.1436748941,0.1436748941,14.367489410000001,fraction,native_numeric,0,Dying_Cyrus_-_SOCB_V7__furnished_.xlsx,29,T
janata_bank_plc,1,DERIVED METRICS (formulas),YoY Total Assets growth %,yoy_total_assets_growth_pct,%,1990,0.1782413822,0.1782413822,17.82413822,fraction,native_numeric,0,Dying_Cyrus_-_SOCB_V7__furnished_.xlsx,29,U
janata_bank_plc,1,DERIVED METRICS (formulas),YoY Total Assets growth %,yoy_total_assets_growth_pct,%,1991,0.05622833088,0.05622833088,5.622833088,fraction,native_numeric,0,Dying_Cyrus_-_SOCB_V7__furnished_.xlsx,29,V
janata_bank_plc,1,DERIVED METRICS (formulas),YoY Total Assets growth %,yoy_total_assets_growth_pct,%,1992,0.06998537955,0.06998537955,6.998537955000001,fraction,native_numeric,0,Dying_Cyrus_-_SOCB_V7__furnished_.xlsx,29,W
janata_bank_plc,1,DERIVED METRICS (formulas),YoY Total Assets growth %,yoy_total_assets_growth_pct,%,1993,0.08161567297,0.08161567297,8.161567297,fraction,native_numeric,0,Dying_Cyrus_-_SOCB_V7__furnished_.xlsx,29,X
janata_bank_plc,1,DERIVED METRICS (formulas),YoY Total Assets growth %,yoy_total_assets_growth_pct,%,1994,0.114954677,0.114954677,11.4954677,fraction,native_numeric,0,Dying_Cyrus_-_SOCB_V7__furnished_.xlsx,29,Y
janata_bank_plc,1,DERIVED METRICS (formulas),YoY Total Assets growth %,yoy_total_assets_growth_pct,%,1995,0.09166609372,0.09166609372,9.166609372,fraction,native_numeric,0,Dying_Cyrus_-_SOCB_V7__furnished_.xlsx,29,Z
janata_bank_plc,1,DERIVED METRICS (formulas),YoY Total Assets growth %,yoy_total_assets_growth_pct,%,1996,0.04994504928,0.04994504928,4.9945049280000005,fraction,native_numeric,0,Dying_Cyrus_-_SOCB_V7__furnished_.xlsx,29,AA
janata_bank_plc,1,DERIVED METRICS (formulas),YoY Total Assets growth %,yoy_total_assets_growth_pct,%,1997,0.1258930877,0.1258930877,12.589308769999999,fraction,native_numeric,0,Dying_Cyrus_-_SOCB_V7__furnished_.xlsx,29,AB
janata_bank_plc,1,DERIVED METRICS (formulas),YoY Total Assets growth %,yoy_total_assets_growth_pct,%,1998,0.08652438748,0.08652438748,8.652438748,fraction,native_numeric,0,Dying_Cyrus_-_SOCB_V7__furnished_.xlsx,29,AC
janata_bank_plc,1,DERIVED METRICS (formulas),YoY Total Assets growth %,yoy_total_assets_growth_pct,%,1999,0.0253881555,0.0253881555,2.53881555,fraction,native_numeric,0,Dying_Cyrus_-_SOCB_V7__furnished_.xlsx,29,AD
janata_bank_plc,1,DERIVED METRICS (formulas),YoY Total Assets growth %,yoy_total_assets_growth_pct,%,2000,0.02128821533,0.02128821533,2.128821533,fraction,native_numeric,0,Dying_Cyrus_-_SOCB_V7__furnished_.xlsx,29,AE
janata_bank_plc,1,DERIVED METRICS (formulas),YoY Total Assets growth %,yoy_total_assets_growth_pct,%,2001,0.182579725,0.182579725,18.2579725,fraction,native_numeric,0,Dying_Cyrus_-_SOCB_V7__furnished_.xlsx,29,AF
janata_bank_plc,1,DERIVED METRICS (formulas),YoY Total Assets growth %,yoy_total_assets_growth_pct,%,2002,0.1065027652,0.1065027652,10.65027652,fraction,native_numeric,0,Dying_Cyrus_-_SOCB_V7__furnished_.xlsx,29,AG
janata_bank_plc,1,DERIVED METRICS (formulas),YoY Total Assets growth %,yoy_total_assets_growth_pct,%,2003,-0.07069471123,-0.07069471123,-7.069471123,fraction,native_numeric,0,Dying_Cyrus_-_SOCB_V7__furnished_.xlsx,29,AH
janata_bank_plc,1,DERIVED METRICS (formulas),YoY Total Assets growth %,yoy_total_assets_growth_pct,%,2004,0.08116317276,0.08116317276,8.116317276,fraction,native_numeric,0,Dying_Cyrus_-_SOCB_V7__furnished_.xlsx,29,AI
janata_bank_plc,1,DERIVED METRICS (formulas),YoY Total Assets growth %,yoy_total_assets_growth_pct,%,2005,0.1132083788,0.1132083788,11.32083788,fraction,native_numeric,0,Dying_Cyrus_-_SOCB_V7__furnished_.xlsx,29,AJ
janata_bank_plc,1,DERIVED METRICS (formulas),YoY Total Assets growth %,yoy_total_assets_growth_pct,%,2006,0.1301920993,0.1301920993,13.01920993,fraction,native_numeric,0,Dying_Cyrus_-_SOCB_V7__furnished_.xlsx,29,AK
janata_bank_plc,1,DERIVED METRICS (formulas),YoY Total Assets growth %,yoy_total_assets_growth_pct,%,2007,0.1430626717,0.1430626717,14.30626717,fraction,native_numeric,0,Dying_Cyrus_-_SOCB_V7__furnished_.xlsx,29,AL
janata_bank_plc,1,DERIVED METRICS (formulas),YoY Total Assets growth %,yoy_total_assets_growth_pct,%,2008,0.09901385588,0.09901385588,9.901385588,fraction,native_numeric,0,Dying_Cyrus_-_SOCB_V7__furnished_.xlsx,29,AM
janata_bank_plc,1,DERIVED METRICS (formulas),YoY Total Assets growth %,yoy_total_assets_growth_pct,%,2009,0.09921301046,0.09921301046,9.921301046,fraction,native_numeric,0,Dying_Cyrus_-_SOCB_V7__furnished_.xlsx,29,AN
janata_bank_plc,1,DERIVED METRICS (formulas),YoY Total Assets growth %,yoy_total_assets_growth_pct,%,2010,0.1756135047,0.1756135047,17.56135047,fraction,native_numeric,0,Dying_Cyrus_-_SOCB_V7__furnished_.xlsx,29,AO
janata_bank_plc,1,DERIVED METRICS (formulas),YoY Total Assets growth %,yoy_total_assets_growth_pct,%,2011,0.2756259792,0.2756259792,27.562597919999998,fraction,native_numeric,0,Dying_Cyrus_-_SOCB_V7__furnished_.xlsx,29,AP
janata_bank_plc,1,DERIVED METRICS (formulas),YoY Total Assets growth %,yoy_total_assets_growth_pct,%,2012,0.160630671,0.160630671,16.0630671,fraction,native_numeric,0,Dying_Cyrus_-_SOCB_V7__furnished_.xlsx,29,AQ
janata_bank_plc,1,DERIVED METRICS (formulas),YoY Total Assets growth %,yoy_total_assets_growth_pct,%,2013,0.1466430586,0.1466430586,14.664305859999999,fraction,native_numeric,0,Dying_Cyrus_-_SOCB_V7__furnished_.xlsx,29,AR
janata_bank_plc,1,DERIVED METRICS (formulas),YoY Total Assets growth %,yoy_total_assets_growth_pct,%,2014,0.07400172116,0.07400172116,7.400172116,fraction,native_numeric,0,Dying_Cyrus_-_SOCB_V7__furnished_.xlsx,29,AS
janata_bank_plc,1,DERIVED METRICS (formulas),YoY Total Assets growth %,yoy_total_assets_growth_pct,%,2015,0.08531747841,0.08531747841,8.531747841,fraction,native_numeric,0,Dying_Cyrus_-_SOCB_V7__furnished_.xlsx,29,AT
janata_bank_plc,1,DERIVED METRICS (formulas),YoY Total Assets growth %,yoy_total_assets_growth_pct,%,2016,0.1397134904,0.1397134904,13.97134904,fraction,native_numeric,0,Dying_Cyrus_-_SOCB_V7__furnished_.xlsx,29,AU
janata_bank_plc,1,DERIVED METRICS (formulas),YoY Total Assets growth %,yoy_total_assets_growth_pct,%,2017,0.03517128497,0.03517128497,3.5171284970000003,fraction,native_numeric,0,Dying_Cyrus_-_SOCB_V7__furnished_.xlsx,29,AV
janata_bank_plc,1,DERIVED METRICS (formulas),YoY Total Assets growth %,yoy_total_assets_growth_pct,%,2018,0.07451480599,0.07451480599,7.451480599,fraction,native_numeric,0,Dying_Cyrus_-_SOCB_V7__furnished_.xlsx,29,AW
janata_bank_plc,1,DERIVED METRICS (formulas),YoY Total Assets growth %,yoy_total_assets_growth_pct,%,2019,0.03387878212,0.03387878212,3.387878212,fraction,native_numeric,0,Dying_Cyrus_-_SOCB_V7__furnished_.xlsx,29,AX
janata_bank_plc,1,DERIVED METRICS (formulas),YoY Total Assets growth %,yoy_total_assets_growth_pct,%,2020,0.1652068734,0.1652068734,16.520687340000002,fraction,native_numeric,0,Dying_Cyrus_-_SOCB_V7__furnished_.xlsx,29,AY
janata_bank_plc,1,DERIVED METRICS (formulas),YoY Total Assets growth %,yoy_total_assets_growth_pct,%,2021,0.1976678233,0.1976678233,19.766782329999998,fraction,native_numeric,0,Dying_Cyrus_-_SOCB_V7__furnished_.xlsx,29,AZ
janata_bank_plc,1,DERIVED METRICS (formulas),YoY Total Assets growth %,yoy_total_assets_growth_pct,%,2022,0.02040113586,0.02040113586,2.040113586,fraction,native_numeric,0,Dying_Cyrus_-_SOCB_V7__furnished_.xlsx,29,BA
janata_bank_plc,1,DERIVED METRICS (formulas),YoY Total Assets growth %,yoy_total_assets_growth_pct,%,2023,0.08786162722,0.08786162722,8.786162722,fraction,native_numeric,0,Dying_Cyrus_-_SOCB_V7__furnished_.xlsx,29,BB
janata_bank_plc,1,DERIVED METRICS (formulas),YoY Total Assets growth %,yoy_total_assets_growth_pct,%,2024,0.06078600078,0.06078600078,6.078600078,fraction,native_numeric,0,Dying_Cyrus_-_SOCB_V7__furnished_.xlsx,29,BC
janata_bank_plc,1,DERIVED METRICS (formulas),YoY Total Assets growth %,yoy_total_assets_growth_pct,%,2025,-1,-1.0,-100.0,fraction,native_numeric,0,Dying_Cyrus_-_SOCB_V7__furnished_.xlsx,29,BD
janata_bank_plc,1,DERIVED METRICS (formulas),YoY Total Assets growth %,yoy_total_assets_growth_pct,%,2026,,,,fraction,missing,0,Dying_Cyrus_-_SOCB_V7__furnished_.xlsx,29,BE
rupali_bank_plc,1,BALANCE SHEET,Total Assets,total_assets,Tk mn,1972,,,,,missing,0,Dying_Cyrus_-_SOCB_V7__furnished_.xlsx,6,C
rupali_bank_plc,1,BALANCE SHEET,Total Assets,total_assets,Tk mn,1973,,,,,missing,0,Dying_Cyrus_-_SOCB_V7__furnished_.xlsx,6,D
rupali_bank_plc,1,BALANCE SHEET,Total Assets,total_assets,Tk mn,1974,,,,,missing,0,Dying_Cyrus_-_SOCB_V7__furnished_.xlsx,6,E
rupali_bank_plc,1,BALANCE SHEET,Total Assets,total_assets,Tk mn,1975,,,,,missing,0,Dying_Cyrus_-_SOCB_V7__furnished_.xlsx,6,F
rupali_bank_plc,1,BALANCE SHEET,Total Assets,total_assets,Tk mn,1976,,,,,missing,0,Dying_Cyrus_-_SOCB_V7__furnished_.xlsx,6,G
rupali_bank_plc,1,BALANCE SHEET,Total Assets,total_assets,Tk mn,1977,,,,,missing,0,Dying_Cyrus_-_SOCB_V7__furnished_.xlsx,6,H
rupali_bank_plc,1,BALANCE SHEET,Total Assets,total_assets,Tk mn,1978,,,,,missing,0,Dying_Cyrus_-_SOCB_V7__furnished_.xlsx,6,I
rupali_bank_plc,1,BALANCE SHEET,Total Assets,total_assets,Tk mn,1979,,,,,missing,0,Dying_Cyrus_-_SOCB_V7__furnished_.xlsx,6,J
rupali_bank_plc,1,BALANCE SHEET,Total Assets,total_assets,Tk mn,1980,,,,,missing,0,Dying_Cyrus_-_SOCB_V7__furnished_.xlsx,6,K
rupali_bank_plc,1,BALANCE SHEET,Total Assets,total_assets,Tk mn,1981,,,,,missing,0,Dying_Cyrus_-_SOCB_V7__furnished_.xlsx,6,L
rupali_bank_plc,1,BALANCE SHEET,Total Assets,total_assets,Tk mn,1982,,,,,missing,0,Dying_Cyrus_-_SOCB_V7__furnished_.xlsx,6,M
rupali_bank_plc,1,BALANCE SHEET,Total Assets,total_assets,Tk mn,1983,,,,,missing,0,Dying_Cyrus_-_SOCB_V7__furnished_.xlsx,6,N
rupali_bank_plc,1,BALANCE SHEET,Total Assets,total_assets,Tk mn,1984,,,,,missing,0,Dying_Cyrus_-_SOCB_V7__furnished_.xlsx,6,O
rupali_bank_plc,1,BALANCE SHEET,Total Assets,total_assets,Tk mn,1985,,,,,missing,0,Dying_Cyrus_-_SOCB_V7__furnished_.xlsx,6,P
rupali_bank_plc,1,BALANCE SHEET,Total Assets,total_assets,Tk mn,1986,,,,,missing,0,Dying_Cyrus_-_SOCB_V7__furnished_.xlsx,6,Q
rupali_bank_plc,1,BALANCE SHEET,Total Assets,total_assets,Tk mn,1987,,,,,missing,0,Dying_Cyrus_-_SOCB_V7__furnished_.xlsx,6,R
rupali_bank_plc,1,BALANCE SHEET,Total Assets,total_assets,Tk mn,1988,,,,,missing,0,Dying_Cyrus_-_SOCB_V7__furnished_.xlsx,6,S
rupali_bank_plc,1,BALANCE SHEET,Total Assets,total_assets,Tk mn,1989,,,,,missing,0,Dying_Cyrus_-_SOCB_V7__furnished_.xlsx,6,T
rupali_bank_plc,1,BALANCE SHEET,Total Assets,total_assets,Tk mn,1990,,,,,missing,0,Dying_Cyrus_-_SOCB_V7__furnished_.xlsx,6,U
rupali_bank_plc,1,BALANCE SHEET,Total Assets,total_assets,Tk mn,1991,,,,,missing,0,Dying_Cyrus_-_SOCB_V7__furnished_.xlsx,6,V
rupali_bank_plc,1,BALANCE SHEET,Total Assets,total_assets,Tk mn,1992,,,,,missing,0,Dying_Cyrus_-_SOCB_V7__furnished_.xlsx,6,W
rupali_bank_plc,1,BALANCE SHEET,Total Assets,total_assets,Tk mn,1993,,,,,missing,0,Dying_Cyrus_-_SOCB_V7__furnished_.xlsx,6,X
rupali_bank_plc,1,BALANCE SHEET,Total Assets,total_assets,Tk mn,1994,,,,,missing,0,Dying_Cyrus_-_SOCB_V7__furnished_.xlsx,6,Y
rupali_bank_plc,1,BALANCE SHEET,Total Assets,total_assets,Tk mn,1995,,,,,missing,0,Dying_Cyrus_-_SOCB_V7__furnished_.xlsx,6,Z
rupali_bank_plc,1,BALANCE SHEET,Total Assets,total_assets,Tk mn,1996,,,,,missing,0,Dying_Cyrus_-_SOCB_V7__furnished_.xlsx,6,AA
rupali_bank_plc,1,BALANCE SHEET,Total Assets,total_assets,Tk mn,1997,,,,,missing,0,Dying_Cyrus_-_SOCB_V7__furnished_.xlsx,6,AB
rupali_bank_plc,1,BALANCE SHEET,Total Assets,total_assets,Tk mn,1998,,,,,missing,0,Dying_Cyrus_-_SOCB_V7__furnished_.xlsx,6,AC
rupali_bank_plc,1,BALANCE SHEET,Total Assets,total_assets,Tk mn,1999,,,,,missing,0,Dying_Cyrus_-_SOCB_V7__furnished_.xlsx,6,AD
rupali_bank_plc,1,BALANCE SHEET,Total Assets,total_assets,Tk mn,2000,,,,,missing,0,Dying_Cyrus_-_SOCB_V7__furnished_.xlsx,6,AE
rupali_bank_plc,1,BALANCE SHEET,Total Assets,total_assets,Tk mn,2001,,,,,missing,0,Dying_Cyrus_-_SOCB_V7__furnished_.xlsx,6,AF
rupali_bank_plc,1,BALANCE SHEET,Total Assets,total_assets,Tk mn,2002,,,,,missing,0,Dying_Cyrus_-_SOCB_V7__furnished_.xlsx,6,AG
rupali_bank_plc,1,BALANCE SHEET,Total Assets,total_assets,Tk mn,2003,,,,,missing,0,Dying_Cyrus_-_SOCB_V7__furnished_.xlsx,6,AH
rupali_bank_plc,1,BALANCE SHEET,Total Assets,total_assets,Tk mn,2004,,,,,missing,0,Dying_Cyrus_-_SOCB_V7__furnished_.xlsx,6,AI
rupali_bank_plc,1,BALANCE SHEET,Total Assets,total_assets,Tk mn,2005,,,,,missing,0,Dying_Cyrus_-_SOCB_V7__furnished_.xlsx,6,AJ
rupali_bank_plc,1,BALANCE SHEET,Total Assets,total_assets,Tk mn,2006,,,,,missing,0,Dying_Cyrus_-_SOCB_V7__furnished_.xlsx,6,AK
rupali_bank_plc,1,BALANCE SHEET,Total Assets,total_assets,Tk mn,2007,,,,,missing,0,Dying_Cyrus_-_SOCB_V7__furnished_.xlsx,6,AL
rupali_bank_plc,1,BALANCE SHEET,Total Assets,total_assets,Tk mn,2008,,,,,missing,0,Dying_Cyrus_-_SOCB_V7__furnished_.xlsx,6,AM
rupali_bank_plc,1,BALANCE SHEET,Total Assets,total_assets,Tk mn,2009,87791.4,87791.4,,,native_numeric,0,Dying_Cyrus_-_SOCB_V7__furnished_.xlsx,6,AN
rupali_bank_plc,1,BALANCE SHEET,Total Assets,total_assets,Tk mn,2010,124434.5,124434.5,,,native_numeric,0,Dying_Cyrus_-_SOCB_V7__furnished_.xlsx,6,AO
rupali_bank_plc,1,BALANCE SHEET,Total Assets,total_assets,Tk mn,2011,143023.3,143023.3,,,native_numeric,0,Dying_Cyrus_-_SOCB_V7__furnished_.xlsx,6,AP
rupali_bank_plc,1,BALANCE SHEET,Total Assets,total_assets,Tk mn,2012,172993.1,172993.1,,,native_numeric,0,Dying_Cyrus_-_SOCB_V7__furnished_.xlsx,6,AQ
rupali_bank_plc,1,BALANCE SHEET,Total Assets,total_assets,Tk mn,2013,216185.8,216185.8,,,native_numeric,0,Dying_Cyrus_-_SOCB_V7__furnished_.xlsx,6,AR
rupali_bank_plc,1,BALANCE SHEET,Total Assets,total_assets,Tk mn,2014,268078.4,268078.4,,,native_numeric,0,Dying_Cyrus_-_SOCB_V7__furnished_.xlsx,6,AS
rupali_bank_plc,1,BALANCE SHEET,Total Assets,total_assets,Tk mn,2015,300549.8,300549.8,,,native_numeric,0,Dying_Cyrus_-_SOCB_V7__furnished_.xlsx,6,AT
rupali_bank_plc,1,BALANCE SHEET,Total Assets,total_assets,Tk mn,2016,334108.5,334108.5,,,native_numeric,0,Dying_Cyrus_-_SOCB_V7__furnished_.xlsx,6,AU
rupali_bank_plc,1,BALANCE SHEET,Total Assets,total_assets,Tk mn,2017,382410.2,382410.2,,,native_numeric,0,Dying_Cyrus_-_SOCB_V7__furnished_.xlsx,6,AV
rupali_bank_plc,1,BALANCE SHEET,Total Assets,total_assets,Tk mn,2018,463289.8,463289.8,,,native_numeric,0,Dying_Cyrus_-_SOCB_V7__furnished_.xlsx,6,AW
rupali_bank_plc,1,BALANCE SHEET,Total Assets,total_assets,Tk mn,2019,497249.3,497249.3,,,native_numeric,0,Dying_Cyrus_-_SOCB_V7__furnished_.xlsx,6,AX
rupali_bank_plc,1,BALANCE SHEET,Total Assets,total_assets,Tk mn,2020,630547.7,630547.7,,,native_numeric,0,Dying_Cyrus_-_SOCB_V7__furnished_.xlsx,6,AY
rupali_bank_plc,1,BALANCE SHEET,Total Assets,total_assets,Tk mn,2021,665248.0,665248.0,,,native_numeric,0,Dying_Cyrus_-_SOCB_V7__furnished_.xlsx,6,AZ
rupali_bank_plc,1,BALANCE SHEET,Total Assets,total_assets,Tk mn,2022,686727.2,686727.2,,,native_numeric,0,Dying_Cyrus_-_SOCB_V7__furnished_.xlsx,6,BA
rupali_bank_plc,1,BALANCE SHEET,Total Assets,total_assets,Tk mn,2023,793302.1,793302.1,,,native_numeric,0,Dying_Cyrus_-_SOCB_V7__furnished_.xlsx,6,BB
rupali_bank_plc,1,BALANCE SHEET,Total Assets,total_assets,Tk mn,2024,806600.47,806600.47,,,native_numeric,0,Dying_Cyrus_-_SOCB_V7__furnished_.xlsx,6,BC
rupali_bank_plc,1,BALANCE SHEET,Total Assets,total_assets,Tk mn,2025,846286.18,846286.18,,,native_numeric,0,Dying_Cyrus_-_SOCB_V7__furnished_.xlsx,6,BD
rupali_bank_plc,1,BALANCE SHEET,Total Assets,total_assets,Tk mn,2026,,,,,missing,0,Dying_Cyrus_-_SOCB_V7__furnished_.xlsx,6,BE
rupali_bank_plc,1,BALANCE SHEET,"Loans & Advances, gross",loans_advances_gross,Tk mn,1972,527.6,527.6,,,native_numeric,0,Dying_Cyrus_-_SOCB_V7__furnished_.xlsx,7,C
rupali_bank_plc,1,BALANCE SHEET,"Loans & Advances, gross",loans_advances_gross,Tk mn,1973,671.7,671.7,,,native_numeric,0,Dying_Cyrus_-_SOCB_V7__furnished_.xlsx,7,D
rupali_bank_plc,1,BALANCE SHEET,"Loans & Advances, gross",loans_advances_gross,Tk mn,1974,727.8,727.8,,,native_numeric,0,Dying_Cyrus_-_SOCB_V7__furnished_.xlsx,7,E
rupali_bank_plc,1,BALANCE SHEET,"Loans & Advances, gross",loans_advances_gross,Tk mn,1975,816.8,816.8,,,native_numeric,0,Dying_Cyrus_-_SOCB_V7__furnished_.xlsx,7,F
rupali_bank_plc,1,BALANCE SHEET,"Loans & Advances, gross",loans_advances_gross,Tk mn,1976,969.7,969.7,,,native_numeric,0,Dying_Cyrus_-_SOCB_V7__furnished_.xlsx,7,G
rupali_bank_plc,1,BALANCE SHEET,"Loans & Advances, gross",loans_advances_gross,Tk mn,1977,1248.6,1248.6,,,native_numeric,0,Dying_Cyrus_-_SOCB_V7__furnished_.xlsx,7,H
rupali_bank_plc,1,BALANCE SHEET,"Loans & Advances, gross",loans_advances_gross,Tk mn,1978,1596.6,1596.6,,,native_numeric,0,Dying_Cyrus_-_SOCB_V7__furnished_.xlsx,7,I
rupali_bank_plc,1,BALANCE SHEET,"Loans & Advances, gross",loans_advances_gross,Tk mn,1979,2213.7,2213.7,,,native_numeric,0,Dying_Cyrus_-_SOCB_V7__furnished_.xlsx,7,J
rupali_bank_plc,1,BALANCE SHEET,"Loans & Advances, gross",loans_advances_gross,Tk mn,1980,2849.5,2849.5,,,native_numeric,0,Dying_Cyrus_-_SOCB_V7__furnished_.xlsx,7,K
rupali_bank_plc,1,BALANCE SHEET,"Loans & Advances, gross",loans_advances_gross,Tk mn,1981,3264.1,3264.1,,,native_numeric,0,Dying_Cyrus_-_SOCB_V7__furnished_.xlsx,7,L
rupali_bank_plc,1,BALANCE SHEET,"Loans & Advances, gross",loans_advances_gross,Tk mn,1982,3382.7,3382.7,,,native_numeric,0,Dying_Cyrus_-_SOCB_V7__furnished_.xlsx,7,M
rupali_bank_plc,1,BALANCE SHEET,"Loans & Advances, gross",loans_advances_gross,Tk mn,1983,4101.6,4101.6,,,native_numeric,0,Dying_Cyrus_-_SOCB_V7__furnished_.xlsx,7,N
rupali_bank_plc,1,BALANCE SHEET,"Loans & Advances, gross",loans_advances_gross,Tk mn,1984,6270.0,6270.0,,,native_numeric,0,Dying_Cyrus_-_SOCB_V7__furnished_.xlsx,7,O
rupali_bank_plc,1,BALANCE SHEET,"Loans & Advances, gross",loans_advances_gross,Tk mn,1985,7029.1,7029.1,,,native_numeric,0,Dying_Cyrus_-_SOCB_V7__furnished_.xlsx,7,P
rupali_bank_plc,1,BALANCE SHEET,"Loans & Advances, gross",loans_advances_gross,Tk mn,1986,7675.0,7675.0,,,native_numeric,0,Dying_Cyrus_-_SOCB_V7__furnished_.xlsx,7,Q
rupali_bank_plc,1,BALANCE SHEET,"Loans & Advances, gross",loans_advances_gross,Tk mn,1987,9214.3,9214.3,,,native_numeric,0,Dying_Cyrus_-_SOCB_V7__furnished_.xlsx,7,R
rupali_bank_plc,1,BALANCE SHEET,"Loans & Advances, gross",loans_advances_gross,Tk mn,1988,10261.0,10261.0,,,native_numeric,0,Dying_Cyrus_-_SOCB_V7__furnished_.xlsx,7,S
rupali_bank_plc,1,BALANCE SHEET,"Loans & Advances, gross",loans_advances_gross,Tk mn,1989,11980.8,11980.8,,,native_numeric,0,Dying_Cyrus_-_SOCB_V7__furnished_.xlsx,7,T
rupali_bank_plc,1,BALANCE SHEET,"Loans & Advances, gross",loans_advances_gross,Tk mn,1990,11091.1,11091.1,,,native_numeric,0,Dying_Cyrus_-_SOCB_V7__furnished_.xlsx,7,U
rupali_bank_plc,1,BALANCE SHEET,"Loans & Advances, gross",loans_advances_gross,Tk mn,1991,11657.2,11657.2,,,native_numeric,0,Dying_Cyrus_-_SOCB_V7__furnished_.xlsx,7,V
rupali_bank_plc,1,BALANCE SHEET,"Loans & Advances, gross",loans_advances_gross,Tk mn,1992,11096.3,11096.3,,,native_numeric,0,Dying_Cyrus_-_SOCB_V7__furnished_.xlsx,7,W
rupali_bank_plc,1,BALANCE SHEET,"Loans & Advances, gross",loans_advances_gross,Tk mn,1993,12635.0,12635.0,,,native_numeric,0,Dying_Cyrus_-_SOCB_V7__furnished_.xlsx,7,X
rupali_bank_plc,1,BALANCE SHEET,"Loans & Advances, gross",loans_advances_gross,Tk mn,1994,13372.3,13372.3,,,native_numeric,0,Dying_Cyrus_-_SOCB_V7__furnished_.xlsx,7,Y
rupali_bank_plc,1,BALANCE SHEET,"Loans & Advances, gross",loans_advances_gross,Tk mn,1995,14525.9,14525.9,,,native_numeric,0,Dying_Cyrus_-_SOCB_V7__furnished_.xlsx,7,Z
rupali_bank_plc,1,BALANCE SHEET,"Loans & Advances, gross",loans_advances_gross,Tk mn,1996,17326.5,17326.5,,,native_numeric,0,Dying_Cyrus_-_SOCB_V7__furnished_.xlsx,7,AA
rupali_bank_plc,1,BALANCE SHEET,"Loans & Advances, gross",loans_advances_gross,Tk mn,1997,,,,,missing,0,Dying_Cyrus_-_SOCB_V7__furnished_.xlsx,7,AB
rupali_bank_plc,1,BALANCE SHEET,"Loans & Advances, gross",loans_advances_gross,Tk mn,1998,,,,,missing,0,Dying_Cyrus_-_SOCB_V7__furnished_.xlsx,7,AC
rupali_bank_plc,1,BALANCE SHEET,"Loans & Advances, gross",loans_advances_gross,Tk mn,1999,,,,,missing,0,Dying_Cyrus_-_SOCB_V7__furnished_.xlsx,7,AD
rupali_bank_plc,1,BALANCE SHEET,"Loans & Advances, gross",loans_advances_gross,Tk mn,2000,,,,,missing,0,Dying_Cyrus_-_SOCB_V7__furnished_.xlsx,7,AE
rupali_bank_plc,1,BALANCE SHEET,"Loans & Advances, gross",loans_advances_gross,Tk mn,2001,,,,,missing,0,Dying_Cyrus_-_SOCB_V7__furnished_.xlsx,7,AF
rupali_bank_plc,1,BALANCE SHEET,"Loans & Advances, gross",loans_advances_gross,Tk mn,2002,,,,,missing,0,Dying_Cyrus_-_SOCB_V7__furnished_.xlsx,7,AG
rupali_bank_plc,1,BALANCE SHEET,"Loans & Advances, gross",loans_advances_gross,Tk mn,2003,,,,,missing,0,Dying_Cyrus_-_SOCB_V7__furnished_.xlsx,7,AH
rupali_bank_plc,1,BALANCE SHEET,"Loans & Advances, gross",loans_advances_gross,Tk mn,2004,,,,,missing,0,Dying_Cyrus_-_SOCB_V7__furnished_.xlsx,7,AI
rupali_bank_plc,1,BALANCE SHEET,"Loans & Advances, gross",loans_advances_gross,Tk mn,2005,,,,,missing,0,Dying_Cyrus_-_SOCB_V7__furnished_.xlsx,7,AJ
rupali_bank_plc,1,BALANCE SHEET,"Loans & Advances, gross",loans_advances_gross,Tk mn,2006,,,,,missing,0,Dying_Cyrus_-_SOCB_V7__furnished_.xlsx,7,AK
rupali_bank_plc,1,BALANCE SHEET,"Loans & Advances, gross",loans_advances_gross,Tk mn,2007,,,,,missing,0,Dying_Cyrus_-_SOCB_V7__furnished_.xlsx,7,AL
rupali_bank_plc,1,BALANCE SHEET,"Loans & Advances, gross",loans_advances_gross,Tk mn,2008,49030.0,49030.0,,,native_numeric,0,Dying_Cyrus_-_SOCB_V7__furnished_.xlsx,7,AM
rupali_bank_plc,1,BALANCE SHEET,"Loans & Advances, gross",loans_advances_gross,Tk mn,2009,52344.2,52344.2,,,native_numeric,0,Dying_Cyrus_-_SOCB_V7__furnished_.xlsx,7,AN
rupali_bank_plc,1,BALANCE SHEET,"Loans & Advances, gross",loans_advances_gross,Tk mn,2010,66049.0,66049.0,,,native_numeric,0,Dying_Cyrus_-_SOCB_V7__furnished_.xlsx,7,AO
rupali_bank_plc,1,BALANCE SHEET,"Loans & Advances, gross",loans_advances_gross,Tk mn,2011,76524.9,76524.9,,,native_numeric,0,Dying_Cyrus_-_SOCB_V7__furnished_.xlsx,7,AP
rupali_bank_plc,1,BALANCE SHEET,"Loans & Advances, gross",loans_advances_gross,Tk mn,2012,90641.6,90641.6,,,native_numeric,0,Dying_Cyrus_-_SOCB_V7__furnished_.xlsx,7,AQ
rupali_bank_plc,1,BALANCE SHEET,"Loans & Advances, gross",loans_advances_gross,Tk mn,2013,107426.3,107426.3,,,native_numeric,0,Dying_Cyrus_-_SOCB_V7__furnished_.xlsx,7,AR
rupali_bank_plc,1,BALANCE SHEET,"Loans & Advances, gross",loans_advances_gross,Tk mn,2014,125012.0,125012.0,,,native_numeric,0,Dying_Cyrus_-_SOCB_V7__furnished_.xlsx,7,AS
rupali_bank_plc,1,BALANCE SHEET,"Loans & Advances, gross",loans_advances_gross,Tk mn,2015,142515.0,142515.0,,,native_numeric,0,Dying_Cyrus_-_SOCB_V7__furnished_.xlsx,7,AT
rupali_bank_plc,1,BALANCE SHEET,"Loans & Advances, gross",loans_advances_gross,Tk mn,2016,175150.4,175150.4,,,native_numeric,0,Dying_Cyrus_-_SOCB_V7__furnished_.xlsx,7,AU
rupali_bank_plc,1,BALANCE SHEET,"Loans & Advances, gross",loans_advances_gross,Tk mn,2017,206672.7,206672.7,,,native_numeric,0,Dying_Cyrus_-_SOCB_V7__furnished_.xlsx,7,AV
rupali_bank_plc,1,BALANCE SHEET,"Loans & Advances, gross",loans_advances_gross,Tk mn,2018,247490.6,247490.6,,,native_numeric,0,Dying_Cyrus_-_SOCB_V7__furnished_.xlsx,7,AW
rupali_bank_plc,1,BALANCE SHEET,"Loans & Advances, gross",loans_advances_gross,Tk mn,2019,306724.0,306724.0,,,native_numeric,0,Dying_Cyrus_-_SOCB_V7__furnished_.xlsx,7,AX
rupali_bank_plc,1,BALANCE SHEET,"Loans & Advances, gross",loans_advances_gross,Tk mn,2020,336835.2,336835.2,,,native_numeric,0,Dying_Cyrus_-_SOCB_V7__furnished_.xlsx,7,AY
rupali_bank_plc,1,BALANCE SHEET,"Loans & Advances, gross",loans_advances_gross,Tk mn,2021,380833.7,380833.7,,,native_numeric,0,Dying_Cyrus_-_SOCB_V7__furnished_.xlsx,7,AZ
rupali_bank_plc,1,BALANCE SHEET,"Loans & Advances, gross",loans_advances_gross,Tk mn,2022,435400.8,435400.8,,,native_numeric,0,Dying_Cyrus_-_SOCB_V7__furnished_.xlsx,7,BA
rupali_bank_plc,1,BALANCE SHEET,"Loans & Advances, gross",loans_advances_gross,Tk mn,2023,477601.16,477601.16,,,native_numeric,0,Dying_Cyrus_-_SOCB_V7__furnished_.xlsx,7,BB
rupali_bank_plc,1,BALANCE SHEET,"Loans & Advances, gross",loans_advances_gross,Tk mn,2024,513422.22,513422.22,,,native_numeric,0,Dying_Cyrus_-_SOCB_V7__furnished_.xlsx,7,BC
rupali_bank_plc,1,BALANCE SHEET,"Loans & Advances, gross",loans_advances_gross,Tk mn,2025,512527.09,512527.09,,,native_numeric,0,Dying_Cyrus_-_SOCB_V7__furnished_.xlsx,7,BD
rupali_bank_plc,1,BALANCE SHEET,"Loans & Advances, gross",loans_advances_gross,Tk mn,2026,,,,,missing,0,Dying_Cyrus_-_SOCB_V7__furnished_.xlsx,7,BE
rupali_bank_plc,1,BALANCE SHEET,Total Deposits,total_deposits,Tk mn,1972,624.7,624.7,,,native_numeric,0,Dying_Cyrus_-_SOCB_V7__furnished_.xlsx,8,C
rupali_bank_plc,1,BALANCE SHEET,Total Deposits,total_deposits,Tk mn,1973,899.5,899.5,,,native_numeric,0,Dying_Cyrus_-_SOCB_V7__furnished_.xlsx,8,D
rupali_bank_plc,1,BALANCE SHEET,Total Deposits,total_deposits,Tk mn,1974,1052.9,1052.9,,,native_numeric,0,Dying_Cyrus_-_SOCB_V7__furnished_.xlsx,8,E
rupali_bank_plc,1,BALANCE SHEET,Total Deposits,total_deposits,Tk mn,1975,1110.0,1110.0,,,native_numeric,0,Dying_Cyrus_-_SOCB_V7__furnished_.xlsx,8,F
rupali_bank_plc,1,BALANCE SHEET,Total Deposits,total_deposits,Tk mn,1976,1344.4,1344.4,,,native_numeric,0,Dying_Cyrus_-_SOCB_V7__furnished_.xlsx,8,G
rupali_bank_plc,1,BALANCE SHEET,Total Deposits,total_deposits,Tk mn,1977,1786.0,1786.0,,,native_numeric,0,Dying_Cyrus_-_SOCB_V7__furnished_.xlsx,8,H
rupali_bank_plc,1,BALANCE SHEET,Total Deposits,total_deposits,Tk mn,1978,2267.1,2267.1,,,native_numeric,0,Dying_Cyrus_-_SOCB_V7__furnished_.xlsx,8,I
rupali_bank_plc,1,BALANCE SHEET,Total Deposits,total_deposits,Tk mn,1979,2887.0,2887.0,,,native_numeric,0,Dying_Cyrus_-_SOCB_V7__furnished_.xlsx,8,J
rupali_bank_plc,1,BALANCE SHEET,Total Deposits,total_deposits,Tk mn,1980,3578.3,3578.3,,,native_numeric,0,Dying_Cyrus_-_SOCB_V7__furnished_.xlsx,8,K
rupali_bank_plc,1,BALANCE SHEET,Total Deposits,total_deposits,Tk mn,1981,3976.1,3976.1,,,native_numeric,0,Dying_Cyrus_-_SOCB_V7__furnished_.xlsx,8,L
rupali_bank_plc,1,BALANCE SHEET,Total Deposits,total_deposits,Tk mn,1982,4536.8,4536.8,,,native_numeric,0,Dying_Cyrus_-_SOCB_V7__furnished_.xlsx,8,M
rupali_bank_plc,1,BALANCE SHEET,Total Deposits,total_deposits,Tk mn,1983,6276.3,6276.3,,,native_numeric,0,Dying_Cyrus_-_SOCB_V7__furnished_.xlsx,8,N
rupali_bank_plc,1,BALANCE SHEET,Total Deposits,total_deposits,Tk mn,1984,4624.6,4624.6,,,native_numeric,0,Dying_Cyrus_-_SOCB_V7__furnished_.xlsx,8,O
rupali_bank_plc,1,BALANCE SHEET,Total Deposits,total_deposits,Tk mn,1985,9682.5,9682.5,,,native_numeric,0,Dying_Cyrus_-_SOCB_V7__furnished_.xlsx,8,P
rupali_bank_plc,1,BALANCE SHEET,Total Deposits,total_deposits,Tk mn,1986,11666.7,11666.7,,,native_numeric,0,Dying_Cyrus_-_SOCB_V7__furnished_.xlsx,8,Q
rupali_bank_plc,1,BALANCE SHEET,Total Deposits,total_deposits,Tk mn,1987,13851.3,13851.3,,,native_numeric,0,Dying_Cyrus_-_SOCB_V7__furnished_.xlsx,8,R
rupali_bank_plc,1,BALANCE SHEET,Total Deposits,total_deposits,Tk mn,1988,15155.4,15155.4,,,native_numeric,0,Dying_Cyrus_-_SOCB_V7__furnished_.xlsx,8,S
rupali_bank_plc,1,BALANCE SHEET,Total Deposits,total_deposits,Tk mn,1989,16332.6,16332.6,,,native_numeric,0,Dying_Cyrus_-_SOCB_V7__furnished_.xlsx,8,T
rupali_bank_plc,1,BALANCE SHEET,Total Deposits,total_deposits,Tk mn,1990,16960.5,16960.5,,,native_numeric,0,Dying_Cyrus_-_SOCB_V7__furnished_.xlsx,8,U
rupali_bank_plc,1,BALANCE SHEET,Total Deposits,total_deposits,Tk mn,1991,19042.8,19042.8,,,native_numeric,0,Dying_Cyrus_-_SOCB_V7__furnished_.xlsx,8,V
rupali_bank_plc,1,BALANCE SHEET,Total Deposits,total_deposits,Tk mn,1992,20769.7,20769.7,,,native_numeric,0,Dying_Cyrus_-_SOCB_V7__furnished_.xlsx,8,W
rupali_bank_plc,1,BALANCE SHEET,Total Deposits,total_deposits,Tk mn,1993,22349.3,22349.3,,,native_numeric,0,Dying_Cyrus_-_SOCB_V7__furnished_.xlsx,8,X
rupali_bank_plc,1,BALANCE SHEET,Total Deposits,total_deposits,Tk mn,1994,24182.7,24182.7,,,native_numeric,0,Dying_Cyrus_-_SOCB_V7__furnished_.xlsx,8,Y
rupali_bank_plc,1,BALANCE SHEET,Total Deposits,total_deposits,Tk mn,1995,27335.8,27335.8,,,native_numeric,0,Dying_Cyrus_-_SOCB_V7__furnished_.xlsx,8,Z
rupali_bank_plc,1,BALANCE SHEET,Total Deposits,total_deposits,Tk mn,1996,32466.9,32466.9,,,native_numeric,0,Dying_Cyrus_-_SOCB_V7__furnished_.xlsx,8,AA
rupali_bank_plc,1,BALANCE SHEET,Total Deposits,total_deposits,Tk mn,1997,,,,,missing,0,Dying_Cyrus_-_SOCB_V7__furnished_.xlsx,8,AB
rupali_bank_plc,1,BALANCE SHEET,Total Deposits,total_deposits,Tk mn,1998,,,,,missing,0,Dying_Cyrus_-_SOCB_V7__furnished_.xlsx,8,AC
rupali_bank_plc,1,BALANCE SHEET,Total Deposits,total_deposits,Tk mn,1999,,,,,missing,0,Dying_Cyrus_-_SOCB_V7__furnished_.xlsx,8,AD
rupali_bank_plc,1,BALANCE SHEET,Total Deposits,total_deposits,Tk mn,2000,,,,,missing,0,Dying_Cyrus_-_SOCB_V7__furnished_.xlsx,8,AE
rupali_bank_plc,1,BALANCE SHEET,Total Deposits,total_deposits,Tk mn,2001,,,,,missing,0,Dying_Cyrus_-_SOCB_V7__furnished_.xlsx,8,AF
rupali_bank_plc,1,BALANCE SHEET,Total Deposits,total_deposits,Tk mn,2002,,,,,missing,0,Dying_Cyrus_-_SOCB_V7__furnished_.xlsx,8,AG
rupali_bank_plc,1,BALANCE SHEET,Total Deposits,total_deposits,Tk mn,2003,,,,,missing,0,Dying_Cyrus_-_SOCB_V7__furnished_.xlsx,8,AH
rupali_bank_plc,1,BALANCE SHEET,Total Deposits,total_deposits,Tk mn,2004,,,,,missing,0,Dying_Cyrus_-_SOCB_V7__furnished_.xlsx,8,AI
rupali_bank_plc,1,BALANCE SHEET,Total Deposits,total_deposits,Tk mn,2005,,,,,missing,0,Dying_Cyrus_-_SOCB_V7__furnished_.xlsx,8,AJ
rupali_bank_plc,1,BALANCE SHEET,Total Deposits,total_deposits,Tk mn,2006,,,,,missing,0,Dying_Cyrus_-_SOCB_V7__furnished_.xlsx,8,AK
rupali_bank_plc,1,BALANCE SHEET,Total Deposits,total_deposits,Tk mn,2007,,,,,missing,0,Dying_Cyrus_-_SOCB_V7__furnished_.xlsx,8,AL
rupali_bank_plc,1,BALANCE SHEET,Total Deposits,total_deposits,Tk mn,2008,70280.0,70280.0,,,native_numeric,0,Dying_Cyrus_-_SOCB_V7__furnished_.xlsx,8,AM
rupali_bank_plc,1,BALANCE SHEET,Total Deposits,total_deposits,Tk mn,2009,73803.4,73803.4,,,native_numeric,0,Dying_Cyrus_-_SOCB_V7__furnished_.xlsx,8,AN
rupali_bank_plc,1,BALANCE SHEET,Total Deposits,total_deposits,Tk mn,2010,91123.8,91123.8,,,native_numeric,0,Dying_Cyrus_-_SOCB_V7__furnished_.xlsx,8,AO
rupali_bank_plc,1,BALANCE SHEET,Total Deposits,total_deposits,Tk mn,2011,107234.0,107234.0,,,native_numeric,0,Dying_Cyrus_-_SOCB_V7__furnished_.xlsx,8,AP
rupali_bank_plc,1,BALANCE SHEET,Total Deposits,total_deposits,Tk mn,2012,136598.8,136598.8,,,native_numeric,0,Dying_Cyrus_-_SOCB_V7__furnished_.xlsx,8,AQ
rupali_bank_plc,1,BALANCE SHEET,Total Deposits,total_deposits,Tk mn,2013,177955.8,177955.8,,,native_numeric,0,Dying_Cyrus_-_SOCB_V7__furnished_.xlsx,8,AR
rupali_bank_plc,1,BALANCE SHEET,Total Deposits,total_deposits,Tk mn,2014,221656.8,221656.8,,,native_numeric,0,Dying_Cyrus_-_SOCB_V7__furnished_.xlsx,8,AS
rupali_bank_plc,1,BALANCE SHEET,Total Deposits,total_deposits,Tk mn,2015,253829.6,253829.6,,,native_numeric,0,Dying_Cyrus_-_SOCB_V7__furnished_.xlsx,8,AT
rupali_bank_plc,1,BALANCE SHEET,Total Deposits,total_deposits,Tk mn,2016,279116.0,279116.0,,,native_numeric,0,Dying_Cyrus_-_SOCB_V7__furnished_.xlsx,8,AU
rupali_bank_plc,1,BALANCE SHEET,Total Deposits,total_deposits,Tk mn,2017,319487.6,319487.6,,,native_numeric,0,Dying_Cyrus_-_SOCB_V7__furnished_.xlsx,8,AV
rupali_bank_plc,1,BALANCE SHEET,Total Deposits,total_deposits,Tk mn,2018,389549.5,389549.5,,,native_numeric,0,Dying_Cyrus_-_SOCB_V7__furnished_.xlsx,8,AW
rupali_bank_plc,1,BALANCE SHEET,Total Deposits,total_deposits,Tk mn,2019,414624.3,414624.3,,,native_numeric,0,Dying_Cyrus_-_SOCB_V7__furnished_.xlsx,8,AX
rupali_bank_plc,1,BALANCE SHEET,Total Deposits,total_deposits,Tk mn,2020,532299.9,532299.9,,,native_numeric,0,Dying_Cyrus_-_SOCB_V7__furnished_.xlsx,8,AY
rupali_bank_plc,1,BALANCE SHEET,Total Deposits,total_deposits,Tk mn,2021,576430.6,576430.6,,,native_numeric,0,Dying_Cyrus_-_SOCB_V7__furnished_.xlsx,8,AZ
rupali_bank_plc,1,BALANCE SHEET,Total Deposits,total_deposits,Tk mn,2022,588675.8,588675.8,,,native_numeric,0,Dying_Cyrus_-_SOCB_V7__furnished_.xlsx,8,BA
rupali_bank_plc,1,BALANCE SHEET,Total Deposits,total_deposits,Tk mn,2023,667317.88,667317.88,,,native_numeric,0,Dying_Cyrus_-_SOCB_V7__furnished_.xlsx,8,BB
rupali_bank_plc,1,BALANCE SHEET,Total Deposits,total_deposits,Tk mn,2024,685898.29,685898.29,,,native_numeric,0,Dying_Cyrus_-_SOCB_V7__furnished_.xlsx,8,BC
rupali_bank_plc,1,BALANCE SHEET,Total Deposits,total_deposits,Tk mn,2025,720622.13,720622.13,,,native_numeric,0,Dying_Cyrus_-_SOCB_V7__furnished_.xlsx,8,BD
rupali_bank_plc,1,BALANCE SHEET,Total Deposits,total_deposits,Tk mn,2026,,,,,missing,0,Dying_Cyrus_-_SOCB_V7__furnished_.xlsx,8,BE
rupali_bank_plc,1,BALANCE SHEET,Shareholders' Equity,shareholders_equity,Tk mn,1972,,,,,missing,0,Dying_Cyrus_-_SOCB_V7__furnished_.xlsx,9,C
rupali_bank_plc,1,BALANCE SHEET,Shareholders' Equity,shareholders_equity,Tk mn,1973,,,,,missing,0,Dying_Cyrus_-_SOCB_V7__furnished_.xlsx,9,D
rupali_bank_plc,1,BALANCE SHEET,Shareholders' Equity,shareholders_equity,Tk mn,1974,,,,,missing,0,Dying_Cyrus_-_SOCB_V7__furnished_.xlsx,9,E
rupali_bank_plc,1,BALANCE SHEET,Shareholders' Equity,shareholders_equity,Tk mn,1975,,,,,missing,0,Dying_Cyrus_-_SOCB_V7__furnished_.xlsx,9,F
rupali_bank_plc,1,BALANCE SHEET,Shareholders' Equity,shareholders_equity,Tk mn,1976,,,,,missing,0,Dying_Cyrus_-_SOCB_V7__furnished_.xlsx,9,G
rupali_bank_plc,1,BALANCE SHEET,Shareholders' Equity,shareholders_equity,Tk mn,1977,,,,,missing,0,Dying_Cyrus_-_SOCB_V7__furnished_.xlsx,9,H
rupali_bank_plc,1,BALANCE SHEET,Shareholders' Equity,shareholders_equity,Tk mn,1978,,,,,missing,0,Dying_Cyrus_-_SOCB_V7__furnished_.xlsx,9,I
rupali_bank_plc,1,BALANCE SHEET,Shareholders' Equity,shareholders_equity,Tk mn,1979,,,,,missing,0,Dying_Cyrus_-_SOCB_V7__furnished_.xlsx,9,J
rupali_bank_plc,1,BALANCE SHEET,Shareholders' Equity,shareholders_equity,Tk mn,1980,,,,,missing,0,Dying_Cyrus_-_SOCB_V7__furnished_.xlsx,9,K
rupali_bank_plc,1,BALANCE SHEET,Shareholders' Equity,shareholders_equity,Tk mn,1981,,,,,missing,0,Dying_Cyrus_-_SOCB_V7__furnished_.xlsx,9,L
rupali_bank_plc,1,BALANCE SHEET,Shareholders' Equity,shareholders_equity,Tk mn,1982,,,,,missing,0,Dying_Cyrus_-_SOCB_V7__furnished_.xlsx,9,M
rupali_bank_plc,1,BALANCE SHEET,Shareholders' Equity,shareholders_equity,Tk mn,1983,,,,,missing,0,Dying_Cyrus_-_SOCB_V7__furnished_.xlsx,9,N
rupali_bank_plc,1,BALANCE SHEET,Shareholders' Equity,shareholders_equity,Tk mn,1984,,,,,missing,0,Dying_Cyrus_-_SOCB_V7__furnished_.xlsx,9,O
rupali_bank_plc,1,BALANCE SHEET,Shareholders' Equity,shareholders_equity,Tk mn,1985,,,,,missing,0,Dying_Cyrus_-_SOCB_V7__furnished_.xlsx,9,P
rupali_bank_plc,1,BALANCE SHEET,Shareholders' Equity,shareholders_equity,Tk mn,1986,,,,,missing,0,Dying_Cyrus_-_SOCB_V7__furnished_.xlsx,9,Q
rupali_bank_plc,1,BALANCE SHEET,Shareholders' Equity,shareholders_equity,Tk mn,1987,,,,,missing,0,Dying_Cyrus_-_SOCB_V7__furnished_.xlsx,9,R
rupali_bank_plc,1,BALANCE SHEET,Shareholders' Equity,shareholders_equity,Tk mn,1988,,,,,missing,0,Dying_Cyrus_-_SOCB_V7__furnished_.xlsx,9,S
rupali_bank_plc,1,BALANCE SHEET,Shareholders' Equity,shareholders_equity,Tk mn,1989,,,,,missing,0,Dying_Cyrus_-_SOCB_V7__furnished_.xlsx,9,T
rupali_bank_plc,1,BALANCE SHEET,Shareholders' Equity,shareholders_equity,Tk mn,1990,,,,,missing,0,Dying_Cyrus_-_SOCB_V7__furnished_.xlsx,9,U
rupali_bank_plc,1,BALANCE SHEET,Shareholders' Equity,shareholders_equity,Tk mn,1991,,,,,missing,0,Dying_Cyrus_-_SOCB_V7__furnished_.xlsx,9,V
rupali_bank_plc,1,BALANCE SHEET,Shareholders' Equity,shareholders_equity,Tk mn,1992,,,,,missing,0,Dying_Cyrus_-_SOCB_V7__furnished_.xlsx,9,W
rupali_bank_plc,1,BALANCE SHEET,Shareholders' Equity,shareholders_equity,Tk mn,1993,,,,,missing,0,Dying_Cyrus_-_SOCB_V7__furnished_.xlsx,9,X
rupali_bank_plc,1,BALANCE SHEET,Shareholders' Equity,shareholders_equity,Tk mn,1994,,,,,missing,0,Dying_Cyrus_-_SOCB_V7__furnished_.xlsx,9,Y
rupali_bank_plc,1,BALANCE SHEET,Shareholders' Equity,shareholders_equity,Tk mn,1995,,,,,missing,0,Dying_Cyrus_-_SOCB_V7__furnished_.xlsx,9,Z
rupali_bank_plc,1,BALANCE SHEET,Shareholders' Equity,shareholders_equity,Tk mn,1996,,,,,missing,0,Dying_Cyrus_-_SOCB_V7__furnished_.xlsx,9,AA
rupali_bank_plc,1,BALANCE SHEET,Shareholders' Equity,shareholders_equity,Tk mn,1997,,,,,missing,0,Dying_Cyrus_-_SOCB_V7__furnished_.xlsx,9,AB
rupali_bank_plc,1,BALANCE SHEET,Shareholders' Equity,shareholders_equity,Tk mn,1998,,,,,missing,0,Dying_Cyrus_-_SOCB_V7__furnished_.xlsx,9,AC
rupali_bank_plc,1,BALANCE SHEET,Shareholders' Equity,shareholders_equity,Tk mn,1999,,,,,missing,0,Dying_Cyrus_-_SOCB_V7__furnished_.xlsx,9,AD
rupali_bank_plc,1,BALANCE SHEET,Shareholders' Equity,shareholders_equity,Tk mn,2000,,,,,missing,0,Dying_Cyrus_-_SOCB_V7__furnished_.xlsx,9,AE
rupali_bank_plc,1,BALANCE SHEET,Shareholders' Equity,shareholders_equity,Tk mn,2001,,,,,missing,0,Dying_Cyrus_-_SOCB_V7__furnished_.xlsx,9,AF
rupali_bank_plc,1,BALANCE SHEET,Shareholders' Equity,shareholders_equity,Tk mn,2002,,,,,missing,0,Dying_Cyrus_-_SOCB_V7__furnished_.xlsx,9,AG
rupali_bank_plc,1,BALANCE SHEET,Shareholders' Equity,shareholders_equity,Tk mn,2003,,,,,missing,0,Dying_Cyrus_-_SOCB_V7__furnished_.xlsx,9,AH
rupali_bank_plc,1,BALANCE SHEET,Shareholders' Equity,shareholders_equity,Tk mn,2004,,,,,missing,0,Dying_Cyrus_-_SOCB_V7__furnished_.xlsx,9,AI
rupali_bank_plc,1,BALANCE SHEET,Shareholders' Equity,shareholders_equity,Tk mn,2005,,,,,missing,0,Dying_Cyrus_-_SOCB_V7__furnished_.xlsx,9,AJ
rupali_bank_plc,1,BALANCE SHEET,Shareholders' Equity,shareholders_equity,Tk mn,2006,,,,,missing,0,Dying_Cyrus_-_SOCB_V7__furnished_.xlsx,9,AK
rupali_bank_plc,1,BALANCE SHEET,Shareholders' Equity,shareholders_equity,Tk mn,2007,,,,,missing,0,Dying_Cyrus_-_SOCB_V7__furnished_.xlsx,9,AL
rupali_bank_plc,1,BALANCE SHEET,Shareholders' Equity,shareholders_equity,Tk mn,2008,,,,,missing,0,Dying_Cyrus_-_SOCB_V7__furnished_.xlsx,9,AM
rupali_bank_plc,1,BALANCE SHEET,Shareholders' Equity,shareholders_equity,Tk mn,2009,-5581.8,-5581.8,,,native_numeric,0,Dying_Cyrus_-_SOCB_V7__furnished_.xlsx,9,AN
rupali_bank_plc,1,BALANCE SHEET,Shareholders' Equity,shareholders_equity,Tk mn,2010,14151.5,14151.5,,,native_numeric,0,Dying_Cyrus_-_SOCB_V7__furnished_.xlsx,9,AO
rupali_bank_plc,1,BALANCE SHEET,Shareholders' Equity,shareholders_equity,Tk mn,2011,13437.8,13437.8,,,native_numeric,0,Dying_Cyrus_-_SOCB_V7__furnished_.xlsx,9,AP
rupali_bank_plc,1,BALANCE SHEET,Shareholders' Equity,shareholders_equity,Tk mn,2012,11655.7,11655.7,,,native_numeric,0,Dying_Cyrus_-_SOCB_V7__furnished_.xlsx,9,AQ
rupali_bank_plc,1,BALANCE SHEET,Shareholders' Equity,shareholders_equity,Tk mn,2013,11819.7,11819.7,,,native_numeric,0,Dying_Cyrus_-_SOCB_V7__furnished_.xlsx,9,AR
rupali_bank_plc,1,BALANCE SHEET,Shareholders' Equity,shareholders_equity,Tk mn,2014,14774.5,14774.5,,,native_numeric,0,Dying_Cyrus_-_SOCB_V7__furnished_.xlsx,9,AS
rupali_bank_plc,1,BALANCE SHEET,Shareholders' Equity,shareholders_equity,Tk mn,2015,12706.5,12706.5,,,native_numeric,0,Dying_Cyrus_-_SOCB_V7__furnished_.xlsx,9,AT
rupali_bank_plc,1,BALANCE SHEET,Shareholders' Equity,shareholders_equity,Tk mn,2016,11656.4,11656.4,,,native_numeric,0,Dying_Cyrus_-_SOCB_V7__furnished_.xlsx,9,AU
rupali_bank_plc,1,BALANCE SHEET,Shareholders' Equity,shareholders_equity,Tk mn,2017,13271.7,13271.7,,,native_numeric,0,Dying_Cyrus_-_SOCB_V7__furnished_.xlsx,9,AV
rupali_bank_plc,1,BALANCE SHEET,Shareholders' Equity,shareholders_equity,Tk mn,2018,17076.9,17076.9,,,native_numeric,0,Dying_Cyrus_-_SOCB_V7__furnished_.xlsx,9,AW
rupali_bank_plc,1,BALANCE SHEET,Shareholders' Equity,shareholders_equity,Tk mn,2019,16876.0,16876.0,,,native_numeric,0,Dying_Cyrus_-_SOCB_V7__furnished_.xlsx,9,AX
rupali_bank_plc,1,BALANCE SHEET,Shareholders' Equity,shareholders_equity,Tk mn,2020,18050.8,18050.8,,,native_numeric,0,Dying_Cyrus_-_SOCB_V7__furnished_.xlsx,9,AY
rupali_bank_plc,1,BALANCE SHEET,Shareholders' Equity,shareholders_equity,Tk mn,2021,16901.5,16901.5,,,native_numeric,0,Dying_Cyrus_-_SOCB_V7__furnished_.xlsx,9,AZ
rupali_bank_plc,1,BALANCE SHEET,Shareholders' Equity,shareholders_equity,Tk mn,2022,16346.7,16346.7,,,native_numeric,0,Dying_Cyrus_-_SOCB_V7__furnished_.xlsx,9,BA
rupali_bank_plc,1,BALANCE SHEET,Shareholders' Equity,shareholders_equity,Tk mn,2023,16632.3,16632.3,,,native_numeric,0,Dying_Cyrus_-_SOCB_V7__furnished_.xlsx,9,BB
rupali_bank_plc,1,BALANCE SHEET,Shareholders' Equity,shareholders_equity,Tk mn,2024,16517.34,16517.34,,,native_numeric,0,Dying_Cyrus_-_SOCB_V7__furnished_.xlsx,9,BC
rupali_bank_plc,1,BALANCE SHEET,Shareholders' Equity,shareholders_equity,Tk mn,2025,16633.77,16633.77,,,native_numeric,0,Dying_Cyrus_-_SOCB_V7__furnished_.xlsx,9,BD
rupali_bank_plc,1,BALANCE SHEET,Shareholders' Equity,shareholders_equity,Tk mn,2026,,,,,missing,0,Dying_Cyrus_-_SOCB_V7__furnished_.xlsx,9,BE
rupali_bank_plc,1,INCOME STATEMENT,Net Interest Income,net_interest_income,Tk mn,1972,,,,,missing,0,Dying_Cyrus_-_SOCB_V7__furnished_.xlsx,11,C
rupali_bank_plc,1,INCOME STATEMENT,Net Interest Income,net_interest_income,Tk mn,1973,,,,,missing,0,Dying_Cyrus_-_SOCB_V7__furnished_.xlsx,11,D
rupali_bank_plc,1,INCOME STATEMENT,Net Interest Income,net_interest_income,Tk mn,1974,,,,,missing,0,Dying_Cyrus_-_SOCB_V7__furnished_.xlsx,11,E
rupali_bank_plc,1,INCOME STATEMENT,Net Interest Income,net_interest_income,Tk mn,1975,,,,,missing,0,Dying_Cyrus_-_SOCB_V7__furnished_.xlsx,11,F
rupali_bank_plc,1,INCOME STATEMENT,Net Interest Income,net_interest_income,Tk mn,1976,,,,,missing,0,Dying_Cyrus_-_SOCB_V7__furnished_.xlsx,11,G
rupali_bank_plc,1,INCOME STATEMENT,Net Interest Income,net_interest_income,Tk mn,1977,,,,,missing,0,Dying_Cyrus_-_SOCB_V7__furnished_.xlsx,11,H
rupali_bank_plc,1,INCOME STATEMENT,Net Interest Income,net_interest_income,Tk mn,1978,,,,,missing,0,Dying_Cyrus_-_SOCB_V7__furnished_.xlsx,11,I
rupali_bank_plc,1,INCOME STATEMENT,Net Interest Income,net_interest_income,Tk mn,1979,,,,,missing,0,Dying_Cyrus_-_SOCB_V7__furnished_.xlsx,11,J
rupali_bank_plc,1,INCOME STATEMENT,Net Interest Income,net_interest_income,Tk mn,1980,,,,,missing,0,Dying_Cyrus_-_SOCB_V7__furnished_.xlsx,11,K
rupali_bank_plc,1,INCOME STATEMENT,Net Interest Income,net_interest_income,Tk mn,1981,,,,,missing,0,Dying_Cyrus_-_SOCB_V7__furnished_.xlsx,11,L
rupali_bank_plc,1,INCOME STATEMENT,Net Interest Income,net_interest_income,Tk mn,1982,,,,,missing,0,Dying_Cyrus_-_SOCB_V7__furnished_.xlsx,11,M
rupali_bank_plc,1,INCOME STATEMENT,Net Interest Income,net_interest_income,Tk mn,1983,,,,,missing,0,Dying_Cyrus_-_SOCB_V7__furnished_.xlsx,11,N
rupali_bank_plc,1,INCOME STATEMENT,Net Interest Income,net_interest_income,Tk mn,1984,,,,,missing,0,Dying_Cyrus_-_SOCB_V7__furnished_.xlsx,11,O
rupali_bank_plc,1,INCOME STATEMENT,Net Interest Income,net_interest_income,Tk mn,1985,,,,,missing,0,Dying_Cyrus_-_SOCB_V7__furnished_.xlsx,11,P
rupali_bank_plc,1,INCOME STATEMENT,Net Interest Income,net_interest_income,Tk mn,1986,,,,,missing,0,Dying_Cyrus_-_SOCB_V7__furnished_.xlsx,11,Q
rupali_bank_plc,1,INCOME STATEMENT,Net Interest Income,net_interest_income,Tk mn,1987,,,,,missing,0,Dying_Cyrus_-_SOCB_V7__furnished_.xlsx,11,R
rupali_bank_plc,1,INCOME STATEMENT,Net Interest Income,net_interest_income,Tk mn,1988,,,,,missing,0,Dying_Cyrus_-_SOCB_V7__furnished_.xlsx,11,S
rupali_bank_plc,1,INCOME STATEMENT,Net Interest Income,net_interest_income,Tk mn,1989,,,,,missing,0,Dying_Cyrus_-_SOCB_V7__furnished_.xlsx,11,T
rupali_bank_plc,1,INCOME STATEMENT,Net Interest Income,net_interest_income,Tk mn,1990,,,,,missing,0,Dying_Cyrus_-_SOCB_V7__furnished_.xlsx,11,U
rupali_bank_plc,1,INCOME STATEMENT,Net Interest Income,net_interest_income,Tk mn,1991,,,,,missing,0,Dying_Cyrus_-_SOCB_V7__furnished_.xlsx,11,V
rupali_bank_plc,1,INCOME STATEMENT,Net Interest Income,net_interest_income,Tk mn,1992,,,,,missing,0,Dying_Cyrus_-_SOCB_V7__furnished_.xlsx,11,W
rupali_bank_plc,1,INCOME STATEMENT,Net Interest Income,net_interest_income,Tk mn,1993,,,,,missing,0,Dying_Cyrus_-_SOCB_V7__furnished_.xlsx,11,X
rupali_bank_plc,1,INCOME STATEMENT,Net Interest Income,net_interest_income,Tk mn,1994,,,,,missing,0,Dying_Cyrus_-_SOCB_V7__furnished_.xlsx,11,Y
rupali_bank_plc,1,INCOME STATEMENT,Net Interest Income,net_interest_income,Tk mn,1995,,,,,missing,0,Dying_Cyrus_-_SOCB_V7__furnished_.xlsx,11,Z
rupali_bank_plc,1,INCOME STATEMENT,Net Interest Income,net_interest_income,Tk mn,1996,,,,,missing,0,Dying_Cyrus_-_SOCB_V7__furnished_.xlsx,11,AA
rupali_bank_plc,1,INCOME STATEMENT,Net Interest Income,net_interest_income,Tk mn,1997,,,,,missing,0,Dying_Cyrus_-_SOCB_V7__furnished_.xlsx,11,AB
rupali_bank_plc,1,INCOME STATEMENT,Net Interest Income,net_interest_income,Tk mn,1998,,,,,missing,0,Dying_Cyrus_-_SOCB_V7__furnished_.xlsx,11,AC
rupali_bank_plc,1,INCOME STATEMENT,Net Interest Income,net_interest_income,Tk mn,1999,,,,,missing,0,Dying_Cyrus_-_SOCB_V7__furnished_.xlsx,11,AD
rupali_bank_plc,1,INCOME STATEMENT,Net Interest Income,net_interest_income,Tk mn,2000,,,,,missing,0,Dying_Cyrus_-_SOCB_V7__furnished_.xlsx,11,AE
rupali_bank_plc,1,INCOME STATEMENT,Net Interest Income,net_interest_income,Tk mn,2001,,,,,missing,0,Dying_Cyrus_-_SOCB_V7__furnished_.xlsx,11,AF
rupali_bank_plc,1,INCOME STATEMENT,Net Interest Income,net_interest_income,Tk mn,2002,,,,,missing,0,Dying_Cyrus_-_SOCB_V7__furnished_.xlsx,11,AG
rupali_bank_plc,1,INCOME STATEMENT,Net Interest Income,net_interest_income,Tk mn,2003,,,,,missing,0,Dying_Cyrus_-_SOCB_V7__furnished_.xlsx,11,AH
rupali_bank_plc,1,INCOME STATEMENT,Net Interest Income,net_interest_income,Tk mn,2004,,,,,missing,0,Dying_Cyrus_-_SOCB_V7__furnished_.xlsx,11,AI
rupali_bank_plc,1,INCOME STATEMENT,Net Interest Income,net_interest_income,Tk mn,2005,,,,,missing,0,Dying_Cyrus_-_SOCB_V7__furnished_.xlsx,11,AJ
rupali_bank_plc,1,INCOME STATEMENT,Net Interest Income,net_interest_income,Tk mn,2006,,,,,missing,0,Dying_Cyrus_-_SOCB_V7__furnished_.xlsx,11,AK
rupali_bank_plc,1,INCOME STATEMENT,Net Interest Income,net_interest_income,Tk mn,2007,,,,,missing,0,Dying_Cyrus_-_SOCB_V7__furnished_.xlsx,11,AL
rupali_bank_plc,1,INCOME STATEMENT,Net Interest Income,net_interest_income,Tk mn,2008,,,,,missing,0,Dying_Cyrus_-_SOCB_V7__furnished_.xlsx,11,AM
rupali_bank_plc,1,INCOME STATEMENT,Net Interest Income,net_interest_income,Tk mn,2009,1739.8,1739.8,,,native_numeric,0,Dying_Cyrus_-_SOCB_V7__furnished_.xlsx,11,AN
rupali_bank_plc,1,INCOME STATEMENT,Net Interest Income,net_interest_income,Tk mn,2010,2088.8,2088.8,,,native_numeric,0,Dying_Cyrus_-_SOCB_V7__furnished_.xlsx,11,AO
rupali_bank_plc,1,INCOME STATEMENT,Net Interest Income,net_interest_income,Tk mn,2011,4218.4,4218.4,,,native_numeric,0,Dying_Cyrus_-_SOCB_V7__furnished_.xlsx,11,AP
rupali_bank_plc,1,INCOME STATEMENT,Net Interest Income,net_interest_income,Tk mn,2012,3022.3,3022.3,,,native_numeric,0,Dying_Cyrus_-_SOCB_V7__furnished_.xlsx,11,AQ
rupali_bank_plc,1,INCOME STATEMENT,Net Interest Income,net_interest_income,Tk mn,2013,933.9,933.9,,,native_numeric,0,Dying_Cyrus_-_SOCB_V7__furnished_.xlsx,11,AR
rupali_bank_plc,1,INCOME STATEMENT,Net Interest Income,net_interest_income,Tk mn,2014,-1216.2,-1216.2,,,native_numeric,0,Dying_Cyrus_-_SOCB_V7__furnished_.xlsx,11,AS
rupali_bank_plc,1,INCOME STATEMENT,Net Interest Income,net_interest_income,Tk mn,2015,-1733.0,-1733.0,,,native_numeric,0,Dying_Cyrus_-_SOCB_V7__furnished_.xlsx,11,AT
rupali_bank_plc,1,INCOME STATEMENT,Net Interest Income,net_interest_income,Tk mn,2016,-1754.3,-1754.3,,,native_numeric,0,Dying_Cyrus_-_SOCB_V7__furnished_.xlsx,11,AU
rupali_bank_plc,1,INCOME STATEMENT,Net Interest Income,net_interest_income,Tk mn,2017,3512.4,3512.4,,,native_numeric,0,Dying_Cyrus_-_SOCB_V7__furnished_.xlsx,11,AV
rupali_bank_plc,1,INCOME STATEMENT,Net Interest Income,net_interest_income,Tk mn,2018,2527.4,2527.4,,,native_numeric,0,Dying_Cyrus_-_SOCB_V7__furnished_.xlsx,11,AW
rupali_bank_plc,1,INCOME STATEMENT,Net Interest Income,net_interest_income,Tk mn,2019,18.8,18.8,,,native_numeric,0,Dying_Cyrus_-_SOCB_V7__furnished_.xlsx,11,AX
rupali_bank_plc,1,INCOME STATEMENT,Net Interest Income,net_interest_income,Tk mn,2020,-3510.9,-3510.9,,,native_numeric,0,Dying_Cyrus_-_SOCB_V7__furnished_.xlsx,11,AY
rupali_bank_plc,1,INCOME STATEMENT,Net Interest Income,net_interest_income,Tk mn,2021,-3343.3,-3343.3,,,native_numeric,0,Dying_Cyrus_-_SOCB_V7__furnished_.xlsx,11,AZ
rupali_bank_plc,1,INCOME STATEMENT,Net Interest Income,net_interest_income,Tk mn,2022,-3065.2,-3065.2,,,native_numeric,0,Dying_Cyrus_-_SOCB_V7__furnished_.xlsx,11,BA
rupali_bank_plc,1,INCOME STATEMENT,Net Interest Income,net_interest_income,Tk mn,2023,-2842.39,-2842.39,,,native_numeric,0,Dying_Cyrus_-_SOCB_V7__furnished_.xlsx,11,BB
rupali_bank_plc,1,INCOME STATEMENT,Net Interest Income,net_interest_income,Tk mn,2024,-6660.11,-6660.11,,,native_numeric,0,Dying_Cyrus_-_SOCB_V7__furnished_.xlsx,11,BC
rupali_bank_plc,1,INCOME STATEMENT,Net Interest Income,net_interest_income,Tk mn,2025,-15754.34,-15754.34,,,native_numeric,0,Dying_Cyrus_-_SOCB_V7__furnished_.xlsx,11,BD
rupali_bank_plc,1,INCOME STATEMENT,Net Interest Income,net_interest_income,Tk mn,2026,,,,,missing,0,Dying_Cyrus_-_SOCB_V7__furnished_.xlsx,11,BE
rupali_bank_plc,1,INCOME STATEMENT,Non-Interest Income,non_interest_income,Tk mn,1972,,,,,missing,0,Dying_Cyrus_-_SOCB_V7__furnished_.xlsx,12,C
rupali_bank_plc,1,INCOME STATEMENT,Non-Interest Income,non_interest_income,Tk mn,1973,,,,,missing,0,Dying_Cyrus_-_SOCB_V7__furnished_.xlsx,12,D
rupali_bank_plc,1,INCOME STATEMENT,Non-Interest Income,non_interest_income,Tk mn,1974,,,,,missing,0,Dying_Cyrus_-_SOCB_V7__furnished_.xlsx,12,E
rupali_bank_plc,1,INCOME STATEMENT,Non-Interest Income,non_interest_income,Tk mn,1975,,,,,missing,0,Dying_Cyrus_-_SOCB_V7__furnished_.xlsx,12,F
rupali_bank_plc,1,INCOME STATEMENT,Non-Interest Income,non_interest_income,Tk mn,1976,,,,,missing,0,Dying_Cyrus_-_SOCB_V7__furnished_.xlsx,12,G
rupali_bank_plc,1,INCOME STATEMENT,Non-Interest Income,non_interest_income,Tk mn,1977,,,,,missing,0,Dying_Cyrus_-_SOCB_V7__furnished_.xlsx,12,H
rupali_bank_plc,1,INCOME STATEMENT,Non-Interest Income,non_interest_income,Tk mn,1978,,,,,missing,0,Dying_Cyrus_-_SOCB_V7__furnished_.xlsx,12,I
rupali_bank_plc,1,INCOME STATEMENT,Non-Interest Income,non_interest_income,Tk mn,1979,,,,,missing,0,Dying_Cyrus_-_SOCB_V7__furnished_.xlsx,12,J
rupali_bank_plc,1,INCOME STATEMENT,Non-Interest Income,non_interest_income,Tk mn,1980,,,,,missing,0,Dying_Cyrus_-_SOCB_V7__furnished_.xlsx,12,K
rupali_bank_plc,1,INCOME STATEMENT,Non-Interest Income,non_interest_income,Tk mn,1981,,,,,missing,0,Dying_Cyrus_-_SOCB_V7__furnished_.xlsx,12,L
rupali_bank_plc,1,INCOME STATEMENT,Non-Interest Income,non_interest_income,Tk mn,1982,,,,,missing,0,Dying_Cyrus_-_SOCB_V7__furnished_.xlsx,12,M
rupali_bank_plc,1,INCOME STATEMENT,Non-Interest Income,non_interest_income,Tk mn,1983,,,,,missing,0,Dying_Cyrus_-_SOCB_V7__furnished_.xlsx,12,N
rupali_bank_plc,1,INCOME STATEMENT,Non-Interest Income,non_interest_income,Tk mn,1984,,,,,missing,0,Dying_Cyrus_-_SOCB_V7__furnished_.xlsx,12,O
rupali_bank_plc,1,INCOME STATEMENT,Non-Interest Income,non_interest_income,Tk mn,1985,,,,,missing,0,Dying_Cyrus_-_SOCB_V7__furnished_.xlsx,12,P
rupali_bank_plc,1,INCOME STATEMENT,Non-Interest Income,non_interest_income,Tk mn,1986,,,,,missing,0,Dying_Cyrus_-_SOCB_V7__furnished_.xlsx,12,Q
rupali_bank_plc,1,INCOME STATEMENT,Non-Interest Income,non_interest_income,Tk mn,1987,,,,,missing,0,Dying_Cyrus_-_SOCB_V7__furnished_.xlsx,12,R
rupali_bank_plc,1,INCOME STATEMENT,Non-Interest Income,non_interest_income,Tk mn,1988,,,,,missing,0,Dying_Cyrus_-_SOCB_V7__furnished_.xlsx,12,S
rupali_bank_plc,1,INCOME STATEMENT,Non-Interest Income,non_interest_income,Tk mn,1989,,,,,missing,0,Dying_Cyrus_-_SOCB_V7__furnished_.xlsx,12,T
rupali_bank_plc,1,INCOME STATEMENT,Non-Interest Income,non_interest_income,Tk mn,1990,,,,,missing,0,Dying_Cyrus_-_SOCB_V7__furnished_.xlsx,12,U
rupali_bank_plc,1,INCOME STATEMENT,Non-Interest Income,non_interest_income,Tk mn,1991,,,,,missing,0,Dying_Cyrus_-_SOCB_V7__furnished_.xlsx,12,V
rupali_bank_plc,1,INCOME STATEMENT,Non-Interest Income,non_interest_income,Tk mn,1992,,,,,missing,0,Dying_Cyrus_-_SOCB_V7__furnished_.xlsx,12,W
rupali_bank_plc,1,INCOME STATEMENT,Non-Interest Income,non_interest_income,Tk mn,1993,,,,,missing,0,Dying_Cyrus_-_SOCB_V7__furnished_.xlsx,12,X
rupali_bank_plc,1,INCOME STATEMENT,Non-Interest Income,non_interest_income,Tk mn,1994,,,,,missing,0,Dying_Cyrus_-_SOCB_V7__furnished_.xlsx,12,Y
rupali_bank_plc,1,INCOME STATEMENT,Non-Interest Income,non_interest_income,Tk mn,1995,,,,,missing,0,Dying_Cyrus_-_SOCB_V7__furnished_.xlsx,12,Z
rupali_bank_plc,1,INCOME STATEMENT,Non-Interest Income,non_interest_income,Tk mn,1996,,,,,missing,0,Dying_Cyrus_-_SOCB_V7__furnished_.xlsx,12,AA
rupali_bank_plc,1,INCOME STATEMENT,Non-Interest Income,non_interest_income,Tk mn,1997,,,,,missing,0,Dying_Cyrus_-_SOCB_V7__furnished_.xlsx,12,AB
rupali_bank_plc,1,INCOME STATEMENT,Non-Interest Income,non_interest_income,Tk mn,1998,,,,,missing,0,Dying_Cyrus_-_SOCB_V7__furnished_.xlsx,12,AC
rupali_bank_plc,1,INCOME STATEMENT,Non-Interest Income,non_interest_income,Tk mn,1999,,,,,missing,0,Dying_Cyrus_-_SOCB_V7__furnished_.xlsx,12,AD
rupali_bank_plc,1,INCOME STATEMENT,Non-Interest Income,non_interest_income,Tk mn,2000,,,,,missing,0,Dying_Cyrus_-_SOCB_V7__furnished_.xlsx,12,AE
rupali_bank_plc,1,INCOME STATEMENT,Non-Interest Income,non_interest_income,Tk mn,2001,,,,,missing,0,Dying_Cyrus_-_SOCB_V7__furnished_.xlsx,12,AF
rupali_bank_plc,1,INCOME STATEMENT,Non-Interest Income,non_interest_income,Tk mn,2002,,,,,missing,0,Dying_Cyrus_-_SOCB_V7__furnished_.xlsx,12,AG
rupali_bank_plc,1,INCOME STATEMENT,Non-Interest Income,non_interest_income,Tk mn,2003,,,,,missing,0,Dying_Cyrus_-_SOCB_V7__furnished_.xlsx,12,AH
rupali_bank_plc,1,INCOME STATEMENT,Non-Interest Income,non_interest_income,Tk mn,2004,,,,,missing,0,Dying_Cyrus_-_SOCB_V7__furnished_.xlsx,12,AI
rupali_bank_plc,1,INCOME STATEMENT,Non-Interest Income,non_interest_income,Tk mn,2005,,,,,missing,0,Dying_Cyrus_-_SOCB_V7__furnished_.xlsx,12,AJ
rupali_bank_plc,1,INCOME STATEMENT,Non-Interest Income,non_interest_income,Tk mn,2006,,,,,missing,0,Dying_Cyrus_-_SOCB_V7__furnished_.xlsx,12,AK
rupali_bank_plc,1,INCOME STATEMENT,Non-Interest Income,non_interest_income,Tk mn,2007,,,,,missing,0,Dying_Cyrus_-_SOCB_V7__furnished_.xlsx,12,AL
rupali_bank_plc,1,INCOME STATEMENT,Non-Interest Income,non_interest_income,Tk mn,2008,,,,,missing,0,Dying_Cyrus_-_SOCB_V7__furnished_.xlsx,12,AM
rupali_bank_plc,1,INCOME STATEMENT,Non-Interest Income,non_interest_income,Tk mn,2009,2263.7,2263.7,,,native_numeric,0,Dying_Cyrus_-_SOCB_V7__furnished_.xlsx,12,AN
rupali_bank_plc,1,INCOME STATEMENT,Non-Interest Income,non_interest_income,Tk mn,2010,2701.0,2701.0,,,native_numeric,0,Dying_Cyrus_-_SOCB_V7__furnished_.xlsx,12,AO
rupali_bank_plc,1,INCOME STATEMENT,Non-Interest Income,non_interest_income,Tk mn,2011,3079.9,3079.9,,,native_numeric,0,Dying_Cyrus_-_SOCB_V7__furnished_.xlsx,12,AP
rupali_bank_plc,1,INCOME STATEMENT,Non-Interest Income,non_interest_income,Tk mn,2012,3707.1,3707.1,,,native_numeric,0,Dying_Cyrus_-_SOCB_V7__furnished_.xlsx,12,AQ
rupali_bank_plc,1,INCOME STATEMENT,Non-Interest Income,non_interest_income,Tk mn,2013,4512.0,4512.0,,,native_numeric,0,Dying_Cyrus_-_SOCB_V7__furnished_.xlsx,12,AR
rupali_bank_plc,1,INCOME STATEMENT,Non-Interest Income,non_interest_income,Tk mn,2014,7527.6,7527.6,,,native_numeric,0,Dying_Cyrus_-_SOCB_V7__furnished_.xlsx,12,AS
rupali_bank_plc,1,INCOME STATEMENT,Non-Interest Income,non_interest_income,Tk mn,2015,8981.1,8981.1,,,native_numeric,0,Dying_Cyrus_-_SOCB_V7__furnished_.xlsx,12,AT
rupali_bank_plc,1,INCOME STATEMENT,Non-Interest Income,non_interest_income,Tk mn,2016,8092.7,8092.7,,,native_numeric,0,Dying_Cyrus_-_SOCB_V7__furnished_.xlsx,12,AU
rupali_bank_plc,1,INCOME STATEMENT,Non-Interest Income,non_interest_income,Tk mn,2017,8680.5,8680.5,,,native_numeric,0,Dying_Cyrus_-_SOCB_V7__furnished_.xlsx,12,AV
rupali_bank_plc,1,INCOME STATEMENT,Non-Interest Income,non_interest_income,Tk mn,2018,8729.6,8729.6,,,native_numeric,0,Dying_Cyrus_-_SOCB_V7__furnished_.xlsx,12,AW
rupali_bank_plc,1,INCOME STATEMENT,Non-Interest Income,non_interest_income,Tk mn,2019,11287.6,11287.6,,,native_numeric,0,Dying_Cyrus_-_SOCB_V7__furnished_.xlsx,12,AX
rupali_bank_plc,1,INCOME STATEMENT,Non-Interest Income,non_interest_income,Tk mn,2020,14385.8,14385.8,,,native_numeric,0,Dying_Cyrus_-_SOCB_V7__furnished_.xlsx,12,AY
rupali_bank_plc,1,INCOME STATEMENT,Non-Interest Income,non_interest_income,Tk mn,2021,16588.4,16588.4,,,native_numeric,0,Dying_Cyrus_-_SOCB_V7__furnished_.xlsx,12,AZ
rupali_bank_plc,1,INCOME STATEMENT,Non-Interest Income,non_interest_income,Tk mn,2022,17986.4,17986.4,,,native_numeric,0,Dying_Cyrus_-_SOCB_V7__furnished_.xlsx,12,BA
rupali_bank_plc,1,INCOME STATEMENT,Non-Interest Income,non_interest_income,Tk mn,2023,19129.68,19129.68,,,native_numeric,0,Dying_Cyrus_-_SOCB_V7__furnished_.xlsx,12,BB
rupali_bank_plc,1,INCOME STATEMENT,Non-Interest Income,non_interest_income,Tk mn,2024,21312.55,21312.55,,,native_numeric,0,Dying_Cyrus_-_SOCB_V7__furnished_.xlsx,12,BC
rupali_bank_plc,1,INCOME STATEMENT,Non-Interest Income,non_interest_income,Tk mn,2025,27988.14,27988.14,,,native_numeric,0,Dying_Cyrus_-_SOCB_V7__furnished_.xlsx,12,BD
rupali_bank_plc,1,INCOME STATEMENT,Non-Interest Income,non_interest_income,Tk mn,2026,,,,,missing,0,Dying_Cyrus_-_SOCB_V7__furnished_.xlsx,12,BE
rupali_bank_plc,1,INCOME STATEMENT,Net Profit After Tax,net_profit_after_tax,Tk mn,1972,,,,,missing,0,Dying_Cyrus_-_SOCB_V7__furnished_.xlsx,13,C
rupali_bank_plc,1,INCOME STATEMENT,Net Profit After Tax,net_profit_after_tax,Tk mn,1973,,,,,missing,0,Dying_Cyrus_-_SOCB_V7__furnished_.xlsx,13,D
rupali_bank_plc,1,INCOME STATEMENT,Net Profit After Tax,net_profit_after_tax,Tk mn,1974,,,,,missing,0,Dying_Cyrus_-_SOCB_V7__furnished_.xlsx,13,E
rupali_bank_plc,1,INCOME STATEMENT,Net Profit After Tax,net_profit_after_tax,Tk mn,1975,,,,,missing,0,Dying_Cyrus_-_SOCB_V7__furnished_.xlsx,13,F
rupali_bank_plc,1,INCOME STATEMENT,Net Profit After Tax,net_profit_after_tax,Tk mn,1976,,,,,missing,0,Dying_Cyrus_-_SOCB_V7__furnished_.xlsx,13,G
rupali_bank_plc,1,INCOME STATEMENT,Net Profit After Tax,net_profit_after_tax,Tk mn,1977,,,,,missing,0,Dying_Cyrus_-_SOCB_V7__furnished_.xlsx,13,H
rupali_bank_plc,1,INCOME STATEMENT,Net Profit After Tax,net_profit_after_tax,Tk mn,1978,,,,,missing,0,Dying_Cyrus_-_SOCB_V7__furnished_.xlsx,13,I
rupali_bank_plc,1,INCOME STATEMENT,Net Profit After Tax,net_profit_after_tax,Tk mn,1979,,,,,missing,0,Dying_Cyrus_-_SOCB_V7__furnished_.xlsx,13,J
rupali_bank_plc,1,INCOME STATEMENT,Net Profit After Tax,net_profit_after_tax,Tk mn,1980,,,,,missing,0,Dying_Cyrus_-_SOCB_V7__furnished_.xlsx,13,K
rupali_bank_plc,1,INCOME STATEMENT,Net Profit After Tax,net_profit_after_tax,Tk mn,1981,,,,,missing,0,Dying_Cyrus_-_SOCB_V7__furnished_.xlsx,13,L
rupali_bank_plc,1,INCOME STATEMENT,Net Profit After Tax,net_profit_after_tax,Tk mn,1982,,,,,missing,0,Dying_Cyrus_-_SOCB_V7__furnished_.xlsx,13,M
rupali_bank_plc,1,INCOME STATEMENT,Net Profit After Tax,net_profit_after_tax,Tk mn,1983,,,,,missing,0,Dying_Cyrus_-_SOCB_V7__furnished_.xlsx,13,N
rupali_bank_plc,1,INCOME STATEMENT,Net Profit After Tax,net_profit_after_tax,Tk mn,1984,,,,,missing,0,Dying_Cyrus_-_SOCB_V7__furnished_.xlsx,13,O
rupali_bank_plc,1,INCOME STATEMENT,Net Profit After Tax,net_profit_after_tax,Tk mn,1985,,,,,missing,0,Dying_Cyrus_-_SOCB_V7__furnished_.xlsx,13,P
rupali_bank_plc,1,INCOME STATEMENT,Net Profit After Tax,net_profit_after_tax,Tk mn,1986,,,,,missing,0,Dying_Cyrus_-_SOCB_V7__furnished_.xlsx,13,Q
rupali_bank_plc,1,INCOME STATEMENT,Net Profit After Tax,net_profit_after_tax,Tk mn,1987,,,,,missing,0,Dying_Cyrus_-_SOCB_V7__furnished_.xlsx,13,R
rupali_bank_plc,1,INCOME STATEMENT,Net Profit After Tax,net_profit_after_tax,Tk mn,1988,,,,,missing,0,Dying_Cyrus_-_SOCB_V7__furnished_.xlsx,13,S
rupali_bank_plc,1,INCOME STATEMENT,Net Profit After Tax,net_profit_after_tax,Tk mn,1989,,,,,missing,0,Dying_Cyrus_-_SOCB_V7__furnished_.xlsx,13,T
rupali_bank_plc,1,INCOME STATEMENT,Net Profit After Tax,net_profit_after_tax,Tk mn,1990,,,,,missing,0,Dying_Cyrus_-_SOCB_V7__furnished_.xlsx,13,U
rupali_bank_plc,1,INCOME STATEMENT,Net Profit After Tax,net_profit_after_tax,Tk mn,1991,,,,,missing,0,Dying_Cyrus_-_SOCB_V7__furnished_.xlsx,13,V
rupali_bank_plc,1,INCOME STATEMENT,Net Profit After Tax,net_profit_after_tax,Tk mn,1992,,,,,missing,0,Dying_Cyrus_-_SOCB_V7__furnished_.xlsx,13,W
rupali_bank_plc,1,INCOME STATEMENT,Net Profit After Tax,net_profit_after_tax,Tk mn,1993,,,,,missing,0,Dying_Cyrus_-_SOCB_V7__furnished_.xlsx,13,X
rupali_bank_plc,1,INCOME STATEMENT,Net Profit After Tax,net_profit_after_tax,Tk mn,1994,,,,,missing,0,Dying_Cyrus_-_SOCB_V7__furnished_.xlsx,13,Y
rupali_bank_plc,1,INCOME STATEMENT,Net Profit After Tax,net_profit_after_tax,Tk mn,1995,,,,,missing,0,Dying_Cyrus_-_SOCB_V7__furnished_.xlsx,13,Z
rupali_bank_plc,1,INCOME STATEMENT,Net Profit After Tax,net_profit_after_tax,Tk mn,1996,,,,,missing,0,Dying_Cyrus_-_SOCB_V7__furnished_.xlsx,13,AA
rupali_bank_plc,1,INCOME STATEMENT,Net Profit After Tax,net_profit_after_tax,Tk mn,1997,,,,,missing,0,Dying_Cyrus_-_SOCB_V7__furnished_.xlsx,13,AB
rupali_bank_plc,1,INCOME STATEMENT,Net Profit After Tax,net_profit_after_tax,Tk mn,1998,,,,,missing,0,Dying_Cyrus_-_SOCB_V7__furnished_.xlsx,13,AC
rupali_bank_plc,1,INCOME STATEMENT,Net Profit After Tax,net_profit_after_tax,Tk mn,1999,,,,,missing,0,Dying_Cyrus_-_SOCB_V7__furnished_.xlsx,13,AD
rupali_bank_plc,1,INCOME STATEMENT,Net Profit After Tax,net_profit_after_tax,Tk mn,2000,,,,,missing,0,Dying_Cyrus_-_SOCB_V7__furnished_.xlsx,13,AE
rupali_bank_plc,1,INCOME STATEMENT,Net Profit After Tax,net_profit_after_tax,Tk mn,2001,,,,,missing,0,Dying_Cyrus_-_SOCB_V7__furnished_.xlsx,13,AF
rupali_bank_plc,1,INCOME STATEMENT,Net Profit After Tax,net_profit_after_tax,Tk mn,2002,,,,,missing,0,Dying_Cyrus_-_SOCB_V7__furnished_.xlsx,13,AG
rupali_bank_plc,1,INCOME STATEMENT,Net Profit After Tax,net_profit_after_tax,Tk mn,2003,,,,,missing,0,Dying_Cyrus_-_SOCB_V7__furnished_.xlsx,13,AH
rupali_bank_plc,1,INCOME STATEMENT,Net Profit After Tax,net_profit_after_tax,Tk mn,2004,,,,,missing,0,Dying_Cyrus_-_SOCB_V7__furnished_.xlsx,13,AI
rupali_bank_plc,1,INCOME STATEMENT,Net Profit After Tax,net_profit_after_tax,Tk mn,2005,,,,,missing,0,Dying_Cyrus_-_SOCB_V7__furnished_.xlsx,13,AJ
rupali_bank_plc,1,INCOME STATEMENT,Net Profit After Tax,net_profit_after_tax,Tk mn,2006,,,,,missing,0,Dying_Cyrus_-_SOCB_V7__furnished_.xlsx,13,AK
rupali_bank_plc,1,INCOME STATEMENT,Net Profit After Tax,net_profit_after_tax,Tk mn,2007,,,,,missing,0,Dying_Cyrus_-_SOCB_V7__furnished_.xlsx,13,AL
rupali_bank_plc,1,INCOME STATEMENT,Net Profit After Tax,net_profit_after_tax,Tk mn,2008,,,,,missing,0,Dying_Cyrus_-_SOCB_V7__furnished_.xlsx,13,AM
rupali_bank_plc,1,INCOME STATEMENT,Net Profit After Tax,net_profit_after_tax,Tk mn,2009,1668.5,1668.5,,,native_numeric,0,Dying_Cyrus_-_SOCB_V7__furnished_.xlsx,13,AN
rupali_bank_plc,1,INCOME STATEMENT,Net Profit After Tax,net_profit_after_tax,Tk mn,2010,600.3,600.3,,,native_numeric,0,Dying_Cyrus_-_SOCB_V7__furnished_.xlsx,13,AO
rupali_bank_plc,1,INCOME STATEMENT,Net Profit After Tax,net_profit_after_tax,Tk mn,2011,1091.3,1091.3,,,native_numeric,0,Dying_Cyrus_-_SOCB_V7__furnished_.xlsx,13,AP
rupali_bank_plc,1,INCOME STATEMENT,Net Profit After Tax,net_profit_after_tax,Tk mn,2012,1205.7,1205.7,,,native_numeric,0,Dying_Cyrus_-_SOCB_V7__furnished_.xlsx,13,AQ
rupali_bank_plc,1,INCOME STATEMENT,Net Profit After Tax,net_profit_after_tax,Tk mn,2013,403.8,403.8,,,native_numeric,0,Dying_Cyrus_-_SOCB_V7__furnished_.xlsx,13,AR
rupali_bank_plc,1,INCOME STATEMENT,Net Profit After Tax,net_profit_after_tax,Tk mn,2014,420.5,420.5,,,native_numeric,0,Dying_Cyrus_-_SOCB_V7__furnished_.xlsx,13,AS
rupali_bank_plc,1,INCOME STATEMENT,Net Profit After Tax,net_profit_after_tax,Tk mn,2015,235.0,235.0,,,native_numeric,0,Dying_Cyrus_-_SOCB_V7__furnished_.xlsx,13,AT
rupali_bank_plc,1,INCOME STATEMENT,Net Profit After Tax,net_profit_after_tax,Tk mn,2016,-1258.6,-1258.6,,,native_numeric,0,Dying_Cyrus_-_SOCB_V7__furnished_.xlsx,13,AU
rupali_bank_plc,1,INCOME STATEMENT,Net Profit After Tax,net_profit_after_tax,Tk mn,2017,499.1,499.1,,,native_numeric,0,Dying_Cyrus_-_SOCB_V7__furnished_.xlsx,13,AV
rupali_bank_plc,1,INCOME STATEMENT,Net Profit After Tax,net_profit_after_tax,Tk mn,2018,379.2,379.2,,,native_numeric,0,Dying_Cyrus_-_SOCB_V7__furnished_.xlsx,13,AW
rupali_bank_plc,1,INCOME STATEMENT,Net Profit After Tax,net_profit_after_tax,Tk mn,2019,546.4,546.4,,,native_numeric,0,Dying_Cyrus_-_SOCB_V7__furnished_.xlsx,13,AX
rupali_bank_plc,1,INCOME STATEMENT,Net Profit After Tax,net_profit_after_tax,Tk mn,2020,160.3,160.3,,,native_numeric,0,Dying_Cyrus_-_SOCB_V7__furnished_.xlsx,13,AY
rupali_bank_plc,1,INCOME STATEMENT,Net Profit After Tax,net_profit_after_tax,Tk mn,2021,358.0,358.0,,,native_numeric,0,Dying_Cyrus_-_SOCB_V7__furnished_.xlsx,13,AZ
rupali_bank_plc,1,INCOME STATEMENT,Net Profit After Tax,net_profit_after_tax,Tk mn,2022,209.3,209.3,,,native_numeric,0,Dying_Cyrus_-_SOCB_V7__furnished_.xlsx,13,BA
rupali_bank_plc,1,INCOME STATEMENT,Net Profit After Tax,net_profit_after_tax,Tk mn,2023,543.53,543.53,,,native_numeric,0,Dying_Cyrus_-_SOCB_V7__furnished_.xlsx,13,BB
rupali_bank_plc,1,INCOME STATEMENT,Net Profit After Tax,net_profit_after_tax,Tk mn,2024,82.93,82.93,,,native_numeric,0,Dying_Cyrus_-_SOCB_V7__furnished_.xlsx,13,BC
rupali_bank_plc,1,INCOME STATEMENT,Net Profit After Tax,net_profit_after_tax,Tk mn,2025,49.85,49.85,,,native_numeric,0,Dying_Cyrus_-_SOCB_V7__furnished_.xlsx,13,BD
rupali_bank_plc,1,INCOME STATEMENT,Net Profit After Tax,net_profit_after_tax,Tk mn,2026,,,,,missing,0,Dying_Cyrus_-_SOCB_V7__furnished_.xlsx,13,BE
rupali_bank_plc,1,PER-SHARE & PROFITABILITY,EPS,eps,BDT,1972,,,,,missing,0,Dying_Cyrus_-_SOCB_V7__furnished_.xlsx,15,C
rupali_bank_plc,1,PER-SHARE & PROFITABILITY,EPS,eps,BDT,1973,,,,,missing,0,Dying_Cyrus_-_SOCB_V7__furnished_.xlsx,15,D
rupali_bank_plc,1,PER-SHARE & PROFITABILITY,EPS,eps,BDT,1974,,,,,missing,0,Dying_Cyrus_-_SOCB_V7__furnished_.xlsx,15,E
rupali_bank_plc,1,PER-SHARE & PROFITABILITY,EPS,eps,BDT,1975,,,,,missing,0,Dying_Cyrus_-_SOCB_V7__furnished_.xlsx,15,F
rupali_bank_plc,1,PER-SHARE & PROFITABILITY,EPS,eps,BDT,1976,,,,,missing,0,Dying_Cyrus_-_SOCB_V7__furnished_.xlsx,15,G
rupali_bank_plc,1,PER-SHARE & PROFITABILITY,EPS,eps,BDT,1977,,,,,missing,0,Dying_Cyrus_-_SOCB_V7__furnished_.xlsx,15,H
rupali_bank_plc,1,PER-SHARE & PROFITABILITY,EPS,eps,BDT,1978,,,,,missing,0,Dying_Cyrus_-_SOCB_V7__furnished_.xlsx,15,I
rupali_bank_plc,1,PER-SHARE & PROFITABILITY,EPS,eps,BDT,1979,,,,,missing,0,Dying_Cyrus_-_SOCB_V7__furnished_.xlsx,15,J
rupali_bank_plc,1,PER-SHARE & PROFITABILITY,EPS,eps,BDT,1980,,,,,missing,0,Dying_Cyrus_-_SOCB_V7__furnished_.xlsx,15,K
rupali_bank_plc,1,PER-SHARE & PROFITABILITY,EPS,eps,BDT,1981,,,,,missing,0,Dying_Cyrus_-_SOCB_V7__furnished_.xlsx,15,L
rupali_bank_plc,1,PER-SHARE & PROFITABILITY,EPS,eps,BDT,1982,,,,,missing,0,Dying_Cyrus_-_SOCB_V7__furnished_.xlsx,15,M
rupali_bank_plc,1,PER-SHARE & PROFITABILITY,EPS,eps,BDT,1983,,,,,missing,0,Dying_Cyrus_-_SOCB_V7__furnished_.xlsx,15,N
rupali_bank_plc,1,PER-SHARE & PROFITABILITY,EPS,eps,BDT,1984,,,,,missing,0,Dying_Cyrus_-_SOCB_V7__furnished_.xlsx,15,O
rupali_bank_plc,1,PER-SHARE & PROFITABILITY,EPS,eps,BDT,1985,,,,,missing,0,Dying_Cyrus_-_SOCB_V7__furnished_.xlsx,15,P
rupali_bank_plc,1,PER-SHARE & PROFITABILITY,EPS,eps,BDT,1986,,,,,missing,0,Dying_Cyrus_-_SOCB_V7__furnished_.xlsx,15,Q
rupali_bank_plc,1,PER-SHARE & PROFITABILITY,EPS,eps,BDT,1987,,,,,missing,0,Dying_Cyrus_-_SOCB_V7__furnished_.xlsx,15,R
rupali_bank_plc,1,PER-SHARE & PROFITABILITY,EPS,eps,BDT,1988,,,,,missing,0,Dying_Cyrus_-_SOCB_V7__furnished_.xlsx,15,S
rupali_bank_plc,1,PER-SHARE & PROFITABILITY,EPS,eps,BDT,1989,,,,,missing,0,Dying_Cyrus_-_SOCB_V7__furnished_.xlsx,15,T
rupali_bank_plc,1,PER-SHARE & PROFITABILITY,EPS,eps,BDT,1990,,,,,missing,0,Dying_Cyrus_-_SOCB_V7__furnished_.xlsx,15,U
rupali_bank_plc,1,PER-SHARE & PROFITABILITY,EPS,eps,BDT,1991,,,,,missing,0,Dying_Cyrus_-_SOCB_V7__furnished_.xlsx,15,V
rupali_bank_plc,1,PER-SHARE & PROFITABILITY,EPS,eps,BDT,1992,,,,,missing,0,Dying_Cyrus_-_SOCB_V7__furnished_.xlsx,15,W
rupali_bank_plc,1,PER-SHARE & PROFITABILITY,EPS,eps,BDT,1993,,,,,missing,0,Dying_Cyrus_-_SOCB_V7__furnished_.xlsx,15,X
rupali_bank_plc,1,PER-SHARE & PROFITABILITY,EPS,eps,BDT,1994,,,,,missing,0,Dying_Cyrus_-_SOCB_V7__furnished_.xlsx,15,Y
rupali_bank_plc,1,PER-SHARE & PROFITABILITY,EPS,eps,BDT,1995,,,,,missing,0,Dying_Cyrus_-_SOCB_V7__furnished_.xlsx,15,Z
rupali_bank_plc,1,PER-SHARE & PROFITABILITY,EPS,eps,BDT,1996,,,,,missing,0,Dying_Cyrus_-_SOCB_V7__furnished_.xlsx,15,AA
rupali_bank_plc,1,PER-SHARE & PROFITABILITY,EPS,eps,BDT,1997,,,,,missing,0,Dying_Cyrus_-_SOCB_V7__furnished_.xlsx,15,AB
rupali_bank_plc,1,PER-SHARE & PROFITABILITY,EPS,eps,BDT,1998,,,,,missing,0,Dying_Cyrus_-_SOCB_V7__furnished_.xlsx,15,AC
rupali_bank_plc,1,PER-SHARE & PROFITABILITY,EPS,eps,BDT,1999,,,,,missing,0,Dying_Cyrus_-_SOCB_V7__furnished_.xlsx,15,AD
rupali_bank_plc,1,PER-SHARE & PROFITABILITY,EPS,eps,BDT,2000,,,,,missing,0,Dying_Cyrus_-_SOCB_V7__furnished_.xlsx,15,AE
rupali_bank_plc,1,PER-SHARE & PROFITABILITY,EPS,eps,BDT,2001,,,,,missing,0,Dying_Cyrus_-_SOCB_V7__furnished_.xlsx,15,AF
rupali_bank_plc,1,PER-SHARE & PROFITABILITY,EPS,eps,BDT,2002,,,,,missing,0,Dying_Cyrus_-_SOCB_V7__furnished_.xlsx,15,AG
rupali_bank_plc,1,PER-SHARE & PROFITABILITY,EPS,eps,BDT,2003,,,,,missing,0,Dying_Cyrus_-_SOCB_V7__furnished_.xlsx,15,AH
rupali_bank_plc,1,PER-SHARE & PROFITABILITY,EPS,eps,BDT,2004,,,,,missing,0,Dying_Cyrus_-_SOCB_V7__furnished_.xlsx,15,AI
rupali_bank_plc,1,PER-SHARE & PROFITABILITY,EPS,eps,BDT,2005,,,,,missing,0,Dying_Cyrus_-_SOCB_V7__furnished_.xlsx,15,AJ
rupali_bank_plc,1,PER-SHARE & PROFITABILITY,EPS,eps,BDT,2006,,,,,missing,0,Dying_Cyrus_-_SOCB_V7__furnished_.xlsx,15,AK
rupali_bank_plc,1,PER-SHARE & PROFITABILITY,EPS,eps,BDT,2007,,,,,missing,0,Dying_Cyrus_-_SOCB_V7__furnished_.xlsx,15,AL
rupali_bank_plc,1,PER-SHARE & PROFITABILITY,EPS,eps,BDT,2008,,,,,missing,0,Dying_Cyrus_-_SOCB_V7__furnished_.xlsx,15,AM
rupali_bank_plc,1,PER-SHARE & PROFITABILITY,EPS,eps,BDT,2009,,,,,missing,0,Dying_Cyrus_-_SOCB_V7__furnished_.xlsx,15,AN
rupali_bank_plc,1,PER-SHARE & PROFITABILITY,EPS,eps,BDT,2010,,,,,missing,0,Dying_Cyrus_-_SOCB_V7__furnished_.xlsx,15,AO
rupali_bank_plc,1,PER-SHARE & PROFITABILITY,EPS,eps,BDT,2011,,,,,missing,0,Dying_Cyrus_-_SOCB_V7__furnished_.xlsx,15,AP
rupali_bank_plc,1,PER-SHARE & PROFITABILITY,EPS,eps,BDT,2012,6.64,6.64,,,native_numeric,0,Dying_Cyrus_-_SOCB_V7__furnished_.xlsx,15,AQ
rupali_bank_plc,1,PER-SHARE & PROFITABILITY,EPS,eps,BDT,2013,2.22,2.22,,,native_numeric,0,Dying_Cyrus_-_SOCB_V7__furnished_.xlsx,15,AR
rupali_bank_plc,1,PER-SHARE & PROFITABILITY,EPS,eps,BDT,2014,2.01,2.01,,,native_numeric,0,Dying_Cyrus_-_SOCB_V7__furnished_.xlsx,15,AS
rupali_bank_plc,1,PER-SHARE & PROFITABILITY,EPS,eps,BDT,2015,0.85,0.85,,,native_numeric,0,Dying_Cyrus_-_SOCB_V7__furnished_.xlsx,15,AT
rupali_bank_plc,1,PER-SHARE & PROFITABILITY,EPS,eps,BDT,2016,-4.56,-4.56,,,native_numeric,0,Dying_Cyrus_-_SOCB_V7__furnished_.xlsx,15,AU
rupali_bank_plc,1,PER-SHARE & PROFITABILITY,EPS,eps,BDT,2017,1.64,1.64,,,native_numeric,0,Dying_Cyrus_-_SOCB_V7__furnished_.xlsx,15,AV
rupali_bank_plc,1,PER-SHARE & PROFITABILITY,EPS,eps,BDT,2018,1.01,1.01,,,native_numeric,0,Dying_Cyrus_-_SOCB_V7__furnished_.xlsx,15,AW
rupali_bank_plc,1,PER-SHARE & PROFITABILITY,EPS,eps,BDT,2019,,,,,missing,0,Dying_Cyrus_-_SOCB_V7__furnished_.xlsx,15,AX
rupali_bank_plc,1,PER-SHARE & PROFITABILITY,EPS,eps,BDT,2020,,,,,missing,0,Dying_Cyrus_-_SOCB_V7__furnished_.xlsx,15,AY
rupali_bank_plc,1,PER-SHARE & PROFITABILITY,EPS,eps,BDT,2021,0.77,0.77,,,native_numeric,0,Dying_Cyrus_-_SOCB_V7__furnished_.xlsx,15,AZ
rupali_bank_plc,1,PER-SHARE & PROFITABILITY,EPS,eps,BDT,2022,0.45,0.45,,,native_numeric,0,Dying_Cyrus_-_SOCB_V7__furnished_.xlsx,15,BA
rupali_bank_plc,1,PER-SHARE & PROFITABILITY,EPS,eps,BDT,2023,1.17,1.17,,,native_numeric,0,Dying_Cyrus_-_SOCB_V7__furnished_.xlsx,15,BB
rupali_bank_plc,1,PER-SHARE & PROFITABILITY,EPS,eps,BDT,2024,0.17,0.17,,,native_numeric,0,Dying_Cyrus_-_SOCB_V7__furnished_.xlsx,15,BC
rupali_bank_plc,1,PER-SHARE & PROFITABILITY,EPS,eps,BDT,2025,0.1,0.1,,,native_numeric,0,Dying_Cyrus_-_SOCB_V7__furnished_.xlsx,15,BD
rupali_bank_plc,1,PER-SHARE & PROFITABILITY,EPS,eps,BDT,2026,,,,,missing,0,Dying_Cyrus_-_SOCB_V7__furnished_.xlsx,15,BE
rupali_bank_plc,1,PER-SHARE & PROFITABILITY,ROA %,roa_pct,%,1972,,,,fraction,missing,0,Dying_Cyrus_-_SOCB_V7__furnished_.xlsx,16,C
rupali_bank_plc,1,PER-SHARE & PROFITABILITY,ROA %,roa_pct,%,1973,,,,fraction,missing,0,Dying_Cyrus_-_SOCB_V7__furnished_.xlsx,16,D
rupali_bank_plc,1,PER-SHARE & PROFITABILITY,ROA %,roa_pct,%,1974,,,,fraction,missing,0,Dying_Cyrus_-_SOCB_V7__furnished_.xlsx,16,E
rupali_bank_plc,1,PER-SHARE & PROFITABILITY,ROA %,roa_pct,%,1975,,,,fraction,missing,0,Dying_Cyrus_-_SOCB_V7__furnished_.xlsx,16,F
rupali_bank_plc,1,PER-SHARE & PROFITABILITY,ROA %,roa_pct,%,1976,,,,fraction,missing,0,Dying_Cyrus_-_SOCB_V7__furnished_.xlsx,16,G
rupali_bank_plc,1,PER-SHARE & PROFITABILITY,ROA %,roa_pct,%,1977,,,,fraction,missing,0,Dying_Cyrus_-_SOCB_V7__furnished_.xlsx,16,H
rupali_bank_plc,1,PER-SHARE & PROFITABILITY,ROA %,roa_pct,%,1978,,,,fraction,missing,0,Dying_Cyrus_-_SOCB_V7__furnished_.xlsx,16,I
rupali_bank_plc,1,PER-SHARE & PROFITABILITY,ROA %,roa_pct,%,1979,,,,fraction,missing,0,Dying_Cyrus_-_SOCB_V7__furnished_.xlsx,16,J
rupali_bank_plc,1,PER-SHARE & PROFITABILITY,ROA %,roa_pct,%,1980,,,,fraction,missing,0,Dying_Cyrus_-_SOCB_V7__furnished_.xlsx,16,K
rupali_bank_plc,1,PER-SHARE & PROFITABILITY,ROA %,roa_pct,%,1981,,,,fraction,missing,0,Dying_Cyrus_-_SOCB_V7__furnished_.xlsx,16,L
rupali_bank_plc,1,PER-SHARE & PROFITABILITY,ROA %,roa_pct,%,1982,,,,fraction,missing,0,Dying_Cyrus_-_SOCB_V7__furnished_.xlsx,16,M
rupali_bank_plc,1,PER-SHARE & PROFITABILITY,ROA %,roa_pct,%,1983,,,,fraction,missing,0,Dying_Cyrus_-_SOCB_V7__furnished_.xlsx,16,N
rupali_bank_plc,1,PER-SHARE & PROFITABILITY,ROA %,roa_pct,%,1984,,,,fraction,missing,0,Dying_Cyrus_-_SOCB_V7__furnished_.xlsx,16,O
rupali_bank_plc,1,PER-SHARE & PROFITABILITY,ROA %,roa_pct,%,1985,,,,fraction,missing,0,Dying_Cyrus_-_SOCB_V7__furnished_.xlsx,16,P
rupali_bank_plc,1,PER-SHARE & PROFITABILITY,ROA %,roa_pct,%,1986,,,,fraction,missing,0,Dying_Cyrus_-_SOCB_V7__furnished_.xlsx,16,Q
rupali_bank_plc,1,PER-SHARE & PROFITABILITY,ROA %,roa_pct,%,1987,,,,fraction,missing,0,Dying_Cyrus_-_SOCB_V7__furnished_.xlsx,16,R
rupali_bank_plc,1,PER-SHARE & PROFITABILITY,ROA %,roa_pct,%,1988,,,,fraction,missing,0,Dying_Cyrus_-_SOCB_V7__furnished_.xlsx,16,S
rupali_bank_plc,1,PER-SHARE & PROFITABILITY,ROA %,roa_pct,%,1989,,,,fraction,missing,0,Dying_Cyrus_-_SOCB_V7__furnished_.xlsx,16,T
rupali_bank_plc,1,PER-SHARE & PROFITABILITY,ROA %,roa_pct,%,1990,,,,fraction,missing,0,Dying_Cyrus_-_SOCB_V7__furnished_.xlsx,16,U
rupali_bank_plc,1,PER-SHARE & PROFITABILITY,ROA %,roa_pct,%,1991,,,,fraction,missing,0,Dying_Cyrus_-_SOCB_V7__furnished_.xlsx,16,V
rupali_bank_plc,1,PER-SHARE & PROFITABILITY,ROA %,roa_pct,%,1992,,,,fraction,missing,0,Dying_Cyrus_-_SOCB_V7__furnished_.xlsx,16,W
rupali_bank_plc,1,PER-SHARE & PROFITABILITY,ROA %,roa_pct,%,1993,,,,fraction,missing,0,Dying_Cyrus_-_SOCB_V7__furnished_.xlsx,16,X
rupali_bank_plc,1,PER-SHARE & PROFITABILITY,ROA %,roa_pct,%,1994,,,,fraction,missing,0,Dying_Cyrus_-_SOCB_V7__furnished_.xlsx,16,Y
rupali_bank_plc,1,PER-SHARE & PROFITABILITY,ROA %,roa_pct,%,1995,,,,fraction,missing,0,Dying_Cyrus_-_SOCB_V7__furnished_.xlsx,16,Z
rupali_bank_plc,1,PER-SHARE & PROFITABILITY,ROA %,roa_pct,%,1996,,,,fraction,missing,0,Dying_Cyrus_-_SOCB_V7__furnished_.xlsx,16,AA
rupali_bank_plc,1,PER-SHARE & PROFITABILITY,ROA %,roa_pct,%,1997,,,,fraction,missing,0,Dying_Cyrus_-_SOCB_V7__furnished_.xlsx,16,AB
rupali_bank_plc,1,PER-SHARE & PROFITABILITY,ROA %,roa_pct,%,1998,,,,fraction,missing,0,Dying_Cyrus_-_SOCB_V7__furnished_.xlsx,16,AC
rupali_bank_plc,1,PER-SHARE & PROFITABILITY,ROA %,roa_pct,%,1999,,,,fraction,missing,0,Dying_Cyrus_-_SOCB_V7__furnished_.xlsx,16,AD
rupali_bank_plc,1,PER-SHARE & PROFITABILITY,ROA %,roa_pct,%,2000,,,,fraction,missing,0,Dying_Cyrus_-_SOCB_V7__furnished_.xlsx,16,AE
rupali_bank_plc,1,PER-SHARE & PROFITABILITY,ROA %,roa_pct,%,2001,,,,fraction,missing,0,Dying_Cyrus_-_SOCB_V7__furnished_.xlsx,16,AF
rupali_bank_plc,1,PER-SHARE & PROFITABILITY,ROA %,roa_pct,%,2002,,,,fraction,missing,0,Dying_Cyrus_-_SOCB_V7__furnished_.xlsx,16,AG
rupali_bank_plc,1,PER-SHARE & PROFITABILITY,ROA %,roa_pct,%,2003,,,,fraction,missing,0,Dying_Cyrus_-_SOCB_V7__furnished_.xlsx,16,AH
rupali_bank_plc,1,PER-SHARE & PROFITABILITY,ROA %,roa_pct,%,2004,,,,fraction,missing,0,Dying_Cyrus_-_SOCB_V7__furnished_.xlsx,16,AI
rupali_bank_plc,1,PER-SHARE & PROFITABILITY,ROA %,roa_pct,%,2005,,,,fraction,missing,0,Dying_Cyrus_-_SOCB_V7__furnished_.xlsx,16,AJ
rupali_bank_plc,1,PER-SHARE & PROFITABILITY,ROA %,roa_pct,%,2006,,,,fraction,missing,0,Dying_Cyrus_-_SOCB_V7__furnished_.xlsx,16,AK
rupali_bank_plc,1,PER-SHARE & PROFITABILITY,ROA %,roa_pct,%,2007,,,,fraction,missing,0,Dying_Cyrus_-_SOCB_V7__furnished_.xlsx,16,AL
rupali_bank_plc,1,PER-SHARE & PROFITABILITY,ROA %,roa_pct,%,2008,,,,fraction,missing,0,Dying_Cyrus_-_SOCB_V7__furnished_.xlsx,16,AM
rupali_bank_plc,1,PER-SHARE & PROFITABILITY,ROA %,roa_pct,%,2009,0.01900527842,0.01900527842,1.900527842,fraction,native_numeric,0,Dying_Cyrus_-_SOCB_V7__furnished_.xlsx,16,AN
rupali_bank_plc,1,PER-SHARE & PROFITABILITY,ROA %,roa_pct,%,2010,0.004824224793,0.004824224793,0.4824224793,fraction,native_numeric,0,Dying_Cyrus_-_SOCB_V7__furnished_.xlsx,16,AO
rupali_bank_plc,1,PER-SHARE & PROFITABILITY,ROA %,roa_pct,%,2011,0.007630225285,0.007630225285,0.7630225285000001,fraction,native_numeric,0,Dying_Cyrus_-_SOCB_V7__furnished_.xlsx,16,AP
rupali_bank_plc,1,PER-SHARE & PROFITABILITY,ROA %,roa_pct,%,2012,0.006969642142,0.006969642142,0.6969642142,fraction,native_numeric,0,Dying_Cyrus_-_SOCB_V7__furnished_.xlsx,16,AQ
rupali_bank_plc,1,PER-SHARE & PROFITABILITY,ROA %,roa_pct,%,2013,0.001867837758,0.001867837758,0.1867837758,fraction,native_numeric,0,Dying_Cyrus_-_SOCB_V7__furnished_.xlsx,16,AR
rupali_bank_plc,1,PER-SHARE & PROFITABILITY,ROA %,roa_pct,%,2014,0.001568570985,0.001568570985,0.15685709850000001,fraction,native_numeric,0,Dying_Cyrus_-_SOCB_V7__furnished_.xlsx,16,AS
rupali_bank_plc,1,PER-SHARE & PROFITABILITY,ROA %,roa_pct,%,2015,0.0007819003706,0.0007819003706,0.07819003706,fraction,native_numeric,0,Dying_Cyrus_-_SOCB_V7__furnished_.xlsx,16,AT
rupali_bank_plc,1,PER-SHARE & PROFITABILITY,ROA %,roa_pct,%,2016,-0.003767039749,-0.003767039749,-0.37670397489999996,fraction,native_numeric,0,Dying_Cyrus_-_SOCB_V7__furnished_.xlsx,16,AU
rupali_bank_plc,1,PER-SHARE & PROFITABILITY,ROA %,roa_pct,%,2017,0.001305143011,0.001305143011,0.1305143011,fraction,native_numeric,0,Dying_Cyrus_-_SOCB_V7__furnished_.xlsx,16,AV
rupali_bank_plc,1,PER-SHARE & PROFITABILITY,ROA %,roa_pct,%,2018,0.0008184941693,0.0008184941693,0.08184941693,fraction,native_numeric,0,Dying_Cyrus_-_SOCB_V7__furnished_.xlsx,16,AW
rupali_bank_plc,1,PER-SHARE & PROFITABILITY,ROA %,roa_pct,%,2019,0.001098845187,0.001098845187,0.10988451870000002,fraction,native_numeric,0,Dying_Cyrus_-_SOCB_V7__furnished_.xlsx,16,AX
rupali_bank_plc,1,PER-SHARE & PROFITABILITY,ROA %,roa_pct,%,2020,0.0002542234315,0.0002542234315,0.02542234315,fraction,native_numeric,0,Dying_Cyrus_-_SOCB_V7__furnished_.xlsx,16,AY
rupali_bank_plc,1,PER-SHARE & PROFITABILITY,ROA %,roa_pct,%,2021,0.0005381451729,0.0005381451729,0.053814517289999995,fraction,native_numeric,0,Dying_Cyrus_-_SOCB_V7__furnished_.xlsx,16,AZ
rupali_bank_plc,1,PER-SHARE & PROFITABILITY,ROA %,roa_pct,%,2022,0.0003047789574,0.0003047789574,0.03047789574,fraction,native_numeric,0,Dying_Cyrus_-_SOCB_V7__furnished_.xlsx,16,BA
rupali_bank_plc,1,PER-SHARE & PROFITABILITY,ROA %,roa_pct,%,2023,0.0006851488229,0.0006851488229,0.06851488229,fraction,native_numeric,0,Dying_Cyrus_-_SOCB_V7__furnished_.xlsx,16,BB
rupali_bank_plc,1,PER-SHARE & PROFITABILITY,ROA %,roa_pct,%,2024,0.0001028142223,0.0001028142223,0.01028142223,fraction,native_numeric,0,Dying_Cyrus_-_SOCB_V7__furnished_.xlsx,16,BC
rupali_bank_plc,1,PER-SHARE & PROFITABILITY,ROA %,roa_pct,%,2025,5.890442403e-05,5.890442403e-05,0.005890442403,fraction,native_numeric,0,Dying_Cyrus_-_SOCB_V7__furnished_.xlsx,16,BD
rupali_bank_plc,1,PER-SHARE & PROFITABILITY,ROA %,roa_pct,%,2026,,,,fraction,missing,0,Dying_Cyrus_-_SOCB_V7__furnished_.xlsx,16,BE
rupali_bank_plc,1,PER-SHARE & PROFITABILITY,ROE %,roe_pct,%,1972,,,,fraction,missing,0,Dying_Cyrus_-_SOCB_V7__furnished_.xlsx,17,C
rupali_bank_plc,1,PER-SHARE & PROFITABILITY,ROE %,roe_pct,%,1973,,,,fraction,missing,0,Dying_Cyrus_-_SOCB_V7__furnished_.xlsx,17,D
rupali_bank_plc,1,PER-SHARE & PROFITABILITY,ROE %,roe_pct,%,1974,,,,fraction,missing,0,Dying_Cyrus_-_SOCB_V7__furnished_.xlsx,17,E
rupali_bank_plc,1,PER-SHARE & PROFITABILITY,ROE %,roe_pct,%,1975,,,,fraction,missing,0,Dying_Cyrus_-_SOCB_V7__furnished_.xlsx,17,F
rupali_bank_plc,1,PER-SHARE & PROFITABILITY,ROE %,roe_pct,%,1976,,,,fraction,missing,0,Dying_Cyrus_-_SOCB_V7__furnished_.xlsx,17,G
rupali_bank_plc,1,PER-SHARE & PROFITABILITY,ROE %,roe_pct,%,1977,,,,fraction,missing,0,Dying_Cyrus_-_SOCB_V7__furnished_.xlsx,17,H
rupali_bank_plc,1,PER-SHARE & PROFITABILITY,ROE %,roe_pct,%,1978,,,,fraction,missing,0,Dying_Cyrus_-_SOCB_V7__furnished_.xlsx,17,I
rupali_bank_plc,1,PER-SHARE & PROFITABILITY,ROE %,roe_pct,%,1979,,,,fraction,missing,0,Dying_Cyrus_-_SOCB_V7__furnished_.xlsx,17,J
rupali_bank_plc,1,PER-SHARE & PROFITABILITY,ROE %,roe_pct,%,1980,,,,fraction,missing,0,Dying_Cyrus_-_SOCB_V7__furnished_.xlsx,17,K
rupali_bank_plc,1,PER-SHARE & PROFITABILITY,ROE %,roe_pct,%,1981,,,,fraction,missing,0,Dying_Cyrus_-_SOCB_V7__furnished_.xlsx,17,L
rupali_bank_plc,1,PER-SHARE & PROFITABILITY,ROE %,roe_pct,%,1982,,,,fraction,missing,0,Dying_Cyrus_-_SOCB_V7__furnished_.xlsx,17,M
rupali_bank_plc,1,PER-SHARE & PROFITABILITY,ROE %,roe_pct,%,1983,,,,fraction,missing,0,Dying_Cyrus_-_SOCB_V7__furnished_.xlsx,17,N
rupali_bank_plc,1,PER-SHARE & PROFITABILITY,ROE %,roe_pct,%,1984,,,,fraction,missing,0,Dying_Cyrus_-_SOCB_V7__furnished_.xlsx,17,O
rupali_bank_plc,1,PER-SHARE & PROFITABILITY,ROE %,roe_pct,%,1985,,,,fraction,missing,0,Dying_Cyrus_-_SOCB_V7__furnished_.xlsx,17,P
rupali_bank_plc,1,PER-SHARE & PROFITABILITY,ROE %,roe_pct,%,1986,,,,fraction,missing,0,Dying_Cyrus_-_SOCB_V7__furnished_.xlsx,17,Q
rupali_bank_plc,1,PER-SHARE & PROFITABILITY,ROE %,roe_pct,%,1987,,,,fraction,missing,0,Dying_Cyrus_-_SOCB_V7__furnished_.xlsx,17,R
rupali_bank_plc,1,PER-SHARE & PROFITABILITY,ROE %,roe_pct,%,1988,,,,fraction,missing,0,Dying_Cyrus_-_SOCB_V7__furnished_.xlsx,17,S
rupali_bank_plc,1,PER-SHARE & PROFITABILITY,ROE %,roe_pct,%,1989,,,,fraction,missing,0,Dying_Cyrus_-_SOCB_V7__furnished_.xlsx,17,T
rupali_bank_plc,1,PER-SHARE & PROFITABILITY,ROE %,roe_pct,%,1990,,,,fraction,missing,0,Dying_Cyrus_-_SOCB_V7__furnished_.xlsx,17,U
rupali_bank_plc,1,PER-SHARE & PROFITABILITY,ROE %,roe_pct,%,1991,,,,fraction,missing,0,Dying_Cyrus_-_SOCB_V7__furnished_.xlsx,17,V
rupali_bank_plc,1,PER-SHARE & PROFITABILITY,ROE %,roe_pct,%,1992,,,,fraction,missing,0,Dying_Cyrus_-_SOCB_V7__furnished_.xlsx,17,W
rupali_bank_plc,1,PER-SHARE & PROFITABILITY,ROE %,roe_pct,%,1993,,,,fraction,missing,0,Dying_Cyrus_-_SOCB_V7__furnished_.xlsx,17,X
rupali_bank_plc,1,PER-SHARE & PROFITABILITY,ROE %,roe_pct,%,1994,,,,fraction,missing,0,Dying_Cyrus_-_SOCB_V7__furnished_.xlsx,17,Y
rupali_bank_plc,1,PER-SHARE & PROFITABILITY,ROE %,roe_pct,%,1995,,,,fraction,missing,0,Dying_Cyrus_-_SOCB_V7__furnished_.xlsx,17,Z
rupali_bank_plc,1,PER-SHARE & PROFITABILITY,ROE %,roe_pct,%,1996,,,,fraction,missing,0,Dying_Cyrus_-_SOCB_V7__furnished_.xlsx,17,AA
rupali_bank_plc,1,PER-SHARE & PROFITABILITY,ROE %,roe_pct,%,1997,,,,fraction,missing,0,Dying_Cyrus_-_SOCB_V7__furnished_.xlsx,17,AB
rupali_bank_plc,1,PER-SHARE & PROFITABILITY,ROE %,roe_pct,%,1998,,,,fraction,missing,0,Dying_Cyrus_-_SOCB_V7__furnished_.xlsx,17,AC
rupali_bank_plc,1,PER-SHARE & PROFITABILITY,ROE %,roe_pct,%,1999,,,,fraction,missing,0,Dying_Cyrus_-_SOCB_V7__furnished_.xlsx,17,AD
rupali_bank_plc,1,PER-SHARE & PROFITABILITY,ROE %,roe_pct,%,2000,,,,fraction,missing,0,Dying_Cyrus_-_SOCB_V7__furnished_.xlsx,17,AE
rupali_bank_plc,1,PER-SHARE & PROFITABILITY,ROE %,roe_pct,%,2001,,,,fraction,missing,0,Dying_Cyrus_-_SOCB_V7__furnished_.xlsx,17,AF
rupali_bank_plc,1,PER-SHARE & PROFITABILITY,ROE %,roe_pct,%,2002,,,,fraction,missing,0,Dying_Cyrus_-_SOCB_V7__furnished_.xlsx,17,AG
rupali_bank_plc,1,PER-SHARE & PROFITABILITY,ROE %,roe_pct,%,2003,,,,fraction,missing,0,Dying_Cyrus_-_SOCB_V7__furnished_.xlsx,17,AH
rupali_bank_plc,1,PER-SHARE & PROFITABILITY,ROE %,roe_pct,%,2004,,,,fraction,missing,0,Dying_Cyrus_-_SOCB_V7__furnished_.xlsx,17,AI
rupali_bank_plc,1,PER-SHARE & PROFITABILITY,ROE %,roe_pct,%,2005,,,,fraction,missing,0,Dying_Cyrus_-_SOCB_V7__furnished_.xlsx,17,AJ
rupali_bank_plc,1,PER-SHARE & PROFITABILITY,ROE %,roe_pct,%,2006,,,,fraction,missing,0,Dying_Cyrus_-_SOCB_V7__furnished_.xlsx,17,AK
rupali_bank_plc,1,PER-SHARE & PROFITABILITY,ROE %,roe_pct,%,2007,,,,fraction,missing,0,Dying_Cyrus_-_SOCB_V7__furnished_.xlsx,17,AL
rupali_bank_plc,1,PER-SHARE & PROFITABILITY,ROE %,roe_pct,%,2008,,,,fraction,missing,0,Dying_Cyrus_-_SOCB_V7__furnished_.xlsx,17,AM
rupali_bank_plc,1,PER-SHARE & PROFITABILITY,ROE %,roe_pct,%,2009,-0.2989179118,-0.2989179118,-29.89179118,fraction,native_numeric,0,Dying_Cyrus_-_SOCB_V7__furnished_.xlsx,17,AN
rupali_bank_plc,1,PER-SHARE & PROFITABILITY,ROE %,roe_pct,%,2010,0.0424195315,0.0424195315,4.2419531500000005,fraction,native_numeric,0,Dying_Cyrus_-_SOCB_V7__furnished_.xlsx,17,AO
rupali_bank_plc,1,PER-SHARE & PROFITABILITY,ROE %,roe_pct,%,2011,0.08121121017,0.08121121017,8.121121017,fraction,native_numeric,0,Dying_Cyrus_-_SOCB_V7__furnished_.xlsx,17,AP
rupali_bank_plc,1,PER-SHARE & PROFITABILITY,ROE %,roe_pct,%,2012,0.1034429507,0.1034429507,10.34429507,fraction,native_numeric,0,Dying_Cyrus_-_SOCB_V7__furnished_.xlsx,17,AQ
rupali_bank_plc,1,PER-SHARE & PROFITABILITY,ROE %,roe_pct,%,2013,0.03416330364,0.03416330364,3.4163303640000002,fraction,native_numeric,0,Dying_Cyrus_-_SOCB_V7__furnished_.xlsx,17,AR
rupali_bank_plc,1,PER-SHARE & PROFITABILITY,ROE %,roe_pct,%,2014,0.02846120004,0.02846120004,2.846120004,fraction,native_numeric,0,Dying_Cyrus_-_SOCB_V7__furnished_.xlsx,17,AS
rupali_bank_plc,1,PER-SHARE & PROFITABILITY,ROE %,roe_pct,%,2015,0.01849447133,0.01849447133,1.8494471330000002,fraction,native_numeric,0,Dying_Cyrus_-_SOCB_V7__furnished_.xlsx,17,AT
rupali_bank_plc,1,PER-SHARE & PROFITABILITY,ROE %,roe_pct,%,2016,-0.107975018,-0.107975018,-10.797501800000001,fraction,native_numeric,0,Dying_Cyrus_-_SOCB_V7__furnished_.xlsx,17,AU
rupali_bank_plc,1,PER-SHARE & PROFITABILITY,ROE %,roe_pct,%,2017,0.03760633528,0.03760633528,3.760633528,fraction,native_numeric,0,Dying_Cyrus_-_SOCB_V7__furnished_.xlsx,17,AV
rupali_bank_plc,1,PER-SHARE & PROFITABILITY,ROE %,roe_pct,%,2018,0.02220543541,0.02220543541,2.2205435409999996,fraction,native_numeric,0,Dying_Cyrus_-_SOCB_V7__furnished_.xlsx,17,AW
rupali_bank_plc,1,PER-SHARE & PROFITABILITY,ROE %,roe_pct,%,2019,0.0323773406,0.0323773406,3.2377340599999997,fraction,native_numeric,0,Dying_Cyrus_-_SOCB_V7__furnished_.xlsx,17,AX
rupali_bank_plc,1,PER-SHARE & PROFITABILITY,ROE %,roe_pct,%,2020,0.008880492831,0.008880492831,0.8880492831,fraction,native_numeric,0,Dying_Cyrus_-_SOCB_V7__furnished_.xlsx,17,AY
rupali_bank_plc,1,PER-SHARE & PROFITABILITY,ROE %,roe_pct,%,2021,0.02118155193,0.02118155193,2.118155193,fraction,native_numeric,0,Dying_Cyrus_-_SOCB_V7__furnished_.xlsx,17,AZ
rupali_bank_plc,1,PER-SHARE & PROFITABILITY,ROE %,roe_pct,%,2022,0.0128038075,0.0128038075,1.28038075,fraction,native_numeric,0,Dying_Cyrus_-_SOCB_V7__furnished_.xlsx,17,BA
rupali_bank_plc,1,PER-SHARE & PROFITABILITY,ROE %,roe_pct,%,2023,0.03267918448,0.03267918448,3.2679184479999996,fraction,native_numeric,0,Dying_Cyrus_-_SOCB_V7__furnished_.xlsx,17,BB
rupali_bank_plc,1,PER-SHARE & PROFITABILITY,ROE %,roe_pct,%,2024,0.005020784218,0.005020784218,0.5020784218000001,fraction,native_numeric,0,Dying_Cyrus_-_SOCB_V7__furnished_.xlsx,17,BC
rupali_bank_plc,1,PER-SHARE & PROFITABILITY,ROE %,roe_pct,%,2025,0.002996915311,0.002996915311,0.29969153109999996,fraction,native_numeric,0,Dying_Cyrus_-_SOCB_V7__furnished_.xlsx,17,BD
rupali_bank_plc,1,PER-SHARE & PROFITABILITY,ROE %,roe_pct,%,2026,,,,fraction,missing,0,Dying_Cyrus_-_SOCB_V7__furnished_.xlsx,17,BE
rupali_bank_plc,1,ASSET QUALITY,NPL % (gross),npl_pct_gross,%,1972,,,,fraction,missing,0,Dying_Cyrus_-_SOCB_V7__furnished_.xlsx,19,C
rupali_bank_plc,1,ASSET QUALITY,NPL % (gross),npl_pct_gross,%,1973,,,,fraction,missing,0,Dying_Cyrus_-_SOCB_V7__furnished_.xlsx,19,D
rupali_bank_plc,1,ASSET QUALITY,NPL % (gross),npl_pct_gross,%,1974,,,,fraction,missing,0,Dying_Cyrus_-_SOCB_V7__furnished_.xlsx,19,E
rupali_bank_plc,1,ASSET QUALITY,NPL % (gross),npl_pct_gross,%,1975,,,,fraction,missing,0,Dying_Cyrus_-_SOCB_V7__furnished_.xlsx,19,F
rupali_bank_plc,1,ASSET QUALITY,NPL % (gross),npl_pct_gross,%,1976,,,,fraction,missing,0,Dying_Cyrus_-_SOCB_V7__furnished_.xlsx,19,G
rupali_bank_plc,1,ASSET QUALITY,NPL % (gross),npl_pct_gross,%,1977,,,,fraction,missing,0,Dying_Cyrus_-_SOCB_V7__furnished_.xlsx,19,H
rupali_bank_plc,1,ASSET QUALITY,NPL % (gross),npl_pct_gross,%,1978,,,,fraction,missing,0,Dying_Cyrus_-_SOCB_V7__furnished_.xlsx,19,I
rupali_bank_plc,1,ASSET QUALITY,NPL % (gross),npl_pct_gross,%,1979,,,,fraction,missing,0,Dying_Cyrus_-_SOCB_V7__furnished_.xlsx,19,J
rupali_bank_plc,1,ASSET QUALITY,NPL % (gross),npl_pct_gross,%,1980,,,,fraction,missing,0,Dying_Cyrus_-_SOCB_V7__furnished_.xlsx,19,K
rupali_bank_plc,1,ASSET QUALITY,NPL % (gross),npl_pct_gross,%,1981,,,,fraction,missing,0,Dying_Cyrus_-_SOCB_V7__furnished_.xlsx,19,L
rupali_bank_plc,1,ASSET QUALITY,NPL % (gross),npl_pct_gross,%,1982,,,,fraction,missing,0,Dying_Cyrus_-_SOCB_V7__furnished_.xlsx,19,M
rupali_bank_plc,1,ASSET QUALITY,NPL % (gross),npl_pct_gross,%,1983,,,,fraction,missing,0,Dying_Cyrus_-_SOCB_V7__furnished_.xlsx,19,N
rupali_bank_plc,1,ASSET QUALITY,NPL % (gross),npl_pct_gross,%,1984,,,,fraction,missing,0,Dying_Cyrus_-_SOCB_V7__furnished_.xlsx,19,O
rupali_bank_plc,1,ASSET QUALITY,NPL % (gross),npl_pct_gross,%,1985,,,,fraction,missing,0,Dying_Cyrus_-_SOCB_V7__furnished_.xlsx,19,P
rupali_bank_plc,1,ASSET QUALITY,NPL % (gross),npl_pct_gross,%,1986,,,,fraction,missing,0,Dying_Cyrus_-_SOCB_V7__furnished_.xlsx,19,Q
rupali_bank_plc,1,ASSET QUALITY,NPL % (gross),npl_pct_gross,%,1987,,,,fraction,missing,0,Dying_Cyrus_-_SOCB_V7__furnished_.xlsx,19,R
rupali_bank_plc,1,ASSET QUALITY,NPL % (gross),npl_pct_gross,%,1988,,,,fraction,missing,0,Dying_Cyrus_-_SOCB_V7__furnished_.xlsx,19,S
rupali_bank_plc,1,ASSET QUALITY,NPL % (gross),npl_pct_gross,%,1989,,,,fraction,missing,0,Dying_Cyrus_-_SOCB_V7__furnished_.xlsx,19,T
rupali_bank_plc,1,ASSET QUALITY,NPL % (gross),npl_pct_gross,%,1990,,,,fraction,missing,0,Dying_Cyrus_-_SOCB_V7__furnished_.xlsx,19,U
rupali_bank_plc,1,ASSET QUALITY,NPL % (gross),npl_pct_gross,%,1991,,,,fraction,missing,0,Dying_Cyrus_-_SOCB_V7__furnished_.xlsx,19,V
rupali_bank_plc,1,ASSET QUALITY,NPL % (gross),npl_pct_gross,%,1992,,,,fraction,missing,0,Dying_Cyrus_-_SOCB_V7__furnished_.xlsx,19,W
rupali_bank_plc,1,ASSET QUALITY,NPL % (gross),npl_pct_gross,%,1993,,,,fraction,missing,0,Dying_Cyrus_-_SOCB_V7__furnished_.xlsx,19,X
rupali_bank_plc,1,ASSET QUALITY,NPL % (gross),npl_pct_gross,%,1994,,,,fraction,missing,0,Dying_Cyrus_-_SOCB_V7__furnished_.xlsx,19,Y
rupali_bank_plc,1,ASSET QUALITY,NPL % (gross),npl_pct_gross,%,1995,,,,fraction,missing,0,Dying_Cyrus_-_SOCB_V7__furnished_.xlsx,19,Z
rupali_bank_plc,1,ASSET QUALITY,NPL % (gross),npl_pct_gross,%,1996,,,,fraction,missing,0,Dying_Cyrus_-_SOCB_V7__furnished_.xlsx,19,AA
rupali_bank_plc,1,ASSET QUALITY,NPL % (gross),npl_pct_gross,%,1997,,,,fraction,missing,0,Dying_Cyrus_-_SOCB_V7__furnished_.xlsx,19,AB
rupali_bank_plc,1,ASSET QUALITY,NPL % (gross),npl_pct_gross,%,1998,,,,fraction,missing,0,Dying_Cyrus_-_SOCB_V7__furnished_.xlsx,19,AC
rupali_bank_plc,1,ASSET QUALITY,NPL % (gross),npl_pct_gross,%,1999,,,,fraction,missing,0,Dying_Cyrus_-_SOCB_V7__furnished_.xlsx,19,AD
rupali_bank_plc,1,ASSET QUALITY,NPL % (gross),npl_pct_gross,%,2000,,,,fraction,missing,0,Dying_Cyrus_-_SOCB_V7__furnished_.xlsx,19,AE
rupali_bank_plc,1,ASSET QUALITY,NPL % (gross),npl_pct_gross,%,2001,,,,fraction,missing,0,Dying_Cyrus_-_SOCB_V7__furnished_.xlsx,19,AF
rupali_bank_plc,1,ASSET QUALITY,NPL % (gross),npl_pct_gross,%,2002,,,,fraction,missing,0,Dying_Cyrus_-_SOCB_V7__furnished_.xlsx,19,AG
rupali_bank_plc,1,ASSET QUALITY,NPL % (gross),npl_pct_gross,%,2003,,,,fraction,missing,0,Dying_Cyrus_-_SOCB_V7__furnished_.xlsx,19,AH
rupali_bank_plc,1,ASSET QUALITY,NPL % (gross),npl_pct_gross,%,2004,,,,fraction,missing,0,Dying_Cyrus_-_SOCB_V7__furnished_.xlsx,19,AI
rupali_bank_plc,1,ASSET QUALITY,NPL % (gross),npl_pct_gross,%,2005,,,,fraction,missing,0,Dying_Cyrus_-_SOCB_V7__furnished_.xlsx,19,AJ
rupali_bank_plc,1,ASSET QUALITY,NPL % (gross),npl_pct_gross,%,2006,,,,fraction,missing,0,Dying_Cyrus_-_SOCB_V7__furnished_.xlsx,19,AK
rupali_bank_plc,1,ASSET QUALITY,NPL % (gross),npl_pct_gross,%,2007,,,,fraction,missing,0,Dying_Cyrus_-_SOCB_V7__furnished_.xlsx,19,AL
rupali_bank_plc,1,ASSET QUALITY,NPL % (gross),npl_pct_gross,%,2008,,,,fraction,missing,0,Dying_Cyrus_-_SOCB_V7__furnished_.xlsx,19,AM
rupali_bank_plc,1,ASSET QUALITY,NPL % (gross),npl_pct_gross,%,2009,,,,fraction,missing,0,Dying_Cyrus_-_SOCB_V7__furnished_.xlsx,19,AN
rupali_bank_plc,1,ASSET QUALITY,NPL % (gross),npl_pct_gross,%,2010,,,,fraction,missing,0,Dying_Cyrus_-_SOCB_V7__furnished_.xlsx,19,AO
rupali_bank_plc,1,ASSET QUALITY,NPL % (gross),npl_pct_gross,%,2011,,,,fraction,missing,0,Dying_Cyrus_-_SOCB_V7__furnished_.xlsx,19,AP
rupali_bank_plc,1,ASSET QUALITY,NPL % (gross),npl_pct_gross,%,2012,0.2496413347,0.2496413347,24.96413347,fraction,native_numeric,0,Dying_Cyrus_-_SOCB_V7__furnished_.xlsx,19,AQ
rupali_bank_plc,1,ASSET QUALITY,NPL % (gross),npl_pct_gross,%,2013,0.167487012,0.167487012,16.7487012,fraction,native_numeric,0,Dying_Cyrus_-_SOCB_V7__furnished_.xlsx,19,AR
rupali_bank_plc,1,ASSET QUALITY,NPL % (gross),npl_pct_gross,%,2014,0.121542172,0.121542172,12.1542172,fraction,native_numeric,0,Dying_Cyrus_-_SOCB_V7__furnished_.xlsx,19,AS
rupali_bank_plc,1,ASSET QUALITY,NPL % (gross),npl_pct_gross,%,2015,0.1643169491,0.1643169491,16.43169491,fraction,native_numeric,0,Dying_Cyrus_-_SOCB_V7__furnished_.xlsx,19,AT
rupali_bank_plc,1,ASSET QUALITY,NPL % (gross),npl_pct_gross,%,2016,0.198963291,0.198963291,19.8963291,fraction,native_numeric,0,Dying_Cyrus_-_SOCB_V7__furnished_.xlsx,19,AU
rupali_bank_plc,1,ASSET QUALITY,NPL % (gross),npl_pct_gross,%,2017,0.2217059631,0.2217059631,22.170596309999997,fraction,native_numeric,0,Dying_Cyrus_-_SOCB_V7__furnished_.xlsx,19,AV
rupali_bank_plc,1,ASSET QUALITY,NPL % (gross),npl_pct_gross,%,2018,0.1789504329,0.1789504329,17.89504329,fraction,native_numeric,0,Dying_Cyrus_-_SOCB_V7__furnished_.xlsx,19,AW
rupali_bank_plc,1,ASSET QUALITY,NPL % (gross),npl_pct_gross,%,2019,,,,fraction,missing,0,Dying_Cyrus_-_SOCB_V7__furnished_.xlsx,19,AX
rupali_bank_plc,1,ASSET QUALITY,NPL % (gross),npl_pct_gross,%,2020,0.1179338145,0.1179338145,11.79338145,fraction,native_numeric,0,Dying_Cyrus_-_SOCB_V7__furnished_.xlsx,19,AY
rupali_bank_plc,1,ASSET QUALITY,NPL % (gross),npl_pct_gross,%,2021,0.1750498971,0.1750498971,17.50498971,fraction,native_numeric,0,Dying_Cyrus_-_SOCB_V7__furnished_.xlsx,19,AZ
rupali_bank_plc,1,ASSET QUALITY,NPL % (gross),npl_pct_gross,%,2022,0.2118683521,0.2118683521,21.186835209999998,fraction,native_numeric,0,Dying_Cyrus_-_SOCB_V7__furnished_.xlsx,19,BA
rupali_bank_plc,1,ASSET QUALITY,NPL % (gross),npl_pct_gross,%,2023,0.210296181,0.210296181,21.0296181,fraction,native_numeric,0,Dying_Cyrus_-_SOCB_V7__furnished_.xlsx,19,BB
rupali_bank_plc,1,ASSET QUALITY,NPL % (gross),npl_pct_gross,%,2024,0.4159892028,0.4159892028,41.59892028,fraction,native_numeric,0,Dying_Cyrus_-_SOCB_V7__furnished_.xlsx,19,BC
rupali_bank_plc,1,ASSET QUALITY,NPL % (gross),npl_pct_gross,%,2025,0.3905165481,0.3905165481,39.05165481,fraction,native_numeric,0,Dying_Cyrus_-_SOCB_V7__furnished_.xlsx,19,BD
rupali_bank_plc,1,ASSET QUALITY,NPL % (gross),npl_pct_gross,%,2026,,,,fraction,missing,0,Dying_Cyrus_-_SOCB_V7__furnished_.xlsx,19,BE
rupali_bank_plc,1,ASSET QUALITY,NPL amount,npl_amount,Tk mn,1972,,,,,missing,0,Dying_Cyrus_-_SOCB_V7__furnished_.xlsx,20,C
rupali_bank_plc,1,ASSET QUALITY,NPL amount,npl_amount,Tk mn,1973,,,,,missing,0,Dying_Cyrus_-_SOCB_V7__furnished_.xlsx,20,D
rupali_bank_plc,1,ASSET QUALITY,NPL amount,npl_amount,Tk mn,1974,,,,,missing,0,Dying_Cyrus_-_SOCB_V7__furnished_.xlsx,20,E
rupali_bank_plc,1,ASSET QUALITY,NPL amount,npl_amount,Tk mn,1975,,,,,missing,0,Dying_Cyrus_-_SOCB_V7__furnished_.xlsx,20,F
rupali_bank_plc,1,ASSET QUALITY,NPL amount,npl_amount,Tk mn,1976,,,,,missing,0,Dying_Cyrus_-_SOCB_V7__furnished_.xlsx,20,G
rupali_bank_plc,1,ASSET QUALITY,NPL amount,npl_amount,Tk mn,1977,,,,,missing,0,Dying_Cyrus_-_SOCB_V7__furnished_.xlsx,20,H
rupali_bank_plc,1,ASSET QUALITY,NPL amount,npl_amount,Tk mn,1978,,,,,missing,0,Dying_Cyrus_-_SOCB_V7__furnished_.xlsx,20,I
rupali_bank_plc,1,ASSET QUALITY,NPL amount,npl_amount,Tk mn,1979,,,,,missing,0,Dying_Cyrus_-_SOCB_V7__furnished_.xlsx,20,J
rupali_bank_plc,1,ASSET QUALITY,NPL amount,npl_amount,Tk mn,1980,,,,,missing,0,Dying_Cyrus_-_SOCB_V7__furnished_.xlsx,20,K
rupali_bank_plc,1,ASSET QUALITY,NPL amount,npl_amount,Tk mn,1981,,,,,missing,0,Dying_Cyrus_-_SOCB_V7__furnished_.xlsx,20,L
rupali_bank_plc,1,ASSET QUALITY,NPL amount,npl_amount,Tk mn,1982,,,,,missing,0,Dying_Cyrus_-_SOCB_V7__furnished_.xlsx,20,M
rupali_bank_plc,1,ASSET QUALITY,NPL amount,npl_amount,Tk mn,1983,,,,,missing,0,Dying_Cyrus_-_SOCB_V7__furnished_.xlsx,20,N
rupali_bank_plc,1,ASSET QUALITY,NPL amount,npl_amount,Tk mn,1984,,,,,missing,0,Dying_Cyrus_-_SOCB_V7__furnished_.xlsx,20,O
rupali_bank_plc,1,ASSET QUALITY,NPL amount,npl_amount,Tk mn,1985,,,,,missing,0,Dying_Cyrus_-_SOCB_V7__furnished_.xlsx,20,P
rupali_bank_plc,1,ASSET QUALITY,NPL amount,npl_amount,Tk mn,1986,,,,,missing,0,Dying_Cyrus_-_SOCB_V7__furnished_.xlsx,20,Q
rupali_bank_plc,1,ASSET QUALITY,NPL amount,npl_amount,Tk mn,1987,,,,,missing,0,Dying_Cyrus_-_SOCB_V7__furnished_.xlsx,20,R
rupali_bank_plc,1,ASSET QUALITY,NPL amount,npl_amount,Tk mn,1988,,,,,missing,0,Dying_Cyrus_-_SOCB_V7__furnished_.xlsx,20,S
rupali_bank_plc,1,ASSET QUALITY,NPL amount,npl_amount,Tk mn,1989,,,,,missing,0,Dying_Cyrus_-_SOCB_V7__furnished_.xlsx,20,T
rupali_bank_plc,1,ASSET QUALITY,NPL amount,npl_amount,Tk mn,1990,,,,,missing,0,Dying_Cyrus_-_SOCB_V7__furnished_.xlsx,20,U
rupali_bank_plc,1,ASSET QUALITY,NPL amount,npl_amount,Tk mn,1991,,,,,missing,0,Dying_Cyrus_-_SOCB_V7__furnished_.xlsx,20,V
rupali_bank_plc,1,ASSET QUALITY,NPL amount,npl_amount,Tk mn,1992,,,,,missing,0,Dying_Cyrus_-_SOCB_V7__furnished_.xlsx,20,W
rupali_bank_plc,1,ASSET QUALITY,NPL amount,npl_amount,Tk mn,1993,,,,,missing,0,Dying_Cyrus_-_SOCB_V7__furnished_.xlsx,20,X
rupali_bank_plc,1,ASSET QUALITY,NPL amount,npl_amount,Tk mn,1994,,,,,missing,0,Dying_Cyrus_-_SOCB_V7__furnished_.xlsx,20,Y
rupali_bank_plc,1,ASSET QUALITY,NPL amount,npl_amount,Tk mn,1995,,,,,missing,0,Dying_Cyrus_-_SOCB_V7__furnished_.xlsx,20,Z
rupali_bank_plc,1,ASSET QUALITY,NPL amount,npl_amount,Tk mn,1996,,,,,missing,0,Dying_Cyrus_-_SOCB_V7__furnished_.xlsx,20,AA
rupali_bank_plc,1,ASSET QUALITY,NPL amount,npl_amount,Tk mn,1997,,,,,missing,0,Dying_Cyrus_-_SOCB_V7__furnished_.xlsx,20,AB
rupali_bank_plc,1,ASSET QUALITY,NPL amount,npl_amount,Tk mn,1998,,,,,missing,0,Dying_Cyrus_-_SOCB_V7__furnished_.xlsx,20,AC
rupali_bank_plc,1,ASSET QUALITY,NPL amount,npl_amount,Tk mn,1999,,,,,missing,0,Dying_Cyrus_-_SOCB_V7__furnished_.xlsx,20,AD
rupali_bank_plc,1,ASSET QUALITY,NPL amount,npl_amount,Tk mn,2000,,,,,missing,0,Dying_Cyrus_-_SOCB_V7__furnished_.xlsx,20,AE
rupali_bank_plc,1,ASSET QUALITY,NPL amount,npl_amount,Tk mn,2001,,,,,missing,0,Dying_Cyrus_-_SOCB_V7__furnished_.xlsx,20,AF
rupali_bank_plc,1,ASSET QUALITY,NPL amount,npl_amount,Tk mn,2002,,,,,missing,0,Dying_Cyrus_-_SOCB_V7__furnished_.xlsx,20,AG
rupali_bank_plc,1,ASSET QUALITY,NPL amount,npl_amount,Tk mn,2003,,,,,missing,0,Dying_Cyrus_-_SOCB_V7__furnished_.xlsx,20,AH
rupali_bank_plc,1,ASSET QUALITY,NPL amount,npl_amount,Tk mn,2004,,,,,missing,0,Dying_Cyrus_-_SOCB_V7__furnished_.xlsx,20,AI
rupali_bank_plc,1,ASSET QUALITY,NPL amount,npl_amount,Tk mn,2005,,,,,missing,0,Dying_Cyrus_-_SOCB_V7__furnished_.xlsx,20,AJ
rupali_bank_plc,1,ASSET QUALITY,NPL amount,npl_amount,Tk mn,2006,,,,,missing,0,Dying_Cyrus_-_SOCB_V7__furnished_.xlsx,20,AK
rupali_bank_plc,1,ASSET QUALITY,NPL amount,npl_amount,Tk mn,2007,,,,,missing,0,Dying_Cyrus_-_SOCB_V7__furnished_.xlsx,20,AL
rupali_bank_plc,1,ASSET QUALITY,NPL amount,npl_amount,Tk mn,2008,,,,,missing,0,Dying_Cyrus_-_SOCB_V7__furnished_.xlsx,20,AM
rupali_bank_plc,1,ASSET QUALITY,NPL amount,npl_amount,Tk mn,2009,,,,,missing,0,Dying_Cyrus_-_SOCB_V7__furnished_.xlsx,20,AN
rupali_bank_plc,1,ASSET QUALITY,NPL amount,npl_amount,Tk mn,2010,,,,,missing,0,Dying_Cyrus_-_SOCB_V7__furnished_.xlsx,20,AO
rupali_bank_plc,1,ASSET QUALITY,NPL amount,npl_amount,Tk mn,2011,,,,,missing,0,Dying_Cyrus_-_SOCB_V7__furnished_.xlsx,20,AP
rupali_bank_plc,1,ASSET QUALITY,NPL amount,npl_amount,Tk mn,2012,22627.89,22627.89,,,native_numeric,0,Dying_Cyrus_-_SOCB_V7__furnished_.xlsx,20,AQ
rupali_bank_plc,1,ASSET QUALITY,NPL amount,npl_amount,Tk mn,2013,17992.51,17992.51,,,native_numeric,0,Dying_Cyrus_-_SOCB_V7__furnished_.xlsx,20,AR
rupali_bank_plc,1,ASSET QUALITY,NPL amount,npl_amount,Tk mn,2014,15194.23,15194.23,,,native_numeric,0,Dying_Cyrus_-_SOCB_V7__furnished_.xlsx,20,AS
rupali_bank_plc,1,ASSET QUALITY,NPL amount,npl_amount,Tk mn,2015,23417.63,23417.63,,,native_numeric,0,Dying_Cyrus_-_SOCB_V7__furnished_.xlsx,20,AT
rupali_bank_plc,1,ASSET QUALITY,NPL amount,npl_amount,Tk mn,2016,34848.5,34848.5,,,native_numeric,0,Dying_Cyrus_-_SOCB_V7__furnished_.xlsx,20,AU
rupali_bank_plc,1,ASSET QUALITY,NPL amount,npl_amount,Tk mn,2017,45820.57,45820.57,,,native_numeric,0,Dying_Cyrus_-_SOCB_V7__furnished_.xlsx,20,AV
rupali_bank_plc,1,ASSET QUALITY,NPL amount,npl_amount,Tk mn,2018,44288.55,44288.55,,,native_numeric,0,Dying_Cyrus_-_SOCB_V7__furnished_.xlsx,20,AW
rupali_bank_plc,1,ASSET QUALITY,NPL amount,npl_amount,Tk mn,2019,,,,,missing,0,Dying_Cyrus_-_SOCB_V7__furnished_.xlsx,20,AX
rupali_bank_plc,1,ASSET QUALITY,NPL amount,npl_amount,Tk mn,2020,39724.26,39724.26,,,native_numeric,0,Dying_Cyrus_-_SOCB_V7__furnished_.xlsx,20,AY
rupali_bank_plc,1,ASSET QUALITY,NPL amount,npl_amount,Tk mn,2021,66664.9,66664.9,,,native_numeric,0,Dying_Cyrus_-_SOCB_V7__furnished_.xlsx,20,AZ
rupali_bank_plc,1,ASSET QUALITY,NPL amount,npl_amount,Tk mn,2022,92247.65,92247.65,,,native_numeric,0,Dying_Cyrus_-_SOCB_V7__furnished_.xlsx,20,BA
rupali_bank_plc,1,ASSET QUALITY,NPL amount,npl_amount,Tk mn,2023,100437.7,100437.7,,,native_numeric,0,Dying_Cyrus_-_SOCB_V7__furnished_.xlsx,20,BB
rupali_bank_plc,1,ASSET QUALITY,NPL amount,npl_amount,Tk mn,2024,213578.1,213578.1,,,native_numeric,0,Dying_Cyrus_-_SOCB_V7__furnished_.xlsx,20,BC
rupali_bank_plc,1,ASSET QUALITY,NPL amount,npl_amount,Tk mn,2025,200150.31,200150.31,,,native_numeric,0,Dying_Cyrus_-_SOCB_V7__furnished_.xlsx,20,BD
rupali_bank_plc,1,ASSET QUALITY,NPL amount,npl_amount,Tk mn,2026,,,,,missing,0,Dying_Cyrus_-_SOCB_V7__furnished_.xlsx,20,BE
rupali_bank_plc,1,ASSET QUALITY,Provision Coverage %,provision_coverage_pct,%,1972,,,,fraction_inferred,missing,0,Dying_Cyrus_-_SOCB_V7__furnished_.xlsx,21,C
rupali_bank_plc,1,ASSET QUALITY,Provision Coverage %,provision_coverage_pct,%,1973,,,,fraction_inferred,missing,0,Dying_Cyrus_-_SOCB_V7__furnished_.xlsx,21,D
rupali_bank_plc,1,ASSET QUALITY,Provision Coverage %,provision_coverage_pct,%,1974,,,,fraction_inferred,missing,0,Dying_Cyrus_-_SOCB_V7__furnished_.xlsx,21,E
rupali_bank_plc,1,ASSET QUALITY,Provision Coverage %,provision_coverage_pct,%,1975,,,,fraction_inferred,missing,0,Dying_Cyrus_-_SOCB_V7__furnished_.xlsx,21,F
rupali_bank_plc,1,ASSET QUALITY,Provision Coverage %,provision_coverage_pct,%,1976,,,,fraction_inferred,missing,0,Dying_Cyrus_-_SOCB_V7__furnished_.xlsx,21,G
rupali_bank_plc,1,ASSET QUALITY,Provision Coverage %,provision_coverage_pct,%,1977,,,,fraction_inferred,missing,0,Dying_Cyrus_-_SOCB_V7__furnished_.xlsx,21,H
rupali_bank_plc,1,ASSET QUALITY,Provision Coverage %,provision_coverage_pct,%,1978,,,,fraction_inferred,missing,0,Dying_Cyrus_-_SOCB_V7__furnished_.xlsx,21,I
rupali_bank_plc,1,ASSET QUALITY,Provision Coverage %,provision_coverage_pct,%,1979,,,,fraction_inferred,missing,0,Dying_Cyrus_-_SOCB_V7__furnished_.xlsx,21,J
rupali_bank_plc,1,ASSET QUALITY,Provision Coverage %,provision_coverage_pct,%,1980,,,,fraction_inferred,missing,0,Dying_Cyrus_-_SOCB_V7__furnished_.xlsx,21,K
rupali_bank_plc,1,ASSET QUALITY,Provision Coverage %,provision_coverage_pct,%,1981,,,,fraction_inferred,missing,0,Dying_Cyrus_-_SOCB_V7__furnished_.xlsx,21,L
rupali_bank_plc,1,ASSET QUALITY,Provision Coverage %,provision_coverage_pct,%,1982,,,,fraction_inferred,missing,0,Dying_Cyrus_-_SOCB_V7__furnished_.xlsx,21,M
rupali_bank_plc,1,ASSET QUALITY,Provision Coverage %,provision_coverage_pct,%,1983,,,,fraction_inferred,missing,0,Dying_Cyrus_-_SOCB_V7__furnished_.xlsx,21,N
rupali_bank_plc,1,ASSET QUALITY,Provision Coverage %,provision_coverage_pct,%,1984,,,,fraction_inferred,missing,0,Dying_Cyrus_-_SOCB_V7__furnished_.xlsx,21,O
rupali_bank_plc,1,ASSET QUALITY,Provision Coverage %,provision_coverage_pct,%,1985,,,,fraction_inferred,missing,0,Dying_Cyrus_-_SOCB_V7__furnished_.xlsx,21,P
rupali_bank_plc,1,ASSET QUALITY,Provision Coverage %,provision_coverage_pct,%,1986,,,,fraction_inferred,missing,0,Dying_Cyrus_-_SOCB_V7__furnished_.xlsx,21,Q
rupali_bank_plc,1,ASSET QUALITY,Provision Coverage %,provision_coverage_pct,%,1987,,,,fraction_inferred,missing,0,Dying_Cyrus_-_SOCB_V7__furnished_.xlsx,21,R
rupali_bank_plc,1,ASSET QUALITY,Provision Coverage %,provision_coverage_pct,%,1988,,,,fraction_inferred,missing,0,Dying_Cyrus_-_SOCB_V7__furnished_.xlsx,21,S
rupali_bank_plc,1,ASSET QUALITY,Provision Coverage %,provision_coverage_pct,%,1989,,,,fraction_inferred,missing,0,Dying_Cyrus_-_SOCB_V7__furnished_.xlsx,21,T
rupali_bank_plc,1,ASSET QUALITY,Provision Coverage %,provision_coverage_pct,%,1990,,,,fraction_inferred,missing,0,Dying_Cyrus_-_SOCB_V7__furnished_.xlsx,21,U
rupali_bank_plc,1,ASSET QUALITY,Provision Coverage %,provision_coverage_pct,%,1991,,,,fraction_inferred,missing,0,Dying_Cyrus_-_SOCB_V7__furnished_.xlsx,21,V
rupali_bank_plc,1,ASSET QUALITY,Provision Coverage %,provision_coverage_pct,%,1992,,,,fraction_inferred,missing,0,Dying_Cyrus_-_SOCB_V7__furnished_.xlsx,21,W
rupali_bank_plc,1,ASSET QUALITY,Provision Coverage %,provision_coverage_pct,%,1993,,,,fraction_inferred,missing,0,Dying_Cyrus_-_SOCB_V7__furnished_.xlsx,21,X
rupali_bank_plc,1,ASSET QUALITY,Provision Coverage %,provision_coverage_pct,%,1994,,,,fraction_inferred,missing,0,Dying_Cyrus_-_SOCB_V7__furnished_.xlsx,21,Y
rupali_bank_plc,1,ASSET QUALITY,Provision Coverage %,provision_coverage_pct,%,1995,,,,fraction_inferred,missing,0,Dying_Cyrus_-_SOCB_V7__furnished_.xlsx,21,Z
rupali_bank_plc,1,ASSET QUALITY,Provision Coverage %,provision_coverage_pct,%,1996,,,,fraction_inferred,missing,0,Dying_Cyrus_-_SOCB_V7__furnished_.xlsx,21,AA
rupali_bank_plc,1,ASSET QUALITY,Provision Coverage %,provision_coverage_pct,%,1997,,,,fraction_inferred,missing,0,Dying_Cyrus_-_SOCB_V7__furnished_.xlsx,21,AB
rupali_bank_plc,1,ASSET QUALITY,Provision Coverage %,provision_coverage_pct,%,1998,,,,fraction_inferred,missing,0,Dying_Cyrus_-_SOCB_V7__furnished_.xlsx,21,AC
rupali_bank_plc,1,ASSET QUALITY,Provision Coverage %,provision_coverage_pct,%,1999,,,,fraction_inferred,missing,0,Dying_Cyrus_-_SOCB_V7__furnished_.xlsx,21,AD
rupali_bank_plc,1,ASSET QUALITY,Provision Coverage %,provision_coverage_pct,%,2000,,,,fraction_inferred,missing,0,Dying_Cyrus_-_SOCB_V7__furnished_.xlsx,21,AE
rupali_bank_plc,1,ASSET QUALITY,Provision Coverage %,provision_coverage_pct,%,2001,,,,fraction_inferred,missing,0,Dying_Cyrus_-_SOCB_V7__furnished_.xlsx,21,AF
rupali_bank_plc,1,ASSET QUALITY,Provision Coverage %,provision_coverage_pct,%,2002,,,,fraction_inferred,missing,0,Dying_Cyrus_-_SOCB_V7__furnished_.xlsx,21,AG
rupali_bank_plc,1,ASSET QUALITY,Provision Coverage %,provision_coverage_pct,%,2003,,,,fraction_inferred,missing,0,Dying_Cyrus_-_SOCB_V7__furnished_.xlsx,21,AH
rupali_bank_plc,1,ASSET QUALITY,Provision Coverage %,provision_coverage_pct,%,2004,,,,fraction_inferred,missing,0,Dying_Cyrus_-_SOCB_V7__furnished_.xlsx,21,AI
rupali_bank_plc,1,ASSET QUALITY,Provision Coverage %,provision_coverage_pct,%,2005,,,,fraction_inferred,missing,0,Dying_Cyrus_-_SOCB_V7__furnished_.xlsx,21,AJ
rupali_bank_plc,1,ASSET QUALITY,Provision Coverage %,provision_coverage_pct,%,2006,,,,fraction_inferred,missing,0,Dying_Cyrus_-_SOCB_V7__furnished_.xlsx,21,AK
rupali_bank_plc,1,ASSET QUALITY,Provision Coverage %,provision_coverage_pct,%,2007,,,,fraction_inferred,missing,0,Dying_Cyrus_-_SOCB_V7__furnished_.xlsx,21,AL
rupali_bank_plc,1,ASSET QUALITY,Provision Coverage %,provision_coverage_pct,%,2008,,,,fraction_inferred,missing,0,Dying_Cyrus_-_SOCB_V7__furnished_.xlsx,21,AM
rupali_bank_plc,1,ASSET QUALITY,Provision Coverage %,provision_coverage_pct,%,2009,,,,fraction_inferred,missing,0,Dying_Cyrus_-_SOCB_V7__furnished_.xlsx,21,AN
rupali_bank_plc,1,ASSET QUALITY,Provision Coverage %,provision_coverage_pct,%,2010,,,,fraction_inferred,missing,0,Dying_Cyrus_-_SOCB_V7__furnished_.xlsx,21,AO
rupali_bank_plc,1,ASSET QUALITY,Provision Coverage %,provision_coverage_pct,%,2011,,,,fraction_inferred,missing,0,Dying_Cyrus_-_SOCB_V7__furnished_.xlsx,21,AP
rupali_bank_plc,1,ASSET QUALITY,Provision Coverage %,provision_coverage_pct,%,2012,0.2813983098,0.2813983098,28.139830980000003,fraction_inferred,native_numeric,0,Dying_Cyrus_-_SOCB_V7__furnished_.xlsx,21,AQ
rupali_bank_plc,1,ASSET QUALITY,Provision Coverage %,provision_coverage_pct,%,2013,0.3834495576,0.3834495576,38.34495576,fraction_inferred,native_numeric,0,Dying_Cyrus_-_SOCB_V7__furnished_.xlsx,21,AR
rupali_bank_plc,1,ASSET QUALITY,Provision Coverage %,provision_coverage_pct,%,2014,0.5778239503,0.5778239503,57.78239503,fraction_inferred,native_numeric,0,Dying_Cyrus_-_SOCB_V7__furnished_.xlsx,21,AS
rupali_bank_plc,1,ASSET QUALITY,Provision Coverage %,provision_coverage_pct,%,2015,0.4079247131,0.4079247131,40.79247131,fraction_inferred,native_numeric,0,Dying_Cyrus_-_SOCB_V7__furnished_.xlsx,21,AT
rupali_bank_plc,1,ASSET QUALITY,Provision Coverage %,provision_coverage_pct,%,2016,0.2873136577,0.2873136577,28.73136577,fraction_inferred,native_numeric,0,Dying_Cyrus_-_SOCB_V7__furnished_.xlsx,21,AU
rupali_bank_plc,1,ASSET QUALITY,Provision Coverage %,provision_coverage_pct,%,2017,0.2837670941,0.2837670941,28.37670941,fraction_inferred,native_numeric,0,Dying_Cyrus_-_SOCB_V7__furnished_.xlsx,21,AV
rupali_bank_plc,1,ASSET QUALITY,Provision Coverage %,provision_coverage_pct,%,2018,0.3292871408,0.3292871408,32.92871408,fraction_inferred,native_numeric,0,Dying_Cyrus_-_SOCB_V7__furnished_.xlsx,21,AW
rupali_bank_plc,1,ASSET QUALITY,Provision Coverage %,provision_coverage_pct,%,2019,,,,fraction_inferred,missing,0,Dying_Cyrus_-_SOCB_V7__furnished_.xlsx,21,AX
rupali_bank_plc,1,ASSET QUALITY,Provision Coverage %,provision_coverage_pct,%,2020,,,,fraction_inferred,missing,0,Dying_Cyrus_-_SOCB_V7__furnished_.xlsx,21,AY
rupali_bank_plc,1,ASSET QUALITY,Provision Coverage %,provision_coverage_pct,%,2021,0.2503104332,0.2503104332,25.031043320000002,fraction_inferred,native_numeric,0,Dying_Cyrus_-_SOCB_V7__furnished_.xlsx,21,AZ
rupali_bank_plc,1,ASSET QUALITY,Provision Coverage %,provision_coverage_pct,%,2022,0.1825003672,0.1825003672,18.25003672,fraction_inferred,native_numeric,0,Dying_Cyrus_-_SOCB_V7__furnished_.xlsx,21,BA
rupali_bank_plc,1,ASSET QUALITY,Provision Coverage %,provision_coverage_pct,%,2023,0.1984787585,0.1984787585,19.847875849999998,fraction_inferred,native_numeric,0,Dying_Cyrus_-_SOCB_V7__furnished_.xlsx,21,BB
rupali_bank_plc,1,ASSET QUALITY,Provision Coverage %,provision_coverage_pct,%,2024,0.08485322231,0.08485322231,8.485322231,fraction_inferred,native_numeric,0,Dying_Cyrus_-_SOCB_V7__furnished_.xlsx,21,BC
rupali_bank_plc,1,ASSET QUALITY,Provision Coverage %,provision_coverage_pct,%,2025,0.09053640736,0.09053640736,9.053640736,fraction_inferred,native_numeric,0,Dying_Cyrus_-_SOCB_V7__furnished_.xlsx,21,BD
rupali_bank_plc,1,ASSET QUALITY,Provision Coverage %,provision_coverage_pct,%,2026,,,,fraction_inferred,missing,0,Dying_Cyrus_-_SOCB_V7__furnished_.xlsx,21,BE
rupali_bank_plc,1,ASSET QUALITY,Loan-Deposit Ratio %,loan_deposit_ratio_pct,%,1972,0.8445653914,0.8445653914,84.45653914,fraction,native_numeric,0,Dying_Cyrus_-_SOCB_V7__furnished_.xlsx,22,C
rupali_bank_plc,1,ASSET QUALITY,Loan-Deposit Ratio %,loan_deposit_ratio_pct,%,1973,0.7467481934,0.7467481934,74.67481934,fraction,native_numeric,0,Dying_Cyrus_-_SOCB_V7__furnished_.xlsx,22,D
rupali_bank_plc,1,ASSET QUALITY,Loan-Deposit Ratio %,loan_deposit_ratio_pct,%,1974,0.6912337354,0.6912337354,69.12337354,fraction,native_numeric,0,Dying_Cyrus_-_SOCB_V7__furnished_.xlsx,22,E
rupali_bank_plc,1,ASSET QUALITY,Loan-Deposit Ratio %,loan_deposit_ratio_pct,%,1975,0.7358558559,0.7358558559,73.58558559000001,fraction,native_numeric,0,Dying_Cyrus_-_SOCB_V7__furnished_.xlsx,22,F
rupali_bank_plc,1,ASSET QUALITY,Loan-Deposit Ratio %,loan_deposit_ratio_pct,%,1976,0.7212883071,0.7212883071,72.12883071,fraction,native_numeric,0,Dying_Cyrus_-_SOCB_V7__furnished_.xlsx,22,G
rupali_bank_plc,1,ASSET QUALITY,Loan-Deposit Ratio %,loan_deposit_ratio_pct,%,1977,0.6991041433,0.6991041433,69.91041433000001,fraction,native_numeric,0,Dying_Cyrus_-_SOCB_V7__furnished_.xlsx,22,H
rupali_bank_plc,1,ASSET QUALITY,Loan-Deposit Ratio %,loan_deposit_ratio_pct,%,1978,0.7042477173,0.7042477173,70.42477173,fraction,native_numeric,0,Dying_Cyrus_-_SOCB_V7__furnished_.xlsx,22,I
rupali_bank_plc,1,ASSET QUALITY,Loan-Deposit Ratio %,loan_deposit_ratio_pct,%,1979,0.7667821268,0.7667821268,76.67821268,fraction,native_numeric,0,Dying_Cyrus_-_SOCB_V7__furnished_.xlsx,22,J
rupali_bank_plc,1,ASSET QUALITY,Loan-Deposit Ratio %,loan_deposit_ratio_pct,%,1980,0.7963278652,0.7963278652,79.63278652,fraction,native_numeric,0,Dying_Cyrus_-_SOCB_V7__furnished_.xlsx,22,K
rupali_bank_plc,1,ASSET QUALITY,Loan-Deposit Ratio %,loan_deposit_ratio_pct,%,1981,0.8209300571,0.8209300571,82.09300571,fraction,native_numeric,0,Dying_Cyrus_-_SOCB_V7__furnished_.xlsx,22,L
rupali_bank_plc,1,ASSET QUALITY,Loan-Deposit Ratio %,loan_deposit_ratio_pct,%,1982,0.7456136484,0.7456136484,74.56136484,fraction,native_numeric,0,Dying_Cyrus_-_SOCB_V7__furnished_.xlsx,22,M
rupali_bank_plc,1,ASSET QUALITY,Loan-Deposit Ratio %,loan_deposit_ratio_pct,%,1983,0.6535060466,0.6535060466,65.35060466,fraction,native_numeric,0,Dying_Cyrus_-_SOCB_V7__furnished_.xlsx,22,N
rupali_bank_plc,1,ASSET QUALITY,Loan-Deposit Ratio %,loan_deposit_ratio_pct,%,1984,1.355792933,1.355792933,135.57929330000002,fraction,native_numeric,0,Dying_Cyrus_-_SOCB_V7__furnished_.xlsx,22,O
rupali_bank_plc,1,ASSET QUALITY,Loan-Deposit Ratio %,loan_deposit_ratio_pct,%,1985,0.7259592048,0.7259592048,72.59592048,fraction,native_numeric,0,Dying_Cyrus_-_SOCB_V7__furnished_.xlsx,22,P
rupali_bank_plc,1,ASSET QUALITY,Loan-Deposit Ratio %,loan_deposit_ratio_pct,%,1986,0.6578552633,0.6578552633,65.78552633,fraction,native_numeric,0,Dying_Cyrus_-_SOCB_V7__furnished_.xlsx,22,Q
rupali_bank_plc,1,ASSET QUALITY,Loan-Deposit Ratio %,loan_deposit_ratio_pct,%,1987,0.6652299784,0.6652299784,66.52299784,fraction,native_numeric,0,Dying_Cyrus_-_SOCB_V7__furnished_.xlsx,22,R
rupali_bank_plc,1,ASSET QUALITY,Loan-Deposit Ratio %,loan_deposit_ratio_pct,%,1988,0.6770524038,0.6770524038,67.70524037999999,fraction,native_numeric,0,Dying_Cyrus_-_SOCB_V7__furnished_.xlsx,22,S
rupali_bank_plc,1,ASSET QUALITY,Loan-Deposit Ratio %,loan_deposit_ratio_pct,%,1989,0.7335513023,0.7335513023,73.35513023,fraction,native_numeric,0,Dying_Cyrus_-_SOCB_V7__furnished_.xlsx,22,T
rupali_bank_plc,1,ASSET QUALITY,Loan-Deposit Ratio %,loan_deposit_ratio_pct,%,1990,0.6539370891,0.6539370891,65.39370891,fraction,native_numeric,0,Dying_Cyrus_-_SOCB_V7__furnished_.xlsx,22,U
rupali_bank_plc,1,ASSET QUALITY,Loan-Deposit Ratio %,loan_deposit_ratio_pct,%,1991,0.6121578759,0.6121578759,61.215787590000005,fraction,native_numeric,0,Dying_Cyrus_-_SOCB_V7__furnished_.xlsx,22,V
rupali_bank_plc,1,ASSET QUALITY,Loan-Deposit Ratio %,loan_deposit_ratio_pct,%,1992,0.5342542261,0.5342542261,53.42542261,fraction,native_numeric,0,Dying_Cyrus_-_SOCB_V7__furnished_.xlsx,22,W
rupali_bank_plc,1,ASSET QUALITY,Loan-Deposit Ratio %,loan_deposit_ratio_pct,%,1993,0.5653420913,0.5653420913,56.53420913,fraction,native_numeric,0,Dying_Cyrus_-_SOCB_V7__furnished_.xlsx,22,X
rupali_bank_plc,1,ASSET QUALITY,Loan-Deposit Ratio %,loan_deposit_ratio_pct,%,1994,0.5529696849,0.5529696849,55.29696849,fraction,native_numeric,0,Dying_Cyrus_-_SOCB_V7__furnished_.xlsx,22,Y
rupali_bank_plc,1,ASSET QUALITY,Loan-Deposit Ratio %,loan_deposit_ratio_pct,%,1995,0.5313874114,0.5313874114,53.13874114,fraction,native_numeric,0,Dying_Cyrus_-_SOCB_V7__furnished_.xlsx,22,Z
rupali_bank_plc,1,ASSET QUALITY,Loan-Deposit Ratio %,loan_deposit_ratio_pct,%,1996,0.5336665958,0.5336665958,53.36665958,fraction,native_numeric,0,Dying_Cyrus_-_SOCB_V7__furnished_.xlsx,22,AA
rupali_bank_plc,1,ASSET QUALITY,Loan-Deposit Ratio %,loan_deposit_ratio_pct,%,1997,,,,fraction,missing,0,Dying_Cyrus_-_SOCB_V7__furnished_.xlsx,22,AB
rupali_bank_plc,1,ASSET QUALITY,Loan-Deposit Ratio %,loan_deposit_ratio_pct,%,1998,,,,fraction,missing,0,Dying_Cyrus_-_SOCB_V7__furnished_.xlsx,22,AC
rupali_bank_plc,1,ASSET QUALITY,Loan-Deposit Ratio %,loan_deposit_ratio_pct,%,1999,,,,fraction,missing,0,Dying_Cyrus_-_SOCB_V7__furnished_.xlsx,22,AD
rupali_bank_plc,1,ASSET QUALITY,Loan-Deposit Ratio %,loan_deposit_ratio_pct,%,2000,,,,fraction,missing,0,Dying_Cyrus_-_SOCB_V7__furnished_.xlsx,22,AE
rupali_bank_plc,1,ASSET QUALITY,Loan-Deposit Ratio %,loan_deposit_ratio_pct,%,2001,,,,fraction,missing,0,Dying_Cyrus_-_SOCB_V7__furnished_.xlsx,22,AF
rupali_bank_plc,1,ASSET QUALITY,Loan-Deposit Ratio %,loan_deposit_ratio_pct,%,2002,,,,fraction,missing,0,Dying_Cyrus_-_SOCB_V7__furnished_.xlsx,22,AG
rupali_bank_plc,1,ASSET QUALITY,Loan-Deposit Ratio %,loan_deposit_ratio_pct,%,2003,,,,fraction,missing,0,Dying_Cyrus_-_SOCB_V7__furnished_.xlsx,22,AH
rupali_bank_plc,1,ASSET QUALITY,Loan-Deposit Ratio %,loan_deposit_ratio_pct,%,2004,,,,fraction,missing,0,Dying_Cyrus_-_SOCB_V7__furnished_.xlsx,22,AI
rupali_bank_plc,1,ASSET QUALITY,Loan-Deposit Ratio %,loan_deposit_ratio_pct,%,2005,,,,fraction,missing,0,Dying_Cyrus_-_SOCB_V7__furnished_.xlsx,22,AJ
rupali_bank_plc,1,ASSET QUALITY,Loan-Deposit Ratio %,loan_deposit_ratio_pct,%,2006,,,,fraction,missing,0,Dying_Cyrus_-_SOCB_V7__furnished_.xlsx,22,AK
rupali_bank_plc,1,ASSET QUALITY,Loan-Deposit Ratio %,loan_deposit_ratio_pct,%,2007,,,,fraction,missing,0,Dying_Cyrus_-_SOCB_V7__furnished_.xlsx,22,AL
rupali_bank_plc,1,ASSET QUALITY,Loan-Deposit Ratio %,loan_deposit_ratio_pct,%,2008,0.6976380194,0.6976380194,69.76380194000001,fraction,native_numeric,0,Dying_Cyrus_-_SOCB_V7__furnished_.xlsx,22,AM
rupali_bank_plc,1,ASSET QUALITY,Loan-Deposit Ratio %,loan_deposit_ratio_pct,%,2009,0.7092383278,0.7092383278,70.92383278,fraction,native_numeric,0,Dying_Cyrus_-_SOCB_V7__furnished_.xlsx,22,AN
rupali_bank_plc,1,ASSET QUALITY,Loan-Deposit Ratio %,loan_deposit_ratio_pct,%,2010,0.7248271033,0.7248271033,72.48271033,fraction,native_numeric,0,Dying_Cyrus_-_SOCB_V7__furnished_.xlsx,22,AO
rupali_bank_plc,1,ASSET QUALITY,Loan-Deposit Ratio %,loan_deposit_ratio_pct,%,2011,0.7136253427,0.7136253427,71.36253427,fraction,native_numeric,0,Dying_Cyrus_-_SOCB_V7__furnished_.xlsx,22,AP
rupali_bank_plc,1,ASSET QUALITY,Loan-Deposit Ratio %,loan_deposit_ratio_pct,%,2012,0.6635607341,0.6635607341,66.35607341000001,fraction,native_numeric,0,Dying_Cyrus_-_SOCB_V7__furnished_.xlsx,22,AQ
rupali_bank_plc,1,ASSET QUALITY,Loan-Deposit Ratio %,loan_deposit_ratio_pct,%,2013,0.603668439,0.603668439,60.3668439,fraction,native_numeric,0,Dying_Cyrus_-_SOCB_V7__furnished_.xlsx,22,AR
rupali_bank_plc,1,ASSET QUALITY,Loan-Deposit Ratio %,loan_deposit_ratio_pct,%,2014,0.5639890136,0.5639890136,56.398901359999996,fraction,native_numeric,0,Dying_Cyrus_-_SOCB_V7__furnished_.xlsx,22,AS
rupali_bank_plc,1,ASSET QUALITY,Loan-Deposit Ratio %,loan_deposit_ratio_pct,%,2015,0.5614593412,0.5614593412,56.14593411999999,fraction,native_numeric,0,Dying_Cyrus_-_SOCB_V7__furnished_.xlsx,22,AT
rupali_bank_plc,1,ASSET QUALITY,Loan-Deposit Ratio %,loan_deposit_ratio_pct,%,2016,0.6275183078,0.6275183078,62.75183077999999,fraction,native_numeric,0,Dying_Cyrus_-_SOCB_V7__furnished_.xlsx,22,AU
rupali_bank_plc,1,ASSET QUALITY,Loan-Deposit Ratio %,loan_deposit_ratio_pct,%,2017,0.6468880169,0.6468880169,64.68880168999999,fraction,native_numeric,0,Dying_Cyrus_-_SOCB_V7__furnished_.xlsx,22,AV
rupali_bank_plc,1,ASSET QUALITY,Loan-Deposit Ratio %,loan_deposit_ratio_pct,%,2018,0.6353251641,0.6353251641,63.53251640999999,fraction,native_numeric,0,Dying_Cyrus_-_SOCB_V7__furnished_.xlsx,22,AW
rupali_bank_plc,1,ASSET QUALITY,Loan-Deposit Ratio %,loan_deposit_ratio_pct,%,2019,0.7397636849,0.7397636849,73.97636849,fraction,native_numeric,0,Dying_Cyrus_-_SOCB_V7__furnished_.xlsx,22,AX
rupali_bank_plc,1,ASSET QUALITY,Loan-Deposit Ratio %,loan_deposit_ratio_pct,%,2020,0.6327921534,0.6327921534,63.27921533999999,fraction,native_numeric,0,Dying_Cyrus_-_SOCB_V7__furnished_.xlsx,22,AY
rupali_bank_plc,1,ASSET QUALITY,Loan-Deposit Ratio %,loan_deposit_ratio_pct,%,2021,0.6606757171,0.6606757171,66.06757171,fraction,native_numeric,0,Dying_Cyrus_-_SOCB_V7__furnished_.xlsx,22,AZ
rupali_bank_plc,1,ASSET QUALITY,Loan-Deposit Ratio %,loan_deposit_ratio_pct,%,2022,0.7396274826,0.7396274826,73.96274826,fraction,native_numeric,0,Dying_Cyrus_-_SOCB_V7__furnished_.xlsx,22,BA
rupali_bank_plc,1,ASSET QUALITY,Loan-Deposit Ratio %,loan_deposit_ratio_pct,%,2023,0.7157026274,0.7157026274,71.57026274,fraction,native_numeric,0,Dying_Cyrus_-_SOCB_V7__furnished_.xlsx,22,BB
rupali_bank_plc,1,ASSET QUALITY,Loan-Deposit Ratio %,loan_deposit_ratio_pct,%,2024,0.7485398746,0.7485398746,74.85398746,fraction,native_numeric,0,Dying_Cyrus_-_SOCB_V7__furnished_.xlsx,22,BC
rupali_bank_plc,1,ASSET QUALITY,Loan-Deposit Ratio %,loan_deposit_ratio_pct,%,2025,0.7112286296,0.7112286296,71.12286296,fraction,native_numeric,0,Dying_Cyrus_-_SOCB_V7__furnished_.xlsx,22,BD
rupali_bank_plc,1,ASSET QUALITY,Loan-Deposit Ratio %,loan_deposit_ratio_pct,%,2026,,,,fraction,missing,0,Dying_Cyrus_-_SOCB_V7__furnished_.xlsx,22,BE
rupali_bank_plc,1,CAPITAL & EFFICIENCY,Capital Adequacy Ratio %,car_pct,%,1972,,,,fraction_inferred,missing,0,Dying_Cyrus_-_SOCB_V7__furnished_.xlsx,24,C
rupali_bank_plc,1,CAPITAL & EFFICIENCY,Capital Adequacy Ratio %,car_pct,%,1973,,,,fraction_inferred,missing,0,Dying_Cyrus_-_SOCB_V7__furnished_.xlsx,24,D
rupali_bank_plc,1,CAPITAL & EFFICIENCY,Capital Adequacy Ratio %,car_pct,%,1974,,,,fraction_inferred,missing,0,Dying_Cyrus_-_SOCB_V7__furnished_.xlsx,24,E
rupali_bank_plc,1,CAPITAL & EFFICIENCY,Capital Adequacy Ratio %,car_pct,%,1975,,,,fraction_inferred,missing,0,Dying_Cyrus_-_SOCB_V7__furnished_.xlsx,24,F
rupali_bank_plc,1,CAPITAL & EFFICIENCY,Capital Adequacy Ratio %,car_pct,%,1976,,,,fraction_inferred,missing,0,Dying_Cyrus_-_SOCB_V7__furnished_.xlsx,24,G
rupali_bank_plc,1,CAPITAL & EFFICIENCY,Capital Adequacy Ratio %,car_pct,%,1977,,,,fraction_inferred,missing,0,Dying_Cyrus_-_SOCB_V7__furnished_.xlsx,24,H
rupali_bank_plc,1,CAPITAL & EFFICIENCY,Capital Adequacy Ratio %,car_pct,%,1978,,,,fraction_inferred,missing,0,Dying_Cyrus_-_SOCB_V7__furnished_.xlsx,24,I
rupali_bank_plc,1,CAPITAL & EFFICIENCY,Capital Adequacy Ratio %,car_pct,%,1979,,,,fraction_inferred,missing,0,Dying_Cyrus_-_SOCB_V7__furnished_.xlsx,24,J
rupali_bank_plc,1,CAPITAL & EFFICIENCY,Capital Adequacy Ratio %,car_pct,%,1980,,,,fraction_inferred,missing,0,Dying_Cyrus_-_SOCB_V7__furnished_.xlsx,24,K
rupali_bank_plc,1,CAPITAL & EFFICIENCY,Capital Adequacy Ratio %,car_pct,%,1981,,,,fraction_inferred,missing,0,Dying_Cyrus_-_SOCB_V7__furnished_.xlsx,24,L
rupali_bank_plc,1,CAPITAL & EFFICIENCY,Capital Adequacy Ratio %,car_pct,%,1982,,,,fraction_inferred,missing,0,Dying_Cyrus_-_SOCB_V7__furnished_.xlsx,24,M
rupali_bank_plc,1,CAPITAL & EFFICIENCY,Capital Adequacy Ratio %,car_pct,%,1983,,,,fraction_inferred,missing,0,Dying_Cyrus_-_SOCB_V7__furnished_.xlsx,24,N
rupali_bank_plc,1,CAPITAL & EFFICIENCY,Capital Adequacy Ratio %,car_pct,%,1984,,,,fraction_inferred,missing,0,Dying_Cyrus_-_SOCB_V7__furnished_.xlsx,24,O
rupali_bank_plc,1,CAPITAL & EFFICIENCY,Capital Adequacy Ratio %,car_pct,%,1985,,,,fraction_inferred,missing,0,Dying_Cyrus_-_SOCB_V7__furnished_.xlsx,24,P
rupali_bank_plc,1,CAPITAL & EFFICIENCY,Capital Adequacy Ratio %,car_pct,%,1986,,,,fraction_inferred,missing,0,Dying_Cyrus_-_SOCB_V7__furnished_.xlsx,24,Q
rupali_bank_plc,1,CAPITAL & EFFICIENCY,Capital Adequacy Ratio %,car_pct,%,1987,,,,fraction_inferred,missing,0,Dying_Cyrus_-_SOCB_V7__furnished_.xlsx,24,R
rupali_bank_plc,1,CAPITAL & EFFICIENCY,Capital Adequacy Ratio %,car_pct,%,1988,,,,fraction_inferred,missing,0,Dying_Cyrus_-_SOCB_V7__furnished_.xlsx,24,S
rupali_bank_plc,1,CAPITAL & EFFICIENCY,Capital Adequacy Ratio %,car_pct,%,1989,,,,fraction_inferred,missing,0,Dying_Cyrus_-_SOCB_V7__furnished_.xlsx,24,T
rupali_bank_plc,1,CAPITAL & EFFICIENCY,Capital Adequacy Ratio %,car_pct,%,1990,,,,fraction_inferred,missing,0,Dying_Cyrus_-_SOCB_V7__furnished_.xlsx,24,U
rupali_bank_plc,1,CAPITAL & EFFICIENCY,Capital Adequacy Ratio %,car_pct,%,1991,,,,fraction_inferred,missing,0,Dying_Cyrus_-_SOCB_V7__furnished_.xlsx,24,V
rupali_bank_plc,1,CAPITAL & EFFICIENCY,Capital Adequacy Ratio %,car_pct,%,1992,,,,fraction_inferred,missing,0,Dying_Cyrus_-_SOCB_V7__furnished_.xlsx,24,W
rupali_bank_plc,1,CAPITAL & EFFICIENCY,Capital Adequacy Ratio %,car_pct,%,1993,,,,fraction_inferred,missing,0,Dying_Cyrus_-_SOCB_V7__furnished_.xlsx,24,X
rupali_bank_plc,1,CAPITAL & EFFICIENCY,Capital Adequacy Ratio %,car_pct,%,1994,,,,fraction_inferred,missing,0,Dying_Cyrus_-_SOCB_V7__furnished_.xlsx,24,Y
rupali_bank_plc,1,CAPITAL & EFFICIENCY,Capital Adequacy Ratio %,car_pct,%,1995,,,,fraction_inferred,missing,0,Dying_Cyrus_-_SOCB_V7__furnished_.xlsx,24,Z
rupali_bank_plc,1,CAPITAL & EFFICIENCY,Capital Adequacy Ratio %,car_pct,%,1996,,,,fraction_inferred,missing,0,Dying_Cyrus_-_SOCB_V7__furnished_.xlsx,24,AA
rupali_bank_plc,1,CAPITAL & EFFICIENCY,Capital Adequacy Ratio %,car_pct,%,1997,,,,fraction_inferred,missing,0,Dying_Cyrus_-_SOCB_V7__furnished_.xlsx,24,AB
rupali_bank_plc,1,CAPITAL & EFFICIENCY,Capital Adequacy Ratio %,car_pct,%,1998,,,,fraction_inferred,missing,0,Dying_Cyrus_-_SOCB_V7__furnished_.xlsx,24,AC
rupali_bank_plc,1,CAPITAL & EFFICIENCY,Capital Adequacy Ratio %,car_pct,%,1999,,,,fraction_inferred,missing,0,Dying_Cyrus_-_SOCB_V7__furnished_.xlsx,24,AD
rupali_bank_plc,1,CAPITAL & EFFICIENCY,Capital Adequacy Ratio %,car_pct,%,2000,,,,fraction_inferred,missing,0,Dying_Cyrus_-_SOCB_V7__furnished_.xlsx,24,AE
rupali_bank_plc,1,CAPITAL & EFFICIENCY,Capital Adequacy Ratio %,car_pct,%,2001,,,,fraction_inferred,missing,0,Dying_Cyrus_-_SOCB_V7__furnished_.xlsx,24,AF
rupali_bank_plc,1,CAPITAL & EFFICIENCY,Capital Adequacy Ratio %,car_pct,%,2002,,,,fraction_inferred,missing,0,Dying_Cyrus_-_SOCB_V7__furnished_.xlsx,24,AG
rupali_bank_plc,1,CAPITAL & EFFICIENCY,Capital Adequacy Ratio %,car_pct,%,2003,,,,fraction_inferred,missing,0,Dying_Cyrus_-_SOCB_V7__furnished_.xlsx,24,AH
rupali_bank_plc,1,CAPITAL & EFFICIENCY,Capital Adequacy Ratio %,car_pct,%,2004,,,,fraction_inferred,missing,0,Dying_Cyrus_-_SOCB_V7__furnished_.xlsx,24,AI
rupali_bank_plc,1,CAPITAL & EFFICIENCY,Capital Adequacy Ratio %,car_pct,%,2005,,,,fraction_inferred,missing,0,Dying_Cyrus_-_SOCB_V7__furnished_.xlsx,24,AJ
rupali_bank_plc,1,CAPITAL & EFFICIENCY,Capital Adequacy Ratio %,car_pct,%,2006,,,,fraction_inferred,missing,0,Dying_Cyrus_-_SOCB_V7__furnished_.xlsx,24,AK
rupali_bank_plc,1,CAPITAL & EFFICIENCY,Capital Adequacy Ratio %,car_pct,%,2007,,,,fraction_inferred,missing,0,Dying_Cyrus_-_SOCB_V7__furnished_.xlsx,24,AL
rupali_bank_plc,1,CAPITAL & EFFICIENCY,Capital Adequacy Ratio %,car_pct,%,2008,,,,fraction_inferred,missing,0,Dying_Cyrus_-_SOCB_V7__furnished_.xlsx,24,AM
rupali_bank_plc,1,CAPITAL & EFFICIENCY,Capital Adequacy Ratio %,car_pct,%,2009,-0.0867929078,-0.0867929078,-8.67929078,fraction_inferred,native_numeric,0,Dying_Cyrus_-_SOCB_V7__furnished_.xlsx,24,AN
rupali_bank_plc,1,CAPITAL & EFFICIENCY,Capital Adequacy Ratio %,car_pct,%,2010,0.09472745928,0.09472745928,9.472745928,fraction_inferred,native_numeric,0,Dying_Cyrus_-_SOCB_V7__furnished_.xlsx,24,AO
rupali_bank_plc,1,CAPITAL & EFFICIENCY,Capital Adequacy Ratio %,car_pct,%,2011,0.1113337199,0.1113337199,11.13337199,fraction_inferred,native_numeric,0,Dying_Cyrus_-_SOCB_V7__furnished_.xlsx,24,AP
rupali_bank_plc,1,CAPITAL & EFFICIENCY,Capital Adequacy Ratio %,car_pct,%,2012,0.1011,0.1011,10.11,fraction_inferred,native_numeric,0,Dying_Cyrus_-_SOCB_V7__furnished_.xlsx,24,AQ
rupali_bank_plc,1,CAPITAL & EFFICIENCY,Capital Adequacy Ratio %,car_pct,%,2013,0.1016,0.1016,10.16,fraction_inferred,native_numeric,0,Dying_Cyrus_-_SOCB_V7__furnished_.xlsx,24,AR
rupali_bank_plc,1,CAPITAL & EFFICIENCY,Capital Adequacy Ratio %,car_pct,%,2014,0.1043,0.1043,10.43,fraction_inferred,native_numeric,0,Dying_Cyrus_-_SOCB_V7__furnished_.xlsx,24,AS
rupali_bank_plc,1,CAPITAL & EFFICIENCY,Capital Adequacy Ratio %,car_pct,%,2015,0.0849,0.0849,8.49,fraction_inferred,native_numeric,0,Dying_Cyrus_-_SOCB_V7__furnished_.xlsx,24,AT
rupali_bank_plc,1,CAPITAL & EFFICIENCY,Capital Adequacy Ratio %,car_pct,%,2016,0.0669,0.0669,6.69,fraction_inferred,native_numeric,0,Dying_Cyrus_-_SOCB_V7__furnished_.xlsx,24,AU
rupali_bank_plc,1,CAPITAL & EFFICIENCY,Capital Adequacy Ratio %,car_pct,%,2017,0.0653,0.0653,6.529999999999999,fraction_inferred,native_numeric,0,Dying_Cyrus_-_SOCB_V7__furnished_.xlsx,24,AV
rupali_bank_plc,1,CAPITAL & EFFICIENCY,Capital Adequacy Ratio %,car_pct,%,2018,0.1002,0.1002,10.02,fraction_inferred,native_numeric,0,Dying_Cyrus_-_SOCB_V7__furnished_.xlsx,24,AW
rupali_bank_plc,1,CAPITAL & EFFICIENCY,Capital Adequacy Ratio %,car_pct,%,2019,0.1033595459,0.1033595459,10.33595459,fraction_inferred,native_numeric,0,Dying_Cyrus_-_SOCB_V7__furnished_.xlsx,24,AX
rupali_bank_plc,1,CAPITAL & EFFICIENCY,Capital Adequacy Ratio %,car_pct,%,2020,0.08004979033,0.08004979033,8.004979033,fraction_inferred,native_numeric,0,Dying_Cyrus_-_SOCB_V7__furnished_.xlsx,24,AY
rupali_bank_plc,1,CAPITAL & EFFICIENCY,Capital Adequacy Ratio %,car_pct,%,2021,0.0556,0.0556,5.56,fraction_inferred,native_numeric,0,Dying_Cyrus_-_SOCB_V7__furnished_.xlsx,24,AZ
rupali_bank_plc,1,CAPITAL & EFFICIENCY,Capital Adequacy Ratio %,car_pct,%,2022,0.0492,0.0492,4.92,fraction_inferred,native_numeric,0,Dying_Cyrus_-_SOCB_V7__furnished_.xlsx,24,BA
rupali_bank_plc,1,CAPITAL & EFFICIENCY,Capital Adequacy Ratio %,car_pct,%,2023,0.0528,0.0528,5.28,fraction_inferred,native_numeric,0,Dying_Cyrus_-_SOCB_V7__furnished_.xlsx,24,BB
rupali_bank_plc,1,CAPITAL & EFFICIENCY,Capital Adequacy Ratio %,car_pct,%,2024,0.0295,0.0295,2.9499999999999997,fraction_inferred,native_numeric,0,Dying_Cyrus_-_SOCB_V7__furnished_.xlsx,24,BC
rupali_bank_plc,1,CAPITAL & EFFICIENCY,Capital Adequacy Ratio %,car_pct,%,2025,0.0293,0.0293,2.93,fraction_inferred,native_numeric,0,Dying_Cyrus_-_SOCB_V7__furnished_.xlsx,24,BD
rupali_bank_plc,1,CAPITAL & EFFICIENCY,Capital Adequacy Ratio %,car_pct,%,2026,,,,fraction_inferred,missing,0,Dying_Cyrus_-_SOCB_V7__furnished_.xlsx,24,BE
rupali_bank_plc,1,CAPITAL & EFFICIENCY,Cost-to-Income Ratio %,cost_income_pct,%,1972,,,,fraction_inferred,missing,0,Dying_Cyrus_-_SOCB_V7__furnished_.xlsx,25,C
rupali_bank_plc,1,CAPITAL & EFFICIENCY,Cost-to-Income Ratio %,cost_income_pct,%,1973,,,,fraction_inferred,missing,0,Dying_Cyrus_-_SOCB_V7__furnished_.xlsx,25,D
rupali_bank_plc,1,CAPITAL & EFFICIENCY,Cost-to-Income Ratio %,cost_income_pct,%,1974,,,,fraction_inferred,missing,0,Dying_Cyrus_-_SOCB_V7__furnished_.xlsx,25,E
rupali_bank_plc,1,CAPITAL & EFFICIENCY,Cost-to-Income Ratio %,cost_income_pct,%,1975,,,,fraction_inferred,missing,0,Dying_Cyrus_-_SOCB_V7__furnished_.xlsx,25,F
rupali_bank_plc,1,CAPITAL & EFFICIENCY,Cost-to-Income Ratio %,cost_income_pct,%,1976,,,,fraction_inferred,missing,0,Dying_Cyrus_-_SOCB_V7__furnished_.xlsx,25,G
rupali_bank_plc,1,CAPITAL & EFFICIENCY,Cost-to-Income Ratio %,cost_income_pct,%,1977,,,,fraction_inferred,missing,0,Dying_Cyrus_-_SOCB_V7__furnished_.xlsx,25,H
rupali_bank_plc,1,CAPITAL & EFFICIENCY,Cost-to-Income Ratio %,cost_income_pct,%,1978,,,,fraction_inferred,missing,0,Dying_Cyrus_-_SOCB_V7__furnished_.xlsx,25,I
rupali_bank_plc,1,CAPITAL & EFFICIENCY,Cost-to-Income Ratio %,cost_income_pct,%,1979,,,,fraction_inferred,missing,0,Dying_Cyrus_-_SOCB_V7__furnished_.xlsx,25,J
rupali_bank_plc,1,CAPITAL & EFFICIENCY,Cost-to-Income Ratio %,cost_income_pct,%,1980,,,,fraction_inferred,missing,0,Dying_Cyrus_-_SOCB_V7__furnished_.xlsx,25,K
rupali_bank_plc,1,CAPITAL & EFFICIENCY,Cost-to-Income Ratio %,cost_income_pct,%,1981,,,,fraction_inferred,missing,0,Dying_Cyrus_-_SOCB_V7__furnished_.xlsx,25,L
rupali_bank_plc,1,CAPITAL & EFFICIENCY,Cost-to-Income Ratio %,cost_income_pct,%,1982,,,,fraction_inferred,missing,0,Dying_Cyrus_-_SOCB_V7__furnished_.xlsx,25,M
rupali_bank_plc,1,CAPITAL & EFFICIENCY,Cost-to-Income Ratio %,cost_income_pct,%,1983,,,,fraction_inferred,missing,0,Dying_Cyrus_-_SOCB_V7__furnished_.xlsx,25,N
rupali_bank_plc,1,CAPITAL & EFFICIENCY,Cost-to-Income Ratio %,cost_income_pct,%,1984,,,,fraction_inferred,missing,0,Dying_Cyrus_-_SOCB_V7__furnished_.xlsx,25,O
rupali_bank_plc,1,CAPITAL & EFFICIENCY,Cost-to-Income Ratio %,cost_income_pct,%,1985,,,,fraction_inferred,missing,0,Dying_Cyrus_-_SOCB_V7__furnished_.xlsx,25,P
rupali_bank_plc,1,CAPITAL & EFFICIENCY,Cost-to-Income Ratio %,cost_income_pct,%,1986,,,,fraction_inferred,missing,0,Dying_Cyrus_-_SOCB_V7__furnished_.xlsx,25,Q
rupali_bank_plc,1,CAPITAL & EFFICIENCY,Cost-to-Income Ratio %,cost_income_pct,%,1987,,,,fraction_inferred,missing,0,Dying_Cyrus_-_SOCB_V7__furnished_.xlsx,25,R
rupali_bank_plc,1,CAPITAL & EFFICIENCY,Cost-to-Income Ratio %,cost_income_pct,%,1988,,,,fraction_inferred,missing,0,Dying_Cyrus_-_SOCB_V7__furnished_.xlsx,25,S
rupali_bank_plc,1,CAPITAL & EFFICIENCY,Cost-to-Income Ratio %,cost_income_pct,%,1989,,,,fraction_inferred,missing,0,Dying_Cyrus_-_SOCB_V7__furnished_.xlsx,25,T
rupali_bank_plc,1,CAPITAL & EFFICIENCY,Cost-to-Income Ratio %,cost_income_pct,%,1990,,,,fraction_inferred,missing,0,Dying_Cyrus_-_SOCB_V7__furnished_.xlsx,25,U
rupali_bank_plc,1,CAPITAL & EFFICIENCY,Cost-to-Income Ratio %,cost_income_pct,%,1991,,,,fraction_inferred,missing,0,Dying_Cyrus_-_SOCB_V7__furnished_.xlsx,25,V
rupali_bank_plc,1,CAPITAL & EFFICIENCY,Cost-to-Income Ratio %,cost_income_pct,%,1992,,,,fraction_inferred,missing,0,Dying_Cyrus_-_SOCB_V7__furnished_.xlsx,25,W
rupali_bank_plc,1,CAPITAL & EFFICIENCY,Cost-to-Income Ratio %,cost_income_pct,%,1993,,,,fraction_inferred,missing,0,Dying_Cyrus_-_SOCB_V7__furnished_.xlsx,25,X
rupali_bank_plc,1,CAPITAL & EFFICIENCY,Cost-to-Income Ratio %,cost_income_pct,%,1994,,,,fraction_inferred,missing,0,Dying_Cyrus_-_SOCB_V7__furnished_.xlsx,25,Y
rupali_bank_plc,1,CAPITAL & EFFICIENCY,Cost-to-Income Ratio %,cost_income_pct,%,1995,,,,fraction_inferred,missing,0,Dying_Cyrus_-_SOCB_V7__furnished_.xlsx,25,Z
rupali_bank_plc,1,CAPITAL & EFFICIENCY,Cost-to-Income Ratio %,cost_income_pct,%,1996,,,,fraction_inferred,missing,0,Dying_Cyrus_-_SOCB_V7__furnished_.xlsx,25,AA
rupali_bank_plc,1,CAPITAL & EFFICIENCY,Cost-to-Income Ratio %,cost_income_pct,%,1997,,,,fraction_inferred,missing,0,Dying_Cyrus_-_SOCB_V7__furnished_.xlsx,25,AB
rupali_bank_plc,1,CAPITAL & EFFICIENCY,Cost-to-Income Ratio %,cost_income_pct,%,1998,,,,fraction_inferred,missing,0,Dying_Cyrus_-_SOCB_V7__furnished_.xlsx,25,AC
rupali_bank_plc,1,CAPITAL & EFFICIENCY,Cost-to-Income Ratio %,cost_income_pct,%,1999,,,,fraction_inferred,missing,0,Dying_Cyrus_-_SOCB_V7__furnished_.xlsx,25,AD
rupali_bank_plc,1,CAPITAL & EFFICIENCY,Cost-to-Income Ratio %,cost_income_pct,%,2000,,,,fraction_inferred,missing,0,Dying_Cyrus_-_SOCB_V7__furnished_.xlsx,25,AE
rupali_bank_plc,1,CAPITAL & EFFICIENCY,Cost-to-Income Ratio %,cost_income_pct,%,2001,,,,fraction_inferred,missing,0,Dying_Cyrus_-_SOCB_V7__furnished_.xlsx,25,AF
rupali_bank_plc,1,CAPITAL & EFFICIENCY,Cost-to-Income Ratio %,cost_income_pct,%,2002,,,,fraction_inferred,missing,0,Dying_Cyrus_-_SOCB_V7__furnished_.xlsx,25,AG
rupali_bank_plc,1,CAPITAL & EFFICIENCY,Cost-to-Income Ratio %,cost_income_pct,%,2003,,,,fraction_inferred,missing,0,Dying_Cyrus_-_SOCB_V7__furnished_.xlsx,25,AH
rupali_bank_plc,1,CAPITAL & EFFICIENCY,Cost-to-Income Ratio %,cost_income_pct,%,2004,,,,fraction_inferred,missing,0,Dying_Cyrus_-_SOCB_V7__furnished_.xlsx,25,AI
rupali_bank_plc,1,CAPITAL & EFFICIENCY,Cost-to-Income Ratio %,cost_income_pct,%,2005,,,,fraction_inferred,missing,0,Dying_Cyrus_-_SOCB_V7__furnished_.xlsx,25,AJ
rupali_bank_plc,1,CAPITAL & EFFICIENCY,Cost-to-Income Ratio %,cost_income_pct,%,2006,,,,fraction_inferred,missing,0,Dying_Cyrus_-_SOCB_V7__furnished_.xlsx,25,AK
rupali_bank_plc,1,CAPITAL & EFFICIENCY,Cost-to-Income Ratio %,cost_income_pct,%,2007,,,,fraction_inferred,missing,0,Dying_Cyrus_-_SOCB_V7__furnished_.xlsx,25,AL
rupali_bank_plc,1,CAPITAL & EFFICIENCY,Cost-to-Income Ratio %,cost_income_pct,%,2008,,,,fraction_inferred,missing,0,Dying_Cyrus_-_SOCB_V7__furnished_.xlsx,25,AM
rupali_bank_plc,1,CAPITAL & EFFICIENCY,Cost-to-Income Ratio %,cost_income_pct,%,2009,0.7102163677,0.7102163677,71.02163677,fraction_inferred,native_numeric,0,Dying_Cyrus_-_SOCB_V7__furnished_.xlsx,25,AN
rupali_bank_plc,1,CAPITAL & EFFICIENCY,Cost-to-Income Ratio %,cost_income_pct,%,2010,0.7035475429,0.7035475429,70.35475429,fraction_inferred,native_numeric,0,Dying_Cyrus_-_SOCB_V7__furnished_.xlsx,25,AO
rupali_bank_plc,1,CAPITAL & EFFICIENCY,Cost-to-Income Ratio %,cost_income_pct,%,2011,0.7108375728,0.7108375728,71.08375728,fraction_inferred,native_numeric,0,Dying_Cyrus_-_SOCB_V7__furnished_.xlsx,25,AP
rupali_bank_plc,1,CAPITAL & EFFICIENCY,Cost-to-Income Ratio %,cost_income_pct,%,2012,0.7617,0.7617,76.17,fraction_inferred,native_numeric,0,Dying_Cyrus_-_SOCB_V7__furnished_.xlsx,25,AQ
rupali_bank_plc,1,CAPITAL & EFFICIENCY,Cost-to-Income Ratio %,cost_income_pct,%,2013,0.8817,0.8817,88.17,fraction_inferred,native_numeric,0,Dying_Cyrus_-_SOCB_V7__furnished_.xlsx,25,AR
rupali_bank_plc,1,CAPITAL & EFFICIENCY,Cost-to-Income Ratio %,cost_income_pct,%,2014,0.8943367782,0.8943367782,89.43367782,fraction_inferred,native_numeric,0,Dying_Cyrus_-_SOCB_V7__furnished_.xlsx,25,AS
rupali_bank_plc,1,CAPITAL & EFFICIENCY,Cost-to-Income Ratio %,cost_income_pct,%,2015,0.8971,0.8971,89.71000000000001,fraction_inferred,native_numeric,0,Dying_Cyrus_-_SOCB_V7__furnished_.xlsx,25,AT
rupali_bank_plc,1,CAPITAL & EFFICIENCY,Cost-to-Income Ratio %,cost_income_pct,%,2016,1.0411,1.0411,104.10999999999999,fraction_inferred,native_numeric,0,Dying_Cyrus_-_SOCB_V7__furnished_.xlsx,25,AU
rupali_bank_plc,1,CAPITAL & EFFICIENCY,Cost-to-Income Ratio %,cost_income_pct,%,2017,0.8004,0.8004,80.04,fraction_inferred,native_numeric,0,Dying_Cyrus_-_SOCB_V7__furnished_.xlsx,25,AV
rupali_bank_plc,1,CAPITAL & EFFICIENCY,Cost-to-Income Ratio %,cost_income_pct,%,2018,0.8835,0.8835,88.35,fraction_inferred,native_numeric,0,Dying_Cyrus_-_SOCB_V7__furnished_.xlsx,25,AW
rupali_bank_plc,1,CAPITAL & EFFICIENCY,Cost-to-Income Ratio %,cost_income_pct,%,2019,0.9356169405,0.9356169405,93.56169405,fraction_inferred,native_numeric,0,Dying_Cyrus_-_SOCB_V7__furnished_.xlsx,25,AX
rupali_bank_plc,1,CAPITAL & EFFICIENCY,Cost-to-Income Ratio %,cost_income_pct,%,2020,0.9528579864,0.9528579864,95.28579864,fraction_inferred,native_numeric,0,Dying_Cyrus_-_SOCB_V7__furnished_.xlsx,25,AY
rupali_bank_plc,1,CAPITAL & EFFICIENCY,Cost-to-Income Ratio %,cost_income_pct,%,2021,0.9699,0.9699,96.99,fraction_inferred,native_numeric,0,Dying_Cyrus_-_SOCB_V7__furnished_.xlsx,25,AZ
rupali_bank_plc,1,CAPITAL & EFFICIENCY,Cost-to-Income Ratio %,cost_income_pct,%,2022,0.9747,0.9747,97.47,fraction_inferred,native_numeric,0,Dying_Cyrus_-_SOCB_V7__furnished_.xlsx,25,BA
rupali_bank_plc,1,CAPITAL & EFFICIENCY,Cost-to-Income Ratio %,cost_income_pct,%,2023,0.8866,0.8866,88.66000000000001,fraction_inferred,native_numeric,0,Dying_Cyrus_-_SOCB_V7__furnished_.xlsx,25,BB
rupali_bank_plc,1,CAPITAL & EFFICIENCY,Cost-to-Income Ratio %,cost_income_pct,%,2024,0.9425,0.9425,94.25,fraction_inferred,native_numeric,0,Dying_Cyrus_-_SOCB_V7__furnished_.xlsx,25,BC
rupali_bank_plc,1,CAPITAL & EFFICIENCY,Cost-to-Income Ratio %,cost_income_pct,%,2025,0.982,0.982,98.2,fraction_inferred,native_numeric,0,Dying_Cyrus_-_SOCB_V7__furnished_.xlsx,25,BD
rupali_bank_plc,1,CAPITAL & EFFICIENCY,Cost-to-Income Ratio %,cost_income_pct,%,2026,,,,fraction_inferred,missing,0,Dying_Cyrus_-_SOCB_V7__furnished_.xlsx,25,BE
rupali_bank_plc,1,DERIVED METRICS (formulas),NPL / Total Assets %,npl_to_assets_pct,%,1972,,,,fraction,missing,0,Dying_Cyrus_-_SOCB_V7__furnished_.xlsx,27,C
rupali_bank_plc,1,DERIVED METRICS (formulas),NPL / Total Assets %,npl_to_assets_pct,%,1973,,,,fraction,missing,0,Dying_Cyrus_-_SOCB_V7__furnished_.xlsx,27,D
rupali_bank_plc,1,DERIVED METRICS (formulas),NPL / Total Assets %,npl_to_assets_pct,%,1974,,,,fraction,missing,0,Dying_Cyrus_-_SOCB_V7__furnished_.xlsx,27,E
rupali_bank_plc,1,DERIVED METRICS (formulas),NPL / Total Assets %,npl_to_assets_pct,%,1975,,,,fraction,missing,0,Dying_Cyrus_-_SOCB_V7__furnished_.xlsx,27,F
rupali_bank_plc,1,DERIVED METRICS (formulas),NPL / Total Assets %,npl_to_assets_pct,%,1976,,,,fraction,missing,0,Dying_Cyrus_-_SOCB_V7__furnished_.xlsx,27,G
rupali_bank_plc,1,DERIVED METRICS (formulas),NPL / Total Assets %,npl_to_assets_pct,%,1977,,,,fraction,missing,0,Dying_Cyrus_-_SOCB_V7__furnished_.xlsx,27,H
rupali_bank_plc,1,DERIVED METRICS (formulas),NPL / Total Assets %,npl_to_assets_pct,%,1978,,,,fraction,missing,0,Dying_Cyrus_-_SOCB_V7__furnished_.xlsx,27,I
rupali_bank_plc,1,DERIVED METRICS (formulas),NPL / Total Assets %,npl_to_assets_pct,%,1979,,,,fraction,missing,0,Dying_Cyrus_-_SOCB_V7__furnished_.xlsx,27,J
rupali_bank_plc,1,DERIVED METRICS (formulas),NPL / Total Assets %,npl_to_assets_pct,%,1980,,,,fraction,missing,0,Dying_Cyrus_-_SOCB_V7__furnished_.xlsx,27,K
rupali_bank_plc,1,DERIVED METRICS (formulas),NPL / Total Assets %,npl_to_assets_pct,%,1981,,,,fraction,missing,0,Dying_Cyrus_-_SOCB_V7__furnished_.xlsx,27,L
rupali_bank_plc,1,DERIVED METRICS (formulas),NPL / Total Assets %,npl_to_assets_pct,%,1982,,,,fraction,missing,0,Dying_Cyrus_-_SOCB_V7__furnished_.xlsx,27,M
rupali_bank_plc,1,DERIVED METRICS (formulas),NPL / Total Assets %,npl_to_assets_pct,%,1983,,,,fraction,missing,0,Dying_Cyrus_-_SOCB_V7__furnished_.xlsx,27,N
rupali_bank_plc,1,DERIVED METRICS (formulas),NPL / Total Assets %,npl_to_assets_pct,%,1984,,,,fraction,missing,0,Dying_Cyrus_-_SOCB_V7__furnished_.xlsx,27,O
rupali_bank_plc,1,DERIVED METRICS (formulas),NPL / Total Assets %,npl_to_assets_pct,%,1985,,,,fraction,missing,0,Dying_Cyrus_-_SOCB_V7__furnished_.xlsx,27,P
rupali_bank_plc,1,DERIVED METRICS (formulas),NPL / Total Assets %,npl_to_assets_pct,%,1986,,,,fraction,missing,0,Dying_Cyrus_-_SOCB_V7__furnished_.xlsx,27,Q
rupali_bank_plc,1,DERIVED METRICS (formulas),NPL / Total Assets %,npl_to_assets_pct,%,1987,,,,fraction,missing,0,Dying_Cyrus_-_SOCB_V7__furnished_.xlsx,27,R
rupali_bank_plc,1,DERIVED METRICS (formulas),NPL / Total Assets %,npl_to_assets_pct,%,1988,,,,fraction,missing,0,Dying_Cyrus_-_SOCB_V7__furnished_.xlsx,27,S
rupali_bank_plc,1,DERIVED METRICS (formulas),NPL / Total Assets %,npl_to_assets_pct,%,1989,,,,fraction,missing,0,Dying_Cyrus_-_SOCB_V7__furnished_.xlsx,27,T
rupali_bank_plc,1,DERIVED METRICS (formulas),NPL / Total Assets %,npl_to_assets_pct,%,1990,,,,fraction,missing,0,Dying_Cyrus_-_SOCB_V7__furnished_.xlsx,27,U
rupali_bank_plc,1,DERIVED METRICS (formulas),NPL / Total Assets %,npl_to_assets_pct,%,1991,,,,fraction,missing,0,Dying_Cyrus_-_SOCB_V7__furnished_.xlsx,27,V
rupali_bank_plc,1,DERIVED METRICS (formulas),NPL / Total Assets %,npl_to_assets_pct,%,1992,,,,fraction,missing,0,Dying_Cyrus_-_SOCB_V7__furnished_.xlsx,27,W
rupali_bank_plc,1,DERIVED METRICS (formulas),NPL / Total Assets %,npl_to_assets_pct,%,1993,,,,fraction,missing,0,Dying_Cyrus_-_SOCB_V7__furnished_.xlsx,27,X
rupali_bank_plc,1,DERIVED METRICS (formulas),NPL / Total Assets %,npl_to_assets_pct,%,1994,,,,fraction,missing,0,Dying_Cyrus_-_SOCB_V7__furnished_.xlsx,27,Y
rupali_bank_plc,1,DERIVED METRICS (formulas),NPL / Total Assets %,npl_to_assets_pct,%,1995,,,,fraction,missing,0,Dying_Cyrus_-_SOCB_V7__furnished_.xlsx,27,Z
rupali_bank_plc,1,DERIVED METRICS (formulas),NPL / Total Assets %,npl_to_assets_pct,%,1996,,,,fraction,missing,0,Dying_Cyrus_-_SOCB_V7__furnished_.xlsx,27,AA
rupali_bank_plc,1,DERIVED METRICS (formulas),NPL / Total Assets %,npl_to_assets_pct,%,1997,,,,fraction,missing,0,Dying_Cyrus_-_SOCB_V7__furnished_.xlsx,27,AB
rupali_bank_plc,1,DERIVED METRICS (formulas),NPL / Total Assets %,npl_to_assets_pct,%,1998,,,,fraction,missing,0,Dying_Cyrus_-_SOCB_V7__furnished_.xlsx,27,AC
rupali_bank_plc,1,DERIVED METRICS (formulas),NPL / Total Assets %,npl_to_assets_pct,%,1999,,,,fraction,missing,0,Dying_Cyrus_-_SOCB_V7__furnished_.xlsx,27,AD
rupali_bank_plc,1,DERIVED METRICS (formulas),NPL / Total Assets %,npl_to_assets_pct,%,2000,,,,fraction,missing,0,Dying_Cyrus_-_SOCB_V7__furnished_.xlsx,27,AE
rupali_bank_plc,1,DERIVED METRICS (formulas),NPL / Total Assets %,npl_to_assets_pct,%,2001,,,,fraction,missing,0,Dying_Cyrus_-_SOCB_V7__furnished_.xlsx,27,AF
rupali_bank_plc,1,DERIVED METRICS (formulas),NPL / Total Assets %,npl_to_assets_pct,%,2002,,,,fraction,missing,0,Dying_Cyrus_-_SOCB_V7__furnished_.xlsx,27,AG
rupali_bank_plc,1,DERIVED METRICS (formulas),NPL / Total Assets %,npl_to_assets_pct,%,2003,,,,fraction,missing,0,Dying_Cyrus_-_SOCB_V7__furnished_.xlsx,27,AH
rupali_bank_plc,1,DERIVED METRICS (formulas),NPL / Total Assets %,npl_to_assets_pct,%,2004,,,,fraction,missing,0,Dying_Cyrus_-_SOCB_V7__furnished_.xlsx,27,AI
rupali_bank_plc,1,DERIVED METRICS (formulas),NPL / Total Assets %,npl_to_assets_pct,%,2005,,,,fraction,missing,0,Dying_Cyrus_-_SOCB_V7__furnished_.xlsx,27,AJ
rupali_bank_plc,1,DERIVED METRICS (formulas),NPL / Total Assets %,npl_to_assets_pct,%,2006,,,,fraction,missing,0,Dying_Cyrus_-_SOCB_V7__furnished_.xlsx,27,AK
rupali_bank_plc,1,DERIVED METRICS (formulas),NPL / Total Assets %,npl_to_assets_pct,%,2007,,,,fraction,missing,0,Dying_Cyrus_-_SOCB_V7__furnished_.xlsx,27,AL
rupali_bank_plc,1,DERIVED METRICS (formulas),NPL / Total Assets %,npl_to_assets_pct,%,2008,,,,fraction,missing,0,Dying_Cyrus_-_SOCB_V7__furnished_.xlsx,27,AM
rupali_bank_plc,1,DERIVED METRICS (formulas),NPL / Total Assets %,npl_to_assets_pct,%,2009,,,,fraction,missing,0,Dying_Cyrus_-_SOCB_V7__furnished_.xlsx,27,AN
rupali_bank_plc,1,DERIVED METRICS (formulas),NPL / Total Assets %,npl_to_assets_pct,%,2010,,,,fraction,missing,0,Dying_Cyrus_-_SOCB_V7__furnished_.xlsx,27,AO
rupali_bank_plc,1,DERIVED METRICS (formulas),NPL / Total Assets %,npl_to_assets_pct,%,2011,,,,fraction,missing,0,Dying_Cyrus_-_SOCB_V7__furnished_.xlsx,27,AP
rupali_bank_plc,1,DERIVED METRICS (formulas),NPL / Total Assets %,npl_to_assets_pct,%,2012,0.130802269,0.130802269,13.0802269,fraction,native_numeric,0,Dying_Cyrus_-_SOCB_V7__furnished_.xlsx,27,AQ
rupali_bank_plc,1,DERIVED METRICS (formulas),NPL / Total Assets %,npl_to_assets_pct,%,2013,0.08322706672,0.08322706672,8.322706672,fraction,native_numeric,0,Dying_Cyrus_-_SOCB_V7__furnished_.xlsx,27,AR
rupali_bank_plc,1,DERIVED METRICS (formulas),NPL / Total Assets %,npl_to_assets_pct,%,2014,0.05667830754,0.05667830754,5.667830754,fraction,native_numeric,0,Dying_Cyrus_-_SOCB_V7__furnished_.xlsx,27,AS
rupali_bank_plc,1,DERIVED METRICS (formulas),NPL / Total Assets %,npl_to_assets_pct,%,2015,0.07791597266,0.07791597266,7.791597266,fraction,native_numeric,0,Dying_Cyrus_-_SOCB_V7__furnished_.xlsx,27,AT
rupali_bank_plc,1,DERIVED METRICS (formulas),NPL / Total Assets %,npl_to_assets_pct,%,2016,0.1043029435,0.1043029435,10.430294349999999,fraction,native_numeric,0,Dying_Cyrus_-_SOCB_V7__furnished_.xlsx,27,AU
rupali_bank_plc,1,DERIVED METRICS (formulas),NPL / Total Assets %,npl_to_assets_pct,%,2017,0.1198204703,0.1198204703,11.98204703,fraction,native_numeric,0,Dying_Cyrus_-_SOCB_V7__furnished_.xlsx,27,AV
rupali_bank_plc,1,DERIVED METRICS (formulas),NPL / Total Assets %,npl_to_assets_pct,%,2018,0.09559578044,0.09559578044,9.559578044,fraction,native_numeric,0,Dying_Cyrus_-_SOCB_V7__furnished_.xlsx,27,AW
rupali_bank_plc,1,DERIVED METRICS (formulas),NPL / Total Assets %,npl_to_assets_pct,%,2019,,,,fraction,missing,0,Dying_Cyrus_-_SOCB_V7__furnished_.xlsx,27,AX
rupali_bank_plc,1,DERIVED METRICS (formulas),NPL / Total Assets %,npl_to_assets_pct,%,2020,0.06299961129,0.06299961129,6.299961129,fraction,native_numeric,0,Dying_Cyrus_-_SOCB_V7__furnished_.xlsx,27,AY
rupali_bank_plc,1,DERIVED METRICS (formulas),NPL / Total Assets %,npl_to_assets_pct,%,2021,0.1002105982,0.1002105982,10.02105982,fraction,native_numeric,0,Dying_Cyrus_-_SOCB_V7__furnished_.xlsx,27,AZ
rupali_bank_plc,1,DERIVED METRICS (formulas),NPL / Total Assets %,npl_to_assets_pct,%,2022,0.134329396,0.134329396,13.4329396,fraction,native_numeric,0,Dying_Cyrus_-_SOCB_V7__furnished_.xlsx,27,BA
rupali_bank_plc,1,DERIVED METRICS (formulas),NPL / Total Assets %,npl_to_assets_pct,%,2023,0.1266071273,0.1266071273,12.66071273,fraction,native_numeric,0,Dying_Cyrus_-_SOCB_V7__furnished_.xlsx,27,BB
rupali_bank_plc,1,DERIVED METRICS (formulas),NPL / Total Assets %,npl_to_assets_pct,%,2024,0.2647879687,0.2647879687,26.47879687,fraction,native_numeric,0,Dying_Cyrus_-_SOCB_V7__furnished_.xlsx,27,BC
rupali_bank_plc,1,DERIVED METRICS (formulas),NPL / Total Assets %,npl_to_assets_pct,%,2025,0.2365042875,0.2365042875,23.65042875,fraction,native_numeric,0,Dying_Cyrus_-_SOCB_V7__furnished_.xlsx,27,BD
rupali_bank_plc,1,DERIVED METRICS (formulas),NPL / Total Assets %,npl_to_assets_pct,%,2026,,,,fraction,missing,0,Dying_Cyrus_-_SOCB_V7__furnished_.xlsx,27,BE
rupali_bank_plc,1,DERIVED METRICS (formulas),YoY NPAT growth %,yoy_npat_growth_pct,%,1972,,,,percent_points,missing,0,Dying_Cyrus_-_SOCB_V7__furnished_.xlsx,28,C
rupali_bank_plc,1,DERIVED METRICS (formulas),YoY NPAT growth %,yoy_npat_growth_pct,%,1973,,,,percent_points,missing,0,Dying_Cyrus_-_SOCB_V7__furnished_.xlsx,28,D
rupali_bank_plc,1,DERIVED METRICS (formulas),YoY NPAT growth %,yoy_npat_growth_pct,%,1974,,,,percent_points,missing,0,Dying_Cyrus_-_SOCB_V7__furnished_.xlsx,28,E
rupali_bank_plc,1,DERIVED METRICS (formulas),YoY NPAT growth %,yoy_npat_growth_pct,%,1975,,,,percent_points,missing,0,Dying_Cyrus_-_SOCB_V7__furnished_.xlsx,28,F
rupali_bank_plc,1,DERIVED METRICS (formulas),YoY NPAT growth %,yoy_npat_growth_pct,%,1976,,,,percent_points,missing,0,Dying_Cyrus_-_SOCB_V7__furnished_.xlsx,28,G
rupali_bank_plc,1,DERIVED METRICS (formulas),YoY NPAT growth %,yoy_npat_growth_pct,%,1977,,,,percent_points,missing,0,Dying_Cyrus_-_SOCB_V7__furnished_.xlsx,28,H
rupali_bank_plc,1,DERIVED METRICS (formulas),YoY NPAT growth %,yoy_npat_growth_pct,%,1978,,,,percent_points,missing,0,Dying_Cyrus_-_SOCB_V7__furnished_.xlsx,28,I
rupali_bank_plc,1,DERIVED METRICS (formulas),YoY NPAT growth %,yoy_npat_growth_pct,%,1979,,,,percent_points,missing,0,Dying_Cyrus_-_SOCB_V7__furnished_.xlsx,28,J
rupali_bank_plc,1,DERIVED METRICS (formulas),YoY NPAT growth %,yoy_npat_growth_pct,%,1980,,,,percent_points,missing,0,Dying_Cyrus_-_SOCB_V7__furnished_.xlsx,28,K
rupali_bank_plc,1,DERIVED METRICS (formulas),YoY NPAT growth %,yoy_npat_growth_pct,%,1981,,,,percent_points,missing,0,Dying_Cyrus_-_SOCB_V7__furnished_.xlsx,28,L
rupali_bank_plc,1,DERIVED METRICS (formulas),YoY NPAT growth %,yoy_npat_growth_pct,%,1982,,,,percent_points,missing,0,Dying_Cyrus_-_SOCB_V7__furnished_.xlsx,28,M
rupali_bank_plc,1,DERIVED METRICS (formulas),YoY NPAT growth %,yoy_npat_growth_pct,%,1983,,,,percent_points,missing,0,Dying_Cyrus_-_SOCB_V7__furnished_.xlsx,28,N
rupali_bank_plc,1,DERIVED METRICS (formulas),YoY NPAT growth %,yoy_npat_growth_pct,%,1984,,,,percent_points,missing,0,Dying_Cyrus_-_SOCB_V7__furnished_.xlsx,28,O
rupali_bank_plc,1,DERIVED METRICS (formulas),YoY NPAT growth %,yoy_npat_growth_pct,%,1985,,,,percent_points,missing,0,Dying_Cyrus_-_SOCB_V7__furnished_.xlsx,28,P
rupali_bank_plc,1,DERIVED METRICS (formulas),YoY NPAT growth %,yoy_npat_growth_pct,%,1986,,,,percent_points,missing,0,Dying_Cyrus_-_SOCB_V7__furnished_.xlsx,28,Q
rupali_bank_plc,1,DERIVED METRICS (formulas),YoY NPAT growth %,yoy_npat_growth_pct,%,1987,,,,percent_points,missing,0,Dying_Cyrus_-_SOCB_V7__furnished_.xlsx,28,R
rupali_bank_plc,1,DERIVED METRICS (formulas),YoY NPAT growth %,yoy_npat_growth_pct,%,1988,,,,percent_points,missing,0,Dying_Cyrus_-_SOCB_V7__furnished_.xlsx,28,S
rupali_bank_plc,1,DERIVED METRICS (formulas),YoY NPAT growth %,yoy_npat_growth_pct,%,1989,,,,percent_points,missing,0,Dying_Cyrus_-_SOCB_V7__furnished_.xlsx,28,T
rupali_bank_plc,1,DERIVED METRICS (formulas),YoY NPAT growth %,yoy_npat_growth_pct,%,1990,,,,percent_points,missing,0,Dying_Cyrus_-_SOCB_V7__furnished_.xlsx,28,U
rupali_bank_plc,1,DERIVED METRICS (formulas),YoY NPAT growth %,yoy_npat_growth_pct,%,1991,,,,percent_points,missing,0,Dying_Cyrus_-_SOCB_V7__furnished_.xlsx,28,V
rupali_bank_plc,1,DERIVED METRICS (formulas),YoY NPAT growth %,yoy_npat_growth_pct,%,1992,,,,percent_points,missing,0,Dying_Cyrus_-_SOCB_V7__furnished_.xlsx,28,W
rupali_bank_plc,1,DERIVED METRICS (formulas),YoY NPAT growth %,yoy_npat_growth_pct,%,1993,,,,percent_points,missing,0,Dying_Cyrus_-_SOCB_V7__furnished_.xlsx,28,X
rupali_bank_plc,1,DERIVED METRICS (formulas),YoY NPAT growth %,yoy_npat_growth_pct,%,1994,,,,percent_points,missing,0,Dying_Cyrus_-_SOCB_V7__furnished_.xlsx,28,Y
rupali_bank_plc,1,DERIVED METRICS (formulas),YoY NPAT growth %,yoy_npat_growth_pct,%,1995,,,,percent_points,missing,0,Dying_Cyrus_-_SOCB_V7__furnished_.xlsx,28,Z
rupali_bank_plc,1,DERIVED METRICS (formulas),YoY NPAT growth %,yoy_npat_growth_pct,%,1996,,,,percent_points,missing,0,Dying_Cyrus_-_SOCB_V7__furnished_.xlsx,28,AA
rupali_bank_plc,1,DERIVED METRICS (formulas),YoY NPAT growth %,yoy_npat_growth_pct,%,1997,,,,percent_points,missing,0,Dying_Cyrus_-_SOCB_V7__furnished_.xlsx,28,AB
rupali_bank_plc,1,DERIVED METRICS (formulas),YoY NPAT growth %,yoy_npat_growth_pct,%,1998,,,,percent_points,missing,0,Dying_Cyrus_-_SOCB_V7__furnished_.xlsx,28,AC
rupali_bank_plc,1,DERIVED METRICS (formulas),YoY NPAT growth %,yoy_npat_growth_pct,%,1999,,,,percent_points,missing,0,Dying_Cyrus_-_SOCB_V7__furnished_.xlsx,28,AD
rupali_bank_plc,1,DERIVED METRICS (formulas),YoY NPAT growth %,yoy_npat_growth_pct,%,2000,,,,percent_points,missing,0,Dying_Cyrus_-_SOCB_V7__furnished_.xlsx,28,AE
rupali_bank_plc,1,DERIVED METRICS (formulas),YoY NPAT growth %,yoy_npat_growth_pct,%,2001,,,,percent_points,missing,0,Dying_Cyrus_-_SOCB_V7__furnished_.xlsx,28,AF
rupali_bank_plc,1,DERIVED METRICS (formulas),YoY NPAT growth %,yoy_npat_growth_pct,%,2002,,,,percent_points,missing,0,Dying_Cyrus_-_SOCB_V7__furnished_.xlsx,28,AG
rupali_bank_plc,1,DERIVED METRICS (formulas),YoY NPAT growth %,yoy_npat_growth_pct,%,2003,,,,percent_points,missing,0,Dying_Cyrus_-_SOCB_V7__furnished_.xlsx,28,AH
rupali_bank_plc,1,DERIVED METRICS (formulas),YoY NPAT growth %,yoy_npat_growth_pct,%,2004,,,,percent_points,missing,0,Dying_Cyrus_-_SOCB_V7__furnished_.xlsx,28,AI
rupali_bank_plc,1,DERIVED METRICS (formulas),YoY NPAT growth %,yoy_npat_growth_pct,%,2005,,,,percent_points,missing,0,Dying_Cyrus_-_SOCB_V7__furnished_.xlsx,28,AJ
rupali_bank_plc,1,DERIVED METRICS (formulas),YoY NPAT growth %,yoy_npat_growth_pct,%,2006,,,,percent_points,missing,0,Dying_Cyrus_-_SOCB_V7__furnished_.xlsx,28,AK
rupali_bank_plc,1,DERIVED METRICS (formulas),YoY NPAT growth %,yoy_npat_growth_pct,%,2007,,,,percent_points,missing,0,Dying_Cyrus_-_SOCB_V7__furnished_.xlsx,28,AL
rupali_bank_plc,1,DERIVED METRICS (formulas),YoY NPAT growth %,yoy_npat_growth_pct,%,2008,,,,percent_points,missing,0,Dying_Cyrus_-_SOCB_V7__furnished_.xlsx,28,AM
rupali_bank_plc,1,DERIVED METRICS (formulas),YoY NPAT growth %,yoy_npat_growth_pct,%,2009,,,,percent_points,missing,0,Dying_Cyrus_-_SOCB_V7__furnished_.xlsx,28,AN
rupali_bank_plc,1,DERIVED METRICS (formulas),YoY NPAT growth %,yoy_npat_growth_pct,%,2010,-0.6402157627,-0.6402157627,-0.6402157627,percent_points,native_numeric,0,Dying_Cyrus_-_SOCB_V7__furnished_.xlsx,28,AO
rupali_bank_plc,1,DERIVED METRICS (formulas),YoY NPAT growth %,yoy_npat_growth_pct,%,2011,0.8179243711,0.8179243711,0.8179243711,percent_points,native_numeric,0,Dying_Cyrus_-_SOCB_V7__furnished_.xlsx,28,AP
rupali_bank_plc,1,DERIVED METRICS (formulas),YoY NPAT growth %,yoy_npat_growth_pct,%,2012,0.1048291029,0.1048291029,0.1048291029,percent_points,native_numeric,0,Dying_Cyrus_-_SOCB_V7__furnished_.xlsx,28,AQ
rupali_bank_plc,1,DERIVED METRICS (formulas),YoY NPAT growth %,yoy_npat_growth_pct,%,2013,-0.6650908186,-0.6650908186,-0.6650908186,percent_points,native_numeric,0,Dying_Cyrus_-_SOCB_V7__furnished_.xlsx,28,AR
rupali_bank_plc,1,DERIVED METRICS (formulas),YoY NPAT growth %,yoy_npat_growth_pct,%,2014,0.04135710748,0.04135710748,0.04135710748,percent_points,native_numeric,0,Dying_Cyrus_-_SOCB_V7__furnished_.xlsx,28,AS
rupali_bank_plc,1,DERIVED METRICS (formulas),YoY NPAT growth %,yoy_npat_growth_pct,%,2015,-0.4411414982,-0.4411414982,-0.4411414982,percent_points,native_numeric,0,Dying_Cyrus_-_SOCB_V7__furnished_.xlsx,28,AT
rupali_bank_plc,1,DERIVED METRICS (formulas),YoY NPAT growth %,yoy_npat_growth_pct,%,2016,-6.355744681,-6.355744681,-6.355744681,percent_points,native_numeric,0,Dying_Cyrus_-_SOCB_V7__furnished_.xlsx,28,AU
rupali_bank_plc,1,DERIVED METRICS (formulas),YoY NPAT growth %,yoy_npat_growth_pct,%,2017,1.396551724,1.396551724,1.396551724,percent_points,native_numeric,0,Dying_Cyrus_-_SOCB_V7__furnished_.xlsx,28,AV
rupali_bank_plc,1,DERIVED METRICS (formulas),YoY NPAT growth %,yoy_npat_growth_pct,%,2018,-0.2402324184,-0.2402324184,-0.2402324184,percent_points,native_numeric,0,Dying_Cyrus_-_SOCB_V7__furnished_.xlsx,28,AW
rupali_bank_plc,1,DERIVED METRICS (formulas),YoY NPAT growth %,yoy_npat_growth_pct,%,2019,0.44092827,0.44092827,0.44092827,percent_points,native_numeric,0,Dying_Cyrus_-_SOCB_V7__furnished_.xlsx,28,AX
rupali_bank_plc,1,DERIVED METRICS (formulas),YoY NPAT growth %,yoy_npat_growth_pct,%,2020,-0.706625183,-0.706625183,-0.706625183,percent_points,native_numeric,0,Dying_Cyrus_-_SOCB_V7__furnished_.xlsx,28,AY
rupali_bank_plc,1,DERIVED METRICS (formulas),YoY NPAT growth %,yoy_npat_growth_pct,%,2021,1.233312539,1.233312539,1.233312539,percent_points,native_numeric,0,Dying_Cyrus_-_SOCB_V7__furnished_.xlsx,28,AZ
rupali_bank_plc,1,DERIVED METRICS (formulas),YoY NPAT growth %,yoy_npat_growth_pct,%,2022,-0.4153631285,-0.4153631285,-0.4153631285,percent_points,native_numeric,0,Dying_Cyrus_-_SOCB_V7__furnished_.xlsx,28,BA
rupali_bank_plc,1,DERIVED METRICS (formulas),YoY NPAT growth %,yoy_npat_growth_pct,%,2023,1.59689441,1.59689441,1.59689441,percent_points,native_numeric,0,Dying_Cyrus_-_SOCB_V7__furnished_.xlsx,28,BB
rupali_bank_plc,1,DERIVED METRICS (formulas),YoY NPAT growth %,yoy_npat_growth_pct,%,2024,-0.8474233253,-0.8474233253,-0.8474233253,percent_points,native_numeric,0,Dying_Cyrus_-_SOCB_V7__furnished_.xlsx,28,BC
rupali_bank_plc,1,DERIVED METRICS (formulas),YoY NPAT growth %,yoy_npat_growth_pct,%,2025,-0.3988906307,-0.3988906307,-0.3988906307,percent_points,native_numeric,0,Dying_Cyrus_-_SOCB_V7__furnished_.xlsx,28,BD
rupali_bank_plc,1,DERIVED METRICS (formulas),YoY NPAT growth %,yoy_npat_growth_pct,%,2026,,,,percent_points,missing,0,Dying_Cyrus_-_SOCB_V7__furnished_.xlsx,28,BE
rupali_bank_plc,1,DERIVED METRICS (formulas),YoY Total Assets growth %,yoy_total_assets_growth_pct,%,1972,,,,fraction,missing,0,Dying_Cyrus_-_SOCB_V7__furnished_.xlsx,29,C
rupali_bank_plc,1,DERIVED METRICS (formulas),YoY Total Assets growth %,yoy_total_assets_growth_pct,%,1973,,,,fraction,missing,0,Dying_Cyrus_-_SOCB_V7__furnished_.xlsx,29,D
rupali_bank_plc,1,DERIVED METRICS (formulas),YoY Total Assets growth %,yoy_total_assets_growth_pct,%,1974,,,,fraction,missing,0,Dying_Cyrus_-_SOCB_V7__furnished_.xlsx,29,E
rupali_bank_plc,1,DERIVED METRICS (formulas),YoY Total Assets growth %,yoy_total_assets_growth_pct,%,1975,,,,fraction,missing,0,Dying_Cyrus_-_SOCB_V7__furnished_.xlsx,29,F
rupali_bank_plc,1,DERIVED METRICS (formulas),YoY Total Assets growth %,yoy_total_assets_growth_pct,%,1976,,,,fraction,missing,0,Dying_Cyrus_-_SOCB_V7__furnished_.xlsx,29,G
rupali_bank_plc,1,DERIVED METRICS (formulas),YoY Total Assets growth %,yoy_total_assets_growth_pct,%,1977,,,,fraction,missing,0,Dying_Cyrus_-_SOCB_V7__furnished_.xlsx,29,H
rupali_bank_plc,1,DERIVED METRICS (formulas),YoY Total Assets growth %,yoy_total_assets_growth_pct,%,1978,,,,fraction,missing,0,Dying_Cyrus_-_SOCB_V7__furnished_.xlsx,29,I
rupali_bank_plc,1,DERIVED METRICS (formulas),YoY Total Assets growth %,yoy_total_assets_growth_pct,%,1979,,,,fraction,missing,0,Dying_Cyrus_-_SOCB_V7__furnished_.xlsx,29,J
rupali_bank_plc,1,DERIVED METRICS (formulas),YoY Total Assets growth %,yoy_total_assets_growth_pct,%,1980,,,,fraction,missing,0,Dying_Cyrus_-_SOCB_V7__furnished_.xlsx,29,K
rupali_bank_plc,1,DERIVED METRICS (formulas),YoY Total Assets growth %,yoy_total_assets_growth_pct,%,1981,,,,fraction,missing,0,Dying_Cyrus_-_SOCB_V7__furnished_.xlsx,29,L
rupali_bank_plc,1,DERIVED METRICS (formulas),YoY Total Assets growth %,yoy_total_assets_growth_pct,%,1982,,,,fraction,missing,0,Dying_Cyrus_-_SOCB_V7__furnished_.xlsx,29,M
rupali_bank_plc,1,DERIVED METRICS (formulas),YoY Total Assets growth %,yoy_total_assets_growth_pct,%,1983,,,,fraction,missing,0,Dying_Cyrus_-_SOCB_V7__furnished_.xlsx,29,N
rupali_bank_plc,1,DERIVED METRICS (formulas),YoY Total Assets growth %,yoy_total_assets_growth_pct,%,1984,,,,fraction,missing,0,Dying_Cyrus_-_SOCB_V7__furnished_.xlsx,29,O
rupali_bank_plc,1,DERIVED METRICS (formulas),YoY Total Assets growth %,yoy_total_assets_growth_pct,%,1985,,,,fraction,missing,0,Dying_Cyrus_-_SOCB_V7__furnished_.xlsx,29,P
rupali_bank_plc,1,DERIVED METRICS (formulas),YoY Total Assets growth %,yoy_total_assets_growth_pct,%,1986,,,,fraction,missing,0,Dying_Cyrus_-_SOCB_V7__furnished_.xlsx,29,Q
rupali_bank_plc,1,DERIVED METRICS (formulas),YoY Total Assets growth %,yoy_total_assets_growth_pct,%,1987,,,,fraction,missing,0,Dying_Cyrus_-_SOCB_V7__furnished_.xlsx,29,R
rupali_bank_plc,1,DERIVED METRICS (formulas),YoY Total Assets growth %,yoy_total_assets_growth_pct,%,1988,,,,fraction,missing,0,Dying_Cyrus_-_SOCB_V7__furnished_.xlsx,29,S
rupali_bank_plc,1,DERIVED METRICS (formulas),YoY Total Assets growth %,yoy_total_assets_growth_pct,%,1989,,,,fraction,missing,0,Dying_Cyrus_-_SOCB_V7__furnished_.xlsx,29,T
rupali_bank_plc,1,DERIVED METRICS (formulas),YoY Total Assets growth %,yoy_total_assets_growth_pct,%,1990,,,,fraction,missing,0,Dying_Cyrus_-_SOCB_V7__furnished_.xlsx,29,U
rupali_bank_plc,1,DERIVED METRICS (formulas),YoY Total Assets growth %,yoy_total_assets_growth_pct,%,1991,,,,fraction,missing,0,Dying_Cyrus_-_SOCB_V7__furnished_.xlsx,29,V
rupali_bank_plc,1,DERIVED METRICS (formulas),YoY Total Assets growth %,yoy_total_assets_growth_pct,%,1992,,,,fraction,missing,0,Dying_Cyrus_-_SOCB_V7__furnished_.xlsx,29,W
rupali_bank_plc,1,DERIVED METRICS (formulas),YoY Total Assets growth %,yoy_total_assets_growth_pct,%,1993,,,,fraction,missing,0,Dying_Cyrus_-_SOCB_V7__furnished_.xlsx,29,X
rupali_bank_plc,1,DERIVED METRICS (formulas),YoY Total Assets growth %,yoy_total_assets_growth_pct,%,1994,,,,fraction,missing,0,Dying_Cyrus_-_SOCB_V7__furnished_.xlsx,29,Y
rupali_bank_plc,1,DERIVED METRICS (formulas),YoY Total Assets growth %,yoy_total_assets_growth_pct,%,1995,,,,fraction,missing,0,Dying_Cyrus_-_SOCB_V7__furnished_.xlsx,29,Z
rupali_bank_plc,1,DERIVED METRICS (formulas),YoY Total Assets growth %,yoy_total_assets_growth_pct,%,1996,,,,fraction,missing,0,Dying_Cyrus_-_SOCB_V7__furnished_.xlsx,29,AA
rupali_bank_plc,1,DERIVED METRICS (formulas),YoY Total Assets growth %,yoy_total_assets_growth_pct,%,1997,,,,fraction,missing,0,Dying_Cyrus_-_SOCB_V7__furnished_.xlsx,29,AB
rupali_bank_plc,1,DERIVED METRICS (formulas),YoY Total Assets growth %,yoy_total_assets_growth_pct,%,1998,,,,fraction,missing,0,Dying_Cyrus_-_SOCB_V7__furnished_.xlsx,29,AC
rupali_bank_plc,1,DERIVED METRICS (formulas),YoY Total Assets growth %,yoy_total_assets_growth_pct,%,1999,,,,fraction,missing,0,Dying_Cyrus_-_SOCB_V7__furnished_.xlsx,29,AD
rupali_bank_plc,1,DERIVED METRICS (formulas),YoY Total Assets growth %,yoy_total_assets_growth_pct,%,2000,,,,fraction,missing,0,Dying_Cyrus_-_SOCB_V7__furnished_.xlsx,29,AE
rupali_bank_plc,1,DERIVED METRICS (formulas),YoY Total Assets growth %,yoy_total_assets_growth_pct,%,2001,,,,fraction,missing,0,Dying_Cyrus_-_SOCB_V7__furnished_.xlsx,29,AF
rupali_bank_plc,1,DERIVED METRICS (formulas),YoY Total Assets growth %,yoy_total_assets_growth_pct,%,2002,,,,fraction,missing,0,Dying_Cyrus_-_SOCB_V7__furnished_.xlsx,29,AG
rupali_bank_plc,1,DERIVED METRICS (formulas),YoY Total Assets growth %,yoy_total_assets_growth_pct,%,2003,,,,fraction,missing,0,Dying_Cyrus_-_SOCB_V7__furnished_.xlsx,29,AH
rupali_bank_plc,1,DERIVED METRICS (formulas),YoY Total Assets growth %,yoy_total_assets_growth_pct,%,2004,,,,fraction,missing,0,Dying_Cyrus_-_SOCB_V7__furnished_.xlsx,29,AI
rupali_bank_plc,1,DERIVED METRICS (formulas),YoY Total Assets growth %,yoy_total_assets_growth_pct,%,2005,,,,fraction,missing,0,Dying_Cyrus_-_SOCB_V7__furnished_.xlsx,29,AJ
rupali_bank_plc,1,DERIVED METRICS (formulas),YoY Total Assets growth %,yoy_total_assets_growth_pct,%,2006,,,,fraction,missing,0,Dying_Cyrus_-_SOCB_V7__furnished_.xlsx,29,AK
rupali_bank_plc,1,DERIVED METRICS (formulas),YoY Total Assets growth %,yoy_total_assets_growth_pct,%,2007,,,,fraction,missing,0,Dying_Cyrus_-_SOCB_V7__furnished_.xlsx,29,AL
rupali_bank_plc,1,DERIVED METRICS (formulas),YoY Total Assets growth %,yoy_total_assets_growth_pct,%,2008,,,,fraction,missing,0,Dying_Cyrus_-_SOCB_V7__furnished_.xlsx,29,AM
rupali_bank_plc,1,DERIVED METRICS (formulas),YoY Total Assets growth %,yoy_total_assets_growth_pct,%,2009,,,,fraction,missing,0,Dying_Cyrus_-_SOCB_V7__furnished_.xlsx,29,AN
rupali_bank_plc,1,DERIVED METRICS (formulas),YoY Total Assets growth %,yoy_total_assets_growth_pct,%,2010,0.4173882635,0.4173882635,41.738826350000004,fraction,native_numeric,0,Dying_Cyrus_-_SOCB_V7__furnished_.xlsx,29,AO
rupali_bank_plc,1,DERIVED METRICS (formulas),YoY Total Assets growth %,yoy_total_assets_growth_pct,%,2011,0.1493862233,0.1493862233,14.938622330000001,fraction,native_numeric,0,Dying_Cyrus_-_SOCB_V7__furnished_.xlsx,29,AP
rupali_bank_plc,1,DERIVED METRICS (formulas),YoY Total Assets growth %,yoy_total_assets_growth_pct,%,2012,0.2095448784,0.2095448784,20.95448784,fraction,native_numeric,0,Dying_Cyrus_-_SOCB_V7__furnished_.xlsx,29,AQ
rupali_bank_plc,1,DERIVED METRICS (formulas),YoY Total Assets growth %,yoy_total_assets_growth_pct,%,2013,0.2496787444,0.2496787444,24.967874440000003,fraction,native_numeric,0,Dying_Cyrus_-_SOCB_V7__furnished_.xlsx,29,AR
rupali_bank_plc,1,DERIVED METRICS (formulas),YoY Total Assets growth %,yoy_total_assets_growth_pct,%,2014,0.2400370422,0.2400370422,24.00370422,fraction,native_numeric,0,Dying_Cyrus_-_SOCB_V7__furnished_.xlsx,29,AS
rupali_bank_plc,1,DERIVED METRICS (formulas),YoY Total Assets growth %,yoy_total_assets_growth_pct,%,2015,0.1211265063,0.1211265063,12.112650630000001,fraction,native_numeric,0,Dying_Cyrus_-_SOCB_V7__furnished_.xlsx,29,AT
rupali_bank_plc,1,DERIVED METRICS (formulas),YoY Total Assets growth %,yoy_total_assets_growth_pct,%,2016,0.111657702,0.111657702,11.165770199999999,fraction,native_numeric,0,Dying_Cyrus_-_SOCB_V7__furnished_.xlsx,29,AU
rupali_bank_plc,1,DERIVED METRICS (formulas),YoY Total Assets growth %,yoy_total_assets_growth_pct,%,2017,0.144568905,0.144568905,14.4568905,fraction,native_numeric,0,Dying_Cyrus_-_SOCB_V7__furnished_.xlsx,29,AV
rupali_bank_plc,1,DERIVED METRICS (formulas),YoY Total Assets growth %,yoy_total_assets_growth_pct,%,2018,0.2114995887,0.2114995887,21.14995887,fraction,native_numeric,0,Dying_Cyrus_-_SOCB_V7__furnished_.xlsx,29,AW
rupali_bank_plc,1,DERIVED METRICS (formulas),YoY Total Assets growth %,yoy_total_assets_growth_pct,%,2019,0.073300772,0.073300772,7.3300772,fraction,native_numeric,0,Dying_Cyrus_-_SOCB_V7__furnished_.xlsx,29,AX
rupali_bank_plc,1,DERIVED METRICS (formulas),YoY Total Assets growth %,yoy_total_assets_growth_pct,%,2020,0.2680715689,0.2680715689,26.80715689,fraction,native_numeric,0,Dying_Cyrus_-_SOCB_V7__furnished_.xlsx,29,AY
rupali_bank_plc,1,DERIVED METRICS (formulas),YoY Total Assets growth %,yoy_total_assets_growth_pct,%,2021,0.05503199837,0.05503199837,5.503199837,fraction,native_numeric,0,Dying_Cyrus_-_SOCB_V7__furnished_.xlsx,29,AZ
rupali_bank_plc,1,DERIVED METRICS (formulas),YoY Total Assets growth %,yoy_total_assets_growth_pct,%,2022,0.03228750782,0.03228750782,3.2287507819999997,fraction,native_numeric,0,Dying_Cyrus_-_SOCB_V7__furnished_.xlsx,29,BA
rupali_bank_plc,1,DERIVED METRICS (formulas),YoY Total Assets growth %,yoy_total_assets_growth_pct,%,2023,0.155192484,0.155192484,15.519248399999999,fraction,native_numeric,0,Dying_Cyrus_-_SOCB_V7__furnished_.xlsx,29,BB
rupali_bank_plc,1,DERIVED METRICS (formulas),YoY Total Assets growth %,yoy_total_assets_growth_pct,%,2024,0.01676331123,0.01676331123,1.6763311230000002,fraction,native_numeric,0,Dying_Cyrus_-_SOCB_V7__furnished_.xlsx,29,BC
rupali_bank_plc,1,DERIVED METRICS (formulas),YoY Total Assets growth %,yoy_total_assets_growth_pct,%,2025,0.0492011987,0.0492011987,4.92011987,fraction,native_numeric,0,Dying_Cyrus_-_SOCB_V7__furnished_.xlsx,29,BD
rupali_bank_plc,1,DERIVED METRICS (formulas),YoY Total Assets growth %,yoy_total_assets_growth_pct,%,2026,,,,fraction,missing,0,Dying_Cyrus_-_SOCB_V7__furnished_.xlsx,29,BE
rupali_bank_plc,1,OTHER METRICS (as reported),Profit Before Tax,profit_before_tax,Tk mn,1972,7.0,7.0,,,native_numeric,0,Dying_Cyrus_-_SOCB_V7__furnished_.xlsx,32,C
rupali_bank_plc,1,OTHER METRICS (as reported),Profit Before Tax,profit_before_tax,Tk mn,1973,20.2,20.2,,,native_numeric,0,Dying_Cyrus_-_SOCB_V7__furnished_.xlsx,32,D
rupali_bank_plc,1,OTHER METRICS (as reported),Profit Before Tax,profit_before_tax,Tk mn,1974,25.9,25.9,,,native_numeric,0,Dying_Cyrus_-_SOCB_V7__furnished_.xlsx,32,E
rupali_bank_plc,1,OTHER METRICS (as reported),Profit Before Tax,profit_before_tax,Tk mn,1975,50.1,50.1,,,native_numeric,0,Dying_Cyrus_-_SOCB_V7__furnished_.xlsx,32,F
rupali_bank_plc,1,OTHER METRICS (as reported),Profit Before Tax,profit_before_tax,Tk mn,1976,44.7,44.7,,,native_numeric,0,Dying_Cyrus_-_SOCB_V7__furnished_.xlsx,32,G
rupali_bank_plc,1,OTHER METRICS (as reported),Profit Before Tax,profit_before_tax,Tk mn,1977,41.7,41.7,,,native_numeric,0,Dying_Cyrus_-_SOCB_V7__furnished_.xlsx,32,H
rupali_bank_plc,1,OTHER METRICS (as reported),Profit Before Tax,profit_before_tax,Tk mn,1978,42.1,42.1,,,native_numeric,0,Dying_Cyrus_-_SOCB_V7__furnished_.xlsx,32,I
rupali_bank_plc,1,OTHER METRICS (as reported),Profit Before Tax,profit_before_tax,Tk mn,1979,43.8,43.8,,,native_numeric,0,Dying_Cyrus_-_SOCB_V7__furnished_.xlsx,32,J
rupali_bank_plc,1,OTHER METRICS (as reported),Profit Before Tax,profit_before_tax,Tk mn,1980,71.8,71.8,,,native_numeric,0,Dying_Cyrus_-_SOCB_V7__furnished_.xlsx,32,K
rupali_bank_plc,1,OTHER METRICS (as reported),Profit Before Tax,profit_before_tax,Tk mn,1981,84.0,84.0,,,native_numeric,0,Dying_Cyrus_-_SOCB_V7__furnished_.xlsx,32,L
rupali_bank_plc,1,OTHER METRICS (as reported),Profit Before Tax,profit_before_tax,Tk mn,1982,95.0,95.0,,,native_numeric,0,Dying_Cyrus_-_SOCB_V7__furnished_.xlsx,32,M
rupali_bank_plc,1,OTHER METRICS (as reported),Profit Before Tax,profit_before_tax,Tk mn,1983,123.1,123.1,,,native_numeric,0,Dying_Cyrus_-_SOCB_V7__furnished_.xlsx,32,N
rupali_bank_plc,1,OTHER METRICS (as reported),Profit Before Tax,profit_before_tax,Tk mn,1984,164.7,164.7,,,native_numeric,0,Dying_Cyrus_-_SOCB_V7__furnished_.xlsx,32,O
rupali_bank_plc,1,OTHER METRICS (as reported),Profit Before Tax,profit_before_tax,Tk mn,1985,248.6,248.6,,,native_numeric,0,Dying_Cyrus_-_SOCB_V7__furnished_.xlsx,32,P
rupali_bank_plc,1,OTHER METRICS (as reported),Profit Before Tax,profit_before_tax,Tk mn,1986,141.4,141.4,,,native_numeric,0,Dying_Cyrus_-_SOCB_V7__furnished_.xlsx,32,Q
rupali_bank_plc,1,OTHER METRICS (as reported),Profit Before Tax,profit_before_tax,Tk mn,1987,167.6,167.6,,,native_numeric,0,Dying_Cyrus_-_SOCB_V7__furnished_.xlsx,32,R
rupali_bank_plc,1,OTHER METRICS (as reported),Profit Before Tax,profit_before_tax,Tk mn,1988,12.2,12.2,,,native_numeric,0,Dying_Cyrus_-_SOCB_V7__furnished_.xlsx,32,S
rupali_bank_plc,1,OTHER METRICS (as reported),Profit Before Tax,profit_before_tax,Tk mn,1989,-103.8,-103.8,,,native_numeric,0,Dying_Cyrus_-_SOCB_V7__furnished_.xlsx,32,T
rupali_bank_plc,1,OTHER METRICS (as reported),Profit Before Tax,profit_before_tax,Tk mn,1990,-727.2,-727.2,,,native_numeric,0,Dying_Cyrus_-_SOCB_V7__furnished_.xlsx,32,U
rupali_bank_plc,1,OTHER METRICS (as reported),Profit Before Tax,profit_before_tax,Tk mn,1991,-407.0,-407.0,,,native_numeric,0,Dying_Cyrus_-_SOCB_V7__furnished_.xlsx,32,V
rupali_bank_plc,1,OTHER METRICS (as reported),Profit Before Tax,profit_before_tax,Tk mn,1992,-1767.1,-1767.1,,,native_numeric,0,Dying_Cyrus_-_SOCB_V7__furnished_.xlsx,32,W
rupali_bank_plc,1,OTHER METRICS (as reported),Profit Before Tax,profit_before_tax,Tk mn,1993,-346.8,-346.8,,,native_numeric,0,Dying_Cyrus_-_SOCB_V7__furnished_.xlsx,32,X
rupali_bank_plc,1,OTHER METRICS (as reported),Profit Before Tax,profit_before_tax,Tk mn,1994,-431.8,-431.8,,,native_numeric,0,Dying_Cyrus_-_SOCB_V7__furnished_.xlsx,32,Y
rupali_bank_plc,1,OTHER METRICS (as reported),Profit Before Tax,profit_before_tax,Tk mn,1995,391.4,391.4,,,native_numeric,0,Dying_Cyrus_-_SOCB_V7__furnished_.xlsx,32,Z
rupali_bank_plc,1,OTHER METRICS (as reported),Profit Before Tax,profit_before_tax,Tk mn,1996,17.0,17.0,,,native_numeric,0,Dying_Cyrus_-_SOCB_V7__furnished_.xlsx,32,AA
rupali_bank_plc,1,OTHER METRICS (as reported),Profit Before Tax,profit_before_tax,Tk mn,1997,,,,,missing,0,Dying_Cyrus_-_SOCB_V7__furnished_.xlsx,32,AB
rupali_bank_plc,1,OTHER METRICS (as reported),Profit Before Tax,profit_before_tax,Tk mn,1998,,,,,missing,0,Dying_Cyrus_-_SOCB_V7__furnished_.xlsx,32,AC
rupali_bank_plc,1,OTHER METRICS (as reported),Profit Before Tax,profit_before_tax,Tk mn,1999,,,,,missing,0,Dying_Cyrus_-_SOCB_V7__furnished_.xlsx,32,AD
rupali_bank_plc,1,OTHER METRICS (as reported),Profit Before Tax,profit_before_tax,Tk mn,2000,,,,,missing,0,Dying_Cyrus_-_SOCB_V7__furnished_.xlsx,32,AE
rupali_bank_plc,1,OTHER METRICS (as reported),Profit Before Tax,profit_before_tax,Tk mn,2001,,,,,missing,0,Dying_Cyrus_-_SOCB_V7__furnished_.xlsx,32,AF
rupali_bank_plc,1,OTHER METRICS (as reported),Profit Before Tax,profit_before_tax,Tk mn,2002,,,,,missing,0,Dying_Cyrus_-_SOCB_V7__furnished_.xlsx,32,AG
rupali_bank_plc,1,OTHER METRICS (as reported),Profit Before Tax,profit_before_tax,Tk mn,2003,,,,,missing,0,Dying_Cyrus_-_SOCB_V7__furnished_.xlsx,32,AH
rupali_bank_plc,1,OTHER METRICS (as reported),Profit Before Tax,profit_before_tax,Tk mn,2004,,,,,missing,0,Dying_Cyrus_-_SOCB_V7__furnished_.xlsx,32,AI
rupali_bank_plc,1,OTHER METRICS (as reported),Profit Before Tax,profit_before_tax,Tk mn,2005,,,,,missing,0,Dying_Cyrus_-_SOCB_V7__furnished_.xlsx,32,AJ
rupali_bank_plc,1,OTHER METRICS (as reported),Profit Before Tax,profit_before_tax,Tk mn,2006,,,,,missing,0,Dying_Cyrus_-_SOCB_V7__furnished_.xlsx,32,AK
rupali_bank_plc,1,OTHER METRICS (as reported),Profit Before Tax,profit_before_tax,Tk mn,2007,,,,,missing,0,Dying_Cyrus_-_SOCB_V7__furnished_.xlsx,32,AL
rupali_bank_plc,1,OTHER METRICS (as reported),Profit Before Tax,profit_before_tax,Tk mn,2008,,,,,missing,0,Dying_Cyrus_-_SOCB_V7__furnished_.xlsx,32,AM
rupali_bank_plc,1,OTHER METRICS (as reported),Profit Before Tax,profit_before_tax,Tk mn,2009,1668.5,1668.5,,,native_numeric,0,Dying_Cyrus_-_SOCB_V7__furnished_.xlsx,32,AN
rupali_bank_plc,1,OTHER METRICS (as reported),Profit Before Tax,profit_before_tax,Tk mn,2010,1425.7,1425.7,,,native_numeric,0,Dying_Cyrus_-_SOCB_V7__furnished_.xlsx,32,AO
rupali_bank_plc,1,OTHER METRICS (as reported),Profit Before Tax,profit_before_tax,Tk mn,2011,2498.6,2498.6,,,native_numeric,0,Dying_Cyrus_-_SOCB_V7__furnished_.xlsx,32,AP
rupali_bank_plc,1,OTHER METRICS (as reported),Profit Before Tax,profit_before_tax,Tk mn,2012,1274.0,1274.0,,,native_numeric,0,Dying_Cyrus_-_SOCB_V7__furnished_.xlsx,32,AQ
rupali_bank_plc,1,OTHER METRICS (as reported),Profit Before Tax,profit_before_tax,Tk mn,2013,1060.7,1060.7,,,native_numeric,0,Dying_Cyrus_-_SOCB_V7__furnished_.xlsx,32,AR
rupali_bank_plc,1,OTHER METRICS (as reported),Profit Before Tax,profit_before_tax,Tk mn,2014,789.0,789.0,,,native_numeric,0,Dying_Cyrus_-_SOCB_V7__furnished_.xlsx,32,AS
rupali_bank_plc,1,OTHER METRICS (as reported),Profit Before Tax,profit_before_tax,Tk mn,2015,1060.8,1060.8,,,native_numeric,0,Dying_Cyrus_-_SOCB_V7__furnished_.xlsx,32,AT
rupali_bank_plc,1,OTHER METRICS (as reported),Profit Before Tax,profit_before_tax,Tk mn,2016,-887.8,-887.8,,,native_numeric,0,Dying_Cyrus_-_SOCB_V7__furnished_.xlsx,32,AU
rupali_bank_plc,1,OTHER METRICS (as reported),Profit Before Tax,profit_before_tax,Tk mn,2017,1179.1,1179.1,,,native_numeric,0,Dying_Cyrus_-_SOCB_V7__furnished_.xlsx,32,AV
rupali_bank_plc,1,OTHER METRICS (as reported),Profit Before Tax,profit_before_tax,Tk mn,2018,719.2,719.2,,,native_numeric,0,Dying_Cyrus_-_SOCB_V7__furnished_.xlsx,32,AW
rupali_bank_plc,1,OTHER METRICS (as reported),Profit Before Tax,profit_before_tax,Tk mn,2019,956.8,956.8,,,native_numeric,0,Dying_Cyrus_-_SOCB_V7__furnished_.xlsx,32,AX
rupali_bank_plc,1,OTHER METRICS (as reported),Profit Before Tax,profit_before_tax,Tk mn,2020,446.9,446.9,,,native_numeric,0,Dying_Cyrus_-_SOCB_V7__furnished_.xlsx,32,AY
rupali_bank_plc,1,OTHER METRICS (as reported),Profit Before Tax,profit_before_tax,Tk mn,2021,717.5,717.5,,,native_numeric,0,Dying_Cyrus_-_SOCB_V7__furnished_.xlsx,32,AZ
rupali_bank_plc,1,OTHER METRICS (as reported),Profit Before Tax,profit_before_tax,Tk mn,2022,626.4,626.4,,,native_numeric,0,Dying_Cyrus_-_SOCB_V7__furnished_.xlsx,32,BA
rupali_bank_plc,1,OTHER METRICS (as reported),Profit Before Tax,profit_before_tax,Tk mn,2023,1319.32,1319.32,,,native_numeric,0,Dying_Cyrus_-_SOCB_V7__furnished_.xlsx,32,BB
rupali_bank_plc,1,OTHER METRICS (as reported),Profit Before Tax,profit_before_tax,Tk mn,2024,339.51,339.51,,,native_numeric,0,Dying_Cyrus_-_SOCB_V7__furnished_.xlsx,32,BC
rupali_bank_plc,1,OTHER METRICS (as reported),Profit Before Tax,profit_before_tax,Tk mn,2025,474.25,474.25,,,native_numeric,0,Dying_Cyrus_-_SOCB_V7__furnished_.xlsx,32,BD
rupali_bank_plc,1,OTHER METRICS (as reported),Profit Before Tax,profit_before_tax,Tk mn,2026,,,,,missing,0,Dying_Cyrus_-_SOCB_V7__furnished_.xlsx,32,BE
rupali_bank_plc,1,OTHER METRICS (as reported),Provision Maintained (Loans & Advances),provision_maintained,Tk mn,1972,,,,,missing,0,Dying_Cyrus_-_SOCB_V7__furnished_.xlsx,33,C
rupali_bank_plc,1,OTHER METRICS (as reported),Provision Maintained (Loans & Advances),provision_maintained,Tk mn,1973,,,,,missing,0,Dying_Cyrus_-_SOCB_V7__furnished_.xlsx,33,D
rupali_bank_plc,1,OTHER METRICS (as reported),Provision Maintained (Loans & Advances),provision_maintained,Tk mn,1974,,,,,missing,0,Dying_Cyrus_-_SOCB_V7__furnished_.xlsx,33,E
rupali_bank_plc,1,OTHER METRICS (as reported),Provision Maintained (Loans & Advances),provision_maintained,Tk mn,1975,,,,,missing,0,Dying_Cyrus_-_SOCB_V7__furnished_.xlsx,33,F
rupali_bank_plc,1,OTHER METRICS (as reported),Provision Maintained (Loans & Advances),provision_maintained,Tk mn,1976,,,,,missing,0,Dying_Cyrus_-_SOCB_V7__furnished_.xlsx,33,G
rupali_bank_plc,1,OTHER METRICS (as reported),Provision Maintained (Loans & Advances),provision_maintained,Tk mn,1977,,,,,missing,0,Dying_Cyrus_-_SOCB_V7__furnished_.xlsx,33,H
rupali_bank_plc,1,OTHER METRICS (as reported),Provision Maintained (Loans & Advances),provision_maintained,Tk mn,1978,,,,,missing,0,Dying_Cyrus_-_SOCB_V7__furnished_.xlsx,33,I
rupali_bank_plc,1,OTHER METRICS (as reported),Provision Maintained (Loans & Advances),provision_maintained,Tk mn,1979,,,,,missing,0,Dying_Cyrus_-_SOCB_V7__furnished_.xlsx,33,J
rupali_bank_plc,1,OTHER METRICS (as reported),Provision Maintained (Loans & Advances),provision_maintained,Tk mn,1980,,,,,missing,0,Dying_Cyrus_-_SOCB_V7__furnished_.xlsx,33,K
rupali_bank_plc,1,OTHER METRICS (as reported),Provision Maintained (Loans & Advances),provision_maintained,Tk mn,1981,,,,,missing,0,Dying_Cyrus_-_SOCB_V7__furnished_.xlsx,33,L
rupali_bank_plc,1,OTHER METRICS (as reported),Provision Maintained (Loans & Advances),provision_maintained,Tk mn,1982,,,,,missing,0,Dying_Cyrus_-_SOCB_V7__furnished_.xlsx,33,M
rupali_bank_plc,1,OTHER METRICS (as reported),Provision Maintained (Loans & Advances),provision_maintained,Tk mn,1983,,,,,missing,0,Dying_Cyrus_-_SOCB_V7__furnished_.xlsx,33,N
rupali_bank_plc,1,OTHER METRICS (as reported),Provision Maintained (Loans & Advances),provision_maintained,Tk mn,1984,,,,,missing,0,Dying_Cyrus_-_SOCB_V7__furnished_.xlsx,33,O
rupali_bank_plc,1,OTHER METRICS (as reported),Provision Maintained (Loans & Advances),provision_maintained,Tk mn,1985,,,,,missing,0,Dying_Cyrus_-_SOCB_V7__furnished_.xlsx,33,P
rupali_bank_plc,1,OTHER METRICS (as reported),Provision Maintained (Loans & Advances),provision_maintained,Tk mn,1986,,,,,missing,0,Dying_Cyrus_-_SOCB_V7__furnished_.xlsx,33,Q
rupali_bank_plc,1,OTHER METRICS (as reported),Provision Maintained (Loans & Advances),provision_maintained,Tk mn,1987,,,,,missing,0,Dying_Cyrus_-_SOCB_V7__furnished_.xlsx,33,R
rupali_bank_plc,1,OTHER METRICS (as reported),Provision Maintained (Loans & Advances),provision_maintained,Tk mn,1988,,,,,missing,0,Dying_Cyrus_-_SOCB_V7__furnished_.xlsx,33,S
rupali_bank_plc,1,OTHER METRICS (as reported),Provision Maintained (Loans & Advances),provision_maintained,Tk mn,1989,,,,,missing,0,Dying_Cyrus_-_SOCB_V7__furnished_.xlsx,33,T
rupali_bank_plc,1,OTHER METRICS (as reported),Provision Maintained (Loans & Advances),provision_maintained,Tk mn,1990,,,,,missing,0,Dying_Cyrus_-_SOCB_V7__furnished_.xlsx,33,U
rupali_bank_plc,1,OTHER METRICS (as reported),Provision Maintained (Loans & Advances),provision_maintained,Tk mn,1991,,,,,missing,0,Dying_Cyrus_-_SOCB_V7__furnished_.xlsx,33,V
rupali_bank_plc,1,OTHER METRICS (as reported),Provision Maintained (Loans & Advances),provision_maintained,Tk mn,1992,,,,,missing,0,Dying_Cyrus_-_SOCB_V7__furnished_.xlsx,33,W
rupali_bank_plc,1,OTHER METRICS (as reported),Provision Maintained (Loans & Advances),provision_maintained,Tk mn,1993,,,,,missing,0,Dying_Cyrus_-_SOCB_V7__furnished_.xlsx,33,X
rupali_bank_plc,1,OTHER METRICS (as reported),Provision Maintained (Loans & Advances),provision_maintained,Tk mn,1994,,,,,missing,0,Dying_Cyrus_-_SOCB_V7__furnished_.xlsx,33,Y
rupali_bank_plc,1,OTHER METRICS (as reported),Provision Maintained (Loans & Advances),provision_maintained,Tk mn,1995,,,,,missing,0,Dying_Cyrus_-_SOCB_V7__furnished_.xlsx,33,Z
rupali_bank_plc,1,OTHER METRICS (as reported),Provision Maintained (Loans & Advances),provision_maintained,Tk mn,1996,,,,,missing,0,Dying_Cyrus_-_SOCB_V7__furnished_.xlsx,33,AA
rupali_bank_plc,1,OTHER METRICS (as reported),Provision Maintained (Loans & Advances),provision_maintained,Tk mn,1997,,,,,missing,0,Dying_Cyrus_-_SOCB_V7__furnished_.xlsx,33,AB
rupali_bank_plc,1,OTHER METRICS (as reported),Provision Maintained (Loans & Advances),provision_maintained,Tk mn,1998,,,,,missing,0,Dying_Cyrus_-_SOCB_V7__furnished_.xlsx,33,AC
rupali_bank_plc,1,OTHER METRICS (as reported),Provision Maintained (Loans & Advances),provision_maintained,Tk mn,1999,,,,,missing,0,Dying_Cyrus_-_SOCB_V7__furnished_.xlsx,33,AD
rupali_bank_plc,1,OTHER METRICS (as reported),Provision Maintained (Loans & Advances),provision_maintained,Tk mn,2000,,,,,missing,0,Dying_Cyrus_-_SOCB_V7__furnished_.xlsx,33,AE
rupali_bank_plc,1,OTHER METRICS (as reported),Provision Maintained (Loans & Advances),provision_maintained,Tk mn,2001,,,,,missing,0,Dying_Cyrus_-_SOCB_V7__furnished_.xlsx,33,AF
rupali_bank_plc,1,OTHER METRICS (as reported),Provision Maintained (Loans & Advances),provision_maintained,Tk mn,2002,,,,,missing,0,Dying_Cyrus_-_SOCB_V7__furnished_.xlsx,33,AG
rupali_bank_plc,1,OTHER METRICS (as reported),Provision Maintained (Loans & Advances),provision_maintained,Tk mn,2003,,,,,missing,0,Dying_Cyrus_-_SOCB_V7__furnished_.xlsx,33,AH
rupali_bank_plc,1,OTHER METRICS (as reported),Provision Maintained (Loans & Advances),provision_maintained,Tk mn,2004,,,,,missing,0,Dying_Cyrus_-_SOCB_V7__furnished_.xlsx,33,AI
rupali_bank_plc,1,OTHER METRICS (as reported),Provision Maintained (Loans & Advances),provision_maintained,Tk mn,2005,,,,,missing,0,Dying_Cyrus_-_SOCB_V7__furnished_.xlsx,33,AJ
rupali_bank_plc,1,OTHER METRICS (as reported),Provision Maintained (Loans & Advances),provision_maintained,Tk mn,2006,,,,,missing,0,Dying_Cyrus_-_SOCB_V7__furnished_.xlsx,33,AK
rupali_bank_plc,1,OTHER METRICS (as reported),Provision Maintained (Loans & Advances),provision_maintained,Tk mn,2007,,,,,missing,0,Dying_Cyrus_-_SOCB_V7__furnished_.xlsx,33,AL
rupali_bank_plc,1,OTHER METRICS (as reported),Provision Maintained (Loans & Advances),provision_maintained,Tk mn,2008,,,,,missing,0,Dying_Cyrus_-_SOCB_V7__furnished_.xlsx,33,AM
rupali_bank_plc,1,OTHER METRICS (as reported),Provision Maintained (Loans & Advances),provision_maintained,Tk mn,2009,,,,,missing,0,Dying_Cyrus_-_SOCB_V7__furnished_.xlsx,33,AN
rupali_bank_plc,1,OTHER METRICS (as reported),Provision Maintained (Loans & Advances),provision_maintained,Tk mn,2010,,,,,missing,0,Dying_Cyrus_-_SOCB_V7__furnished_.xlsx,33,AO
rupali_bank_plc,1,OTHER METRICS (as reported),Provision Maintained (Loans & Advances),provision_maintained,Tk mn,2011,,,,,missing,0,Dying_Cyrus_-_SOCB_V7__furnished_.xlsx,33,AP
rupali_bank_plc,1,OTHER METRICS (as reported),Provision Maintained (Loans & Advances),provision_maintained,Tk mn,2012,6367.45,6367.45,,,native_numeric,0,Dying_Cyrus_-_SOCB_V7__furnished_.xlsx,33,AQ
rupali_bank_plc,1,OTHER METRICS (as reported),Provision Maintained (Loans & Advances),provision_maintained,Tk mn,2013,6899.22,6899.22,,,native_numeric,0,Dying_Cyrus_-_SOCB_V7__furnished_.xlsx,33,AR
rupali_bank_plc,1,OTHER METRICS (as reported),Provision Maintained (Loans & Advances),provision_maintained,Tk mn,2014,8779.59,8779.59,,,native_numeric,0,Dying_Cyrus_-_SOCB_V7__furnished_.xlsx,33,AS
rupali_bank_plc,1,OTHER METRICS (as reported),Provision Maintained (Loans & Advances),provision_maintained,Tk mn,2015,9552.63,9552.63,,,native_numeric,0,Dying_Cyrus_-_SOCB_V7__furnished_.xlsx,33,AT
rupali_bank_plc,1,OTHER METRICS (as reported),Provision Maintained (Loans & Advances),provision_maintained,Tk mn,2016,10012.45,10012.45,,,native_numeric,0,Dying_Cyrus_-_SOCB_V7__furnished_.xlsx,33,AU
rupali_bank_plc,1,OTHER METRICS (as reported),Provision Maintained (Loans & Advances),provision_maintained,Tk mn,2017,13002.37,13002.37,,,native_numeric,0,Dying_Cyrus_-_SOCB_V7__furnished_.xlsx,33,AV
rupali_bank_plc,1,OTHER METRICS (as reported),Provision Maintained (Loans & Advances),provision_maintained,Tk mn,2018,14583.65,14583.65,,,native_numeric,0,Dying_Cyrus_-_SOCB_V7__furnished_.xlsx,33,AW
rupali_bank_plc,1,OTHER METRICS (as reported),Provision Maintained (Loans & Advances),provision_maintained,Tk mn,2019,,,,,missing,0,Dying_Cyrus_-_SOCB_V7__furnished_.xlsx,33,AX
rupali_bank_plc,1,OTHER METRICS (as reported),Provision Maintained (Loans & Advances),provision_maintained,Tk mn,2020,,,,,missing,0,Dying_Cyrus_-_SOCB_V7__furnished_.xlsx,33,AY
rupali_bank_plc,1,OTHER METRICS (as reported),Provision Maintained (Loans & Advances),provision_maintained,Tk mn,2021,16686.92,16686.92,,,native_numeric,0,Dying_Cyrus_-_SOCB_V7__furnished_.xlsx,33,AZ
rupali_bank_plc,1,OTHER METRICS (as reported),Provision Maintained (Loans & Advances),provision_maintained,Tk mn,2022,16835.23,16835.23,,,native_numeric,0,Dying_Cyrus_-_SOCB_V7__furnished_.xlsx,33,BA
rupali_bank_plc,1,OTHER METRICS (as reported),Provision Maintained (Loans & Advances),provision_maintained,Tk mn,2023,19934.75,19934.75,,,native_numeric,0,Dying_Cyrus_-_SOCB_V7__furnished_.xlsx,33,BB
rupali_bank_plc,1,OTHER METRICS (as reported),Provision Maintained (Loans & Advances),provision_maintained,Tk mn,2024,18122.79,18122.79,,,native_numeric,0,Dying_Cyrus_-_SOCB_V7__furnished_.xlsx,33,BC
rupali_bank_plc,1,OTHER METRICS (as reported),Provision Maintained (Loans & Advances),provision_maintained,Tk mn,2025,18120.89,18120.89,,,native_numeric,0,Dying_Cyrus_-_SOCB_V7__furnished_.xlsx,33,BD
rupali_bank_plc,1,OTHER METRICS (as reported),Provision Maintained (Loans & Advances),provision_maintained,Tk mn,2026,,,,,missing,0,Dying_Cyrus_-_SOCB_V7__furnished_.xlsx,33,BE
sonali_bank,1,BALANCE SHEET,Total Assets,total_assets,Tk mn,1972,23967.9,23967.9,,,native_numeric,0,Dying_Cyrus_-_SOCB_V7__furnished_.xlsx,6,C
sonali_bank,1,BALANCE SHEET,Total Assets,total_assets,Tk mn,1973,,,,,missing,0,Dying_Cyrus_-_SOCB_V7__furnished_.xlsx,6,D
sonali_bank,1,BALANCE SHEET,Total Assets,total_assets,Tk mn,1974,4640.7,4640.7,,,native_numeric,0,Dying_Cyrus_-_SOCB_V7__furnished_.xlsx,6,E
sonali_bank,1,BALANCE SHEET,Total Assets,total_assets,Tk mn,1975,7271.2,7271.2,,,native_numeric,0,Dying_Cyrus_-_SOCB_V7__furnished_.xlsx,6,F
sonali_bank,1,BALANCE SHEET,Total Assets,total_assets,Tk mn,1976,6387.2,6387.2,,,native_numeric,0,Dying_Cyrus_-_SOCB_V7__furnished_.xlsx,6,G
sonali_bank,1,BALANCE SHEET,Total Assets,total_assets,Tk mn,1977,8964.9,8964.9,,,native_numeric,0,Dying_Cyrus_-_SOCB_V7__furnished_.xlsx,6,H
sonali_bank,1,BALANCE SHEET,Total Assets,total_assets,Tk mn,1978,11755.2,11755.2,,,native_numeric,0,Dying_Cyrus_-_SOCB_V7__furnished_.xlsx,6,I
sonali_bank,1,BALANCE SHEET,Total Assets,total_assets,Tk mn,1979,17595.4,17595.4,,,native_numeric,0,Dying_Cyrus_-_SOCB_V7__furnished_.xlsx,6,J
sonali_bank,1,BALANCE SHEET,Total Assets,total_assets,Tk mn,1980,,,,,missing,0,Dying_Cyrus_-_SOCB_V7__furnished_.xlsx,6,K
sonali_bank,1,BALANCE SHEET,Total Assets,total_assets,Tk mn,1981,24131.1,24131.1,,,native_numeric,0,Dying_Cyrus_-_SOCB_V7__furnished_.xlsx,6,L
sonali_bank,1,BALANCE SHEET,Total Assets,total_assets,Tk mn,1982,31351.4,31351.4,,,native_numeric,0,Dying_Cyrus_-_SOCB_V7__furnished_.xlsx,6,M
sonali_bank,1,BALANCE SHEET,Total Assets,total_assets,Tk mn,1983,34834.7,34834.7,,,native_numeric,0,Dying_Cyrus_-_SOCB_V7__furnished_.xlsx,6,N
sonali_bank,1,BALANCE SHEET,Total Assets,total_assets,Tk mn,1984,43460.8,43460.8,,,native_numeric,0,Dying_Cyrus_-_SOCB_V7__furnished_.xlsx,6,O
sonali_bank,1,BALANCE SHEET,Total Assets,total_assets,Tk mn,1985,52751.2,52751.2,,,native_numeric,0,Dying_Cyrus_-_SOCB_V7__furnished_.xlsx,6,P
sonali_bank,1,BALANCE SHEET,Total Assets,total_assets,Tk mn,1986,57339.51,57339.51,,,native_numeric,0,Dying_Cyrus_-_SOCB_V7__furnished_.xlsx,6,Q
sonali_bank,1,BALANCE SHEET,Total Assets,total_assets,Tk mn,1987,62453.72,62453.72,,,native_numeric,0,Dying_Cyrus_-_SOCB_V7__furnished_.xlsx,6,R
sonali_bank,1,BALANCE SHEET,Total Assets,total_assets,Tk mn,1988,71715.69,71715.69,,,native_numeric,0,Dying_Cyrus_-_SOCB_V7__furnished_.xlsx,6,S
sonali_bank,1,BALANCE SHEET,Total Assets,total_assets,Tk mn,1989,77208.3,77208.3,,,native_numeric,0,Dying_Cyrus_-_SOCB_V7__furnished_.xlsx,6,T
sonali_bank,1,BALANCE SHEET,Total Assets,total_assets,Tk mn,1990,85327.62,85327.62,,,native_numeric,0,Dying_Cyrus_-_SOCB_V7__furnished_.xlsx,6,U
sonali_bank,1,BALANCE SHEET,Total Assets,total_assets,Tk mn,1991,92778.14,92778.14,,,native_numeric,0,Dying_Cyrus_-_SOCB_V7__furnished_.xlsx,6,V
sonali_bank,1,BALANCE SHEET,Total Assets,total_assets,Tk mn,1992,99861.58,99861.58,,,native_numeric,0,Dying_Cyrus_-_SOCB_V7__furnished_.xlsx,6,W
sonali_bank,1,BALANCE SHEET,Total Assets,total_assets,Tk mn,1993,110816.12,110816.12,,,native_numeric,0,Dying_Cyrus_-_SOCB_V7__furnished_.xlsx,6,X
sonali_bank,1,BALANCE SHEET,Total Assets,total_assets,Tk mn,1994,138706.8,138706.8,,,native_numeric,0,Dying_Cyrus_-_SOCB_V7__furnished_.xlsx,6,Y
sonali_bank,1,BALANCE SHEET,Total Assets,total_assets,Tk mn,1995,156844.18,156844.18,,,native_numeric,0,Dying_Cyrus_-_SOCB_V7__furnished_.xlsx,6,Z
sonali_bank,1,BALANCE SHEET,Total Assets,total_assets,Tk mn,1996,164005.24,164005.24,,,native_numeric,0,Dying_Cyrus_-_SOCB_V7__furnished_.xlsx,6,AA
sonali_bank,1,BALANCE SHEET,Total Assets,total_assets,Tk mn,1997,180681.8,180681.8,,,native_numeric,0,Dying_Cyrus_-_SOCB_V7__furnished_.xlsx,6,AB
sonali_bank,1,BALANCE SHEET,Total Assets,total_assets,Tk mn,1998,198900.22,198900.22,,,native_numeric,0,Dying_Cyrus_-_SOCB_V7__furnished_.xlsx,6,AC
sonali_bank,1,BALANCE SHEET,Total Assets,total_assets,Tk mn,1999,221170.49,221170.49,,,native_numeric,0,Dying_Cyrus_-_SOCB_V7__furnished_.xlsx,6,AD
sonali_bank,1,BALANCE SHEET,Total Assets,total_assets,Tk mn,2000,237680.25,237680.25,,,native_numeric,0,Dying_Cyrus_-_SOCB_V7__furnished_.xlsx,6,AE
sonali_bank,1,BALANCE SHEET,Total Assets,total_assets,Tk mn,2001,254083.65,254083.65,,,native_numeric,0,Dying_Cyrus_-_SOCB_V7__furnished_.xlsx,6,AF
sonali_bank,1,BALANCE SHEET,Total Assets,total_assets,Tk mn,2002,271021.98,271021.98,,,native_numeric,0,Dying_Cyrus_-_SOCB_V7__furnished_.xlsx,6,AG
sonali_bank,1,BALANCE SHEET,Total Assets,total_assets,Tk mn,2003,266851.26,266851.26,,,native_numeric,0,Dying_Cyrus_-_SOCB_V7__furnished_.xlsx,6,AH
sonali_bank,1,BALANCE SHEET,Total Assets,total_assets,Tk mn,2004,292181.57,292181.57,,,native_numeric,0,Dying_Cyrus_-_SOCB_V7__furnished_.xlsx,6,AI
sonali_bank,1,BALANCE SHEET,Total Assets,total_assets,Tk mn,2005,337687.12,337687.12,,,native_numeric,0,Dying_Cyrus_-_SOCB_V7__furnished_.xlsx,6,AJ
sonali_bank,1,BALANCE SHEET,Total Assets,total_assets,Tk mn,2006,352893.82,352893.82,,,native_numeric,0,Dying_Cyrus_-_SOCB_V7__furnished_.xlsx,6,AK
sonali_bank,1,BALANCE SHEET,Total Assets,total_assets,Tk mn,2007,461964.23,461964.23,,,native_numeric,0,Dying_Cyrus_-_SOCB_V7__furnished_.xlsx,6,AL
sonali_bank,1,BALANCE SHEET,Total Assets,total_assets,Tk mn,2008,492946.15,492946.15,,,native_numeric,0,Dying_Cyrus_-_SOCB_V7__furnished_.xlsx,6,AM
sonali_bank,1,BALANCE SHEET,Total Assets,total_assets,Tk mn,2009,543969.27,543969.27,,,native_numeric,0,Dying_Cyrus_-_SOCB_V7__furnished_.xlsx,6,AN
sonali_bank,1,BALANCE SHEET,Total Assets,total_assets,Tk mn,2010,649267.92,649267.92,,,native_numeric,0,Dying_Cyrus_-_SOCB_V7__furnished_.xlsx,6,AO
sonali_bank,1,BALANCE SHEET,Total Assets,total_assets,Tk mn,2011,695192.11,695192.11,,,native_numeric,0,Dying_Cyrus_-_SOCB_V7__furnished_.xlsx,6,AP
sonali_bank,1,BALANCE SHEET,Total Assets,total_assets,Tk mn,2012,753949.69,753949.69,,,native_numeric,0,Dying_Cyrus_-_SOCB_V7__furnished_.xlsx,6,AQ
sonali_bank,1,BALANCE SHEET,Total Assets,total_assets,Tk mn,2013,852223.55,852223.55,,,native_numeric,0,Dying_Cyrus_-_SOCB_V7__furnished_.xlsx,6,AR
sonali_bank,1,BALANCE SHEET,Total Assets,total_assets,Tk mn,2014,934592.0,934592.0,,,native_numeric,0,Dying_Cyrus_-_SOCB_V7__furnished_.xlsx,6,AS
sonali_bank,1,BALANCE SHEET,Total Assets,total_assets,Tk mn,2015,1026109.0,1026109.0,,,native_numeric,0,Dying_Cyrus_-_SOCB_V7__furnished_.xlsx,6,AT
sonali_bank,1,BALANCE SHEET,Total Assets,total_assets,Tk mn,2016,1200590.0,1200590.0,,,native_numeric,0,Dying_Cyrus_-_SOCB_V7__furnished_.xlsx,6,AU
sonali_bank,1,BALANCE SHEET,Total Assets,total_assets,Tk mn,2017,1256712.0,1256712.0,,,native_numeric,0,Dying_Cyrus_-_SOCB_V7__furnished_.xlsx,6,AV
sonali_bank,1,BALANCE SHEET,Total Assets,total_assets,Tk mn,2018,1306842.0,1306842.0,,,native_numeric,0,Dying_Cyrus_-_SOCB_V7__furnished_.xlsx,6,AW
sonali_bank,1,BALANCE SHEET,Total Assets,total_assets,Tk mn,2019,1472601.0,1472601.0,,,native_numeric,0,Dying_Cyrus_-_SOCB_V7__furnished_.xlsx,6,AX
sonali_bank,1,BALANCE SHEET,Total Assets,total_assets,Tk mn,2020,1591233.0,1591233.0,,,native_numeric,0,Dying_Cyrus_-_SOCB_V7__furnished_.xlsx,6,AY
sonali_bank,1,BALANCE SHEET,Total Assets,total_assets,Tk mn,2021,1706803.0,1706803.0,,,native_numeric,0,Dying_Cyrus_-_SOCB_V7__furnished_.xlsx,6,AZ
sonali_bank,1,BALANCE SHEET,Total Assets,total_assets,Tk mn,2022,1789772.0,1789772.0,,,native_numeric,0,Dying_Cyrus_-_SOCB_V7__furnished_.xlsx,6,BA
sonali_bank,1,BALANCE SHEET,Total Assets,total_assets,Tk mn,2023,1981130.0,1981130.0,,,native_numeric,0,Dying_Cyrus_-_SOCB_V7__furnished_.xlsx,6,BB
sonali_bank,1,BALANCE SHEET,Total Assets,total_assets,Tk mn,2024,2262301.0,2262301.0,,,native_numeric,0,Dying_Cyrus_-_SOCB_V7__furnished_.xlsx,6,BC
sonali_bank,1,BALANCE SHEET,Total Assets,total_assets,Tk mn,2025,2390982.0,2390982.0,,,native_numeric,0,Dying_Cyrus_-_SOCB_V7__furnished_.xlsx,6,BD
sonali_bank,1,BALANCE SHEET,Total Assets,total_assets,Tk mn,2026,,,,,missing,0,Dying_Cyrus_-_SOCB_V7__furnished_.xlsx,6,BE
sonali_bank,1,BALANCE SHEET,"Loans & Advances, gross",loans_advances_gross,Tk mn,1972,853.7,853.7,,,native_numeric,0,Dying_Cyrus_-_SOCB_V7__furnished_.xlsx,7,C
sonali_bank,1,BALANCE SHEET,"Loans & Advances, gross",loans_advances_gross,Tk mn,1973,1289.8,1289.8,,,native_numeric,0,Dying_Cyrus_-_SOCB_V7__furnished_.xlsx,7,D
sonali_bank,1,BALANCE SHEET,"Loans & Advances, gross",loans_advances_gross,Tk mn,1974,1677.0,1677.0,,,native_numeric,0,Dying_Cyrus_-_SOCB_V7__furnished_.xlsx,7,E
sonali_bank,1,BALANCE SHEET,"Loans & Advances, gross",loans_advances_gross,Tk mn,1975,2150.5,2150.5,,,native_numeric,0,Dying_Cyrus_-_SOCB_V7__furnished_.xlsx,7,F
sonali_bank,1,BALANCE SHEET,"Loans & Advances, gross",loans_advances_gross,Tk mn,1976,2418.9,2418.9,,,native_numeric,0,Dying_Cyrus_-_SOCB_V7__furnished_.xlsx,7,G
sonali_bank,1,BALANCE SHEET,"Loans & Advances, gross",loans_advances_gross,Tk mn,1977,3624.8,3624.8,,,native_numeric,0,Dying_Cyrus_-_SOCB_V7__furnished_.xlsx,7,H
sonali_bank,1,BALANCE SHEET,"Loans & Advances, gross",loans_advances_gross,Tk mn,1978,4833.0,4833.0,,,native_numeric,0,Dying_Cyrus_-_SOCB_V7__furnished_.xlsx,7,I
sonali_bank,1,BALANCE SHEET,"Loans & Advances, gross",loans_advances_gross,Tk mn,1979,6755.9,6755.9,,,native_numeric,0,Dying_Cyrus_-_SOCB_V7__furnished_.xlsx,7,J
sonali_bank,1,BALANCE SHEET,"Loans & Advances, gross",loans_advances_gross,Tk mn,1980,9626.3,9626.3,,,native_numeric,0,Dying_Cyrus_-_SOCB_V7__furnished_.xlsx,7,K
sonali_bank,1,BALANCE SHEET,"Loans & Advances, gross",loans_advances_gross,Tk mn,1981,11855.5,11855.5,,,native_numeric,0,Dying_Cyrus_-_SOCB_V7__furnished_.xlsx,7,L
sonali_bank,1,BALANCE SHEET,"Loans & Advances, gross",loans_advances_gross,Tk mn,1982,16831.9,16831.9,,,native_numeric,0,Dying_Cyrus_-_SOCB_V7__furnished_.xlsx,7,M
sonali_bank,1,BALANCE SHEET,"Loans & Advances, gross",loans_advances_gross,Tk mn,1983,17010.6,17010.6,,,native_numeric,0,Dying_Cyrus_-_SOCB_V7__furnished_.xlsx,7,N
sonali_bank,1,BALANCE SHEET,"Loans & Advances, gross",loans_advances_gross,Tk mn,1984,22122.8,22122.8,,,native_numeric,0,Dying_Cyrus_-_SOCB_V7__furnished_.xlsx,7,O
sonali_bank,1,BALANCE SHEET,"Loans & Advances, gross",loans_advances_gross,Tk mn,1985,27541.2,27541.2,,,native_numeric,0,Dying_Cyrus_-_SOCB_V7__furnished_.xlsx,7,P
sonali_bank,1,BALANCE SHEET,"Loans & Advances, gross",loans_advances_gross,Tk mn,1986,29271.5,29271.5,,,native_numeric,0,Dying_Cyrus_-_SOCB_V7__furnished_.xlsx,7,Q
sonali_bank,1,BALANCE SHEET,"Loans & Advances, gross",loans_advances_gross,Tk mn,1987,29807.6,29807.6,,,native_numeric,0,Dying_Cyrus_-_SOCB_V7__furnished_.xlsx,7,R
sonali_bank,1,BALANCE SHEET,"Loans & Advances, gross",loans_advances_gross,Tk mn,1988,35277.0,35277.0,,,native_numeric,0,Dying_Cyrus_-_SOCB_V7__furnished_.xlsx,7,S
sonali_bank,1,BALANCE SHEET,"Loans & Advances, gross",loans_advances_gross,Tk mn,1989,41867.6,41867.6,,,native_numeric,0,Dying_Cyrus_-_SOCB_V7__furnished_.xlsx,7,T
sonali_bank,1,BALANCE SHEET,"Loans & Advances, gross",loans_advances_gross,Tk mn,1990,44310.5,44310.5,,,native_numeric,0,Dying_Cyrus_-_SOCB_V7__furnished_.xlsx,7,U
sonali_bank,1,BALANCE SHEET,"Loans & Advances, gross",loans_advances_gross,Tk mn,1991,45217.6,45217.6,,,native_numeric,0,Dying_Cyrus_-_SOCB_V7__furnished_.xlsx,7,V
sonali_bank,1,BALANCE SHEET,"Loans & Advances, gross",loans_advances_gross,Tk mn,1992,48693.3,48693.3,,,native_numeric,0,Dying_Cyrus_-_SOCB_V7__furnished_.xlsx,7,W
sonali_bank,1,BALANCE SHEET,"Loans & Advances, gross",loans_advances_gross,Tk mn,1993,53630.5,53630.5,,,native_numeric,0,Dying_Cyrus_-_SOCB_V7__furnished_.xlsx,7,X
sonali_bank,1,BALANCE SHEET,"Loans & Advances, gross",loans_advances_gross,Tk mn,1994,53892.9,53892.9,,,native_numeric,0,Dying_Cyrus_-_SOCB_V7__furnished_.xlsx,7,Y
sonali_bank,1,BALANCE SHEET,"Loans & Advances, gross",loans_advances_gross,Tk mn,1995,65829.9,65829.9,,,native_numeric,0,Dying_Cyrus_-_SOCB_V7__furnished_.xlsx,7,Z
sonali_bank,1,BALANCE SHEET,"Loans & Advances, gross",loans_advances_gross,Tk mn,1996,76116.2,76116.2,,,native_numeric,0,Dying_Cyrus_-_SOCB_V7__furnished_.xlsx,7,AA
sonali_bank,1,BALANCE SHEET,"Loans & Advances, gross",loans_advances_gross,Tk mn,1997,85451.4,85451.4,,,native_numeric,0,Dying_Cyrus_-_SOCB_V7__furnished_.xlsx,7,AB
sonali_bank,1,BALANCE SHEET,"Loans & Advances, gross",loans_advances_gross,Tk mn,1998,94441.3,94441.3,,,native_numeric,0,Dying_Cyrus_-_SOCB_V7__furnished_.xlsx,7,AC
sonali_bank,1,BALANCE SHEET,"Loans & Advances, gross",loans_advances_gross,Tk mn,1999,123562.9,123562.9,,,native_numeric,0,Dying_Cyrus_-_SOCB_V7__furnished_.xlsx,7,AD
sonali_bank,1,BALANCE SHEET,"Loans & Advances, gross",loans_advances_gross,Tk mn,2000,133280.65,133280.65,,,native_numeric,0,Dying_Cyrus_-_SOCB_V7__furnished_.xlsx,7,AE
sonali_bank,1,BALANCE SHEET,"Loans & Advances, gross",loans_advances_gross,Tk mn,2001,141993.25,141993.25,,,native_numeric,0,Dying_Cyrus_-_SOCB_V7__furnished_.xlsx,7,AF
sonali_bank,1,BALANCE SHEET,"Loans & Advances, gross",loans_advances_gross,Tk mn,2002,156112.68,156112.68,,,native_numeric,0,Dying_Cyrus_-_SOCB_V7__furnished_.xlsx,7,AG
sonali_bank,1,BALANCE SHEET,"Loans & Advances, gross",loans_advances_gross,Tk mn,2003,155197.0,155197.0,,,native_numeric,0,Dying_Cyrus_-_SOCB_V7__furnished_.xlsx,7,AH
sonali_bank,1,BALANCE SHEET,"Loans & Advances, gross",loans_advances_gross,Tk mn,2004,168283.03,168283.03,,,native_numeric,0,Dying_Cyrus_-_SOCB_V7__furnished_.xlsx,7,AI
sonali_bank,1,BALANCE SHEET,"Loans & Advances, gross",loans_advances_gross,Tk mn,2005,227009.62,227009.62,,,native_numeric,0,Dying_Cyrus_-_SOCB_V7__furnished_.xlsx,7,AJ
sonali_bank,1,BALANCE SHEET,"Loans & Advances, gross",loans_advances_gross,Tk mn,2006,241029.27,241029.27,,,native_numeric,0,Dying_Cyrus_-_SOCB_V7__furnished_.xlsx,7,AK
sonali_bank,1,BALANCE SHEET,"Loans & Advances, gross",loans_advances_gross,Tk mn,2007,206347.59,206347.59,,,native_numeric,0,Dying_Cyrus_-_SOCB_V7__furnished_.xlsx,7,AL
sonali_bank,1,BALANCE SHEET,"Loans & Advances, gross",loans_advances_gross,Tk mn,2008,231166.58,231166.58,,,native_numeric,0,Dying_Cyrus_-_SOCB_V7__furnished_.xlsx,7,AM
sonali_bank,1,BALANCE SHEET,"Loans & Advances, gross",loans_advances_gross,Tk mn,2009,254022.5,254022.5,,,native_numeric,0,Dying_Cyrus_-_SOCB_V7__furnished_.xlsx,7,AN
sonali_bank,1,BALANCE SHEET,"Loans & Advances, gross",loans_advances_gross,Tk mn,2010,286098.07,286098.07,,,native_numeric,0,Dying_Cyrus_-_SOCB_V7__furnished_.xlsx,7,AO
sonali_bank,1,BALANCE SHEET,"Loans & Advances, gross",loans_advances_gross,Tk mn,2011,345991.35,345991.35,,,native_numeric,0,Dying_Cyrus_-_SOCB_V7__furnished_.xlsx,7,AP
sonali_bank,1,BALANCE SHEET,"Loans & Advances, gross",loans_advances_gross,Tk mn,2012,378147.06,378147.06,,,native_numeric,0,Dying_Cyrus_-_SOCB_V7__furnished_.xlsx,7,AQ
sonali_bank,1,BALANCE SHEET,"Loans & Advances, gross",loans_advances_gross,Tk mn,2013,343450.53,343450.53,,,native_numeric,0,Dying_Cyrus_-_SOCB_V7__furnished_.xlsx,7,AR
sonali_bank,1,BALANCE SHEET,"Loans & Advances, gross",loans_advances_gross,Tk mn,2014,337554.0,337554.0,,,native_numeric,0,Dying_Cyrus_-_SOCB_V7__furnished_.xlsx,7,AS
sonali_bank,1,BALANCE SHEET,"Loans & Advances, gross",loans_advances_gross,Tk mn,2015,346346.0,346346.0,,,native_numeric,0,Dying_Cyrus_-_SOCB_V7__furnished_.xlsx,7,AT
sonali_bank,1,BALANCE SHEET,"Loans & Advances, gross",loans_advances_gross,Tk mn,2016,384538.0,384538.0,,,native_numeric,0,Dying_Cyrus_-_SOCB_V7__furnished_.xlsx,7,AU
sonali_bank,1,BALANCE SHEET,"Loans & Advances, gross",loans_advances_gross,Tk mn,2017,423218.0,423218.0,,,native_numeric,0,Dying_Cyrus_-_SOCB_V7__furnished_.xlsx,7,AV
sonali_bank,1,BALANCE SHEET,"Loans & Advances, gross",loans_advances_gross,Tk mn,2018,464083.0,464083.0,,,native_numeric,0,Dying_Cyrus_-_SOCB_V7__furnished_.xlsx,7,AW
sonali_bank,1,BALANCE SHEET,"Loans & Advances, gross",loans_advances_gross,Tk mn,2019,551026.0,551026.0,,,native_numeric,0,Dying_Cyrus_-_SOCB_V7__furnished_.xlsx,7,AX
sonali_bank,1,BALANCE SHEET,"Loans & Advances, gross",loans_advances_gross,Tk mn,2020,586232.0,586232.0,,,native_numeric,0,Dying_Cyrus_-_SOCB_V7__furnished_.xlsx,7,AY
sonali_bank,1,BALANCE SHEET,"Loans & Advances, gross",loans_advances_gross,Tk mn,2021,690596.0,690596.0,,,native_numeric,0,Dying_Cyrus_-_SOCB_V7__furnished_.xlsx,7,AZ
sonali_bank,1,BALANCE SHEET,"Loans & Advances, gross",loans_advances_gross,Tk mn,2022,846430.0,846430.0,,,native_numeric,0,Dying_Cyrus_-_SOCB_V7__furnished_.xlsx,7,BA
sonali_bank,1,BALANCE SHEET,"Loans & Advances, gross",loans_advances_gross,Tk mn,2023,1008053.0,1008053.0,,,native_numeric,0,Dying_Cyrus_-_SOCB_V7__furnished_.xlsx,7,BB
sonali_bank,1,BALANCE SHEET,"Loans & Advances, gross",loans_advances_gross,Tk mn,2024,991966.0,991966.0,,,native_numeric,0,Dying_Cyrus_-_SOCB_V7__furnished_.xlsx,7,BC
sonali_bank,1,BALANCE SHEET,"Loans & Advances, gross",loans_advances_gross,Tk mn,2025,1047243.0,1047243.0,,,native_numeric,0,Dying_Cyrus_-_SOCB_V7__furnished_.xlsx,7,BD
sonali_bank,1,BALANCE SHEET,"Loans & Advances, gross",loans_advances_gross,Tk mn,2026,,,,,missing,0,Dying_Cyrus_-_SOCB_V7__furnished_.xlsx,7,BE
sonali_bank,1,BALANCE SHEET,Total Deposits,total_deposits,Tk mn,1972,1679.4,1679.4,,,native_numeric,0,Dying_Cyrus_-_SOCB_V7__furnished_.xlsx,8,C
sonali_bank,1,BALANCE SHEET,Total Deposits,total_deposits,Tk mn,1973,2102.6,2102.6,,,native_numeric,0,Dying_Cyrus_-_SOCB_V7__furnished_.xlsx,8,D
sonali_bank,1,BALANCE SHEET,Total Deposits,total_deposits,Tk mn,1974,2239.2,2239.2,,,native_numeric,0,Dying_Cyrus_-_SOCB_V7__furnished_.xlsx,8,E
sonali_bank,1,BALANCE SHEET,Total Deposits,total_deposits,Tk mn,1975,3329.3,3329.3,,,native_numeric,0,Dying_Cyrus_-_SOCB_V7__furnished_.xlsx,8,F
sonali_bank,1,BALANCE SHEET,Total Deposits,total_deposits,Tk mn,1976,3844.1,3844.1,,,native_numeric,0,Dying_Cyrus_-_SOCB_V7__furnished_.xlsx,8,G
sonali_bank,1,BALANCE SHEET,Total Deposits,total_deposits,Tk mn,1977,4661.5,4661.5,,,native_numeric,0,Dying_Cyrus_-_SOCB_V7__furnished_.xlsx,8,H
sonali_bank,1,BALANCE SHEET,Total Deposits,total_deposits,Tk mn,1978,5995.0,5995.0,,,native_numeric,0,Dying_Cyrus_-_SOCB_V7__furnished_.xlsx,8,I
sonali_bank,1,BALANCE SHEET,Total Deposits,total_deposits,Tk mn,1979,8387.9,8387.9,,,native_numeric,0,Dying_Cyrus_-_SOCB_V7__furnished_.xlsx,8,J
sonali_bank,1,BALANCE SHEET,Total Deposits,total_deposits,Tk mn,1980,10966.6,10966.6,,,native_numeric,0,Dying_Cyrus_-_SOCB_V7__furnished_.xlsx,8,K
sonali_bank,1,BALANCE SHEET,Total Deposits,total_deposits,Tk mn,1981,11926.8,11926.8,,,native_numeric,0,Dying_Cyrus_-_SOCB_V7__furnished_.xlsx,8,L
sonali_bank,1,BALANCE SHEET,Total Deposits,total_deposits,Tk mn,1982,15960.9,15960.9,,,native_numeric,0,Dying_Cyrus_-_SOCB_V7__furnished_.xlsx,8,M
sonali_bank,1,BALANCE SHEET,Total Deposits,total_deposits,Tk mn,1983,20496.8,20496.8,,,native_numeric,0,Dying_Cyrus_-_SOCB_V7__furnished_.xlsx,8,N
sonali_bank,1,BALANCE SHEET,Total Deposits,total_deposits,Tk mn,1984,27031.2,27031.2,,,native_numeric,0,Dying_Cyrus_-_SOCB_V7__furnished_.xlsx,8,O
sonali_bank,1,BALANCE SHEET,Total Deposits,total_deposits,Tk mn,1985,34576.0,34576.0,,,native_numeric,0,Dying_Cyrus_-_SOCB_V7__furnished_.xlsx,8,P
sonali_bank,1,BALANCE SHEET,Total Deposits,total_deposits,Tk mn,1986,35572.3,35572.3,,,native_numeric,0,Dying_Cyrus_-_SOCB_V7__furnished_.xlsx,8,Q
sonali_bank,1,BALANCE SHEET,Total Deposits,total_deposits,Tk mn,1987,39629.2,39629.2,,,native_numeric,0,Dying_Cyrus_-_SOCB_V7__furnished_.xlsx,8,R
sonali_bank,1,BALANCE SHEET,Total Deposits,total_deposits,Tk mn,1988,45795.4,45795.4,,,native_numeric,0,Dying_Cyrus_-_SOCB_V7__furnished_.xlsx,8,S
sonali_bank,1,BALANCE SHEET,Total Deposits,total_deposits,Tk mn,1989,52214.3,52214.3,,,native_numeric,0,Dying_Cyrus_-_SOCB_V7__furnished_.xlsx,8,T
sonali_bank,1,BALANCE SHEET,Total Deposits,total_deposits,Tk mn,1990,57391.8,57391.8,,,native_numeric,0,Dying_Cyrus_-_SOCB_V7__furnished_.xlsx,8,U
sonali_bank,1,BALANCE SHEET,Total Deposits,total_deposits,Tk mn,1991,68765.8,68765.8,,,native_numeric,0,Dying_Cyrus_-_SOCB_V7__furnished_.xlsx,8,V
sonali_bank,1,BALANCE SHEET,Total Deposits,total_deposits,Tk mn,1992,76678.4,76678.4,,,native_numeric,0,Dying_Cyrus_-_SOCB_V7__furnished_.xlsx,8,W
sonali_bank,1,BALANCE SHEET,Total Deposits,total_deposits,Tk mn,1993,84684.6,84684.6,,,native_numeric,0,Dying_Cyrus_-_SOCB_V7__furnished_.xlsx,8,X
sonali_bank,1,BALANCE SHEET,Total Deposits,total_deposits,Tk mn,1994,101410.8,101410.8,,,native_numeric,0,Dying_Cyrus_-_SOCB_V7__furnished_.xlsx,8,Y
sonali_bank,1,BALANCE SHEET,Total Deposits,total_deposits,Tk mn,1995,110832.5,110832.5,,,native_numeric,0,Dying_Cyrus_-_SOCB_V7__furnished_.xlsx,8,Z
sonali_bank,1,BALANCE SHEET,Total Deposits,total_deposits,Tk mn,1996,123834.5,123834.5,,,native_numeric,0,Dying_Cyrus_-_SOCB_V7__furnished_.xlsx,8,AA
sonali_bank,1,BALANCE SHEET,Total Deposits,total_deposits,Tk mn,1997,136061.7,136061.7,,,native_numeric,0,Dying_Cyrus_-_SOCB_V7__furnished_.xlsx,8,AB
sonali_bank,1,BALANCE SHEET,Total Deposits,total_deposits,Tk mn,1998,151706.5,151706.5,,,native_numeric,0,Dying_Cyrus_-_SOCB_V7__furnished_.xlsx,8,AC
sonali_bank,1,BALANCE SHEET,Total Deposits,total_deposits,Tk mn,1999,169372.7,169372.7,,,native_numeric,0,Dying_Cyrus_-_SOCB_V7__furnished_.xlsx,8,AD
sonali_bank,1,BALANCE SHEET,Total Deposits,total_deposits,Tk mn,2000,199204.02,199204.02,,,native_numeric,0,Dying_Cyrus_-_SOCB_V7__furnished_.xlsx,8,AE
sonali_bank,1,BALANCE SHEET,Total Deposits,total_deposits,Tk mn,2001,211882.21,211882.21,,,native_numeric,0,Dying_Cyrus_-_SOCB_V7__furnished_.xlsx,8,AF
sonali_bank,1,BALANCE SHEET,Total Deposits,total_deposits,Tk mn,2002,218034.45,218034.45,,,native_numeric,0,Dying_Cyrus_-_SOCB_V7__furnished_.xlsx,8,AG
sonali_bank,1,BALANCE SHEET,Total Deposits,total_deposits,Tk mn,2003,225914.64,225914.64,,,native_numeric,0,Dying_Cyrus_-_SOCB_V7__furnished_.xlsx,8,AH
sonali_bank,1,BALANCE SHEET,Total Deposits,total_deposits,Tk mn,2004,247155.8,247155.8,,,native_numeric,0,Dying_Cyrus_-_SOCB_V7__furnished_.xlsx,8,AI
sonali_bank,1,BALANCE SHEET,Total Deposits,total_deposits,Tk mn,2005,272875.08,272875.08,,,native_numeric,0,Dying_Cyrus_-_SOCB_V7__furnished_.xlsx,8,AJ
sonali_bank,1,BALANCE SHEET,Total Deposits,total_deposits,Tk mn,2006,296565.8,296565.8,,,native_numeric,0,Dying_Cyrus_-_SOCB_V7__furnished_.xlsx,8,AK
sonali_bank,1,BALANCE SHEET,Total Deposits,total_deposits,Tk mn,2007,328997.21,328997.21,,,native_numeric,0,Dying_Cyrus_-_SOCB_V7__furnished_.xlsx,8,AL
sonali_bank,1,BALANCE SHEET,Total Deposits,total_deposits,Tk mn,2008,364385.97,364385.97,,,native_numeric,0,Dying_Cyrus_-_SOCB_V7__furnished_.xlsx,8,AM
sonali_bank,1,BALANCE SHEET,Total Deposits,total_deposits,Tk mn,2009,406151.57,406151.57,,,native_numeric,0,Dying_Cyrus_-_SOCB_V7__furnished_.xlsx,8,AN
sonali_bank,1,BALANCE SHEET,Total Deposits,total_deposits,Tk mn,2010,478134.08,478134.08,,,native_numeric,0,Dying_Cyrus_-_SOCB_V7__furnished_.xlsx,8,AO
sonali_bank,1,BALANCE SHEET,Total Deposits,total_deposits,Tk mn,2011,533192.17,533192.17,,,native_numeric,0,Dying_Cyrus_-_SOCB_V7__furnished_.xlsx,8,AP
sonali_bank,1,BALANCE SHEET,Total Deposits,total_deposits,Tk mn,2012,599293.7,599293.7,,,native_numeric,0,Dying_Cyrus_-_SOCB_V7__furnished_.xlsx,8,AQ
sonali_bank,1,BALANCE SHEET,Total Deposits,total_deposits,Tk mn,2013,685894.59,685894.59,,,native_numeric,0,Dying_Cyrus_-_SOCB_V7__furnished_.xlsx,8,AR
sonali_bank,1,BALANCE SHEET,Total Deposits,total_deposits,Tk mn,2014,778043.0,778043.0,,,native_numeric,0,Dying_Cyrus_-_SOCB_V7__furnished_.xlsx,8,AS
sonali_bank,1,BALANCE SHEET,Total Deposits,total_deposits,Tk mn,2015,866012.0,866012.0,,,native_numeric,0,Dying_Cyrus_-_SOCB_V7__furnished_.xlsx,8,AT
sonali_bank,1,BALANCE SHEET,Total Deposits,total_deposits,Tk mn,2016,1031608.0,1031608.0,,,native_numeric,0,Dying_Cyrus_-_SOCB_V7__furnished_.xlsx,8,AU
sonali_bank,1,BALANCE SHEET,Total Deposits,total_deposits,Tk mn,2017,1064311.0,1064311.0,,,native_numeric,0,Dying_Cyrus_-_SOCB_V7__furnished_.xlsx,8,AV
sonali_bank,1,BALANCE SHEET,Total Deposits,total_deposits,Tk mn,2018,1093866.0,1093866.0,,,native_numeric,0,Dying_Cyrus_-_SOCB_V7__furnished_.xlsx,8,AW
sonali_bank,1,BALANCE SHEET,Total Deposits,total_deposits,Tk mn,2019,1158788.0,1158788.0,,,native_numeric,0,Dying_Cyrus_-_SOCB_V7__furnished_.xlsx,8,AX
sonali_bank,1,BALANCE SHEET,Total Deposits,total_deposits,Tk mn,2020,1258786.0,1258786.0,,,native_numeric,0,Dying_Cyrus_-_SOCB_V7__furnished_.xlsx,8,AY
sonali_bank,1,BALANCE SHEET,Total Deposits,total_deposits,Tk mn,2021,1350815.0,1350815.0,,,native_numeric,0,Dying_Cyrus_-_SOCB_V7__furnished_.xlsx,8,AZ
sonali_bank,1,BALANCE SHEET,Total Deposits,total_deposits,Tk mn,2022,1420362.0,1420362.0,,,native_numeric,0,Dying_Cyrus_-_SOCB_V7__furnished_.xlsx,8,BA
sonali_bank,1,BALANCE SHEET,Total Deposits,total_deposits,Tk mn,2023,1506184.0,1506184.0,,,native_numeric,0,Dying_Cyrus_-_SOCB_V7__furnished_.xlsx,8,BB
sonali_bank,1,BALANCE SHEET,Total Deposits,total_deposits,Tk mn,2024,1650201.0,1650201.0,,,native_numeric,0,Dying_Cyrus_-_SOCB_V7__furnished_.xlsx,8,BC
sonali_bank,1,BALANCE SHEET,Total Deposits,total_deposits,Tk mn,2025,1796215.0,1796215.0,,,native_numeric,0,Dying_Cyrus_-_SOCB_V7__furnished_.xlsx,8,BD
sonali_bank,1,BALANCE SHEET,Total Deposits,total_deposits,Tk mn,2026,,,,,missing,0,Dying_Cyrus_-_SOCB_V7__furnished_.xlsx,8,BE
sonali_bank,1,BALANCE SHEET,Shareholders' Equity,shareholders_equity,Tk mn,1972,20.0,20.0,,,native_numeric,0,Dying_Cyrus_-_SOCB_V7__furnished_.xlsx,9,C
sonali_bank,1,BALANCE SHEET,Shareholders' Equity,shareholders_equity,Tk mn,1973,30.9,30.9,,,native_numeric,0,Dying_Cyrus_-_SOCB_V7__furnished_.xlsx,9,D
sonali_bank,1,BALANCE SHEET,Shareholders' Equity,shareholders_equity,Tk mn,1974,38.8,38.8,,,native_numeric,0,Dying_Cyrus_-_SOCB_V7__furnished_.xlsx,9,E
sonali_bank,1,BALANCE SHEET,Shareholders' Equity,shareholders_equity,Tk mn,1975,63.9,63.9,,,native_numeric,0,Dying_Cyrus_-_SOCB_V7__furnished_.xlsx,9,F
sonali_bank,1,BALANCE SHEET,Shareholders' Equity,shareholders_equity,Tk mn,1976,74.2,74.2,,,native_numeric,0,Dying_Cyrus_-_SOCB_V7__furnished_.xlsx,9,G
sonali_bank,1,BALANCE SHEET,Shareholders' Equity,shareholders_equity,Tk mn,1977,76.7,76.7,,,native_numeric,0,Dying_Cyrus_-_SOCB_V7__furnished_.xlsx,9,H
sonali_bank,1,BALANCE SHEET,Shareholders' Equity,shareholders_equity,Tk mn,1978,80.0,80.0,,,native_numeric,0,Dying_Cyrus_-_SOCB_V7__furnished_.xlsx,9,I
sonali_bank,1,BALANCE SHEET,Shareholders' Equity,shareholders_equity,Tk mn,1979,90.0,90.0,,,native_numeric,0,Dying_Cyrus_-_SOCB_V7__furnished_.xlsx,9,J
sonali_bank,1,BALANCE SHEET,Shareholders' Equity,shareholders_equity,Tk mn,1980,95.0,95.0,,,native_numeric,0,Dying_Cyrus_-_SOCB_V7__furnished_.xlsx,9,K
sonali_bank,1,BALANCE SHEET,Shareholders' Equity,shareholders_equity,Tk mn,1981,100.0,100.0,,,native_numeric,0,Dying_Cyrus_-_SOCB_V7__furnished_.xlsx,9,L
sonali_bank,1,BALANCE SHEET,Shareholders' Equity,shareholders_equity,Tk mn,1982,127.0,127.0,,,native_numeric,0,Dying_Cyrus_-_SOCB_V7__furnished_.xlsx,9,M
sonali_bank,1,BALANCE SHEET,Shareholders' Equity,shareholders_equity,Tk mn,1983,187.0,187.0,,,native_numeric,0,Dying_Cyrus_-_SOCB_V7__furnished_.xlsx,9,N
sonali_bank,1,BALANCE SHEET,Shareholders' Equity,shareholders_equity,Tk mn,1984,247.4,247.4,,,native_numeric,0,Dying_Cyrus_-_SOCB_V7__furnished_.xlsx,9,O
sonali_bank,1,BALANCE SHEET,Shareholders' Equity,shareholders_equity,Tk mn,1985,277.4,277.4,,,native_numeric,0,Dying_Cyrus_-_SOCB_V7__furnished_.xlsx,9,P
sonali_bank,1,BALANCE SHEET,Shareholders' Equity,shareholders_equity,Tk mn,1986,277.4,277.4,,,native_numeric,0,Dying_Cyrus_-_SOCB_V7__furnished_.xlsx,9,Q
sonali_bank,1,BALANCE SHEET,Shareholders' Equity,shareholders_equity,Tk mn,1987,294.1,294.1,,,native_numeric,0,Dying_Cyrus_-_SOCB_V7__furnished_.xlsx,9,R
sonali_bank,1,BALANCE SHEET,Shareholders' Equity,shareholders_equity,Tk mn,1988,309.1,309.1,,,native_numeric,0,Dying_Cyrus_-_SOCB_V7__furnished_.xlsx,9,S
sonali_bank,1,BALANCE SHEET,Shareholders' Equity,shareholders_equity,Tk mn,1989,329.1,329.1,,,native_numeric,0,Dying_Cyrus_-_SOCB_V7__furnished_.xlsx,9,T
sonali_bank,1,BALANCE SHEET,Shareholders' Equity,shareholders_equity,Tk mn,1990,2752.4,2752.4,,,native_numeric,0,Dying_Cyrus_-_SOCB_V7__furnished_.xlsx,9,U
sonali_bank,1,BALANCE SHEET,Shareholders' Equity,shareholders_equity,Tk mn,1991,2767.1,2767.1,,,native_numeric,0,Dying_Cyrus_-_SOCB_V7__furnished_.xlsx,9,V
sonali_bank,1,BALANCE SHEET,Shareholders' Equity,shareholders_equity,Tk mn,1992,2811.1,2811.1,,,native_numeric,0,Dying_Cyrus_-_SOCB_V7__furnished_.xlsx,9,W
sonali_bank,1,BALANCE SHEET,Shareholders' Equity,shareholders_equity,Tk mn,1993,3675.4,3675.4,,,native_numeric,0,Dying_Cyrus_-_SOCB_V7__furnished_.xlsx,9,X
sonali_bank,1,BALANCE SHEET,Shareholders' Equity,shareholders_equity,Tk mn,1994,4165.4,4165.4,,,native_numeric,0,Dying_Cyrus_-_SOCB_V7__furnished_.xlsx,9,Y
sonali_bank,1,BALANCE SHEET,Shareholders' Equity,shareholders_equity,Tk mn,1995,4775.4,4775.4,,,native_numeric,0,Dying_Cyrus_-_SOCB_V7__furnished_.xlsx,9,Z
sonali_bank,1,BALANCE SHEET,Shareholders' Equity,shareholders_equity,Tk mn,1996,5015.4,5015.4,,,native_numeric,0,Dying_Cyrus_-_SOCB_V7__furnished_.xlsx,9,AA
sonali_bank,1,BALANCE SHEET,Shareholders' Equity,shareholders_equity,Tk mn,1997,5138.5,5138.5,,,native_numeric,0,Dying_Cyrus_-_SOCB_V7__furnished_.xlsx,9,AB
sonali_bank,1,BALANCE SHEET,Shareholders' Equity,shareholders_equity,Tk mn,1998,5211.0,5211.0,,,native_numeric,0,Dying_Cyrus_-_SOCB_V7__furnished_.xlsx,9,AC
sonali_bank,1,BALANCE SHEET,Shareholders' Equity,shareholders_equity,Tk mn,1999,5308.2,5308.2,,,native_numeric,0,Dying_Cyrus_-_SOCB_V7__furnished_.xlsx,9,AD
sonali_bank,1,BALANCE SHEET,Shareholders' Equity,shareholders_equity,Tk mn,2000,5642.2,5642.2,,,native_numeric,0,Dying_Cyrus_-_SOCB_V7__furnished_.xlsx,9,AE
sonali_bank,1,BALANCE SHEET,Shareholders' Equity,shareholders_equity,Tk mn,2001,5706.2,5706.2,,,native_numeric,0,Dying_Cyrus_-_SOCB_V7__furnished_.xlsx,9,AF
sonali_bank,1,BALANCE SHEET,Shareholders' Equity,shareholders_equity,Tk mn,2002,5856.2,5856.2,,,native_numeric,0,Dying_Cyrus_-_SOCB_V7__furnished_.xlsx,9,AG
sonali_bank,1,BALANCE SHEET,Shareholders' Equity,shareholders_equity,Tk mn,2003,5956.2,5956.2,,,native_numeric,0,Dying_Cyrus_-_SOCB_V7__furnished_.xlsx,9,AH
sonali_bank,1,BALANCE SHEET,Shareholders' Equity,shareholders_equity,Tk mn,2004,6106.2,6106.2,,,native_numeric,0,Dying_Cyrus_-_SOCB_V7__furnished_.xlsx,9,AI
sonali_bank,1,BALANCE SHEET,Shareholders' Equity,shareholders_equity,Tk mn,2005,6306.2,6306.2,,,native_numeric,0,Dying_Cyrus_-_SOCB_V7__furnished_.xlsx,9,AJ
sonali_bank,1,BALANCE SHEET,Shareholders' Equity,shareholders_equity,Tk mn,2006,-28444.37,-28444.37,,,native_numeric,0,Dying_Cyrus_-_SOCB_V7__furnished_.xlsx,9,AK
sonali_bank,1,BALANCE SHEET,Shareholders' Equity,shareholders_equity,Tk mn,2007,21741.73,21741.73,,,native_numeric,0,Dying_Cyrus_-_SOCB_V7__furnished_.xlsx,9,AL
sonali_bank,1,BALANCE SHEET,Shareholders' Equity,shareholders_equity,Tk mn,2008,24417.71,24417.71,,,native_numeric,0,Dying_Cyrus_-_SOCB_V7__furnished_.xlsx,9,AM
sonali_bank,1,BALANCE SHEET,Shareholders' Equity,shareholders_equity,Tk mn,2009,30475.36,30475.36,,,native_numeric,0,Dying_Cyrus_-_SOCB_V7__furnished_.xlsx,9,AN
sonali_bank,1,BALANCE SHEET,Shareholders' Equity,shareholders_equity,Tk mn,2010,45773.86,45773.86,,,native_numeric,0,Dying_Cyrus_-_SOCB_V7__furnished_.xlsx,9,AO
sonali_bank,1,BALANCE SHEET,Shareholders' Equity,shareholders_equity,Tk mn,2011,56092.3,56092.3,,,native_numeric,0,Dying_Cyrus_-_SOCB_V7__furnished_.xlsx,9,AP
sonali_bank,1,BALANCE SHEET,Shareholders' Equity,shareholders_equity,Tk mn,2012,22390.0,22390.0,,,native_numeric,0,Dying_Cyrus_-_SOCB_V7__furnished_.xlsx,9,AQ
sonali_bank,1,BALANCE SHEET,Shareholders' Equity,shareholders_equity,Tk mn,2013,50008.69,50008.69,,,native_numeric,0,Dying_Cyrus_-_SOCB_V7__furnished_.xlsx,9,AR
sonali_bank,1,BALANCE SHEET,Shareholders' Equity,shareholders_equity,Tk mn,2014,59579.0,59579.0,,,native_numeric,0,Dying_Cyrus_-_SOCB_V7__furnished_.xlsx,9,AS
sonali_bank,1,BALANCE SHEET,Shareholders' Equity,shareholders_equity,Tk mn,2015,71573.0,71573.0,,,native_numeric,0,Dying_Cyrus_-_SOCB_V7__furnished_.xlsx,9,AT
sonali_bank,1,BALANCE SHEET,Shareholders' Equity,shareholders_equity,Tk mn,2016,67375.0,67375.0,,,native_numeric,0,Dying_Cyrus_-_SOCB_V7__furnished_.xlsx,9,AU
sonali_bank,1,BALANCE SHEET,Shareholders' Equity,shareholders_equity,Tk mn,2017,66087.0,66087.0,,,native_numeric,0,Dying_Cyrus_-_SOCB_V7__furnished_.xlsx,9,AV
sonali_bank,1,BALANCE SHEET,Shareholders' Equity,shareholders_equity,Tk mn,2018,70137.0,70137.0,,,native_numeric,0,Dying_Cyrus_-_SOCB_V7__furnished_.xlsx,9,AW
sonali_bank,1,BALANCE SHEET,Shareholders' Equity,shareholders_equity,Tk mn,2019,68193.0,68193.0,,,native_numeric,0,Dying_Cyrus_-_SOCB_V7__furnished_.xlsx,9,AX
sonali_bank,1,BALANCE SHEET,Shareholders' Equity,shareholders_equity,Tk mn,2020,85616.0,85616.0,,,native_numeric,0,Dying_Cyrus_-_SOCB_V7__furnished_.xlsx,9,AY
sonali_bank,1,BALANCE SHEET,Shareholders' Equity,shareholders_equity,Tk mn,2021,76742.0,76742.0,,,native_numeric,0,Dying_Cyrus_-_SOCB_V7__furnished_.xlsx,9,AZ
sonali_bank,1,BALANCE SHEET,Shareholders' Equity,shareholders_equity,Tk mn,2022,81191.0,81191.0,,,native_numeric,0,Dying_Cyrus_-_SOCB_V7__furnished_.xlsx,9,BA
sonali_bank,1,BALANCE SHEET,Shareholders' Equity,shareholders_equity,Tk mn,2023,86559.0,86559.0,,,native_numeric,0,Dying_Cyrus_-_SOCB_V7__furnished_.xlsx,9,BB
sonali_bank,1,BALANCE SHEET,Shareholders' Equity,shareholders_equity,Tk mn,2024,108900.0,108900.0,,,native_numeric,0,Dying_Cyrus_-_SOCB_V7__furnished_.xlsx,9,BC
sonali_bank,1,BALANCE SHEET,Shareholders' Equity,shareholders_equity,Tk mn,2025,123336.0,123336.0,,,native_numeric,0,Dying_Cyrus_-_SOCB_V7__furnished_.xlsx,9,BD
sonali_bank,1,BALANCE SHEET,Shareholders' Equity,shareholders_equity,Tk mn,2026,,,,,missing,0,Dying_Cyrus_-_SOCB_V7__furnished_.xlsx,9,BE
sonali_bank,1,INCOME STATEMENT,Net Interest Income,net_interest_income,Tk mn,1972,,,,,missing,0,Dying_Cyrus_-_SOCB_V7__furnished_.xlsx,11,C
sonali_bank,1,INCOME STATEMENT,Net Interest Income,net_interest_income,Tk mn,1973,,,,,missing,0,Dying_Cyrus_-_SOCB_V7__furnished_.xlsx,11,D
sonali_bank,1,INCOME STATEMENT,Net Interest Income,net_interest_income,Tk mn,1974,,,,,missing,0,Dying_Cyrus_-_SOCB_V7__furnished_.xlsx,11,E
sonali_bank,1,INCOME STATEMENT,Net Interest Income,net_interest_income,Tk mn,1975,,,,,missing,0,Dying_Cyrus_-_SOCB_V7__furnished_.xlsx,11,F
sonali_bank,1,INCOME STATEMENT,Net Interest Income,net_interest_income,Tk mn,1976,,,,,missing,0,Dying_Cyrus_-_SOCB_V7__furnished_.xlsx,11,G
sonali_bank,1,INCOME STATEMENT,Net Interest Income,net_interest_income,Tk mn,1977,,,,,missing,0,Dying_Cyrus_-_SOCB_V7__furnished_.xlsx,11,H
sonali_bank,1,INCOME STATEMENT,Net Interest Income,net_interest_income,Tk mn,1978,,,,,missing,0,Dying_Cyrus_-_SOCB_V7__furnished_.xlsx,11,I
sonali_bank,1,INCOME STATEMENT,Net Interest Income,net_interest_income,Tk mn,1979,,,,,missing,0,Dying_Cyrus_-_SOCB_V7__furnished_.xlsx,11,J
sonali_bank,1,INCOME STATEMENT,Net Interest Income,net_interest_income,Tk mn,1980,,,,,missing,0,Dying_Cyrus_-_SOCB_V7__furnished_.xlsx,11,K
sonali_bank,1,INCOME STATEMENT,Net Interest Income,net_interest_income,Tk mn,1981,,,,,missing,0,Dying_Cyrus_-_SOCB_V7__furnished_.xlsx,11,L
sonali_bank,1,INCOME STATEMENT,Net Interest Income,net_interest_income,Tk mn,1982,,,,,missing,0,Dying_Cyrus_-_SOCB_V7__furnished_.xlsx,11,M
sonali_bank,1,INCOME STATEMENT,Net Interest Income,net_interest_income,Tk mn,1983,,,,,missing,0,Dying_Cyrus_-_SOCB_V7__furnished_.xlsx,11,N
sonali_bank,1,INCOME STATEMENT,Net Interest Income,net_interest_income,Tk mn,1984,,,,,missing,0,Dying_Cyrus_-_SOCB_V7__furnished_.xlsx,11,O
sonali_bank,1,INCOME STATEMENT,Net Interest Income,net_interest_income,Tk mn,1985,,,,,missing,0,Dying_Cyrus_-_SOCB_V7__furnished_.xlsx,11,P
sonali_bank,1,INCOME STATEMENT,Net Interest Income,net_interest_income,Tk mn,1986,1129.87,1129.87,,,native_numeric,0,Dying_Cyrus_-_SOCB_V7__furnished_.xlsx,11,Q
sonali_bank,1,INCOME STATEMENT,Net Interest Income,net_interest_income,Tk mn,1987,829.98,829.98,,,native_numeric,0,Dying_Cyrus_-_SOCB_V7__furnished_.xlsx,11,R
sonali_bank,1,INCOME STATEMENT,Net Interest Income,net_interest_income,Tk mn,1988,866.46,866.46,,,native_numeric,0,Dying_Cyrus_-_SOCB_V7__furnished_.xlsx,11,S
sonali_bank,1,INCOME STATEMENT,Net Interest Income,net_interest_income,Tk mn,1989,958.21,958.21,,,native_numeric,0,Dying_Cyrus_-_SOCB_V7__furnished_.xlsx,11,T
sonali_bank,1,INCOME STATEMENT,Net Interest Income,net_interest_income,Tk mn,1990,-3717.88,-3717.88,,,native_numeric,0,Dying_Cyrus_-_SOCB_V7__furnished_.xlsx,11,U
sonali_bank,1,INCOME STATEMENT,Net Interest Income,net_interest_income,Tk mn,1991,1133.59,1133.59,,,native_numeric,0,Dying_Cyrus_-_SOCB_V7__furnished_.xlsx,11,V
sonali_bank,1,INCOME STATEMENT,Net Interest Income,net_interest_income,Tk mn,1992,1197.71,1197.71,,,native_numeric,0,Dying_Cyrus_-_SOCB_V7__furnished_.xlsx,11,W
sonali_bank,1,INCOME STATEMENT,Net Interest Income,net_interest_income,Tk mn,1993,1261.67,1261.67,,,native_numeric,0,Dying_Cyrus_-_SOCB_V7__furnished_.xlsx,11,X
sonali_bank,1,INCOME STATEMENT,Net Interest Income,net_interest_income,Tk mn,1994,1223.61,1223.61,,,native_numeric,0,Dying_Cyrus_-_SOCB_V7__furnished_.xlsx,11,Y
sonali_bank,1,INCOME STATEMENT,Net Interest Income,net_interest_income,Tk mn,1995,1515.13,1515.13,,,native_numeric,0,Dying_Cyrus_-_SOCB_V7__furnished_.xlsx,11,Z
sonali_bank,1,INCOME STATEMENT,Net Interest Income,net_interest_income,Tk mn,1996,1404.1,1404.1,,,native_numeric,0,Dying_Cyrus_-_SOCB_V7__furnished_.xlsx,11,AA
sonali_bank,1,INCOME STATEMENT,Net Interest Income,net_interest_income,Tk mn,1997,1039.42,1039.42,,,native_numeric,0,Dying_Cyrus_-_SOCB_V7__furnished_.xlsx,11,AB
sonali_bank,1,INCOME STATEMENT,Net Interest Income,net_interest_income,Tk mn,1998,798.41,798.41,,,native_numeric,0,Dying_Cyrus_-_SOCB_V7__furnished_.xlsx,11,AC
sonali_bank,1,INCOME STATEMENT,Net Interest Income,net_interest_income,Tk mn,1999,954.13,954.13,,,native_numeric,0,Dying_Cyrus_-_SOCB_V7__furnished_.xlsx,11,AD
sonali_bank,1,INCOME STATEMENT,Net Interest Income,net_interest_income,Tk mn,2000,-929.74,-929.74,,,native_numeric,0,Dying_Cyrus_-_SOCB_V7__furnished_.xlsx,11,AE
sonali_bank,1,INCOME STATEMENT,Net Interest Income,net_interest_income,Tk mn,2001,-1400.46,-1400.46,,,native_numeric,0,Dying_Cyrus_-_SOCB_V7__furnished_.xlsx,11,AF
sonali_bank,1,INCOME STATEMENT,Net Interest Income,net_interest_income,Tk mn,2002,-2049.58,-2049.58,,,native_numeric,0,Dying_Cyrus_-_SOCB_V7__furnished_.xlsx,11,AG
sonali_bank,1,INCOME STATEMENT,Net Interest Income,net_interest_income,Tk mn,2003,-1316.32,-1316.32,,,native_numeric,0,Dying_Cyrus_-_SOCB_V7__furnished_.xlsx,11,AH
sonali_bank,1,INCOME STATEMENT,Net Interest Income,net_interest_income,Tk mn,2004,-1502.75,-1502.75,,,native_numeric,0,Dying_Cyrus_-_SOCB_V7__furnished_.xlsx,11,AI
sonali_bank,1,INCOME STATEMENT,Net Interest Income,net_interest_income,Tk mn,2005,555.38,555.38,,,native_numeric,0,Dying_Cyrus_-_SOCB_V7__furnished_.xlsx,11,AJ
sonali_bank,1,INCOME STATEMENT,Net Interest Income,net_interest_income,Tk mn,2006,923.46,923.46,,,native_numeric,0,Dying_Cyrus_-_SOCB_V7__furnished_.xlsx,11,AK
sonali_bank,1,INCOME STATEMENT,Net Interest Income,net_interest_income,Tk mn,2007,2336.7,2336.7,,,native_numeric,0,Dying_Cyrus_-_SOCB_V7__furnished_.xlsx,11,AL
sonali_bank,1,INCOME STATEMENT,Net Interest Income,net_interest_income,Tk mn,2008,-864.07,-864.07,,,native_numeric,0,Dying_Cyrus_-_SOCB_V7__furnished_.xlsx,11,AM
sonali_bank,1,INCOME STATEMENT,Net Interest Income,net_interest_income,Tk mn,2009,1883.08,1883.08,,,native_numeric,0,Dying_Cyrus_-_SOCB_V7__furnished_.xlsx,11,AN
sonali_bank,1,INCOME STATEMENT,Net Interest Income,net_interest_income,Tk mn,2010,3709.61,3709.61,,,native_numeric,0,Dying_Cyrus_-_SOCB_V7__furnished_.xlsx,11,AO
sonali_bank,1,INCOME STATEMENT,Net Interest Income,net_interest_income,Tk mn,2011,5499.76,5499.76,,,native_numeric,0,Dying_Cyrus_-_SOCB_V7__furnished_.xlsx,11,AP
sonali_bank,1,INCOME STATEMENT,Net Interest Income,net_interest_income,Tk mn,2012,-2265.16,-2265.16,,,native_numeric,0,Dying_Cyrus_-_SOCB_V7__furnished_.xlsx,11,AQ
sonali_bank,1,INCOME STATEMENT,Net Interest Income,net_interest_income,Tk mn,2013,-10994.74,-10994.74,,,native_numeric,0,Dying_Cyrus_-_SOCB_V7__furnished_.xlsx,11,AR
sonali_bank,1,INCOME STATEMENT,Net Interest Income,net_interest_income,Tk mn,2014,-13380.0,-13380.0,,,native_numeric,0,Dying_Cyrus_-_SOCB_V7__furnished_.xlsx,11,AS
sonali_bank,1,INCOME STATEMENT,Net Interest Income,net_interest_income,Tk mn,2015,-14386.0,-14386.0,,,native_numeric,0,Dying_Cyrus_-_SOCB_V7__furnished_.xlsx,11,AT
sonali_bank,1,INCOME STATEMENT,Net Interest Income,net_interest_income,Tk mn,2016,-16343.0,-16343.0,,,native_numeric,0,Dying_Cyrus_-_SOCB_V7__furnished_.xlsx,11,AU
sonali_bank,1,INCOME STATEMENT,Net Interest Income,net_interest_income,Tk mn,2017,-15226.0,-15226.0,,,native_numeric,0,Dying_Cyrus_-_SOCB_V7__furnished_.xlsx,11,AV
sonali_bank,1,INCOME STATEMENT,Net Interest Income,net_interest_income,Tk mn,2018,-6293.0,-6293.0,,,native_numeric,0,Dying_Cyrus_-_SOCB_V7__furnished_.xlsx,11,AW
sonali_bank,1,INCOME STATEMENT,Net Interest Income,net_interest_income,Tk mn,2019,-4128.0,-4128.0,,,native_numeric,0,Dying_Cyrus_-_SOCB_V7__furnished_.xlsx,11,AX
sonali_bank,1,INCOME STATEMENT,Net Interest Income,net_interest_income,Tk mn,2020,-10240.0,-10240.0,,,native_numeric,0,Dying_Cyrus_-_SOCB_V7__furnished_.xlsx,11,AY
sonali_bank,1,INCOME STATEMENT,Net Interest Income,net_interest_income,Tk mn,2021,-9792.0,-9792.0,,,native_numeric,0,Dying_Cyrus_-_SOCB_V7__furnished_.xlsx,11,AZ
sonali_bank,1,INCOME STATEMENT,Net Interest Income,net_interest_income,Tk mn,2022,2089.0,2089.0,,,native_numeric,0,Dying_Cyrus_-_SOCB_V7__furnished_.xlsx,11,BA
sonali_bank,1,INCOME STATEMENT,Net Interest Income,net_interest_income,Tk mn,2023,4759.0,4759.0,,,native_numeric,0,Dying_Cyrus_-_SOCB_V7__furnished_.xlsx,11,BB
sonali_bank,1,INCOME STATEMENT,Net Interest Income,net_interest_income,Tk mn,2024,13450.0,13450.0,,,native_numeric,0,Dying_Cyrus_-_SOCB_V7__furnished_.xlsx,11,BC
sonali_bank,1,INCOME STATEMENT,Net Interest Income,net_interest_income,Tk mn,2025,1985.0,1985.0,,,native_numeric,0,Dying_Cyrus_-_SOCB_V7__furnished_.xlsx,11,BD
sonali_bank,1,INCOME STATEMENT,Net Interest Income,net_interest_income,Tk mn,2026,,,,,missing,0,Dying_Cyrus_-_SOCB_V7__furnished_.xlsx,11,BE
sonali_bank,1,INCOME STATEMENT,Non-Interest Income,non_interest_income,Tk mn,1972,,,,,missing,0,Dying_Cyrus_-_SOCB_V7__furnished_.xlsx,12,C
sonali_bank,1,INCOME STATEMENT,Non-Interest Income,non_interest_income,Tk mn,1973,,,,,missing,0,Dying_Cyrus_-_SOCB_V7__furnished_.xlsx,12,D
sonali_bank,1,INCOME STATEMENT,Non-Interest Income,non_interest_income,Tk mn,1974,,,,,missing,0,Dying_Cyrus_-_SOCB_V7__furnished_.xlsx,12,E
sonali_bank,1,INCOME STATEMENT,Non-Interest Income,non_interest_income,Tk mn,1975,,,,,missing,0,Dying_Cyrus_-_SOCB_V7__furnished_.xlsx,12,F
sonali_bank,1,INCOME STATEMENT,Non-Interest Income,non_interest_income,Tk mn,1976,,,,,missing,0,Dying_Cyrus_-_SOCB_V7__furnished_.xlsx,12,G
sonali_bank,1,INCOME STATEMENT,Non-Interest Income,non_interest_income,Tk mn,1977,,,,,missing,0,Dying_Cyrus_-_SOCB_V7__furnished_.xlsx,12,H
sonali_bank,1,INCOME STATEMENT,Non-Interest Income,non_interest_income,Tk mn,1978,,,,,missing,0,Dying_Cyrus_-_SOCB_V7__furnished_.xlsx,12,I
sonali_bank,1,INCOME STATEMENT,Non-Interest Income,non_interest_income,Tk mn,1979,,,,,missing,0,Dying_Cyrus_-_SOCB_V7__furnished_.xlsx,12,J
sonali_bank,1,INCOME STATEMENT,Non-Interest Income,non_interest_income,Tk mn,1980,,,,,missing,0,Dying_Cyrus_-_SOCB_V7__furnished_.xlsx,12,K
sonali_bank,1,INCOME STATEMENT,Non-Interest Income,non_interest_income,Tk mn,1981,,,,,missing,0,Dying_Cyrus_-_SOCB_V7__furnished_.xlsx,12,L
sonali_bank,1,INCOME STATEMENT,Non-Interest Income,non_interest_income,Tk mn,1982,,,,,missing,0,Dying_Cyrus_-_SOCB_V7__furnished_.xlsx,12,M
sonali_bank,1,INCOME STATEMENT,Non-Interest Income,non_interest_income,Tk mn,1983,,,,,missing,0,Dying_Cyrus_-_SOCB_V7__furnished_.xlsx,12,N
sonali_bank,1,INCOME STATEMENT,Non-Interest Income,non_interest_income,Tk mn,1984,,,,,missing,0,Dying_Cyrus_-_SOCB_V7__furnished_.xlsx,12,O
sonali_bank,1,INCOME STATEMENT,Non-Interest Income,non_interest_income,Tk mn,1985,,,,,missing,0,Dying_Cyrus_-_SOCB_V7__furnished_.xlsx,12,P
sonali_bank,1,INCOME STATEMENT,Non-Interest Income,non_interest_income,Tk mn,1986,288.11,288.11,,,native_numeric,0,Dying_Cyrus_-_SOCB_V7__furnished_.xlsx,12,Q
sonali_bank,1,INCOME STATEMENT,Non-Interest Income,non_interest_income,Tk mn,1987,419.5,419.5,,,native_numeric,0,Dying_Cyrus_-_SOCB_V7__furnished_.xlsx,12,R
sonali_bank,1,INCOME STATEMENT,Non-Interest Income,non_interest_income,Tk mn,1988,435.81,435.81,,,native_numeric,0,Dying_Cyrus_-_SOCB_V7__furnished_.xlsx,12,S
sonali_bank,1,INCOME STATEMENT,Non-Interest Income,non_interest_income,Tk mn,1989,365.03,365.03,,,native_numeric,0,Dying_Cyrus_-_SOCB_V7__furnished_.xlsx,12,T
sonali_bank,1,INCOME STATEMENT,Non-Interest Income,non_interest_income,Tk mn,1990,5100.68,5100.68,,,native_numeric,0,Dying_Cyrus_-_SOCB_V7__furnished_.xlsx,12,U
sonali_bank,1,INCOME STATEMENT,Non-Interest Income,non_interest_income,Tk mn,1991,434.09,434.09,,,native_numeric,0,Dying_Cyrus_-_SOCB_V7__furnished_.xlsx,12,V
sonali_bank,1,INCOME STATEMENT,Non-Interest Income,non_interest_income,Tk mn,1992,560.23,560.23,,,native_numeric,0,Dying_Cyrus_-_SOCB_V7__furnished_.xlsx,12,W
sonali_bank,1,INCOME STATEMENT,Non-Interest Income,non_interest_income,Tk mn,1993,703.4,703.4,,,native_numeric,0,Dying_Cyrus_-_SOCB_V7__furnished_.xlsx,12,X
sonali_bank,1,INCOME STATEMENT,Non-Interest Income,non_interest_income,Tk mn,1994,1535.69,1535.69,,,native_numeric,0,Dying_Cyrus_-_SOCB_V7__furnished_.xlsx,12,Y
sonali_bank,1,INCOME STATEMENT,Non-Interest Income,non_interest_income,Tk mn,1995,1593.05,1593.05,,,native_numeric,0,Dying_Cyrus_-_SOCB_V7__furnished_.xlsx,12,Z
sonali_bank,1,INCOME STATEMENT,Non-Interest Income,non_interest_income,Tk mn,1996,1400.47,1400.47,,,native_numeric,0,Dying_Cyrus_-_SOCB_V7__furnished_.xlsx,12,AA
sonali_bank,1,INCOME STATEMENT,Non-Interest Income,non_interest_income,Tk mn,1997,1668.1,1668.1,,,native_numeric,0,Dying_Cyrus_-_SOCB_V7__furnished_.xlsx,12,AB
sonali_bank,1,INCOME STATEMENT,Non-Interest Income,non_interest_income,Tk mn,1998,2171.91,2171.91,,,native_numeric,0,Dying_Cyrus_-_SOCB_V7__furnished_.xlsx,12,AC
sonali_bank,1,INCOME STATEMENT,Non-Interest Income,non_interest_income,Tk mn,1999,2424.78,2424.78,,,native_numeric,0,Dying_Cyrus_-_SOCB_V7__furnished_.xlsx,12,AD
sonali_bank,1,INCOME STATEMENT,Non-Interest Income,non_interest_income,Tk mn,2000,5077.07,5077.07,,,native_numeric,0,Dying_Cyrus_-_SOCB_V7__furnished_.xlsx,12,AE
sonali_bank,1,INCOME STATEMENT,Non-Interest Income,non_interest_income,Tk mn,2001,5324.9,5324.9,,,native_numeric,0,Dying_Cyrus_-_SOCB_V7__furnished_.xlsx,12,AF
sonali_bank,1,INCOME STATEMENT,Non-Interest Income,non_interest_income,Tk mn,2002,6570.87,6570.87,,,native_numeric,0,Dying_Cyrus_-_SOCB_V7__furnished_.xlsx,12,AG
sonali_bank,1,INCOME STATEMENT,Non-Interest Income,non_interest_income,Tk mn,2003,5661.34,5661.34,,,native_numeric,0,Dying_Cyrus_-_SOCB_V7__furnished_.xlsx,12,AH
sonali_bank,1,INCOME STATEMENT,Non-Interest Income,non_interest_income,Tk mn,2004,6472.98,6472.98,,,native_numeric,0,Dying_Cyrus_-_SOCB_V7__furnished_.xlsx,12,AI
sonali_bank,1,INCOME STATEMENT,Non-Interest Income,non_interest_income,Tk mn,2005,7895.41,7895.41,,,native_numeric,0,Dying_Cyrus_-_SOCB_V7__furnished_.xlsx,12,AJ
sonali_bank,1,INCOME STATEMENT,Non-Interest Income,non_interest_income,Tk mn,2006,7168.81,7168.81,,,native_numeric,0,Dying_Cyrus_-_SOCB_V7__furnished_.xlsx,12,AK
sonali_bank,1,INCOME STATEMENT,Non-Interest Income,non_interest_income,Tk mn,2007,5328.16,5328.16,,,native_numeric,0,Dying_Cyrus_-_SOCB_V7__furnished_.xlsx,12,AL
sonali_bank,1,INCOME STATEMENT,Non-Interest Income,non_interest_income,Tk mn,2008,13519.2,13519.2,,,native_numeric,0,Dying_Cyrus_-_SOCB_V7__furnished_.xlsx,12,AM
sonali_bank,1,INCOME STATEMENT,Non-Interest Income,non_interest_income,Tk mn,2009,14882.84,14882.84,,,native_numeric,0,Dying_Cyrus_-_SOCB_V7__furnished_.xlsx,12,AN
sonali_bank,1,INCOME STATEMENT,Non-Interest Income,non_interest_income,Tk mn,2010,16878.74,16878.74,,,native_numeric,0,Dying_Cyrus_-_SOCB_V7__furnished_.xlsx,12,AO
sonali_bank,1,INCOME STATEMENT,Non-Interest Income,non_interest_income,Tk mn,2011,17908.9,17908.9,,,native_numeric,0,Dying_Cyrus_-_SOCB_V7__furnished_.xlsx,12,AP
sonali_bank,1,INCOME STATEMENT,Non-Interest Income,non_interest_income,Tk mn,2012,24660.25,24660.25,,,native_numeric,0,Dying_Cyrus_-_SOCB_V7__furnished_.xlsx,12,AQ
sonali_bank,1,INCOME STATEMENT,Non-Interest Income,non_interest_income,Tk mn,2013,25916.91,25916.91,,,native_numeric,0,Dying_Cyrus_-_SOCB_V7__furnished_.xlsx,12,AR
sonali_bank,1,INCOME STATEMENT,Non-Interest Income,non_interest_income,Tk mn,2014,34837.0,34837.0,,,native_numeric,0,Dying_Cyrus_-_SOCB_V7__furnished_.xlsx,12,AS
sonali_bank,1,INCOME STATEMENT,Non-Interest Income,non_interest_income,Tk mn,2015,37089.0,37089.0,,,native_numeric,0,Dying_Cyrus_-_SOCB_V7__furnished_.xlsx,12,AT
sonali_bank,1,INCOME STATEMENT,Non-Interest Income,non_interest_income,Tk mn,2016,39969.0,39969.0,,,native_numeric,0,Dying_Cyrus_-_SOCB_V7__furnished_.xlsx,12,AU
sonali_bank,1,INCOME STATEMENT,Non-Interest Income,non_interest_income,Tk mn,2017,46679.0,46679.0,,,native_numeric,0,Dying_Cyrus_-_SOCB_V7__furnished_.xlsx,12,AV
sonali_bank,1,INCOME STATEMENT,Non-Interest Income,non_interest_income,Tk mn,2018,45613.0,45613.0,,,native_numeric,0,Dying_Cyrus_-_SOCB_V7__furnished_.xlsx,12,AW
sonali_bank,1,INCOME STATEMENT,Non-Interest Income,non_interest_income,Tk mn,2019,40855.0,40855.0,,,native_numeric,0,Dying_Cyrus_-_SOCB_V7__furnished_.xlsx,12,AX
sonali_bank,1,INCOME STATEMENT,Non-Interest Income,non_interest_income,Tk mn,2020,53114.0,53114.0,,,native_numeric,0,Dying_Cyrus_-_SOCB_V7__furnished_.xlsx,12,AY
sonali_bank,1,INCOME STATEMENT,Non-Interest Income,non_interest_income,Tk mn,2021,52181.0,52181.0,,,native_numeric,0,Dying_Cyrus_-_SOCB_V7__furnished_.xlsx,12,AZ
sonali_bank,1,INCOME STATEMENT,Non-Interest Income,non_interest_income,Tk mn,2022,48382.0,48382.0,,,native_numeric,0,Dying_Cyrus_-_SOCB_V7__furnished_.xlsx,12,BA
sonali_bank,1,INCOME STATEMENT,Non-Interest Income,non_interest_income,Tk mn,2023,62880.0,62880.0,,,native_numeric,0,Dying_Cyrus_-_SOCB_V7__furnished_.xlsx,12,BB
sonali_bank,1,INCOME STATEMENT,Non-Interest Income,non_interest_income,Tk mn,2024,77660.0,77660.0,,,native_numeric,0,Dying_Cyrus_-_SOCB_V7__furnished_.xlsx,12,BC
sonali_bank,1,INCOME STATEMENT,Non-Interest Income,non_interest_income,Tk mn,2025,112179.0,112179.0,,,native_numeric,0,Dying_Cyrus_-_SOCB_V7__furnished_.xlsx,12,BD
sonali_bank,1,INCOME STATEMENT,Non-Interest Income,non_interest_income,Tk mn,2026,,,,,missing,0,Dying_Cyrus_-_SOCB_V7__furnished_.xlsx,12,BE
sonali_bank,1,INCOME STATEMENT,Net Profit After Tax,net_profit_after_tax,Tk mn,1972,2.4,2.4,,,native_numeric,0,Dying_Cyrus_-_SOCB_V7__furnished_.xlsx,13,C
sonali_bank,1,INCOME STATEMENT,Net Profit After Tax,net_profit_after_tax,Tk mn,1973,20.8,20.8,,,native_numeric,0,Dying_Cyrus_-_SOCB_V7__furnished_.xlsx,13,D
sonali_bank,1,INCOME STATEMENT,Net Profit After Tax,net_profit_after_tax,Tk mn,1974,31.2,31.2,,,native_numeric,0,Dying_Cyrus_-_SOCB_V7__furnished_.xlsx,13,E
sonali_bank,1,INCOME STATEMENT,Net Profit After Tax,net_profit_after_tax,Tk mn,1975,80.9,80.9,,,native_numeric,0,Dying_Cyrus_-_SOCB_V7__furnished_.xlsx,13,F
sonali_bank,1,INCOME STATEMENT,Net Profit After Tax,net_profit_after_tax,Tk mn,1976,91.1,91.1,,,native_numeric,0,Dying_Cyrus_-_SOCB_V7__furnished_.xlsx,13,G
sonali_bank,1,INCOME STATEMENT,Net Profit After Tax,net_profit_after_tax,Tk mn,1977,97.8,97.8,,,native_numeric,0,Dying_Cyrus_-_SOCB_V7__furnished_.xlsx,13,H
sonali_bank,1,INCOME STATEMENT,Net Profit After Tax,net_profit_after_tax,Tk mn,1978,63.9,63.9,,,native_numeric,0,Dying_Cyrus_-_SOCB_V7__furnished_.xlsx,13,I
sonali_bank,1,INCOME STATEMENT,Net Profit After Tax,net_profit_after_tax,Tk mn,1979,96.2,96.2,,,native_numeric,0,Dying_Cyrus_-_SOCB_V7__furnished_.xlsx,13,J
sonali_bank,1,INCOME STATEMENT,Net Profit After Tax,net_profit_after_tax,Tk mn,1980,177.2,177.2,,,native_numeric,0,Dying_Cyrus_-_SOCB_V7__furnished_.xlsx,13,K
sonali_bank,1,INCOME STATEMENT,Net Profit After Tax,net_profit_after_tax,Tk mn,1981,231.7,231.7,,,native_numeric,0,Dying_Cyrus_-_SOCB_V7__furnished_.xlsx,13,L
sonali_bank,1,INCOME STATEMENT,Net Profit After Tax,net_profit_after_tax,Tk mn,1982,481.0,481.0,,,native_numeric,0,Dying_Cyrus_-_SOCB_V7__furnished_.xlsx,13,M
sonali_bank,1,INCOME STATEMENT,Net Profit After Tax,net_profit_after_tax,Tk mn,1983,504.5,504.5,,,native_numeric,0,Dying_Cyrus_-_SOCB_V7__furnished_.xlsx,13,N
sonali_bank,1,INCOME STATEMENT,Net Profit After Tax,net_profit_after_tax,Tk mn,1984,552.3,552.3,,,native_numeric,0,Dying_Cyrus_-_SOCB_V7__furnished_.xlsx,13,O
sonali_bank,1,INCOME STATEMENT,Net Profit After Tax,net_profit_after_tax,Tk mn,1985,499.1,499.1,,,native_numeric,0,Dying_Cyrus_-_SOCB_V7__furnished_.xlsx,13,P
sonali_bank,1,INCOME STATEMENT,Net Profit After Tax,net_profit_after_tax,Tk mn,1986,100.0,100.0,,,native_numeric,0,Dying_Cyrus_-_SOCB_V7__furnished_.xlsx,13,Q
sonali_bank,1,INCOME STATEMENT,Net Profit After Tax,net_profit_after_tax,Tk mn,1987,1.62,1.62,,,native_numeric,0,Dying_Cyrus_-_SOCB_V7__furnished_.xlsx,13,R
sonali_bank,1,INCOME STATEMENT,Net Profit After Tax,net_profit_after_tax,Tk mn,1988,15.0,15.0,,,native_numeric,0,Dying_Cyrus_-_SOCB_V7__furnished_.xlsx,13,S
sonali_bank,1,INCOME STATEMENT,Net Profit After Tax,net_profit_after_tax,Tk mn,1989,42.36,42.36,,,native_numeric,0,Dying_Cyrus_-_SOCB_V7__furnished_.xlsx,13,T
sonali_bank,1,INCOME STATEMENT,Net Profit After Tax,net_profit_after_tax,Tk mn,1990,51.43,51.43,,,native_numeric,0,Dying_Cyrus_-_SOCB_V7__furnished_.xlsx,13,U
sonali_bank,1,INCOME STATEMENT,Net Profit After Tax,net_profit_after_tax,Tk mn,1991,16.9,16.9,,,native_numeric,0,Dying_Cyrus_-_SOCB_V7__furnished_.xlsx,13,V
sonali_bank,1,INCOME STATEMENT,Net Profit After Tax,net_profit_after_tax,Tk mn,1992,44.75,44.75,,,native_numeric,0,Dying_Cyrus_-_SOCB_V7__furnished_.xlsx,13,W
sonali_bank,1,INCOME STATEMENT,Net Profit After Tax,net_profit_after_tax,Tk mn,1993,19.57,19.57,,,native_numeric,0,Dying_Cyrus_-_SOCB_V7__furnished_.xlsx,13,X
sonali_bank,1,INCOME STATEMENT,Net Profit After Tax,net_profit_after_tax,Tk mn,1994,592.77,592.77,,,native_numeric,0,Dying_Cyrus_-_SOCB_V7__furnished_.xlsx,13,Y
sonali_bank,1,INCOME STATEMENT,Net Profit After Tax,net_profit_after_tax,Tk mn,1995,615.69,615.69,,,native_numeric,0,Dying_Cyrus_-_SOCB_V7__furnished_.xlsx,13,Z
sonali_bank,1,INCOME STATEMENT,Net Profit After Tax,net_profit_after_tax,Tk mn,1996,248.02,248.02,,,native_numeric,0,Dying_Cyrus_-_SOCB_V7__furnished_.xlsx,13,AA
sonali_bank,1,INCOME STATEMENT,Net Profit After Tax,net_profit_after_tax,Tk mn,1997,132.06,132.06,,,native_numeric,0,Dying_Cyrus_-_SOCB_V7__furnished_.xlsx,13,AB
sonali_bank,1,INCOME STATEMENT,Net Profit After Tax,net_profit_after_tax,Tk mn,1998,101.91,101.91,,,native_numeric,0,Dying_Cyrus_-_SOCB_V7__furnished_.xlsx,13,AC
sonali_bank,1,INCOME STATEMENT,Net Profit After Tax,net_profit_after_tax,Tk mn,1999,126.23,126.23,,,native_numeric,0,Dying_Cyrus_-_SOCB_V7__furnished_.xlsx,13,AD
sonali_bank,1,INCOME STATEMENT,Net Profit After Tax,net_profit_after_tax,Tk mn,2000,132.22,132.22,,,native_numeric,0,Dying_Cyrus_-_SOCB_V7__furnished_.xlsx,13,AE
sonali_bank,1,INCOME STATEMENT,Net Profit After Tax,net_profit_after_tax,Tk mn,2001,82.33,82.33,,,native_numeric,0,Dying_Cyrus_-_SOCB_V7__furnished_.xlsx,13,AF
sonali_bank,1,INCOME STATEMENT,Net Profit After Tax,net_profit_after_tax,Tk mn,2002,159.03,159.03,,,native_numeric,0,Dying_Cyrus_-_SOCB_V7__furnished_.xlsx,13,AG
sonali_bank,1,INCOME STATEMENT,Net Profit After Tax,net_profit_after_tax,Tk mn,2003,106.0,106.0,,,native_numeric,0,Dying_Cyrus_-_SOCB_V7__furnished_.xlsx,13,AH
sonali_bank,1,INCOME STATEMENT,Net Profit After Tax,net_profit_after_tax,Tk mn,2004,157.52,157.52,,,native_numeric,0,Dying_Cyrus_-_SOCB_V7__furnished_.xlsx,13,AI
sonali_bank,1,INCOME STATEMENT,Net Profit After Tax,net_profit_after_tax,Tk mn,2005,208.04,208.04,,,native_numeric,0,Dying_Cyrus_-_SOCB_V7__furnished_.xlsx,13,AJ
sonali_bank,1,INCOME STATEMENT,Net Profit After Tax,net_profit_after_tax,Tk mn,2006,-36275.63,-36275.63,,,native_numeric,0,Dying_Cyrus_-_SOCB_V7__furnished_.xlsx,13,AK
sonali_bank,1,INCOME STATEMENT,Net Profit After Tax,net_profit_after_tax,Tk mn,2007,973.58,973.58,,,native_numeric,0,Dying_Cyrus_-_SOCB_V7__furnished_.xlsx,13,AL
sonali_bank,1,INCOME STATEMENT,Net Profit After Tax,net_profit_after_tax,Tk mn,2008,2311.11,2311.11,,,native_numeric,0,Dying_Cyrus_-_SOCB_V7__furnished_.xlsx,13,AM
sonali_bank,1,INCOME STATEMENT,Net Profit After Tax,net_profit_after_tax,Tk mn,2009,1536.77,1536.77,,,native_numeric,0,Dying_Cyrus_-_SOCB_V7__furnished_.xlsx,13,AN
sonali_bank,1,INCOME STATEMENT,Net Profit After Tax,net_profit_after_tax,Tk mn,2010,2737.61,2737.61,,,native_numeric,0,Dying_Cyrus_-_SOCB_V7__furnished_.xlsx,13,AO
sonali_bank,1,INCOME STATEMENT,Net Profit After Tax,net_profit_after_tax,Tk mn,2011,9957.22,9957.22,,,native_numeric,0,Dying_Cyrus_-_SOCB_V7__furnished_.xlsx,13,AP
sonali_bank,1,INCOME STATEMENT,Net Profit After Tax,net_profit_after_tax,Tk mn,2012,-31533.55,-31533.55,,,native_numeric,0,Dying_Cyrus_-_SOCB_V7__furnished_.xlsx,13,AQ
sonali_bank,1,INCOME STATEMENT,Net Profit After Tax,net_profit_after_tax,Tk mn,2013,3580.18,3580.18,,,native_numeric,0,Dying_Cyrus_-_SOCB_V7__furnished_.xlsx,13,AR
sonali_bank,1,INCOME STATEMENT,Net Profit After Tax,net_profit_after_tax,Tk mn,2014,6054.0,6054.0,,,native_numeric,0,Dying_Cyrus_-_SOCB_V7__furnished_.xlsx,13,AS
sonali_bank,1,INCOME STATEMENT,Net Profit After Tax,net_profit_after_tax,Tk mn,2015,586.0,586.0,,,native_numeric,0,Dying_Cyrus_-_SOCB_V7__furnished_.xlsx,13,AT
sonali_bank,1,INCOME STATEMENT,Net Profit After Tax,net_profit_after_tax,Tk mn,2016,1516.0,1516.0,,,native_numeric,0,Dying_Cyrus_-_SOCB_V7__furnished_.xlsx,13,AU
sonali_bank,1,INCOME STATEMENT,Net Profit After Tax,net_profit_after_tax,Tk mn,2017,7092.0,7092.0,,,native_numeric,0,Dying_Cyrus_-_SOCB_V7__furnished_.xlsx,13,AV
sonali_bank,1,INCOME STATEMENT,Net Profit After Tax,net_profit_after_tax,Tk mn,2018,2264.0,2264.0,,,native_numeric,0,Dying_Cyrus_-_SOCB_V7__furnished_.xlsx,13,AW
sonali_bank,1,INCOME STATEMENT,Net Profit After Tax,net_profit_after_tax,Tk mn,2019,2710.0,2710.0,,,native_numeric,0,Dying_Cyrus_-_SOCB_V7__furnished_.xlsx,13,AX
sonali_bank,1,INCOME STATEMENT,Net Profit After Tax,net_profit_after_tax,Tk mn,2020,3234.0,3234.0,,,native_numeric,0,Dying_Cyrus_-_SOCB_V7__furnished_.xlsx,13,AY
sonali_bank,1,INCOME STATEMENT,Net Profit After Tax,net_profit_after_tax,Tk mn,2021,3456.0,3456.0,,,native_numeric,0,Dying_Cyrus_-_SOCB_V7__furnished_.xlsx,13,AZ
sonali_bank,1,INCOME STATEMENT,Net Profit After Tax,net_profit_after_tax,Tk mn,2022,3710.0,3710.0,,,native_numeric,0,Dying_Cyrus_-_SOCB_V7__furnished_.xlsx,13,BA
sonali_bank,1,INCOME STATEMENT,Net Profit After Tax,net_profit_after_tax,Tk mn,2023,6515.0,6515.0,,,native_numeric,0,Dying_Cyrus_-_SOCB_V7__furnished_.xlsx,13,BB
sonali_bank,1,INCOME STATEMENT,Net Profit After Tax,net_profit_after_tax,Tk mn,2024,8655.0,8655.0,,,native_numeric,0,Dying_Cyrus_-_SOCB_V7__furnished_.xlsx,13,BC
sonali_bank,1,INCOME STATEMENT,Net Profit After Tax,net_profit_after_tax,Tk mn,2025,12411.0,12411.0,,,native_numeric,0,Dying_Cyrus_-_SOCB_V7__furnished_.xlsx,13,BD
sonali_bank,1,INCOME STATEMENT,Net Profit After Tax,net_profit_after_tax,Tk mn,2026,,,,,missing,0,Dying_Cyrus_-_SOCB_V7__furnished_.xlsx,13,BE
sonali_bank,1,PER-SHARE & PROFITABILITY,EPS,eps,BDT,1972,,,,,missing,0,Dying_Cyrus_-_SOCB_V7__furnished_.xlsx,15,C
sonali_bank,1,PER-SHARE & PROFITABILITY,EPS,eps,BDT,1973,,,,,missing,0,Dying_Cyrus_-_SOCB_V7__furnished_.xlsx,15,D
sonali_bank,1,PER-SHARE & PROFITABILITY,EPS,eps,BDT,1974,,,,,missing,0,Dying_Cyrus_-_SOCB_V7__furnished_.xlsx,15,E
sonali_bank,1,PER-SHARE & PROFITABILITY,EPS,eps,BDT,1975,,,,,missing,0,Dying_Cyrus_-_SOCB_V7__furnished_.xlsx,15,F
sonali_bank,1,PER-SHARE & PROFITABILITY,EPS,eps,BDT,1976,,,,,missing,0,Dying_Cyrus_-_SOCB_V7__furnished_.xlsx,15,G
sonali_bank,1,PER-SHARE & PROFITABILITY,EPS,eps,BDT,1977,,,,,missing,0,Dying_Cyrus_-_SOCB_V7__furnished_.xlsx,15,H
sonali_bank,1,PER-SHARE & PROFITABILITY,EPS,eps,BDT,1978,,,,,missing,0,Dying_Cyrus_-_SOCB_V7__furnished_.xlsx,15,I
sonali_bank,1,PER-SHARE & PROFITABILITY,EPS,eps,BDT,1979,,,,,missing,0,Dying_Cyrus_-_SOCB_V7__furnished_.xlsx,15,J
sonali_bank,1,PER-SHARE & PROFITABILITY,EPS,eps,BDT,1980,,,,,missing,0,Dying_Cyrus_-_SOCB_V7__furnished_.xlsx,15,K
sonali_bank,1,PER-SHARE & PROFITABILITY,EPS,eps,BDT,1981,,,,,missing,0,Dying_Cyrus_-_SOCB_V7__furnished_.xlsx,15,L
sonali_bank,1,PER-SHARE & PROFITABILITY,EPS,eps,BDT,1982,,,,,missing,0,Dying_Cyrus_-_SOCB_V7__furnished_.xlsx,15,M
sonali_bank,1,PER-SHARE & PROFITABILITY,EPS,eps,BDT,1983,,,,,missing,0,Dying_Cyrus_-_SOCB_V7__furnished_.xlsx,15,N
sonali_bank,1,PER-SHARE & PROFITABILITY,EPS,eps,BDT,1984,,,,,missing,0,Dying_Cyrus_-_SOCB_V7__furnished_.xlsx,15,O
sonali_bank,1,PER-SHARE & PROFITABILITY,EPS,eps,BDT,1985,,,,,missing,0,Dying_Cyrus_-_SOCB_V7__furnished_.xlsx,15,P
sonali_bank,1,PER-SHARE & PROFITABILITY,EPS,eps,BDT,1986,,,,,missing,0,Dying_Cyrus_-_SOCB_V7__furnished_.xlsx,15,Q
sonali_bank,1,PER-SHARE & PROFITABILITY,EPS,eps,BDT,1987,,,,,missing,0,Dying_Cyrus_-_SOCB_V7__furnished_.xlsx,15,R
sonali_bank,1,PER-SHARE & PROFITABILITY,EPS,eps,BDT,1988,,,,,missing,0,Dying_Cyrus_-_SOCB_V7__furnished_.xlsx,15,S
sonali_bank,1,PER-SHARE & PROFITABILITY,EPS,eps,BDT,1989,,,,,missing,0,Dying_Cyrus_-_SOCB_V7__furnished_.xlsx,15,T
sonali_bank,1,PER-SHARE & PROFITABILITY,EPS,eps,BDT,1990,,,,,missing,0,Dying_Cyrus_-_SOCB_V7__furnished_.xlsx,15,U
sonali_bank,1,PER-SHARE & PROFITABILITY,EPS,eps,BDT,1991,,,,,missing,0,Dying_Cyrus_-_SOCB_V7__furnished_.xlsx,15,V
sonali_bank,1,PER-SHARE & PROFITABILITY,EPS,eps,BDT,1992,,,,,missing,0,Dying_Cyrus_-_SOCB_V7__furnished_.xlsx,15,W
sonali_bank,1,PER-SHARE & PROFITABILITY,EPS,eps,BDT,1993,,,,,missing,0,Dying_Cyrus_-_SOCB_V7__furnished_.xlsx,15,X
sonali_bank,1,PER-SHARE & PROFITABILITY,EPS,eps,BDT,1994,,,,,missing,0,Dying_Cyrus_-_SOCB_V7__furnished_.xlsx,15,Y
sonali_bank,1,PER-SHARE & PROFITABILITY,EPS,eps,BDT,1995,,,,,missing,0,Dying_Cyrus_-_SOCB_V7__furnished_.xlsx,15,Z
sonali_bank,1,PER-SHARE & PROFITABILITY,EPS,eps,BDT,1996,,,,,missing,0,Dying_Cyrus_-_SOCB_V7__furnished_.xlsx,15,AA
sonali_bank,1,PER-SHARE & PROFITABILITY,EPS,eps,BDT,1997,,,,,missing,0,Dying_Cyrus_-_SOCB_V7__furnished_.xlsx,15,AB
sonali_bank,1,PER-SHARE & PROFITABILITY,EPS,eps,BDT,1998,,,,,missing,0,Dying_Cyrus_-_SOCB_V7__furnished_.xlsx,15,AC
sonali_bank,1,PER-SHARE & PROFITABILITY,EPS,eps,BDT,1999,,,,,missing,0,Dying_Cyrus_-_SOCB_V7__furnished_.xlsx,15,AD
sonali_bank,1,PER-SHARE & PROFITABILITY,EPS,eps,BDT,2000,,,,,missing,0,Dying_Cyrus_-_SOCB_V7__furnished_.xlsx,15,AE
sonali_bank,1,PER-SHARE & PROFITABILITY,EPS,eps,BDT,2001,,,,,missing,0,Dying_Cyrus_-_SOCB_V7__furnished_.xlsx,15,AF
sonali_bank,1,PER-SHARE & PROFITABILITY,EPS,eps,BDT,2002,,,,,missing,0,Dying_Cyrus_-_SOCB_V7__furnished_.xlsx,15,AG
sonali_bank,1,PER-SHARE & PROFITABILITY,EPS,eps,BDT,2003,,,,,missing,0,Dying_Cyrus_-_SOCB_V7__furnished_.xlsx,15,AH
sonali_bank,1,PER-SHARE & PROFITABILITY,EPS,eps,BDT,2004,,,,,missing,0,Dying_Cyrus_-_SOCB_V7__furnished_.xlsx,15,AI
sonali_bank,1,PER-SHARE & PROFITABILITY,EPS,eps,BDT,2005,,,,,missing,0,Dying_Cyrus_-_SOCB_V7__furnished_.xlsx,15,AJ
sonali_bank,1,PER-SHARE & PROFITABILITY,EPS,eps,BDT,2006,,,,,missing,0,Dying_Cyrus_-_SOCB_V7__furnished_.xlsx,15,AK
sonali_bank,1,PER-SHARE & PROFITABILITY,EPS,eps,BDT,2007,10.82,10.82,,,native_numeric,0,Dying_Cyrus_-_SOCB_V7__furnished_.xlsx,15,AL
sonali_bank,1,PER-SHARE & PROFITABILITY,EPS,eps,BDT,2008,25.68,25.68,,,native_numeric,0,Dying_Cyrus_-_SOCB_V7__furnished_.xlsx,15,AM
sonali_bank,1,PER-SHARE & PROFITABILITY,EPS,eps,BDT,2009,17.08,17.08,,,native_numeric,0,Dying_Cyrus_-_SOCB_V7__furnished_.xlsx,15,AN
sonali_bank,1,PER-SHARE & PROFITABILITY,EPS,eps,BDT,2010,30.42,30.42,,,native_numeric,0,Dying_Cyrus_-_SOCB_V7__furnished_.xlsx,15,AO
sonali_bank,1,PER-SHARE & PROFITABILITY,EPS,eps,BDT,2011,108.38,108.38,,,native_numeric,0,Dying_Cyrus_-_SOCB_V7__furnished_.xlsx,15,AP
sonali_bank,1,PER-SHARE & PROFITABILITY,EPS,eps,BDT,2012,-280.3,-280.3,,,native_numeric,0,Dying_Cyrus_-_SOCB_V7__furnished_.xlsx,15,AQ
sonali_bank,1,PER-SHARE & PROFITABILITY,EPS,eps,BDT,2013,31.82,31.82,,,native_numeric,0,Dying_Cyrus_-_SOCB_V7__furnished_.xlsx,15,AR
sonali_bank,1,PER-SHARE & PROFITABILITY,EPS,eps,BDT,2014,32.12,32.12,,,native_numeric,0,Dying_Cyrus_-_SOCB_V7__furnished_.xlsx,15,AS
sonali_bank,1,PER-SHARE & PROFITABILITY,EPS,eps,BDT,2015,1.53,1.53,,,native_numeric,0,Dying_Cyrus_-_SOCB_V7__furnished_.xlsx,15,AT
sonali_bank,1,PER-SHARE & PROFITABILITY,EPS,eps,BDT,2016,3.96,3.96,,,native_numeric,0,Dying_Cyrus_-_SOCB_V7__furnished_.xlsx,15,AU
sonali_bank,1,PER-SHARE & PROFITABILITY,EPS,eps,BDT,2017,18.5,18.5,,,native_numeric,0,Dying_Cyrus_-_SOCB_V7__furnished_.xlsx,15,AV
sonali_bank,1,PER-SHARE & PROFITABILITY,EPS,eps,BDT,2018,5.47,5.47,,,native_numeric,0,Dying_Cyrus_-_SOCB_V7__furnished_.xlsx,15,AW
sonali_bank,1,PER-SHARE & PROFITABILITY,EPS,eps,BDT,2019,5.98,5.98,,,native_numeric,0,Dying_Cyrus_-_SOCB_V7__furnished_.xlsx,15,AX
sonali_bank,1,PER-SHARE & PROFITABILITY,EPS,eps,BDT,2020,7.14,7.14,,,native_numeric,0,Dying_Cyrus_-_SOCB_V7__furnished_.xlsx,15,AY
sonali_bank,1,PER-SHARE & PROFITABILITY,EPS,eps,BDT,2021,7.63,7.63,,,native_numeric,0,Dying_Cyrus_-_SOCB_V7__furnished_.xlsx,15,AZ
sonali_bank,1,PER-SHARE & PROFITABILITY,EPS,eps,BDT,2022,8.19,8.19,,,native_numeric,0,Dying_Cyrus_-_SOCB_V7__furnished_.xlsx,15,BA
sonali_bank,1,PER-SHARE & PROFITABILITY,EPS,eps,BDT,2023,14.38,14.38,,,native_numeric,0,Dying_Cyrus_-_SOCB_V7__furnished_.xlsx,15,BB
sonali_bank,1,PER-SHARE & PROFITABILITY,EPS,eps,BDT,2024,19.11,19.11,,,native_numeric,0,Dying_Cyrus_-_SOCB_V7__furnished_.xlsx,15,BC
sonali_bank,1,PER-SHARE & PROFITABILITY,EPS,eps,BDT,2025,27.4,27.4,,,native_numeric,0,Dying_Cyrus_-_SOCB_V7__furnished_.xlsx,15,BD
sonali_bank,1,PER-SHARE & PROFITABILITY,EPS,eps,BDT,2026,,,,,missing,0,Dying_Cyrus_-_SOCB_V7__furnished_.xlsx,15,BE
sonali_bank,1,PER-SHARE & PROFITABILITY,ROA %,roa_pct,%,1972,0.0001001339291,0.0001001339291,0.01001339291,fraction,native_numeric,0,Dying_Cyrus_-_SOCB_V7__furnished_.xlsx,16,C
sonali_bank,1,PER-SHARE & PROFITABILITY,ROA %,roa_pct,%,1973,,,,fraction,missing,0,Dying_Cyrus_-_SOCB_V7__furnished_.xlsx,16,D
sonali_bank,1,PER-SHARE & PROFITABILITY,ROA %,roa_pct,%,1974,0.006723123667,0.006723123667,0.6723123666999999,fraction,native_numeric,0,Dying_Cyrus_-_SOCB_V7__furnished_.xlsx,16,E
sonali_bank,1,PER-SHARE & PROFITABILITY,ROA %,roa_pct,%,1975,0.01112608648,0.01112608648,1.112608648,fraction,native_numeric,0,Dying_Cyrus_-_SOCB_V7__furnished_.xlsx,16,F
sonali_bank,1,PER-SHARE & PROFITABILITY,ROA %,roa_pct,%,1976,0.0142629008,0.0142629008,1.42629008,fraction,native_numeric,0,Dying_Cyrus_-_SOCB_V7__furnished_.xlsx,16,G
sonali_bank,1,PER-SHARE & PROFITABILITY,ROA %,roa_pct,%,1977,0.0109092126,0.0109092126,1.09092126,fraction,native_numeric,0,Dying_Cyrus_-_SOCB_V7__furnished_.xlsx,16,H
sonali_bank,1,PER-SHARE & PROFITABILITY,ROA %,roa_pct,%,1978,0.005435892201,0.005435892201,0.5435892201,fraction,native_numeric,0,Dying_Cyrus_-_SOCB_V7__furnished_.xlsx,16,I
sonali_bank,1,PER-SHARE & PROFITABILITY,ROA %,roa_pct,%,1979,0.005467338054,0.005467338054,0.5467338054,fraction,native_numeric,0,Dying_Cyrus_-_SOCB_V7__furnished_.xlsx,16,J
sonali_bank,1,PER-SHARE & PROFITABILITY,ROA %,roa_pct,%,1980,,,,fraction,missing,0,Dying_Cyrus_-_SOCB_V7__furnished_.xlsx,16,K
sonali_bank,1,PER-SHARE & PROFITABILITY,ROA %,roa_pct,%,1981,0.009601717286,0.009601717286,0.9601717286000001,fraction,native_numeric,0,Dying_Cyrus_-_SOCB_V7__furnished_.xlsx,16,L
sonali_bank,1,PER-SHARE & PROFITABILITY,ROA %,roa_pct,%,1982,0.01534221757,0.01534221757,1.534221757,fraction,native_numeric,0,Dying_Cyrus_-_SOCB_V7__furnished_.xlsx,16,M
sonali_bank,1,PER-SHARE & PROFITABILITY,ROA %,roa_pct,%,1983,0.01448268537,0.01448268537,1.448268537,fraction,native_numeric,0,Dying_Cyrus_-_SOCB_V7__furnished_.xlsx,16,N
sonali_bank,1,PER-SHARE & PROFITABILITY,ROA %,roa_pct,%,1984,0.01270800353,0.01270800353,1.270800353,fraction,native_numeric,0,Dying_Cyrus_-_SOCB_V7__furnished_.xlsx,16,O
sonali_bank,1,PER-SHARE & PROFITABILITY,ROA %,roa_pct,%,1985,0.009461396139,0.009461396139,0.9461396138999999,fraction,native_numeric,0,Dying_Cyrus_-_SOCB_V7__furnished_.xlsx,16,P
sonali_bank,1,PER-SHARE & PROFITABILITY,ROA %,roa_pct,%,1986,0.001743998161,0.001743998161,0.17439981610000002,fraction,native_numeric,0,Dying_Cyrus_-_SOCB_V7__furnished_.xlsx,16,Q
sonali_bank,1,PER-SHARE & PROFITABILITY,ROA %,roa_pct,%,1987,2.593920746e-05,2.593920746e-05,0.002593920746,fraction,native_numeric,0,Dying_Cyrus_-_SOCB_V7__furnished_.xlsx,16,R
sonali_bank,1,PER-SHARE & PROFITABILITY,ROA %,roa_pct,%,1988,0.0002091592509,0.0002091592509,0.02091592509,fraction,native_numeric,0,Dying_Cyrus_-_SOCB_V7__furnished_.xlsx,16,S
sonali_bank,1,PER-SHARE & PROFITABILITY,ROA %,roa_pct,%,1989,0.0005486456767,0.0005486456767,0.05486456767,fraction,native_numeric,0,Dying_Cyrus_-_SOCB_V7__furnished_.xlsx,16,T
sonali_bank,1,PER-SHARE & PROFITABILITY,ROA %,roa_pct,%,1990,0.0006027356675,0.0006027356675,0.06027356675,fraction,native_numeric,0,Dying_Cyrus_-_SOCB_V7__furnished_.xlsx,16,U
sonali_bank,1,PER-SHARE & PROFITABILITY,ROA %,roa_pct,%,1991,0.0001821549775,0.0001821549775,0.01821549775,fraction,native_numeric,0,Dying_Cyrus_-_SOCB_V7__furnished_.xlsx,16,V
sonali_bank,1,PER-SHARE & PROFITABILITY,ROA %,roa_pct,%,1992,0.0004481202881,0.0004481202881,0.04481202881,fraction,native_numeric,0,Dying_Cyrus_-_SOCB_V7__furnished_.xlsx,16,W
sonali_bank,1,PER-SHARE & PROFITABILITY,ROA %,roa_pct,%,1993,0.0001765988558,0.0001765988558,0.01765988558,fraction,native_numeric,0,Dying_Cyrus_-_SOCB_V7__furnished_.xlsx,16,X
sonali_bank,1,PER-SHARE & PROFITABILITY,ROA %,roa_pct,%,1994,0.004273546791,0.004273546791,0.4273546791,fraction,native_numeric,0,Dying_Cyrus_-_SOCB_V7__furnished_.xlsx,16,Y
sonali_bank,1,PER-SHARE & PROFITABILITY,ROA %,roa_pct,%,1995,0.003925488341,0.003925488341,0.3925488341,fraction,native_numeric,0,Dying_Cyrus_-_SOCB_V7__furnished_.xlsx,16,Z
sonali_bank,1,PER-SHARE & PROFITABILITY,ROA %,roa_pct,%,1996,0.001512268754,0.001512268754,0.1512268754,fraction,native_numeric,0,Dying_Cyrus_-_SOCB_V7__furnished_.xlsx,16,AA
sonali_bank,1,PER-SHARE & PROFITABILITY,ROA %,roa_pct,%,1997,0.0007308981868,0.0007308981868,0.07308981868,fraction,native_numeric,0,Dying_Cyrus_-_SOCB_V7__furnished_.xlsx,16,AB
sonali_bank,1,PER-SHARE & PROFITABILITY,ROA %,roa_pct,%,1998,0.0005123674574,0.0005123674574,0.051236745740000006,fraction,native_numeric,0,Dying_Cyrus_-_SOCB_V7__furnished_.xlsx,16,AC
sonali_bank,1,PER-SHARE & PROFITABILITY,ROA %,roa_pct,%,1999,0.0005707361773,0.0005707361773,0.05707361773,fraction,native_numeric,0,Dying_Cyrus_-_SOCB_V7__furnished_.xlsx,16,AD
sonali_bank,1,PER-SHARE & PROFITABILITY,ROA %,roa_pct,%,2000,0.0005562935919,0.0005562935919,0.05562935919,fraction,native_numeric,0,Dying_Cyrus_-_SOCB_V7__furnished_.xlsx,16,AE
sonali_bank,1,PER-SHARE & PROFITABILITY,ROA %,roa_pct,%,2001,0.0003240271462,0.0003240271462,0.032402714619999995,fraction,native_numeric,0,Dying_Cyrus_-_SOCB_V7__furnished_.xlsx,16,AF
sonali_bank,1,PER-SHARE & PROFITABILITY,ROA %,roa_pct,%,2002,0.0005867789764,0.0005867789764,0.05867789764,fraction,native_numeric,0,Dying_Cyrus_-_SOCB_V7__furnished_.xlsx,16,AG
sonali_bank,1,PER-SHARE & PROFITABILITY,ROA %,roa_pct,%,2003,0.0003972250309,0.0003972250309,0.03972250309,fraction,native_numeric,0,Dying_Cyrus_-_SOCB_V7__furnished_.xlsx,16,AH
sonali_bank,1,PER-SHARE & PROFITABILITY,ROA %,roa_pct,%,2004,0.0005391168238,0.0005391168238,0.05391168238,fraction,native_numeric,0,Dying_Cyrus_-_SOCB_V7__furnished_.xlsx,16,AI
sonali_bank,1,PER-SHARE & PROFITABILITY,ROA %,roa_pct,%,2005,0.0006160732456,0.0006160732456,0.06160732456,fraction,native_numeric,0,Dying_Cyrus_-_SOCB_V7__furnished_.xlsx,16,AJ
sonali_bank,1,PER-SHARE & PROFITABILITY,ROA %,roa_pct,%,2006,-0.1027947443,-0.1027947443,-10.27947443,fraction,native_numeric,0,Dying_Cyrus_-_SOCB_V7__furnished_.xlsx,16,AK
sonali_bank,1,PER-SHARE & PROFITABILITY,ROA %,roa_pct,%,2007,0.002107479187,0.002107479187,0.21074791869999998,fraction,native_numeric,0,Dying_Cyrus_-_SOCB_V7__furnished_.xlsx,16,AL
sonali_bank,1,PER-SHARE & PROFITABILITY,ROA %,roa_pct,%,2008,0.004688362005,0.004688362005,0.4688362005,fraction,native_numeric,0,Dying_Cyrus_-_SOCB_V7__furnished_.xlsx,16,AM
sonali_bank,1,PER-SHARE & PROFITABILITY,ROA %,roa_pct,%,2009,0.00282510444,0.00282510444,0.282510444,fraction,native_numeric,0,Dying_Cyrus_-_SOCB_V7__furnished_.xlsx,16,AN
sonali_bank,1,PER-SHARE & PROFITABILITY,ROA %,roa_pct,%,2010,0.00421645659,0.00421645659,0.42164565899999995,fraction,native_numeric,0,Dying_Cyrus_-_SOCB_V7__furnished_.xlsx,16,AO
sonali_bank,1,PER-SHARE & PROFITABILITY,ROA %,roa_pct,%,2011,0.01432297613,0.01432297613,1.432297613,fraction,native_numeric,0,Dying_Cyrus_-_SOCB_V7__furnished_.xlsx,16,AP
sonali_bank,1,PER-SHARE & PROFITABILITY,ROA %,roa_pct,%,2012,-0.04182447505,-0.04182447505,-4.182447505,fraction,native_numeric,0,Dying_Cyrus_-_SOCB_V7__furnished_.xlsx,16,AQ
sonali_bank,1,PER-SHARE & PROFITABILITY,ROA %,roa_pct,%,2013,0.004200986936,0.004200986936,0.4200986936,fraction,native_numeric,0,Dying_Cyrus_-_SOCB_V7__furnished_.xlsx,16,AR
sonali_bank,1,PER-SHARE & PROFITABILITY,ROA %,roa_pct,%,2014,0.00647769294,0.00647769294,0.6477692939999999,fraction,native_numeric,0,Dying_Cyrus_-_SOCB_V7__furnished_.xlsx,16,AS
sonali_bank,1,PER-SHARE & PROFITABILITY,ROA %,roa_pct,%,2015,0.0005710894262,0.0005710894262,0.05710894262,fraction,native_numeric,0,Dying_Cyrus_-_SOCB_V7__furnished_.xlsx,16,AT
sonali_bank,1,PER-SHARE & PROFITABILITY,ROA %,roa_pct,%,2016,0.0012627125,0.0012627125,0.12627125,fraction,native_numeric,0,Dying_Cyrus_-_SOCB_V7__furnished_.xlsx,16,AU
sonali_bank,1,PER-SHARE & PROFITABILITY,ROA %,roa_pct,%,2017,0.005643297748,0.005643297748,0.5643297748,fraction,native_numeric,0,Dying_Cyrus_-_SOCB_V7__furnished_.xlsx,16,AV
sonali_bank,1,PER-SHARE & PROFITABILITY,ROA %,roa_pct,%,2018,0.001732420599,0.001732420599,0.1732420599,fraction,native_numeric,0,Dying_Cyrus_-_SOCB_V7__furnished_.xlsx,16,AW
sonali_bank,1,PER-SHARE & PROFITABILITY,ROA %,roa_pct,%,2019,0.001840281244,0.001840281244,0.1840281244,fraction,native_numeric,0,Dying_Cyrus_-_SOCB_V7__furnished_.xlsx,16,AX
sonali_bank,1,PER-SHARE & PROFITABILITY,ROA %,roa_pct,%,2020,0.002032386206,0.002032386206,0.20323862059999998,fraction,native_numeric,0,Dying_Cyrus_-_SOCB_V7__furnished_.xlsx,16,AY
sonali_bank,1,PER-SHARE & PROFITABILITY,ROA %,roa_pct,%,2021,0.00202483825,0.00202483825,0.202483825,fraction,native_numeric,0,Dying_Cyrus_-_SOCB_V7__furnished_.xlsx,16,AZ
sonali_bank,1,PER-SHARE & PROFITABILITY,ROA %,roa_pct,%,2022,0.002072889731,0.002072889731,0.20728897310000002,fraction,native_numeric,0,Dying_Cyrus_-_SOCB_V7__furnished_.xlsx,16,BA
sonali_bank,1,PER-SHARE & PROFITABILITY,ROA %,roa_pct,%,2023,0.003288527255,0.003288527255,0.3288527255,fraction,native_numeric,0,Dying_Cyrus_-_SOCB_V7__furnished_.xlsx,16,BB
sonali_bank,1,PER-SHARE & PROFITABILITY,ROA %,roa_pct,%,2024,0.003825750862,0.003825750862,0.3825750862,fraction,native_numeric,0,Dying_Cyrus_-_SOCB_V7__furnished_.xlsx,16,BC
sonali_bank,1,PER-SHARE & PROFITABILITY,ROA %,roa_pct,%,2025,0.005190754259,0.005190754259,0.5190754259,fraction,native_numeric,0,Dying_Cyrus_-_SOCB_V7__furnished_.xlsx,16,BD
sonali_bank,1,PER-SHARE & PROFITABILITY,ROA %,roa_pct,%,2026,,,,fraction,missing,0,Dying_Cyrus_-_SOCB_V7__furnished_.xlsx,16,BE
sonali_bank,1,PER-SHARE & PROFITABILITY,ROE %,roe_pct,%,1972,0.12,0.12,12.0,fraction,native_numeric,0,Dying_Cyrus_-_SOCB_V7__furnished_.xlsx,17,C
sonali_bank,1,PER-SHARE & PROFITABILITY,ROE %,roe_pct,%,1973,0.6731391586,0.6731391586,67.31391586,fraction,native_numeric,0,Dying_Cyrus_-_SOCB_V7__furnished_.xlsx,17,D
sonali_bank,1,PER-SHARE & PROFITABILITY,ROE %,roe_pct,%,1974,0.8041237113,0.8041237113,80.41237113000001,fraction,native_numeric,0,Dying_Cyrus_-_SOCB_V7__furnished_.xlsx,17,E
sonali_bank,1,PER-SHARE & PROFITABILITY,ROE %,roe_pct,%,1975,1.266040689,1.266040689,126.6040689,fraction,native_numeric,0,Dying_Cyrus_-_SOCB_V7__furnished_.xlsx,17,F
sonali_bank,1,PER-SHARE & PROFITABILITY,ROE %,roe_pct,%,1976,1.227762803,1.227762803,122.77628030000001,fraction,native_numeric,0,Dying_Cyrus_-_SOCB_V7__furnished_.xlsx,17,G
sonali_bank,1,PER-SHARE & PROFITABILITY,ROE %,roe_pct,%,1977,1.275097784,1.275097784,127.5097784,fraction,native_numeric,0,Dying_Cyrus_-_SOCB_V7__furnished_.xlsx,17,H
sonali_bank,1,PER-SHARE & PROFITABILITY,ROE %,roe_pct,%,1978,0.79875,0.79875,79.875,fraction,native_numeric,0,Dying_Cyrus_-_SOCB_V7__furnished_.xlsx,17,I
sonali_bank,1,PER-SHARE & PROFITABILITY,ROE %,roe_pct,%,1979,1.068888889,1.068888889,106.88888889999998,fraction,native_numeric,0,Dying_Cyrus_-_SOCB_V7__furnished_.xlsx,17,J
sonali_bank,1,PER-SHARE & PROFITABILITY,ROE %,roe_pct,%,1980,1.865263158,1.865263158,186.52631580000002,fraction,native_numeric,0,Dying_Cyrus_-_SOCB_V7__furnished_.xlsx,17,K
sonali_bank,1,PER-SHARE & PROFITABILITY,ROE %,roe_pct,%,1981,2.317,2.317,231.70000000000002,fraction,native_numeric,0,Dying_Cyrus_-_SOCB_V7__furnished_.xlsx,17,L
sonali_bank,1,PER-SHARE & PROFITABILITY,ROE %,roe_pct,%,1982,3.787401575,3.787401575,378.7401575,fraction,native_numeric,0,Dying_Cyrus_-_SOCB_V7__furnished_.xlsx,17,M
sonali_bank,1,PER-SHARE & PROFITABILITY,ROE %,roe_pct,%,1983,2.697860963,2.697860963,269.7860963,fraction,native_numeric,0,Dying_Cyrus_-_SOCB_V7__furnished_.xlsx,17,N
sonali_bank,1,PER-SHARE & PROFITABILITY,ROE %,roe_pct,%,1984,2.232417138,2.232417138,223.2417138,fraction,native_numeric,0,Dying_Cyrus_-_SOCB_V7__furnished_.xlsx,17,O
sonali_bank,1,PER-SHARE & PROFITABILITY,ROE %,roe_pct,%,1985,1.799206921,1.799206921,179.9206921,fraction,native_numeric,0,Dying_Cyrus_-_SOCB_V7__furnished_.xlsx,17,P
sonali_bank,1,PER-SHARE & PROFITABILITY,ROE %,roe_pct,%,1986,0.3604902668,0.3604902668,36.049026680000004,fraction,native_numeric,0,Dying_Cyrus_-_SOCB_V7__furnished_.xlsx,17,Q
sonali_bank,1,PER-SHARE & PROFITABILITY,ROE %,roe_pct,%,1987,0.0055083305,0.0055083305,0.55083305,fraction,native_numeric,0,Dying_Cyrus_-_SOCB_V7__furnished_.xlsx,17,R
sonali_bank,1,PER-SHARE & PROFITABILITY,ROE %,roe_pct,%,1988,0.04852798447,0.04852798447,4.852798447,fraction,native_numeric,0,Dying_Cyrus_-_SOCB_V7__furnished_.xlsx,17,S
sonali_bank,1,PER-SHARE & PROFITABILITY,ROE %,roe_pct,%,1989,0.1287146764,0.1287146764,12.87146764,fraction,native_numeric,0,Dying_Cyrus_-_SOCB_V7__furnished_.xlsx,17,T
sonali_bank,1,PER-SHARE & PROFITABILITY,ROE %,roe_pct,%,1990,0.01868551083,0.01868551083,1.8685510830000003,fraction,native_numeric,0,Dying_Cyrus_-_SOCB_V7__furnished_.xlsx,17,U
sonali_bank,1,PER-SHARE & PROFITABILITY,ROE %,roe_pct,%,1991,0.006107477142,0.006107477142,0.6107477142000001,fraction,native_numeric,0,Dying_Cyrus_-_SOCB_V7__furnished_.xlsx,17,V
sonali_bank,1,PER-SHARE & PROFITABILITY,ROE %,roe_pct,%,1992,0.01591903525,0.01591903525,1.5919035250000002,fraction,native_numeric,0,Dying_Cyrus_-_SOCB_V7__furnished_.xlsx,17,W
sonali_bank,1,PER-SHARE & PROFITABILITY,ROE %,roe_pct,%,1993,0.005324590521,0.005324590521,0.5324590521,fraction,native_numeric,0,Dying_Cyrus_-_SOCB_V7__furnished_.xlsx,17,X
sonali_bank,1,PER-SHARE & PROFITABILITY,ROE %,roe_pct,%,1994,0.1423080617,0.1423080617,14.23080617,fraction,native_numeric,0,Dying_Cyrus_-_SOCB_V7__furnished_.xlsx,17,Y
sonali_bank,1,PER-SHARE & PROFITABILITY,ROE %,roe_pct,%,1995,0.1289295138,0.1289295138,12.892951380000001,fraction,native_numeric,0,Dying_Cyrus_-_SOCB_V7__furnished_.xlsx,17,Z
sonali_bank,1,PER-SHARE & PROFITABILITY,ROE %,roe_pct,%,1996,0.0494516888,0.0494516888,4.94516888,fraction,native_numeric,0,Dying_Cyrus_-_SOCB_V7__furnished_.xlsx,17,AA
sonali_bank,1,PER-SHARE & PROFITABILITY,ROE %,roe_pct,%,1997,0.02570010704,0.02570010704,2.570010704,fraction,native_numeric,0,Dying_Cyrus_-_SOCB_V7__furnished_.xlsx,17,AB
sonali_bank,1,PER-SHARE & PROFITABILITY,ROE %,roe_pct,%,1998,0.01955670697,0.01955670697,1.955670697,fraction,native_numeric,0,Dying_Cyrus_-_SOCB_V7__furnished_.xlsx,17,AC
sonali_bank,1,PER-SHARE & PROFITABILITY,ROE %,roe_pct,%,1999,0.02378018914,0.02378018914,2.378018914,fraction,native_numeric,0,Dying_Cyrus_-_SOCB_V7__furnished_.xlsx,17,AD
sonali_bank,1,PER-SHARE & PROFITABILITY,ROE %,roe_pct,%,2000,0.02343412144,0.02343412144,2.343412144,fraction,native_numeric,0,Dying_Cyrus_-_SOCB_V7__furnished_.xlsx,17,AE
sonali_bank,1,PER-SHARE & PROFITABILITY,ROE %,roe_pct,%,2001,0.01442816585,0.01442816585,1.442816585,fraction,native_numeric,0,Dying_Cyrus_-_SOCB_V7__furnished_.xlsx,17,AF
sonali_bank,1,PER-SHARE & PROFITABILITY,ROE %,roe_pct,%,2002,0.02715583484,0.02715583484,2.715583484,fraction,native_numeric,0,Dying_Cyrus_-_SOCB_V7__furnished_.xlsx,17,AG
sonali_bank,1,PER-SHARE & PROFITABILITY,ROE %,roe_pct,%,2003,0.01779658171,0.01779658171,1.779658171,fraction,native_numeric,0,Dying_Cyrus_-_SOCB_V7__furnished_.xlsx,17,AH
sonali_bank,1,PER-SHARE & PROFITABILITY,ROE %,roe_pct,%,2004,0.02579673119,0.02579673119,2.579673119,fraction,native_numeric,0,Dying_Cyrus_-_SOCB_V7__furnished_.xlsx,17,AI
sonali_bank,1,PER-SHARE & PROFITABILITY,ROE %,roe_pct,%,2005,0.03298975611,0.03298975611,3.298975611,fraction,native_numeric,0,Dying_Cyrus_-_SOCB_V7__furnished_.xlsx,17,AJ
sonali_bank,1,PER-SHARE & PROFITABILITY,ROE %,roe_pct,%,2006,1.275318455,1.275318455,127.5318455,fraction,native_numeric,0,Dying_Cyrus_-_SOCB_V7__furnished_.xlsx,17,AK
sonali_bank,1,PER-SHARE & PROFITABILITY,ROE %,roe_pct,%,2007,0.04477932529,0.04477932529,4.477932528999999,fraction,native_numeric,0,Dying_Cyrus_-_SOCB_V7__furnished_.xlsx,17,AL
sonali_bank,1,PER-SHARE & PROFITABILITY,ROE %,roe_pct,%,2008,0.0946489249,0.0946489249,9.46489249,fraction,native_numeric,0,Dying_Cyrus_-_SOCB_V7__furnished_.xlsx,17,AM
sonali_bank,1,PER-SHARE & PROFITABILITY,ROE %,roe_pct,%,2009,0.05042663975,0.05042663975,5.042663975,fraction,native_numeric,0,Dying_Cyrus_-_SOCB_V7__furnished_.xlsx,17,AN
sonali_bank,1,PER-SHARE & PROFITABILITY,ROE %,roe_pct,%,2010,0.05980727865,0.05980727865,5.9807278649999995,fraction,native_numeric,0,Dying_Cyrus_-_SOCB_V7__furnished_.xlsx,17,AO
sonali_bank,1,PER-SHARE & PROFITABILITY,ROE %,roe_pct,%,2011,0.1775149174,0.1775149174,17.75149174,fraction,native_numeric,0,Dying_Cyrus_-_SOCB_V7__furnished_.xlsx,17,AP
sonali_bank,1,PER-SHARE & PROFITABILITY,ROE %,roe_pct,%,2012,-1.408376507,-1.408376507,-140.8376507,fraction,native_numeric,0,Dying_Cyrus_-_SOCB_V7__furnished_.xlsx,17,AQ
sonali_bank,1,PER-SHARE & PROFITABILITY,ROE %,roe_pct,%,2013,0.07159115746,0.07159115746,7.1591157459999994,fraction,native_numeric,0,Dying_Cyrus_-_SOCB_V7__furnished_.xlsx,17,AR
sonali_bank,1,PER-SHARE & PROFITABILITY,ROE %,roe_pct,%,2014,0.1016129844,0.1016129844,10.16129844,fraction,native_numeric,0,Dying_Cyrus_-_SOCB_V7__furnished_.xlsx,17,AS
sonali_bank,1,PER-SHARE & PROFITABILITY,ROE %,roe_pct,%,2015,0.008187444986,0.008187444986,0.8187444986000001,fraction,native_numeric,0,Dying_Cyrus_-_SOCB_V7__furnished_.xlsx,17,AT
sonali_bank,1,PER-SHARE & PROFITABILITY,ROE %,roe_pct,%,2016,0.02250092764,0.02250092764,2.250092764,fraction,native_numeric,0,Dying_Cyrus_-_SOCB_V7__furnished_.xlsx,17,AU
sonali_bank,1,PER-SHARE & PROFITABILITY,ROE %,roe_pct,%,2017,0.1073130873,0.1073130873,10.73130873,fraction,native_numeric,0,Dying_Cyrus_-_SOCB_V7__furnished_.xlsx,17,AV
sonali_bank,1,PER-SHARE & PROFITABILITY,ROE %,roe_pct,%,2018,0.0322796812,0.0322796812,3.22796812,fraction,native_numeric,0,Dying_Cyrus_-_SOCB_V7__furnished_.xlsx,17,AW
sonali_bank,1,PER-SHARE & PROFITABILITY,ROE %,roe_pct,%,2019,0.03974014928,0.03974014928,3.974014928,fraction,native_numeric,0,Dying_Cyrus_-_SOCB_V7__furnished_.xlsx,17,AX
sonali_bank,1,PER-SHARE & PROFITABILITY,ROE %,roe_pct,%,2020,0.0377733134,0.0377733134,3.77733134,fraction,native_numeric,0,Dying_Cyrus_-_SOCB_V7__furnished_.xlsx,17,AY
sonali_bank,1,PER-SHARE & PROFITABILITY,ROE %,roe_pct,%,2021,0.04503401006,0.04503401006,4.503401006,fraction,native_numeric,0,Dying_Cyrus_-_SOCB_V7__furnished_.xlsx,17,AZ
sonali_bank,1,PER-SHARE & PROFITABILITY,ROE %,roe_pct,%,2022,0.04569471986,0.04569471986,4.569471986,fraction,native_numeric,0,Dying_Cyrus_-_SOCB_V7__furnished_.xlsx,17,BA
sonali_bank,1,PER-SHARE & PROFITABILITY,ROE %,roe_pct,%,2023,0.07526658118,0.07526658118,7.526658118,fraction,native_numeric,0,Dying_Cyrus_-_SOCB_V7__furnished_.xlsx,17,BB
sonali_bank,1,PER-SHARE & PROFITABILITY,ROE %,roe_pct,%,2024,0.07947658402,0.07947658402,7.947658402,fraction,native_numeric,0,Dying_Cyrus_-_SOCB_V7__furnished_.xlsx,17,BC
sonali_bank,1,PER-SHARE & PROFITABILITY,ROE %,roe_pct,%,2025,0.100627554,0.100627554,10.062755399999999,fraction,native_numeric,0,Dying_Cyrus_-_SOCB_V7__furnished_.xlsx,17,BD
sonali_bank,1,PER-SHARE & PROFITABILITY,ROE %,roe_pct,%,2026,,,,fraction,missing,0,Dying_Cyrus_-_SOCB_V7__furnished_.xlsx,17,BE
sonali_bank,1,ASSET QUALITY,NPL % (gross),npl_pct_gross,%,1972,,,,fraction,missing,0,Dying_Cyrus_-_SOCB_V7__furnished_.xlsx,19,C
sonali_bank,1,ASSET QUALITY,NPL % (gross),npl_pct_gross,%,1973,,,,fraction,missing,0,Dying_Cyrus_-_SOCB_V7__furnished_.xlsx,19,D
sonali_bank,1,ASSET QUALITY,NPL % (gross),npl_pct_gross,%,1974,,,,fraction,missing,0,Dying_Cyrus_-_SOCB_V7__furnished_.xlsx,19,E
sonali_bank,1,ASSET QUALITY,NPL % (gross),npl_pct_gross,%,1975,,,,fraction,missing,0,Dying_Cyrus_-_SOCB_V7__furnished_.xlsx,19,F
sonali_bank,1,ASSET QUALITY,NPL % (gross),npl_pct_gross,%,1976,,,,fraction,missing,0,Dying_Cyrus_-_SOCB_V7__furnished_.xlsx,19,G
sonali_bank,1,ASSET QUALITY,NPL % (gross),npl_pct_gross,%,1977,,,,fraction,missing,0,Dying_Cyrus_-_SOCB_V7__furnished_.xlsx,19,H
sonali_bank,1,ASSET QUALITY,NPL % (gross),npl_pct_gross,%,1978,,,,fraction,missing,0,Dying_Cyrus_-_SOCB_V7__furnished_.xlsx,19,I
sonali_bank,1,ASSET QUALITY,NPL % (gross),npl_pct_gross,%,1979,,,,fraction,missing,0,Dying_Cyrus_-_SOCB_V7__furnished_.xlsx,19,J
sonali_bank,1,ASSET QUALITY,NPL % (gross),npl_pct_gross,%,1980,,,,fraction,missing,0,Dying_Cyrus_-_SOCB_V7__furnished_.xlsx,19,K
sonali_bank,1,ASSET QUALITY,NPL % (gross),npl_pct_gross,%,1981,,,,fraction,missing,0,Dying_Cyrus_-_SOCB_V7__furnished_.xlsx,19,L
sonali_bank,1,ASSET QUALITY,NPL % (gross),npl_pct_gross,%,1982,,,,fraction,missing,0,Dying_Cyrus_-_SOCB_V7__furnished_.xlsx,19,M
sonali_bank,1,ASSET QUALITY,NPL % (gross),npl_pct_gross,%,1983,,,,fraction,missing,0,Dying_Cyrus_-_SOCB_V7__furnished_.xlsx,19,N
sonali_bank,1,ASSET QUALITY,NPL % (gross),npl_pct_gross,%,1984,,,,fraction,missing,0,Dying_Cyrus_-_SOCB_V7__furnished_.xlsx,19,O
sonali_bank,1,ASSET QUALITY,NPL % (gross),npl_pct_gross,%,1985,,,,fraction,missing,0,Dying_Cyrus_-_SOCB_V7__furnished_.xlsx,19,P
sonali_bank,1,ASSET QUALITY,NPL % (gross),npl_pct_gross,%,1986,,,,fraction,missing,0,Dying_Cyrus_-_SOCB_V7__furnished_.xlsx,19,Q
sonali_bank,1,ASSET QUALITY,NPL % (gross),npl_pct_gross,%,1987,,,,fraction,missing,0,Dying_Cyrus_-_SOCB_V7__furnished_.xlsx,19,R
sonali_bank,1,ASSET QUALITY,NPL % (gross),npl_pct_gross,%,1988,,,,fraction,missing,0,Dying_Cyrus_-_SOCB_V7__furnished_.xlsx,19,S
sonali_bank,1,ASSET QUALITY,NPL % (gross),npl_pct_gross,%,1989,,,,fraction,missing,0,Dying_Cyrus_-_SOCB_V7__furnished_.xlsx,19,T
sonali_bank,1,ASSET QUALITY,NPL % (gross),npl_pct_gross,%,1990,,,,fraction,missing,0,Dying_Cyrus_-_SOCB_V7__furnished_.xlsx,19,U
sonali_bank,1,ASSET QUALITY,NPL % (gross),npl_pct_gross,%,1991,,,,fraction,missing,0,Dying_Cyrus_-_SOCB_V7__furnished_.xlsx,19,V
sonali_bank,1,ASSET QUALITY,NPL % (gross),npl_pct_gross,%,1992,,,,fraction,missing,0,Dying_Cyrus_-_SOCB_V7__furnished_.xlsx,19,W
sonali_bank,1,ASSET QUALITY,NPL % (gross),npl_pct_gross,%,1993,,,,fraction,missing,0,Dying_Cyrus_-_SOCB_V7__furnished_.xlsx,19,X
sonali_bank,1,ASSET QUALITY,NPL % (gross),npl_pct_gross,%,1994,,,,fraction,missing,0,Dying_Cyrus_-_SOCB_V7__furnished_.xlsx,19,Y
sonali_bank,1,ASSET QUALITY,NPL % (gross),npl_pct_gross,%,1995,,,,fraction,missing,0,Dying_Cyrus_-_SOCB_V7__furnished_.xlsx,19,Z
sonali_bank,1,ASSET QUALITY,NPL % (gross),npl_pct_gross,%,1996,,,,fraction,missing,0,Dying_Cyrus_-_SOCB_V7__furnished_.xlsx,19,AA
sonali_bank,1,ASSET QUALITY,NPL % (gross),npl_pct_gross,%,1997,,,,fraction,missing,0,Dying_Cyrus_-_SOCB_V7__furnished_.xlsx,19,AB
sonali_bank,1,ASSET QUALITY,NPL % (gross),npl_pct_gross,%,1998,,,,fraction,missing,0,Dying_Cyrus_-_SOCB_V7__furnished_.xlsx,19,AC
sonali_bank,1,ASSET QUALITY,NPL % (gross),npl_pct_gross,%,1999,0.4675,0.4675,46.75,fraction,native_numeric,0,Dying_Cyrus_-_SOCB_V7__furnished_.xlsx,19,AD
sonali_bank,1,ASSET QUALITY,NPL % (gross),npl_pct_gross,%,2000,0.3865,0.3865,38.65,fraction,native_numeric,0,Dying_Cyrus_-_SOCB_V7__furnished_.xlsx,19,AE
sonali_bank,1,ASSET QUALITY,NPL % (gross),npl_pct_gross,%,2001,0.3831,0.3831,38.31,fraction,native_numeric,0,Dying_Cyrus_-_SOCB_V7__furnished_.xlsx,19,AF
sonali_bank,1,ASSET QUALITY,NPL % (gross),npl_pct_gross,%,2002,0.3346,0.3346,33.46,fraction,native_numeric,0,Dying_Cyrus_-_SOCB_V7__furnished_.xlsx,19,AG
sonali_bank,1,ASSET QUALITY,NPL % (gross),npl_pct_gross,%,2003,0.32,0.32,32.0,fraction,native_numeric,0,Dying_Cyrus_-_SOCB_V7__furnished_.xlsx,19,AH
sonali_bank,1,ASSET QUALITY,NPL % (gross),npl_pct_gross,%,2004,0.2832,0.2832,28.32,fraction,native_numeric,0,Dying_Cyrus_-_SOCB_V7__furnished_.xlsx,19,AI
sonali_bank,1,ASSET QUALITY,NPL % (gross),npl_pct_gross,%,2005,0.2252,0.2252,22.52,fraction,native_numeric,0,Dying_Cyrus_-_SOCB_V7__furnished_.xlsx,19,AJ
sonali_bank,1,ASSET QUALITY,NPL % (gross),npl_pct_gross,%,2006,0.2444,0.2444,24.44,fraction,native_numeric,0,Dying_Cyrus_-_SOCB_V7__furnished_.xlsx,19,AK
sonali_bank,1,ASSET QUALITY,NPL % (gross),npl_pct_gross,%,2007,0.4459,0.4459,44.59,fraction,native_numeric,0,Dying_Cyrus_-_SOCB_V7__furnished_.xlsx,19,AL
sonali_bank,1,ASSET QUALITY,NPL % (gross),npl_pct_gross,%,2008,0.3144,0.3144,31.44,fraction,native_numeric,0,Dying_Cyrus_-_SOCB_V7__furnished_.xlsx,19,AM
sonali_bank,1,ASSET QUALITY,NPL % (gross),npl_pct_gross,%,2009,0.2749,0.2749,27.49,fraction,native_numeric,0,Dying_Cyrus_-_SOCB_V7__furnished_.xlsx,19,AN
sonali_bank,1,ASSET QUALITY,NPL % (gross),npl_pct_gross,%,2010,0.2388,0.2388,23.880000000000003,fraction,native_numeric,0,Dying_Cyrus_-_SOCB_V7__furnished_.xlsx,19,AO
sonali_bank,1,ASSET QUALITY,NPL % (gross),npl_pct_gross,%,2011,0.178,0.178,17.8,fraction,native_numeric,0,Dying_Cyrus_-_SOCB_V7__furnished_.xlsx,19,AP
sonali_bank,1,ASSET QUALITY,NPL % (gross),npl_pct_gross,%,2012,0.3331,0.3331,33.31,fraction,native_numeric,0,Dying_Cyrus_-_SOCB_V7__furnished_.xlsx,19,AQ
sonali_bank,1,ASSET QUALITY,NPL % (gross),npl_pct_gross,%,2013,0.3021,0.3021,30.209999999999997,fraction,native_numeric,0,Dying_Cyrus_-_SOCB_V7__furnished_.xlsx,19,AR
sonali_bank,1,ASSET QUALITY,NPL % (gross),npl_pct_gross,%,2014,0.2561,0.2561,25.61,fraction,native_numeric,0,Dying_Cyrus_-_SOCB_V7__furnished_.xlsx,19,AS
sonali_bank,1,ASSET QUALITY,NPL % (gross),npl_pct_gross,%,2015,0.2508,0.2508,25.080000000000002,fraction,native_numeric,0,Dying_Cyrus_-_SOCB_V7__furnished_.xlsx,19,AT
sonali_bank,1,ASSET QUALITY,NPL % (gross),npl_pct_gross,%,2016,0.2837,0.2837,28.37,fraction,native_numeric,0,Dying_Cyrus_-_SOCB_V7__furnished_.xlsx,19,AU
sonali_bank,1,ASSET QUALITY,NPL % (gross),npl_pct_gross,%,2017,0.3528,0.3528,35.28,fraction,native_numeric,0,Dying_Cyrus_-_SOCB_V7__furnished_.xlsx,19,AV
sonali_bank,1,ASSET QUALITY,NPL % (gross),npl_pct_gross,%,2018,0.2626,0.2626,26.26,fraction,native_numeric,0,Dying_Cyrus_-_SOCB_V7__furnished_.xlsx,19,AW
sonali_bank,1,ASSET QUALITY,NPL % (gross),npl_pct_gross,%,2019,0.2032,0.2032,20.32,fraction,native_numeric,0,Dying_Cyrus_-_SOCB_V7__furnished_.xlsx,19,AX
sonali_bank,1,ASSET QUALITY,NPL % (gross),npl_pct_gross,%,2020,0.1837,0.1837,18.37,fraction,native_numeric,0,Dying_Cyrus_-_SOCB_V7__furnished_.xlsx,19,AY
sonali_bank,1,ASSET QUALITY,NPL % (gross),npl_pct_gross,%,2021,0.1732,0.1732,17.32,fraction,native_numeric,0,Dying_Cyrus_-_SOCB_V7__furnished_.xlsx,19,AZ
sonali_bank,1,ASSET QUALITY,NPL % (gross),npl_pct_gross,%,2022,0.1483,0.1483,14.829999999999998,fraction,native_numeric,0,Dying_Cyrus_-_SOCB_V7__furnished_.xlsx,19,BA
sonali_bank,1,ASSET QUALITY,NPL % (gross),npl_pct_gross,%,2023,0.1323,0.1323,13.23,fraction,native_numeric,0,Dying_Cyrus_-_SOCB_V7__furnished_.xlsx,19,BB
sonali_bank,1,ASSET QUALITY,NPL % (gross),npl_pct_gross,%,2024,0.182,0.182,18.2,fraction,native_numeric,0,Dying_Cyrus_-_SOCB_V7__furnished_.xlsx,19,BC
sonali_bank,1,ASSET QUALITY,NPL % (gross),npl_pct_gross,%,2025,0.1587,0.1587,15.870000000000001,fraction,native_numeric,0,Dying_Cyrus_-_SOCB_V7__furnished_.xlsx,19,BD
sonali_bank,1,ASSET QUALITY,NPL % (gross),npl_pct_gross,%,2026,,,,fraction,missing,0,Dying_Cyrus_-_SOCB_V7__furnished_.xlsx,19,BE
sonali_bank,1,ASSET QUALITY,NPL amount,npl_amount,Tk mn,1972,,,,,missing,0,Dying_Cyrus_-_SOCB_V7__furnished_.xlsx,20,C
sonali_bank,1,ASSET QUALITY,NPL amount,npl_amount,Tk mn,1973,,,,,missing,0,Dying_Cyrus_-_SOCB_V7__furnished_.xlsx,20,D
sonali_bank,1,ASSET QUALITY,NPL amount,npl_amount,Tk mn,1974,,,,,missing,0,Dying_Cyrus_-_SOCB_V7__furnished_.xlsx,20,E
sonali_bank,1,ASSET QUALITY,NPL amount,npl_amount,Tk mn,1975,,,,,missing,0,Dying_Cyrus_-_SOCB_V7__furnished_.xlsx,20,F
sonali_bank,1,ASSET QUALITY,NPL amount,npl_amount,Tk mn,1976,,,,,missing,0,Dying_Cyrus_-_SOCB_V7__furnished_.xlsx,20,G
sonali_bank,1,ASSET QUALITY,NPL amount,npl_amount,Tk mn,1977,,,,,missing,0,Dying_Cyrus_-_SOCB_V7__furnished_.xlsx,20,H
sonali_bank,1,ASSET QUALITY,NPL amount,npl_amount,Tk mn,1978,,,,,missing,0,Dying_Cyrus_-_SOCB_V7__furnished_.xlsx,20,I
sonali_bank,1,ASSET QUALITY,NPL amount,npl_amount,Tk mn,1979,,,,,missing,0,Dying_Cyrus_-_SOCB_V7__furnished_.xlsx,20,J
sonali_bank,1,ASSET QUALITY,NPL amount,npl_amount,Tk mn,1980,,,,,missing,0,Dying_Cyrus_-_SOCB_V7__furnished_.xlsx,20,K
sonali_bank,1,ASSET QUALITY,NPL amount,npl_amount,Tk mn,1981,,,,,missing,0,Dying_Cyrus_-_SOCB_V7__furnished_.xlsx,20,L
sonali_bank,1,ASSET QUALITY,NPL amount,npl_amount,Tk mn,1982,,,,,missing,0,Dying_Cyrus_-_SOCB_V7__furnished_.xlsx,20,M
sonali_bank,1,ASSET QUALITY,NPL amount,npl_amount,Tk mn,1983,,,,,missing,0,Dying_Cyrus_-_SOCB_V7__furnished_.xlsx,20,N
sonali_bank,1,ASSET QUALITY,NPL amount,npl_amount,Tk mn,1984,,,,,missing,0,Dying_Cyrus_-_SOCB_V7__furnished_.xlsx,20,O
sonali_bank,1,ASSET QUALITY,NPL amount,npl_amount,Tk mn,1985,,,,,missing,0,Dying_Cyrus_-_SOCB_V7__furnished_.xlsx,20,P
sonali_bank,1,ASSET QUALITY,NPL amount,npl_amount,Tk mn,1986,,,,,missing,0,Dying_Cyrus_-_SOCB_V7__furnished_.xlsx,20,Q
sonali_bank,1,ASSET QUALITY,NPL amount,npl_amount,Tk mn,1987,,,,,missing,0,Dying_Cyrus_-_SOCB_V7__furnished_.xlsx,20,R
sonali_bank,1,ASSET QUALITY,NPL amount,npl_amount,Tk mn,1988,,,,,missing,0,Dying_Cyrus_-_SOCB_V7__furnished_.xlsx,20,S
sonali_bank,1,ASSET QUALITY,NPL amount,npl_amount,Tk mn,1989,,,,,missing,0,Dying_Cyrus_-_SOCB_V7__furnished_.xlsx,20,T
sonali_bank,1,ASSET QUALITY,NPL amount,npl_amount,Tk mn,1990,,,,,missing,0,Dying_Cyrus_-_SOCB_V7__furnished_.xlsx,20,U
sonali_bank,1,ASSET QUALITY,NPL amount,npl_amount,Tk mn,1991,,,,,missing,0,Dying_Cyrus_-_SOCB_V7__furnished_.xlsx,20,V
sonali_bank,1,ASSET QUALITY,NPL amount,npl_amount,Tk mn,1992,,,,,missing,0,Dying_Cyrus_-_SOCB_V7__furnished_.xlsx,20,W
sonali_bank,1,ASSET QUALITY,NPL amount,npl_amount,Tk mn,1993,,,,,missing,0,Dying_Cyrus_-_SOCB_V7__furnished_.xlsx,20,X
sonali_bank,1,ASSET QUALITY,NPL amount,npl_amount,Tk mn,1994,,,,,missing,0,Dying_Cyrus_-_SOCB_V7__furnished_.xlsx,20,Y
sonali_bank,1,ASSET QUALITY,NPL amount,npl_amount,Tk mn,1995,,,,,missing,0,Dying_Cyrus_-_SOCB_V7__furnished_.xlsx,20,Z
sonali_bank,1,ASSET QUALITY,NPL amount,npl_amount,Tk mn,1996,,,,,missing,0,Dying_Cyrus_-_SOCB_V7__furnished_.xlsx,20,AA
sonali_bank,1,ASSET QUALITY,NPL amount,npl_amount,Tk mn,1997,,,,,missing,0,Dying_Cyrus_-_SOCB_V7__furnished_.xlsx,20,AB
sonali_bank,1,ASSET QUALITY,NPL amount,npl_amount,Tk mn,1998,,,,,missing,0,Dying_Cyrus_-_SOCB_V7__furnished_.xlsx,20,AC
sonali_bank,1,ASSET QUALITY,NPL amount,npl_amount,Tk mn,1999,57761.0,57761.0,,,native_numeric,0,Dying_Cyrus_-_SOCB_V7__furnished_.xlsx,20,AD
sonali_bank,1,ASSET QUALITY,NPL amount,npl_amount,Tk mn,2000,51506.53,51506.53,,,native_numeric,0,Dying_Cyrus_-_SOCB_V7__furnished_.xlsx,20,AE
sonali_bank,1,ASSET QUALITY,NPL amount,npl_amount,Tk mn,2001,54399.11,54399.11,,,native_numeric,0,Dying_Cyrus_-_SOCB_V7__furnished_.xlsx,20,AF
sonali_bank,1,ASSET QUALITY,NPL amount,npl_amount,Tk mn,2002,52233.37,52233.37,,,native_numeric,0,Dying_Cyrus_-_SOCB_V7__furnished_.xlsx,20,AG
sonali_bank,1,ASSET QUALITY,NPL amount,npl_amount,Tk mn,2003,49664.22,49664.22,,,native_numeric,0,Dying_Cyrus_-_SOCB_V7__furnished_.xlsx,20,AH
sonali_bank,1,ASSET QUALITY,NPL amount,npl_amount,Tk mn,2004,47653.62,47653.62,,,native_numeric,0,Dying_Cyrus_-_SOCB_V7__furnished_.xlsx,20,AI
sonali_bank,1,ASSET QUALITY,NPL amount,npl_amount,Tk mn,2005,51125.51,51125.51,,,native_numeric,0,Dying_Cyrus_-_SOCB_V7__furnished_.xlsx,20,AJ
sonali_bank,1,ASSET QUALITY,NPL amount,npl_amount,Tk mn,2006,58900.87,58900.87,,,native_numeric,0,Dying_Cyrus_-_SOCB_V7__furnished_.xlsx,20,AK
sonali_bank,1,ASSET QUALITY,NPL amount,npl_amount,Tk mn,2007,92013.53,92013.53,,,native_numeric,0,Dying_Cyrus_-_SOCB_V7__furnished_.xlsx,20,AL
sonali_bank,1,ASSET QUALITY,NPL amount,npl_amount,Tk mn,2008,72676.76,72676.76,,,native_numeric,0,Dying_Cyrus_-_SOCB_V7__furnished_.xlsx,20,AM
sonali_bank,1,ASSET QUALITY,NPL amount,npl_amount,Tk mn,2009,69833.5,69833.5,,,native_numeric,0,Dying_Cyrus_-_SOCB_V7__furnished_.xlsx,20,AN
sonali_bank,1,ASSET QUALITY,NPL amount,npl_amount,Tk mn,2010,68314.86,68314.86,,,native_numeric,0,Dying_Cyrus_-_SOCB_V7__furnished_.xlsx,20,AO
sonali_bank,1,ASSET QUALITY,NPL amount,npl_amount,Tk mn,2011,61588.17,61588.17,,,native_numeric,0,Dying_Cyrus_-_SOCB_V7__furnished_.xlsx,20,AP
sonali_bank,1,ASSET QUALITY,NPL amount,npl_amount,Tk mn,2012,125975.3,125975.3,,,native_numeric,0,Dying_Cyrus_-_SOCB_V7__furnished_.xlsx,20,AQ
sonali_bank,1,ASSET QUALITY,NPL amount,npl_amount,Tk mn,2013,103768.7,103768.7,,,native_numeric,0,Dying_Cyrus_-_SOCB_V7__furnished_.xlsx,20,AR
sonali_bank,1,ASSET QUALITY,NPL amount,npl_amount,Tk mn,2014,86437.0,86437.0,,,native_numeric,0,Dying_Cyrus_-_SOCB_V7__furnished_.xlsx,20,AS
sonali_bank,1,ASSET QUALITY,NPL amount,npl_amount,Tk mn,2015,86850.0,86850.0,,,native_numeric,0,Dying_Cyrus_-_SOCB_V7__furnished_.xlsx,20,AT
sonali_bank,1,ASSET QUALITY,NPL amount,npl_amount,Tk mn,2016,109114.0,109114.0,,,native_numeric,0,Dying_Cyrus_-_SOCB_V7__furnished_.xlsx,20,AU
sonali_bank,1,ASSET QUALITY,NPL amount,npl_amount,Tk mn,2017,149302.0,149302.0,,,native_numeric,0,Dying_Cyrus_-_SOCB_V7__furnished_.xlsx,20,AV
sonali_bank,1,ASSET QUALITY,NPL amount,npl_amount,Tk mn,2018,121883.0,121883.0,,,native_numeric,0,Dying_Cyrus_-_SOCB_V7__furnished_.xlsx,20,AW
sonali_bank,1,ASSET QUALITY,NPL amount,npl_amount,Tk mn,2019,111994.0,111994.0,,,native_numeric,0,Dying_Cyrus_-_SOCB_V7__furnished_.xlsx,20,AX
sonali_bank,1,ASSET QUALITY,NPL amount,npl_amount,Tk mn,2020,107673.0,107673.0,,,native_numeric,0,Dying_Cyrus_-_SOCB_V7__furnished_.xlsx,20,AY
sonali_bank,1,ASSET QUALITY,NPL amount,npl_amount,Tk mn,2021,119585.0,119585.0,,,native_numeric,0,Dying_Cyrus_-_SOCB_V7__furnished_.xlsx,20,AZ
sonali_bank,1,ASSET QUALITY,NPL amount,npl_amount,Tk mn,2022,125536.0,125536.0,,,native_numeric,0,Dying_Cyrus_-_SOCB_V7__furnished_.xlsx,20,BA
sonali_bank,1,ASSET QUALITY,NPL amount,npl_amount,Tk mn,2023,133410.0,133410.0,,,native_numeric,0,Dying_Cyrus_-_SOCB_V7__furnished_.xlsx,20,BB
sonali_bank,1,ASSET QUALITY,NPL amount,npl_amount,Tk mn,2024,180583.0,180583.0,,,native_numeric,0,Dying_Cyrus_-_SOCB_V7__furnished_.xlsx,20,BC
sonali_bank,1,ASSET QUALITY,NPL amount,npl_amount,Tk mn,2025,166149.0,166149.0,,,native_numeric,0,Dying_Cyrus_-_SOCB_V7__furnished_.xlsx,20,BD
sonali_bank,1,ASSET QUALITY,NPL amount,npl_amount,Tk mn,2026,,,,,missing,0,Dying_Cyrus_-_SOCB_V7__furnished_.xlsx,20,BE
sonali_bank,1,ASSET QUALITY,Provision Coverage %,provision_coverage_pct,%,1972,,,,fraction_inferred,missing,0,Dying_Cyrus_-_SOCB_V7__furnished_.xlsx,21,C
sonali_bank,1,ASSET QUALITY,Provision Coverage %,provision_coverage_pct,%,1973,,,,fraction_inferred,missing,0,Dying_Cyrus_-_SOCB_V7__furnished_.xlsx,21,D
sonali_bank,1,ASSET QUALITY,Provision Coverage %,provision_coverage_pct,%,1974,,,,fraction_inferred,missing,0,Dying_Cyrus_-_SOCB_V7__furnished_.xlsx,21,E
sonali_bank,1,ASSET QUALITY,Provision Coverage %,provision_coverage_pct,%,1975,,,,fraction_inferred,missing,0,Dying_Cyrus_-_SOCB_V7__furnished_.xlsx,21,F
sonali_bank,1,ASSET QUALITY,Provision Coverage %,provision_coverage_pct,%,1976,,,,fraction_inferred,missing,0,Dying_Cyrus_-_SOCB_V7__furnished_.xlsx,21,G
sonali_bank,1,ASSET QUALITY,Provision Coverage %,provision_coverage_pct,%,1977,,,,fraction_inferred,missing,0,Dying_Cyrus_-_SOCB_V7__furnished_.xlsx,21,H
sonali_bank,1,ASSET QUALITY,Provision Coverage %,provision_coverage_pct,%,1978,,,,fraction_inferred,missing,0,Dying_Cyrus_-_SOCB_V7__furnished_.xlsx,21,I
sonali_bank,1,ASSET QUALITY,Provision Coverage %,provision_coverage_pct,%,1979,,,,fraction_inferred,missing,0,Dying_Cyrus_-_SOCB_V7__furnished_.xlsx,21,J
sonali_bank,1,ASSET QUALITY,Provision Coverage %,provision_coverage_pct,%,1980,,,,fraction_inferred,missing,0,Dying_Cyrus_-_SOCB_V7__furnished_.xlsx,21,K
sonali_bank,1,ASSET QUALITY,Provision Coverage %,provision_coverage_pct,%,1981,,,,fraction_inferred,missing,0,Dying_Cyrus_-_SOCB_V7__furnished_.xlsx,21,L
sonali_bank,1,ASSET QUALITY,Provision Coverage %,provision_coverage_pct,%,1982,,,,fraction_inferred,missing,0,Dying_Cyrus_-_SOCB_V7__furnished_.xlsx,21,M
sonali_bank,1,ASSET QUALITY,Provision Coverage %,provision_coverage_pct,%,1983,,,,fraction_inferred,missing,0,Dying_Cyrus_-_SOCB_V7__furnished_.xlsx,21,N
sonali_bank,1,ASSET QUALITY,Provision Coverage %,provision_coverage_pct,%,1984,,,,fraction_inferred,missing,0,Dying_Cyrus_-_SOCB_V7__furnished_.xlsx,21,O
sonali_bank,1,ASSET QUALITY,Provision Coverage %,provision_coverage_pct,%,1985,,,,fraction_inferred,missing,0,Dying_Cyrus_-_SOCB_V7__furnished_.xlsx,21,P
sonali_bank,1,ASSET QUALITY,Provision Coverage %,provision_coverage_pct,%,1986,,,,fraction_inferred,missing,0,Dying_Cyrus_-_SOCB_V7__furnished_.xlsx,21,Q
sonali_bank,1,ASSET QUALITY,Provision Coverage %,provision_coverage_pct,%,1987,,,,fraction_inferred,missing,0,Dying_Cyrus_-_SOCB_V7__furnished_.xlsx,21,R
sonali_bank,1,ASSET QUALITY,Provision Coverage %,provision_coverage_pct,%,1988,,,,fraction_inferred,missing,0,Dying_Cyrus_-_SOCB_V7__furnished_.xlsx,21,S
sonali_bank,1,ASSET QUALITY,Provision Coverage %,provision_coverage_pct,%,1989,,,,fraction_inferred,missing,0,Dying_Cyrus_-_SOCB_V7__furnished_.xlsx,21,T
sonali_bank,1,ASSET QUALITY,Provision Coverage %,provision_coverage_pct,%,1990,,,,fraction_inferred,missing,0,Dying_Cyrus_-_SOCB_V7__furnished_.xlsx,21,U
sonali_bank,1,ASSET QUALITY,Provision Coverage %,provision_coverage_pct,%,1991,,,,fraction_inferred,missing,0,Dying_Cyrus_-_SOCB_V7__furnished_.xlsx,21,V
sonali_bank,1,ASSET QUALITY,Provision Coverage %,provision_coverage_pct,%,1992,,,,fraction_inferred,missing,0,Dying_Cyrus_-_SOCB_V7__furnished_.xlsx,21,W
sonali_bank,1,ASSET QUALITY,Provision Coverage %,provision_coverage_pct,%,1993,,,,fraction_inferred,missing,0,Dying_Cyrus_-_SOCB_V7__furnished_.xlsx,21,X
sonali_bank,1,ASSET QUALITY,Provision Coverage %,provision_coverage_pct,%,1994,,,,fraction_inferred,missing,0,Dying_Cyrus_-_SOCB_V7__furnished_.xlsx,21,Y
sonali_bank,1,ASSET QUALITY,Provision Coverage %,provision_coverage_pct,%,1995,,,,fraction_inferred,missing,0,Dying_Cyrus_-_SOCB_V7__furnished_.xlsx,21,Z
sonali_bank,1,ASSET QUALITY,Provision Coverage %,provision_coverage_pct,%,1996,,,,fraction_inferred,missing,0,Dying_Cyrus_-_SOCB_V7__furnished_.xlsx,21,AA
sonali_bank,1,ASSET QUALITY,Provision Coverage %,provision_coverage_pct,%,1997,,,,fraction_inferred,missing,0,Dying_Cyrus_-_SOCB_V7__furnished_.xlsx,21,AB
sonali_bank,1,ASSET QUALITY,Provision Coverage %,provision_coverage_pct,%,1998,,,,fraction_inferred,missing,0,Dying_Cyrus_-_SOCB_V7__furnished_.xlsx,21,AC
sonali_bank,1,ASSET QUALITY,Provision Coverage %,provision_coverage_pct,%,1999,0.1701,0.1701,17.01,fraction_inferred,native_numeric,0,Dying_Cyrus_-_SOCB_V7__furnished_.xlsx,21,AD
sonali_bank,1,ASSET QUALITY,Provision Coverage %,provision_coverage_pct,%,2000,0.1979,0.1979,19.79,fraction_inferred,native_numeric,0,Dying_Cyrus_-_SOCB_V7__furnished_.xlsx,21,AE
sonali_bank,1,ASSET QUALITY,Provision Coverage %,provision_coverage_pct,%,2001,0.1741,0.1741,17.41,fraction_inferred,native_numeric,0,Dying_Cyrus_-_SOCB_V7__furnished_.xlsx,21,AF
sonali_bank,1,ASSET QUALITY,Provision Coverage %,provision_coverage_pct,%,2002,0.1565,0.1565,15.65,fraction_inferred,native_numeric,0,Dying_Cyrus_-_SOCB_V7__furnished_.xlsx,21,AG
sonali_bank,1,ASSET QUALITY,Provision Coverage %,provision_coverage_pct,%,2003,0.0409,0.0409,4.09,fraction_inferred,native_numeric,0,Dying_Cyrus_-_SOCB_V7__furnished_.xlsx,21,AH
sonali_bank,1,ASSET QUALITY,Provision Coverage %,provision_coverage_pct,%,2004,0.0369,0.0369,3.6900000000000004,fraction_inferred,native_numeric,0,Dying_Cyrus_-_SOCB_V7__furnished_.xlsx,21,AI
sonali_bank,1,ASSET QUALITY,Provision Coverage %,provision_coverage_pct,%,2005,0.0755,0.0755,7.55,fraction_inferred,native_numeric,0,Dying_Cyrus_-_SOCB_V7__furnished_.xlsx,21,AJ
sonali_bank,1,ASSET QUALITY,Provision Coverage %,provision_coverage_pct,%,2006,0.568,0.568,56.8,fraction_inferred,native_numeric,0,Dying_Cyrus_-_SOCB_V7__furnished_.xlsx,21,AK
sonali_bank,1,ASSET QUALITY,Provision Coverage %,provision_coverage_pct,%,2007,0.522,0.522,52.2,fraction_inferred,native_numeric,0,Dying_Cyrus_-_SOCB_V7__furnished_.xlsx,21,AL
sonali_bank,1,ASSET QUALITY,Provision Coverage %,provision_coverage_pct,%,2008,0.6136,0.6136,61.36000000000001,fraction_inferred,native_numeric,0,Dying_Cyrus_-_SOCB_V7__furnished_.xlsx,21,AM
sonali_bank,1,ASSET QUALITY,Provision Coverage %,provision_coverage_pct,%,2009,0.6213,0.6213,62.129999999999995,fraction_inferred,native_numeric,0,Dying_Cyrus_-_SOCB_V7__furnished_.xlsx,21,AN
sonali_bank,1,ASSET QUALITY,Provision Coverage %,provision_coverage_pct,%,2010,0.6658,0.6658,66.58,fraction_inferred,native_numeric,0,Dying_Cyrus_-_SOCB_V7__furnished_.xlsx,21,AO
sonali_bank,1,ASSET QUALITY,Provision Coverage %,provision_coverage_pct,%,2011,0.61,0.61,61.0,fraction_inferred,native_numeric,0,Dying_Cyrus_-_SOCB_V7__furnished_.xlsx,21,AP
sonali_bank,1,ASSET QUALITY,Provision Coverage %,provision_coverage_pct,%,2012,0.5849,0.5849,58.489999999999995,fraction_inferred,native_numeric,0,Dying_Cyrus_-_SOCB_V7__furnished_.xlsx,21,AQ
sonali_bank,1,ASSET QUALITY,Provision Coverage %,provision_coverage_pct,%,2013,0.6752,0.6752,67.52,fraction_inferred,native_numeric,0,Dying_Cyrus_-_SOCB_V7__furnished_.xlsx,21,AR
sonali_bank,1,ASSET QUALITY,Provision Coverage %,provision_coverage_pct,%,2014,0.606,0.606,60.6,fraction_inferred,native_numeric,0,Dying_Cyrus_-_SOCB_V7__furnished_.xlsx,21,AS
sonali_bank,1,ASSET QUALITY,Provision Coverage %,provision_coverage_pct,%,2015,0.4566,0.4566,45.660000000000004,fraction_inferred,native_numeric,0,Dying_Cyrus_-_SOCB_V7__furnished_.xlsx,21,AT
sonali_bank,1,ASSET QUALITY,Provision Coverage %,provision_coverage_pct,%,2016,0.36,0.36,36.0,fraction_inferred,native_numeric,0,Dying_Cyrus_-_SOCB_V7__furnished_.xlsx,21,AU
sonali_bank,1,ASSET QUALITY,Provision Coverage %,provision_coverage_pct,%,2017,0.2603,0.2603,26.029999999999998,fraction_inferred,native_numeric,0,Dying_Cyrus_-_SOCB_V7__furnished_.xlsx,21,AV
sonali_bank,1,ASSET QUALITY,Provision Coverage %,provision_coverage_pct,%,2018,0.3614,0.3614,36.14,fraction_inferred,native_numeric,0,Dying_Cyrus_-_SOCB_V7__furnished_.xlsx,21,AW
sonali_bank,1,ASSET QUALITY,Provision Coverage %,provision_coverage_pct,%,2019,0.4734,0.4734,47.339999999999996,fraction_inferred,native_numeric,0,Dying_Cyrus_-_SOCB_V7__furnished_.xlsx,21,AX
sonali_bank,1,ASSET QUALITY,Provision Coverage %,provision_coverage_pct,%,2020,0.5361,0.5361,53.61,fraction_inferred,native_numeric,0,Dying_Cyrus_-_SOCB_V7__furnished_.xlsx,21,AY
sonali_bank,1,ASSET QUALITY,Provision Coverage %,provision_coverage_pct,%,2021,0.5313,0.5313,53.13,fraction_inferred,native_numeric,0,Dying_Cyrus_-_SOCB_V7__furnished_.xlsx,21,AZ
sonali_bank,1,ASSET QUALITY,Provision Coverage %,provision_coverage_pct,%,2022,0.5766,0.5766,57.66,fraction_inferred,native_numeric,0,Dying_Cyrus_-_SOCB_V7__furnished_.xlsx,21,BA
sonali_bank,1,ASSET QUALITY,Provision Coverage %,provision_coverage_pct,%,2023,0.6773,0.6773,67.73,fraction_inferred,native_numeric,0,Dying_Cyrus_-_SOCB_V7__furnished_.xlsx,21,BB
sonali_bank,1,ASSET QUALITY,Provision Coverage %,provision_coverage_pct,%,2024,0.7505,0.7505,75.05,fraction_inferred,native_numeric,0,Dying_Cyrus_-_SOCB_V7__furnished_.xlsx,21,BC
sonali_bank,1,ASSET QUALITY,Provision Coverage %,provision_coverage_pct,%,2025,0.8543,0.8543,85.42999999999999,fraction_inferred,native_numeric,0,Dying_Cyrus_-_SOCB_V7__furnished_.xlsx,21,BD
sonali_bank,1,ASSET QUALITY,Provision Coverage %,provision_coverage_pct,%,2026,,,,fraction_inferred,missing,0,Dying_Cyrus_-_SOCB_V7__furnished_.xlsx,21,BE
sonali_bank,1,ASSET QUALITY,Loan-Deposit Ratio %,loan_deposit_ratio_pct,%,1972,0.5083363106,0.5083363106,50.833631059999995,fraction,native_numeric,0,Dying_Cyrus_-_SOCB_V7__furnished_.xlsx,22,C
sonali_bank,1,ASSET QUALITY,Loan-Deposit Ratio %,loan_deposit_ratio_pct,%,1973,0.6134309902,0.6134309902,61.343099020000004,fraction,native_numeric,0,Dying_Cyrus_-_SOCB_V7__furnished_.xlsx,22,D
sonali_bank,1,ASSET QUALITY,Loan-Deposit Ratio %,loan_deposit_ratio_pct,%,1974,0.7489281886,0.7489281886,74.89281886,fraction,native_numeric,0,Dying_Cyrus_-_SOCB_V7__furnished_.xlsx,22,E
sonali_bank,1,ASSET QUALITY,Loan-Deposit Ratio %,loan_deposit_ratio_pct,%,1975,0.6459315772,0.6459315772,64.59315772000001,fraction,native_numeric,0,Dying_Cyrus_-_SOCB_V7__furnished_.xlsx,22,F
sonali_bank,1,ASSET QUALITY,Loan-Deposit Ratio %,loan_deposit_ratio_pct,%,1976,0.6292500195,0.6292500195,62.92500195,fraction,native_numeric,0,Dying_Cyrus_-_SOCB_V7__furnished_.xlsx,22,G
sonali_bank,1,ASSET QUALITY,Loan-Deposit Ratio %,loan_deposit_ratio_pct,%,1977,0.7776037756,0.7776037756,77.76037756000001,fraction,native_numeric,0,Dying_Cyrus_-_SOCB_V7__furnished_.xlsx,22,H
sonali_bank,1,ASSET QUALITY,Loan-Deposit Ratio %,loan_deposit_ratio_pct,%,1978,0.8061718098,0.8061718098,80.61718098,fraction,native_numeric,0,Dying_Cyrus_-_SOCB_V7__furnished_.xlsx,22,I
sonali_bank,1,ASSET QUALITY,Loan-Deposit Ratio %,loan_deposit_ratio_pct,%,1979,0.805434018,0.805434018,80.5434018,fraction,native_numeric,0,Dying_Cyrus_-_SOCB_V7__furnished_.xlsx,22,J
sonali_bank,1,ASSET QUALITY,Loan-Deposit Ratio %,loan_deposit_ratio_pct,%,1980,0.8777834516,0.8777834516,87.77834516,fraction,native_numeric,0,Dying_Cyrus_-_SOCB_V7__furnished_.xlsx,22,K
sonali_bank,1,ASSET QUALITY,Loan-Deposit Ratio %,loan_deposit_ratio_pct,%,1981,0.9940218667,0.9940218667,99.40218667,fraction,native_numeric,0,Dying_Cyrus_-_SOCB_V7__furnished_.xlsx,22,L
sonali_bank,1,ASSET QUALITY,Loan-Deposit Ratio %,loan_deposit_ratio_pct,%,1982,1.054570858,1.054570858,105.45708579999999,fraction,native_numeric,0,Dying_Cyrus_-_SOCB_V7__furnished_.xlsx,22,M
sonali_bank,1,ASSET QUALITY,Loan-Deposit Ratio %,loan_deposit_ratio_pct,%,1983,0.8299149135,0.8299149135,82.99149135,fraction,native_numeric,0,Dying_Cyrus_-_SOCB_V7__furnished_.xlsx,22,N
sonali_bank,1,ASSET QUALITY,Loan-Deposit Ratio %,loan_deposit_ratio_pct,%,1984,0.8184172364,0.8184172364,81.84172364,fraction,native_numeric,0,Dying_Cyrus_-_SOCB_V7__furnished_.xlsx,22,O
sonali_bank,1,ASSET QUALITY,Loan-Deposit Ratio %,loan_deposit_ratio_pct,%,1985,0.7965409533,0.7965409533,79.65409532999999,fraction,native_numeric,0,Dying_Cyrus_-_SOCB_V7__furnished_.xlsx,22,P
sonali_bank,1,ASSET QUALITY,Loan-Deposit Ratio %,loan_deposit_ratio_pct,%,1986,0.8228734156,0.8228734156,82.28734156,fraction,native_numeric,0,Dying_Cyrus_-_SOCB_V7__furnished_.xlsx,22,Q
sonali_bank,1,ASSET QUALITY,Loan-Deposit Ratio %,loan_deposit_ratio_pct,%,1987,0.7521625468,0.7521625468,75.21625468,fraction,native_numeric,0,Dying_Cyrus_-_SOCB_V7__furnished_.xlsx,22,R
sonali_bank,1,ASSET QUALITY,Loan-Deposit Ratio %,loan_deposit_ratio_pct,%,1988,0.7703175428,0.7703175428,77.03175428,fraction,native_numeric,0,Dying_Cyrus_-_SOCB_V7__furnished_.xlsx,22,S
sonali_bank,1,ASSET QUALITY,Loan-Deposit Ratio %,loan_deposit_ratio_pct,%,1989,0.8018416411,0.8018416411,80.18416411,fraction,native_numeric,0,Dying_Cyrus_-_SOCB_V7__furnished_.xlsx,22,T
sonali_bank,1,ASSET QUALITY,Loan-Deposit Ratio %,loan_deposit_ratio_pct,%,1990,0.7720702261,0.7720702261,77.20702261,fraction,native_numeric,0,Dying_Cyrus_-_SOCB_V7__furnished_.xlsx,22,U
sonali_bank,1,ASSET QUALITY,Loan-Deposit Ratio %,loan_deposit_ratio_pct,%,1991,0.6575594263,0.6575594263,65.75594262999999,fraction,native_numeric,0,Dying_Cyrus_-_SOCB_V7__furnished_.xlsx,22,V
sonali_bank,1,ASSET QUALITY,Loan-Deposit Ratio %,loan_deposit_ratio_pct,%,1992,0.6350328124,0.6350328124,63.50328124,fraction,native_numeric,0,Dying_Cyrus_-_SOCB_V7__furnished_.xlsx,22,W
sonali_bank,1,ASSET QUALITY,Loan-Deposit Ratio %,loan_deposit_ratio_pct,%,1993,0.6332969631,0.6332969631,63.32969631,fraction,native_numeric,0,Dying_Cyrus_-_SOCB_V7__furnished_.xlsx,22,X
sonali_bank,1,ASSET QUALITY,Loan-Deposit Ratio %,loan_deposit_ratio_pct,%,1994,0.5314315635,0.5314315635,53.14315635,fraction,native_numeric,0,Dying_Cyrus_-_SOCB_V7__furnished_.xlsx,22,Y
sonali_bank,1,ASSET QUALITY,Loan-Deposit Ratio %,loan_deposit_ratio_pct,%,1995,0.5939584508,0.5939584508,59.39584508,fraction,native_numeric,0,Dying_Cyrus_-_SOCB_V7__furnished_.xlsx,22,Z
sonali_bank,1,ASSET QUALITY,Loan-Deposit Ratio %,loan_deposit_ratio_pct,%,1996,0.6146606963,0.6146606963,61.46606963,fraction,native_numeric,0,Dying_Cyrus_-_SOCB_V7__furnished_.xlsx,22,AA
sonali_bank,1,ASSET QUALITY,Loan-Deposit Ratio %,loan_deposit_ratio_pct,%,1997,0.6280341933,0.6280341933,62.80341933,fraction,native_numeric,0,Dying_Cyrus_-_SOCB_V7__furnished_.xlsx,22,AB
sonali_bank,1,ASSET QUALITY,Loan-Deposit Ratio %,loan_deposit_ratio_pct,%,1998,0.6225263914,0.6225263914,62.25263914,fraction,native_numeric,0,Dying_Cyrus_-_SOCB_V7__furnished_.xlsx,22,AC
sonali_bank,1,ASSET QUALITY,Loan-Deposit Ratio %,loan_deposit_ratio_pct,%,1999,0.7295325634,0.7295325634,72.95325634,fraction,native_numeric,0,Dying_Cyrus_-_SOCB_V7__furnished_.xlsx,22,AD
sonali_bank,1,ASSET QUALITY,Loan-Deposit Ratio %,loan_deposit_ratio_pct,%,2000,0.669066066,0.669066066,66.90660659999999,fraction,native_numeric,0,Dying_Cyrus_-_SOCB_V7__furnished_.xlsx,22,AE
sonali_bank,1,ASSET QUALITY,Loan-Deposit Ratio %,loan_deposit_ratio_pct,%,2001,0.6701518263,0.6701518263,67.01518263,fraction,native_numeric,0,Dying_Cyrus_-_SOCB_V7__furnished_.xlsx,22,AF
sonali_bank,1,ASSET QUALITY,Loan-Deposit Ratio %,loan_deposit_ratio_pct,%,2002,0.7160000633,0.7160000633,71.60000633,fraction,native_numeric,0,Dying_Cyrus_-_SOCB_V7__furnished_.xlsx,22,AG
sonali_bank,1,ASSET QUALITY,Loan-Deposit Ratio %,loan_deposit_ratio_pct,%,2003,0.686971858,0.686971858,68.6971858,fraction,native_numeric,0,Dying_Cyrus_-_SOCB_V7__furnished_.xlsx,22,AH
sonali_bank,1,ASSET QUALITY,Loan-Deposit Ratio %,loan_deposit_ratio_pct,%,2004,0.6808783367,0.6808783367,68.08783367,fraction,native_numeric,0,Dying_Cyrus_-_SOCB_V7__furnished_.xlsx,22,AI
sonali_bank,1,ASSET QUALITY,Loan-Deposit Ratio %,loan_deposit_ratio_pct,%,2005,0.8319177405,0.8319177405,83.19177405,fraction,native_numeric,0,Dying_Cyrus_-_SOCB_V7__furnished_.xlsx,22,AJ
sonali_bank,1,ASSET QUALITY,Loan-Deposit Ratio %,loan_deposit_ratio_pct,%,2006,0.8127345432,0.8127345432,81.27345432,fraction,native_numeric,0,Dying_Cyrus_-_SOCB_V7__furnished_.xlsx,22,AK
sonali_bank,1,ASSET QUALITY,Loan-Deposit Ratio %,loan_deposit_ratio_pct,%,2007,0.627201641,0.627201641,62.7201641,fraction,native_numeric,0,Dying_Cyrus_-_SOCB_V7__furnished_.xlsx,22,AL
sonali_bank,1,ASSET QUALITY,Loan-Deposit Ratio %,loan_deposit_ratio_pct,%,2008,0.6344003311,0.6344003311,63.44003311,fraction,native_numeric,0,Dying_Cyrus_-_SOCB_V7__furnished_.xlsx,22,AM
sonali_bank,1,ASSET QUALITY,Loan-Deposit Ratio %,loan_deposit_ratio_pct,%,2009,0.6254376907,0.6254376907,62.543769069999996,fraction,native_numeric,0,Dying_Cyrus_-_SOCB_V7__furnished_.xlsx,22,AN
sonali_bank,1,ASSET QUALITY,Loan-Deposit Ratio %,loan_deposit_ratio_pct,%,2010,0.5983636849,0.5983636849,59.836368490000005,fraction,native_numeric,0,Dying_Cyrus_-_SOCB_V7__furnished_.xlsx,22,AO
sonali_bank,1,ASSET QUALITY,Loan-Deposit Ratio %,loan_deposit_ratio_pct,%,2011,0.6489055344,0.6489055344,64.89055344,fraction,native_numeric,0,Dying_Cyrus_-_SOCB_V7__furnished_.xlsx,22,AP
sonali_bank,1,ASSET QUALITY,Loan-Deposit Ratio %,loan_deposit_ratio_pct,%,2012,0.6309878779,0.6309878779,63.09878779,fraction,native_numeric,0,Dying_Cyrus_-_SOCB_V7__furnished_.xlsx,22,AQ
sonali_bank,1,ASSET QUALITY,Loan-Deposit Ratio %,loan_deposit_ratio_pct,%,2013,0.5007336915,0.5007336915,50.073369150000005,fraction,native_numeric,0,Dying_Cyrus_-_SOCB_V7__furnished_.xlsx,22,AR
sonali_bank,1,ASSET QUALITY,Loan-Deposit Ratio %,loan_deposit_ratio_pct,%,2014,0.4338500571,0.4338500571,43.38500571,fraction,native_numeric,0,Dying_Cyrus_-_SOCB_V7__furnished_.xlsx,22,AS
sonali_bank,1,ASSET QUALITY,Loan-Deposit Ratio %,loan_deposit_ratio_pct,%,2015,0.3999321026,0.3999321026,39.99321026,fraction,native_numeric,0,Dying_Cyrus_-_SOCB_V7__furnished_.xlsx,22,AT
sonali_bank,1,ASSET QUALITY,Loan-Deposit Ratio %,loan_deposit_ratio_pct,%,2016,0.3727559305,0.3727559305,37.27559305,fraction,native_numeric,0,Dying_Cyrus_-_SOCB_V7__furnished_.xlsx,22,AU
sonali_bank,1,ASSET QUALITY,Loan-Deposit Ratio %,loan_deposit_ratio_pct,%,2017,0.3976450492,0.3976450492,39.76450492,fraction,native_numeric,0,Dying_Cyrus_-_SOCB_V7__furnished_.xlsx,22,AV
sonali_bank,1,ASSET QUALITY,Loan-Deposit Ratio %,loan_deposit_ratio_pct,%,2018,0.4242594614,0.4242594614,42.42594614,fraction,native_numeric,0,Dying_Cyrus_-_SOCB_V7__furnished_.xlsx,22,AW
sonali_bank,1,ASSET QUALITY,Loan-Deposit Ratio %,loan_deposit_ratio_pct,%,2019,0.4755192494,0.4755192494,47.55192494,fraction,native_numeric,0,Dying_Cyrus_-_SOCB_V7__furnished_.xlsx,22,AX
sonali_bank,1,ASSET QUALITY,Loan-Deposit Ratio %,loan_deposit_ratio_pct,%,2020,0.4657122021,0.4657122021,46.57122021,fraction,native_numeric,0,Dying_Cyrus_-_SOCB_V7__furnished_.xlsx,22,AY
sonali_bank,1,ASSET QUALITY,Loan-Deposit Ratio %,loan_deposit_ratio_pct,%,2021,0.5112439527,0.5112439527,51.12439527,fraction,native_numeric,0,Dying_Cyrus_-_SOCB_V7__furnished_.xlsx,22,AZ
sonali_bank,1,ASSET QUALITY,Loan-Deposit Ratio %,loan_deposit_ratio_pct,%,2022,0.5959255457,0.5959255457,59.59255457,fraction,native_numeric,0,Dying_Cyrus_-_SOCB_V7__furnished_.xlsx,22,BA
sonali_bank,1,ASSET QUALITY,Loan-Deposit Ratio %,loan_deposit_ratio_pct,%,2023,0.6692761309,0.6692761309,66.92761309000001,fraction,native_numeric,0,Dying_Cyrus_-_SOCB_V7__furnished_.xlsx,22,BB
sonali_bank,1,ASSET QUALITY,Loan-Deposit Ratio %,loan_deposit_ratio_pct,%,2024,0.601118288,0.601118288,60.1118288,fraction,native_numeric,0,Dying_Cyrus_-_SOCB_V7__furnished_.xlsx,22,BC
sonali_bank,1,ASSET QUALITY,Loan-Deposit Ratio %,loan_deposit_ratio_pct,%,2025,0.5830276442,0.5830276442,58.302764419999995,fraction,native_numeric,0,Dying_Cyrus_-_SOCB_V7__furnished_.xlsx,22,BD
sonali_bank,1,ASSET QUALITY,Loan-Deposit Ratio %,loan_deposit_ratio_pct,%,2026,,,,fraction,missing,0,Dying_Cyrus_-_SOCB_V7__furnished_.xlsx,22,BE
sonali_bank,1,CAPITAL & EFFICIENCY,Capital Adequacy Ratio %,car_pct,%,1972,,,,fraction_inferred,missing,0,Dying_Cyrus_-_SOCB_V7__furnished_.xlsx,24,C
sonali_bank,1,CAPITAL & EFFICIENCY,Capital Adequacy Ratio %,car_pct,%,1973,,,,fraction_inferred,missing,0,Dying_Cyrus_-_SOCB_V7__furnished_.xlsx,24,D
sonali_bank,1,CAPITAL & EFFICIENCY,Capital Adequacy Ratio %,car_pct,%,1974,,,,fraction_inferred,missing,0,Dying_Cyrus_-_SOCB_V7__furnished_.xlsx,24,E
sonali_bank,1,CAPITAL & EFFICIENCY,Capital Adequacy Ratio %,car_pct,%,1975,,,,fraction_inferred,missing,0,Dying_Cyrus_-_SOCB_V7__furnished_.xlsx,24,F
sonali_bank,1,CAPITAL & EFFICIENCY,Capital Adequacy Ratio %,car_pct,%,1976,,,,fraction_inferred,missing,0,Dying_Cyrus_-_SOCB_V7__furnished_.xlsx,24,G
sonali_bank,1,CAPITAL & EFFICIENCY,Capital Adequacy Ratio %,car_pct,%,1977,,,,fraction_inferred,missing,0,Dying_Cyrus_-_SOCB_V7__furnished_.xlsx,24,H
sonali_bank,1,CAPITAL & EFFICIENCY,Capital Adequacy Ratio %,car_pct,%,1978,,,,fraction_inferred,missing,0,Dying_Cyrus_-_SOCB_V7__furnished_.xlsx,24,I
sonali_bank,1,CAPITAL & EFFICIENCY,Capital Adequacy Ratio %,car_pct,%,1979,,,,fraction_inferred,missing,0,Dying_Cyrus_-_SOCB_V7__furnished_.xlsx,24,J
sonali_bank,1,CAPITAL & EFFICIENCY,Capital Adequacy Ratio %,car_pct,%,1980,,,,fraction_inferred,missing,0,Dying_Cyrus_-_SOCB_V7__furnished_.xlsx,24,K
sonali_bank,1,CAPITAL & EFFICIENCY,Capital Adequacy Ratio %,car_pct,%,1981,,,,fraction_inferred,missing,0,Dying_Cyrus_-_SOCB_V7__furnished_.xlsx,24,L
sonali_bank,1,CAPITAL & EFFICIENCY,Capital Adequacy Ratio %,car_pct,%,1982,,,,fraction_inferred,missing,0,Dying_Cyrus_-_SOCB_V7__furnished_.xlsx,24,M
sonali_bank,1,CAPITAL & EFFICIENCY,Capital Adequacy Ratio %,car_pct,%,1983,,,,fraction_inferred,missing,0,Dying_Cyrus_-_SOCB_V7__furnished_.xlsx,24,N
sonali_bank,1,CAPITAL & EFFICIENCY,Capital Adequacy Ratio %,car_pct,%,1984,,,,fraction_inferred,missing,0,Dying_Cyrus_-_SOCB_V7__furnished_.xlsx,24,O
sonali_bank,1,CAPITAL & EFFICIENCY,Capital Adequacy Ratio %,car_pct,%,1985,,,,fraction_inferred,missing,0,Dying_Cyrus_-_SOCB_V7__furnished_.xlsx,24,P
sonali_bank,1,CAPITAL & EFFICIENCY,Capital Adequacy Ratio %,car_pct,%,1986,,,,fraction_inferred,missing,0,Dying_Cyrus_-_SOCB_V7__furnished_.xlsx,24,Q
sonali_bank,1,CAPITAL & EFFICIENCY,Capital Adequacy Ratio %,car_pct,%,1987,,,,fraction_inferred,missing,0,Dying_Cyrus_-_SOCB_V7__furnished_.xlsx,24,R
sonali_bank,1,CAPITAL & EFFICIENCY,Capital Adequacy Ratio %,car_pct,%,1988,,,,fraction_inferred,missing,0,Dying_Cyrus_-_SOCB_V7__furnished_.xlsx,24,S
sonali_bank,1,CAPITAL & EFFICIENCY,Capital Adequacy Ratio %,car_pct,%,1989,,,,fraction_inferred,missing,0,Dying_Cyrus_-_SOCB_V7__furnished_.xlsx,24,T
sonali_bank,1,CAPITAL & EFFICIENCY,Capital Adequacy Ratio %,car_pct,%,1990,,,,fraction_inferred,missing,0,Dying_Cyrus_-_SOCB_V7__furnished_.xlsx,24,U
sonali_bank,1,CAPITAL & EFFICIENCY,Capital Adequacy Ratio %,car_pct,%,1991,,,,fraction_inferred,missing,0,Dying_Cyrus_-_SOCB_V7__furnished_.xlsx,24,V
sonali_bank,1,CAPITAL & EFFICIENCY,Capital Adequacy Ratio %,car_pct,%,1992,,,,fraction_inferred,missing,0,Dying_Cyrus_-_SOCB_V7__furnished_.xlsx,24,W
sonali_bank,1,CAPITAL & EFFICIENCY,Capital Adequacy Ratio %,car_pct,%,1993,,,,fraction_inferred,missing,0,Dying_Cyrus_-_SOCB_V7__furnished_.xlsx,24,X
sonali_bank,1,CAPITAL & EFFICIENCY,Capital Adequacy Ratio %,car_pct,%,1994,,,,fraction_inferred,missing,0,Dying_Cyrus_-_SOCB_V7__furnished_.xlsx,24,Y
sonali_bank,1,CAPITAL & EFFICIENCY,Capital Adequacy Ratio %,car_pct,%,1995,,,,fraction_inferred,missing,0,Dying_Cyrus_-_SOCB_V7__furnished_.xlsx,24,Z
sonali_bank,1,CAPITAL & EFFICIENCY,Capital Adequacy Ratio %,car_pct,%,1996,,,,fraction_inferred,missing,0,Dying_Cyrus_-_SOCB_V7__furnished_.xlsx,24,AA
sonali_bank,1,CAPITAL & EFFICIENCY,Capital Adequacy Ratio %,car_pct,%,1997,,,,fraction_inferred,missing,0,Dying_Cyrus_-_SOCB_V7__furnished_.xlsx,24,AB
sonali_bank,1,CAPITAL & EFFICIENCY,Capital Adequacy Ratio %,car_pct,%,1998,,,,fraction_inferred,missing,0,Dying_Cyrus_-_SOCB_V7__furnished_.xlsx,24,AC
sonali_bank,1,CAPITAL & EFFICIENCY,Capital Adequacy Ratio %,car_pct,%,1999,,,,fraction_inferred,missing,0,Dying_Cyrus_-_SOCB_V7__furnished_.xlsx,24,AD
sonali_bank,1,CAPITAL & EFFICIENCY,Capital Adequacy Ratio %,car_pct,%,2000,,,,fraction_inferred,missing,0,Dying_Cyrus_-_SOCB_V7__furnished_.xlsx,24,AE
sonali_bank,1,CAPITAL & EFFICIENCY,Capital Adequacy Ratio %,car_pct,%,2001,0.0502,0.0502,5.0200000000000005,fraction_inferred,native_numeric,0,Dying_Cyrus_-_SOCB_V7__furnished_.xlsx,24,AF
sonali_bank,1,CAPITAL & EFFICIENCY,Capital Adequacy Ratio %,car_pct,%,2002,0.0507,0.0507,5.07,fraction_inferred,native_numeric,0,Dying_Cyrus_-_SOCB_V7__furnished_.xlsx,24,AG
sonali_bank,1,CAPITAL & EFFICIENCY,Capital Adequacy Ratio %,car_pct,%,2003,0.0508,0.0508,5.08,fraction_inferred,native_numeric,0,Dying_Cyrus_-_SOCB_V7__furnished_.xlsx,24,AH
sonali_bank,1,CAPITAL & EFFICIENCY,Capital Adequacy Ratio %,car_pct,%,2004,0.0465,0.0465,4.65,fraction_inferred,native_numeric,0,Dying_Cyrus_-_SOCB_V7__furnished_.xlsx,24,AI
sonali_bank,1,CAPITAL & EFFICIENCY,Capital Adequacy Ratio %,car_pct,%,2005,0.0406,0.0406,4.06,fraction_inferred,native_numeric,0,Dying_Cyrus_-_SOCB_V7__furnished_.xlsx,24,AJ
sonali_bank,1,CAPITAL & EFFICIENCY,Capital Adequacy Ratio %,car_pct,%,2006,-0.1632,-0.1632,-16.32,fraction_inferred,native_numeric,0,Dying_Cyrus_-_SOCB_V7__furnished_.xlsx,24,AK
sonali_bank,1,CAPITAL & EFFICIENCY,Capital Adequacy Ratio %,car_pct,%,2007,,,,fraction_inferred,missing,0,Dying_Cyrus_-_SOCB_V7__furnished_.xlsx,24,AL
sonali_bank,1,CAPITAL & EFFICIENCY,Capital Adequacy Ratio %,car_pct,%,2008,,,,fraction_inferred,missing,0,Dying_Cyrus_-_SOCB_V7__furnished_.xlsx,24,AM
sonali_bank,1,CAPITAL & EFFICIENCY,Capital Adequacy Ratio %,car_pct,%,2009,,,,fraction_inferred,missing,0,Dying_Cyrus_-_SOCB_V7__furnished_.xlsx,24,AN
sonali_bank,1,CAPITAL & EFFICIENCY,Capital Adequacy Ratio %,car_pct,%,2010,,,,fraction_inferred,missing,0,Dying_Cyrus_-_SOCB_V7__furnished_.xlsx,24,AO
sonali_bank,1,CAPITAL & EFFICIENCY,Capital Adequacy Ratio %,car_pct,%,2011,,,,fraction_inferred,missing,0,Dying_Cyrus_-_SOCB_V7__furnished_.xlsx,24,AP
sonali_bank,1,CAPITAL & EFFICIENCY,Capital Adequacy Ratio %,car_pct,%,2012,,,,fraction_inferred,missing,0,Dying_Cyrus_-_SOCB_V7__furnished_.xlsx,24,AQ
sonali_bank,1,CAPITAL & EFFICIENCY,Capital Adequacy Ratio %,car_pct,%,2013,,,,fraction_inferred,missing,0,Dying_Cyrus_-_SOCB_V7__furnished_.xlsx,24,AR
sonali_bank,1,CAPITAL & EFFICIENCY,Capital Adequacy Ratio %,car_pct,%,2014,0.1224,0.1224,12.24,fraction_inferred,native_numeric,0,Dying_Cyrus_-_SOCB_V7__furnished_.xlsx,24,AS
sonali_bank,1,CAPITAL & EFFICIENCY,Capital Adequacy Ratio %,car_pct,%,2015,0.1008,0.1008,10.08,fraction_inferred,native_numeric,0,Dying_Cyrus_-_SOCB_V7__furnished_.xlsx,24,AT
sonali_bank,1,CAPITAL & EFFICIENCY,Capital Adequacy Ratio %,car_pct,%,2016,0.1033,0.1033,10.33,fraction_inferred,native_numeric,0,Dying_Cyrus_-_SOCB_V7__furnished_.xlsx,24,AU
sonali_bank,1,CAPITAL & EFFICIENCY,Capital Adequacy Ratio %,car_pct,%,2017,0.1035,0.1035,10.35,fraction_inferred,native_numeric,0,Dying_Cyrus_-_SOCB_V7__furnished_.xlsx,24,AV
sonali_bank,1,CAPITAL & EFFICIENCY,Capital Adequacy Ratio %,car_pct,%,2018,0.101,0.101,10.100000000000001,fraction_inferred,native_numeric,0,Dying_Cyrus_-_SOCB_V7__furnished_.xlsx,24,AW
sonali_bank,1,CAPITAL & EFFICIENCY,Capital Adequacy Ratio %,car_pct,%,2019,0.1009,0.1009,10.09,fraction_inferred,native_numeric,0,Dying_Cyrus_-_SOCB_V7__furnished_.xlsx,24,AX
sonali_bank,1,CAPITAL & EFFICIENCY,Capital Adequacy Ratio %,car_pct,%,2020,0.1002,0.1002,10.02,fraction_inferred,native_numeric,0,Dying_Cyrus_-_SOCB_V7__furnished_.xlsx,24,AY
sonali_bank,1,CAPITAL & EFFICIENCY,Capital Adequacy Ratio %,car_pct,%,2021,0.1004,0.1004,10.040000000000001,fraction_inferred,native_numeric,0,Dying_Cyrus_-_SOCB_V7__furnished_.xlsx,24,AZ
sonali_bank,1,CAPITAL & EFFICIENCY,Capital Adequacy Ratio %,car_pct,%,2022,0.1005,0.1005,10.05,fraction_inferred,native_numeric,0,Dying_Cyrus_-_SOCB_V7__furnished_.xlsx,24,BA
sonali_bank,1,CAPITAL & EFFICIENCY,Capital Adequacy Ratio %,car_pct,%,2023,0.1007,0.1007,10.07,fraction_inferred,native_numeric,0,Dying_Cyrus_-_SOCB_V7__furnished_.xlsx,24,BB
sonali_bank,1,CAPITAL & EFFICIENCY,Capital Adequacy Ratio %,car_pct,%,2024,0.1008,0.1008,10.08,fraction_inferred,native_numeric,0,Dying_Cyrus_-_SOCB_V7__furnished_.xlsx,24,BC
sonali_bank,1,CAPITAL & EFFICIENCY,Capital Adequacy Ratio %,car_pct,%,2025,0.1011,0.1011,10.11,fraction_inferred,native_numeric,0,Dying_Cyrus_-_SOCB_V7__furnished_.xlsx,24,BD
sonali_bank,1,CAPITAL & EFFICIENCY,Capital Adequacy Ratio %,car_pct,%,2026,,,,fraction_inferred,missing,0,Dying_Cyrus_-_SOCB_V7__furnished_.xlsx,24,BE
sonali_bank,1,CAPITAL & EFFICIENCY,Cost-to-Income Ratio %,cost_income_pct,%,1972,,,,fraction_inferred,missing,0,Dying_Cyrus_-_SOCB_V7__furnished_.xlsx,25,C
sonali_bank,1,CAPITAL & EFFICIENCY,Cost-to-Income Ratio %,cost_income_pct,%,1973,,,,fraction_inferred,missing,0,Dying_Cyrus_-_SOCB_V7__furnished_.xlsx,25,D
sonali_bank,1,CAPITAL & EFFICIENCY,Cost-to-Income Ratio %,cost_income_pct,%,1974,,,,fraction_inferred,missing,0,Dying_Cyrus_-_SOCB_V7__furnished_.xlsx,25,E
sonali_bank,1,CAPITAL & EFFICIENCY,Cost-to-Income Ratio %,cost_income_pct,%,1975,,,,fraction_inferred,missing,0,Dying_Cyrus_-_SOCB_V7__furnished_.xlsx,25,F
sonali_bank,1,CAPITAL & EFFICIENCY,Cost-to-Income Ratio %,cost_income_pct,%,1976,,,,fraction_inferred,missing,0,Dying_Cyrus_-_SOCB_V7__furnished_.xlsx,25,G
sonali_bank,1,CAPITAL & EFFICIENCY,Cost-to-Income Ratio %,cost_income_pct,%,1977,,,,fraction_inferred,missing,0,Dying_Cyrus_-_SOCB_V7__furnished_.xlsx,25,H
sonali_bank,1,CAPITAL & EFFICIENCY,Cost-to-Income Ratio %,cost_income_pct,%,1978,,,,fraction_inferred,missing,0,Dying_Cyrus_-_SOCB_V7__furnished_.xlsx,25,I
sonali_bank,1,CAPITAL & EFFICIENCY,Cost-to-Income Ratio %,cost_income_pct,%,1979,,,,fraction_inferred,missing,0,Dying_Cyrus_-_SOCB_V7__furnished_.xlsx,25,J
sonali_bank,1,CAPITAL & EFFICIENCY,Cost-to-Income Ratio %,cost_income_pct,%,1980,,,,fraction_inferred,missing,0,Dying_Cyrus_-_SOCB_V7__furnished_.xlsx,25,K
sonali_bank,1,CAPITAL & EFFICIENCY,Cost-to-Income Ratio %,cost_income_pct,%,1981,,,,fraction_inferred,missing,0,Dying_Cyrus_-_SOCB_V7__furnished_.xlsx,25,L
sonali_bank,1,CAPITAL & EFFICIENCY,Cost-to-Income Ratio %,cost_income_pct,%,1982,,,,fraction_inferred,missing,0,Dying_Cyrus_-_SOCB_V7__furnished_.xlsx,25,M
sonali_bank,1,CAPITAL & EFFICIENCY,Cost-to-Income Ratio %,cost_income_pct,%,1983,,,,fraction_inferred,missing,0,Dying_Cyrus_-_SOCB_V7__furnished_.xlsx,25,N
sonali_bank,1,CAPITAL & EFFICIENCY,Cost-to-Income Ratio %,cost_income_pct,%,1984,,,,fraction_inferred,missing,0,Dying_Cyrus_-_SOCB_V7__furnished_.xlsx,25,O
sonali_bank,1,CAPITAL & EFFICIENCY,Cost-to-Income Ratio %,cost_income_pct,%,1985,,,,fraction_inferred,missing,0,Dying_Cyrus_-_SOCB_V7__furnished_.xlsx,25,P
sonali_bank,1,CAPITAL & EFFICIENCY,Cost-to-Income Ratio %,cost_income_pct,%,1986,,,,fraction_inferred,missing,0,Dying_Cyrus_-_SOCB_V7__furnished_.xlsx,25,Q
sonali_bank,1,CAPITAL & EFFICIENCY,Cost-to-Income Ratio %,cost_income_pct,%,1987,,,,fraction_inferred,missing,0,Dying_Cyrus_-_SOCB_V7__furnished_.xlsx,25,R
sonali_bank,1,CAPITAL & EFFICIENCY,Cost-to-Income Ratio %,cost_income_pct,%,1988,,,,fraction_inferred,missing,0,Dying_Cyrus_-_SOCB_V7__furnished_.xlsx,25,S
sonali_bank,1,CAPITAL & EFFICIENCY,Cost-to-Income Ratio %,cost_income_pct,%,1989,,,,fraction_inferred,missing,0,Dying_Cyrus_-_SOCB_V7__furnished_.xlsx,25,T
sonali_bank,1,CAPITAL & EFFICIENCY,Cost-to-Income Ratio %,cost_income_pct,%,1990,,,,fraction_inferred,missing,0,Dying_Cyrus_-_SOCB_V7__furnished_.xlsx,25,U
sonali_bank,1,CAPITAL & EFFICIENCY,Cost-to-Income Ratio %,cost_income_pct,%,1991,,,,fraction_inferred,missing,0,Dying_Cyrus_-_SOCB_V7__furnished_.xlsx,25,V
sonali_bank,1,CAPITAL & EFFICIENCY,Cost-to-Income Ratio %,cost_income_pct,%,1992,,,,fraction_inferred,missing,0,Dying_Cyrus_-_SOCB_V7__furnished_.xlsx,25,W
sonali_bank,1,CAPITAL & EFFICIENCY,Cost-to-Income Ratio %,cost_income_pct,%,1993,,,,fraction_inferred,missing,0,Dying_Cyrus_-_SOCB_V7__furnished_.xlsx,25,X
sonali_bank,1,CAPITAL & EFFICIENCY,Cost-to-Income Ratio %,cost_income_pct,%,1994,,,,fraction_inferred,missing,0,Dying_Cyrus_-_SOCB_V7__furnished_.xlsx,25,Y
sonali_bank,1,CAPITAL & EFFICIENCY,Cost-to-Income Ratio %,cost_income_pct,%,1995,,,,fraction_inferred,missing,0,Dying_Cyrus_-_SOCB_V7__furnished_.xlsx,25,Z
sonali_bank,1,CAPITAL & EFFICIENCY,Cost-to-Income Ratio %,cost_income_pct,%,1996,,,,fraction_inferred,missing,0,Dying_Cyrus_-_SOCB_V7__furnished_.xlsx,25,AA
sonali_bank,1,CAPITAL & EFFICIENCY,Cost-to-Income Ratio %,cost_income_pct,%,1997,,,,fraction_inferred,missing,0,Dying_Cyrus_-_SOCB_V7__furnished_.xlsx,25,AB
sonali_bank,1,CAPITAL & EFFICIENCY,Cost-to-Income Ratio %,cost_income_pct,%,1998,,,,fraction_inferred,missing,0,Dying_Cyrus_-_SOCB_V7__furnished_.xlsx,25,AC
sonali_bank,1,CAPITAL & EFFICIENCY,Cost-to-Income Ratio %,cost_income_pct,%,1999,,,,fraction_inferred,missing,0,Dying_Cyrus_-_SOCB_V7__furnished_.xlsx,25,AD
sonali_bank,1,CAPITAL & EFFICIENCY,Cost-to-Income Ratio %,cost_income_pct,%,2000,0.8078,0.8078,80.78,fraction_inferred,native_numeric,0,Dying_Cyrus_-_SOCB_V7__furnished_.xlsx,25,AE
sonali_bank,1,CAPITAL & EFFICIENCY,Cost-to-Income Ratio %,cost_income_pct,%,2001,0.8748,0.8748,87.48,fraction_inferred,native_numeric,0,Dying_Cyrus_-_SOCB_V7__furnished_.xlsx,25,AF
sonali_bank,1,CAPITAL & EFFICIENCY,Cost-to-Income Ratio %,cost_income_pct,%,2002,0.7987,0.7987,79.86999999999999,fraction_inferred,native_numeric,0,Dying_Cyrus_-_SOCB_V7__furnished_.xlsx,25,AG
sonali_bank,1,CAPITAL & EFFICIENCY,Cost-to-Income Ratio %,cost_income_pct,%,2003,0.8758,0.8758,87.58,fraction_inferred,native_numeric,0,Dying_Cyrus_-_SOCB_V7__furnished_.xlsx,25,AH
sonali_bank,1,CAPITAL & EFFICIENCY,Cost-to-Income Ratio %,cost_income_pct,%,2004,0.7842,0.7842,78.42,fraction_inferred,native_numeric,0,Dying_Cyrus_-_SOCB_V7__furnished_.xlsx,25,AI
sonali_bank,1,CAPITAL & EFFICIENCY,Cost-to-Income Ratio %,cost_income_pct,%,2005,0.531,0.531,53.1,fraction_inferred,native_numeric,0,Dying_Cyrus_-_SOCB_V7__furnished_.xlsx,25,AJ
sonali_bank,1,CAPITAL & EFFICIENCY,Cost-to-Income Ratio %,cost_income_pct,%,2006,0.6286,0.6286,62.86000000000001,fraction_inferred,native_numeric,0,Dying_Cyrus_-_SOCB_V7__furnished_.xlsx,25,AK
sonali_bank,1,CAPITAL & EFFICIENCY,Cost-to-Income Ratio %,cost_income_pct,%,2007,,,,fraction_inferred,missing,0,Dying_Cyrus_-_SOCB_V7__furnished_.xlsx,25,AL
sonali_bank,1,CAPITAL & EFFICIENCY,Cost-to-Income Ratio %,cost_income_pct,%,2008,,,,fraction_inferred,missing,0,Dying_Cyrus_-_SOCB_V7__furnished_.xlsx,25,AM
sonali_bank,1,CAPITAL & EFFICIENCY,Cost-to-Income Ratio %,cost_income_pct,%,2009,,,,fraction_inferred,missing,0,Dying_Cyrus_-_SOCB_V7__furnished_.xlsx,25,AN
sonali_bank,1,CAPITAL & EFFICIENCY,Cost-to-Income Ratio %,cost_income_pct,%,2010,,,,fraction_inferred,missing,0,Dying_Cyrus_-_SOCB_V7__furnished_.xlsx,25,AO
sonali_bank,1,CAPITAL & EFFICIENCY,Cost-to-Income Ratio %,cost_income_pct,%,2011,,,,fraction_inferred,missing,0,Dying_Cyrus_-_SOCB_V7__furnished_.xlsx,25,AP
sonali_bank,1,CAPITAL & EFFICIENCY,Cost-to-Income Ratio %,cost_income_pct,%,2012,,,,fraction_inferred,missing,0,Dying_Cyrus_-_SOCB_V7__furnished_.xlsx,25,AQ
sonali_bank,1,CAPITAL & EFFICIENCY,Cost-to-Income Ratio %,cost_income_pct,%,2013,,,,fraction_inferred,missing,0,Dying_Cyrus_-_SOCB_V7__furnished_.xlsx,25,AR
sonali_bank,1,CAPITAL & EFFICIENCY,Cost-to-Income Ratio %,cost_income_pct,%,2014,0.6016,0.6016,60.160000000000004,fraction_inferred,native_numeric,0,Dying_Cyrus_-_SOCB_V7__furnished_.xlsx,25,AS
sonali_bank,1,CAPITAL & EFFICIENCY,Cost-to-Income Ratio %,cost_income_pct,%,2015,0.6189,0.6189,61.89,fraction_inferred,native_numeric,0,Dying_Cyrus_-_SOCB_V7__furnished_.xlsx,25,AT
sonali_bank,1,CAPITAL & EFFICIENCY,Cost-to-Income Ratio %,cost_income_pct,%,2016,0.9401,0.9401,94.01,fraction_inferred,native_numeric,0,Dying_Cyrus_-_SOCB_V7__furnished_.xlsx,25,AU
sonali_bank,1,CAPITAL & EFFICIENCY,Cost-to-Income Ratio %,cost_income_pct,%,2017,0.8392,0.8392,83.91999999999999,fraction_inferred,native_numeric,0,Dying_Cyrus_-_SOCB_V7__furnished_.xlsx,25,AV
sonali_bank,1,CAPITAL & EFFICIENCY,Cost-to-Income Ratio %,cost_income_pct,%,2018,0.7413,0.7413,74.13,fraction_inferred,native_numeric,0,Dying_Cyrus_-_SOCB_V7__furnished_.xlsx,25,AW
sonali_bank,1,CAPITAL & EFFICIENCY,Cost-to-Income Ratio %,cost_income_pct,%,2019,0.7774,0.7774,77.74,fraction_inferred,native_numeric,0,Dying_Cyrus_-_SOCB_V7__furnished_.xlsx,25,AX
sonali_bank,1,CAPITAL & EFFICIENCY,Cost-to-Income Ratio %,cost_income_pct,%,2020,0.7461,0.7461,74.61,fraction_inferred,native_numeric,0,Dying_Cyrus_-_SOCB_V7__furnished_.xlsx,25,AY
sonali_bank,1,CAPITAL & EFFICIENCY,Cost-to-Income Ratio %,cost_income_pct,%,2021,0.7567,0.7567,75.67,fraction_inferred,native_numeric,0,Dying_Cyrus_-_SOCB_V7__furnished_.xlsx,25,AZ
sonali_bank,1,CAPITAL & EFFICIENCY,Cost-to-Income Ratio %,cost_income_pct,%,2022,0.739,0.739,73.9,fraction_inferred,native_numeric,0,Dying_Cyrus_-_SOCB_V7__furnished_.xlsx,25,BA
sonali_bank,1,CAPITAL & EFFICIENCY,Cost-to-Income Ratio %,cost_income_pct,%,2023,0.6787,0.6787,67.86999999999999,fraction_inferred,native_numeric,0,Dying_Cyrus_-_SOCB_V7__furnished_.xlsx,25,BB
sonali_bank,1,CAPITAL & EFFICIENCY,Cost-to-Income Ratio %,cost_income_pct,%,2024,0.6267,0.6267,62.67,fraction_inferred,native_numeric,0,Dying_Cyrus_-_SOCB_V7__furnished_.xlsx,25,BC
sonali_bank,1,CAPITAL & EFFICIENCY,Cost-to-Income Ratio %,cost_income_pct,%,2025,0.5744,0.5744,57.440000000000005,fraction_inferred,native_numeric,0,Dying_Cyrus_-_SOCB_V7__furnished_.xlsx,25,BD
sonali_bank,1,CAPITAL & EFFICIENCY,Cost-to-Income Ratio %,cost_income_pct,%,2026,,,,fraction_inferred,missing,0,Dying_Cyrus_-_SOCB_V7__furnished_.xlsx,25,BE
sonali_bank,1,DERIVED METRICS (formulas),NPL / Total Assets %,npl_to_assets_pct,%,1972,,,,fraction,missing,0,Dying_Cyrus_-_SOCB_V7__furnished_.xlsx,27,C
sonali_bank,1,DERIVED METRICS (formulas),NPL / Total Assets %,npl_to_assets_pct,%,1973,,,,fraction,missing,0,Dying_Cyrus_-_SOCB_V7__furnished_.xlsx,27,D
sonali_bank,1,DERIVED METRICS (formulas),NPL / Total Assets %,npl_to_assets_pct,%,1974,,,,fraction,missing,0,Dying_Cyrus_-_SOCB_V7__furnished_.xlsx,27,E
sonali_bank,1,DERIVED METRICS (formulas),NPL / Total Assets %,npl_to_assets_pct,%,1975,,,,fraction,missing,0,Dying_Cyrus_-_SOCB_V7__furnished_.xlsx,27,F
sonali_bank,1,DERIVED METRICS (formulas),NPL / Total Assets %,npl_to_assets_pct,%,1976,,,,fraction,missing,0,Dying_Cyrus_-_SOCB_V7__furnished_.xlsx,27,G
sonali_bank,1,DERIVED METRICS (formulas),NPL / Total Assets %,npl_to_assets_pct,%,1977,,,,fraction,missing,0,Dying_Cyrus_-_SOCB_V7__furnished_.xlsx,27,H
sonali_bank,1,DERIVED METRICS (formulas),NPL / Total Assets %,npl_to_assets_pct,%,1978,,,,fraction,missing,0,Dying_Cyrus_-_SOCB_V7__furnished_.xlsx,27,I
sonali_bank,1,DERIVED METRICS (formulas),NPL / Total Assets %,npl_to_assets_pct,%,1979,,,,fraction,missing,0,Dying_Cyrus_-_SOCB_V7__furnished_.xlsx,27,J
sonali_bank,1,DERIVED METRICS (formulas),NPL / Total Assets %,npl_to_assets_pct,%,1980,,,,fraction,missing,0,Dying_Cyrus_-_SOCB_V7__furnished_.xlsx,27,K
sonali_bank,1,DERIVED METRICS (formulas),NPL / Total Assets %,npl_to_assets_pct,%,1981,,,,fraction,missing,0,Dying_Cyrus_-_SOCB_V7__furnished_.xlsx,27,L
sonali_bank,1,DERIVED METRICS (formulas),NPL / Total Assets %,npl_to_assets_pct,%,1982,,,,fraction,missing,0,Dying_Cyrus_-_SOCB_V7__furnished_.xlsx,27,M
sonali_bank,1,DERIVED METRICS (formulas),NPL / Total Assets %,npl_to_assets_pct,%,1983,,,,fraction,missing,0,Dying_Cyrus_-_SOCB_V7__furnished_.xlsx,27,N
sonali_bank,1,DERIVED METRICS (formulas),NPL / Total Assets %,npl_to_assets_pct,%,1984,,,,fraction,missing,0,Dying_Cyrus_-_SOCB_V7__furnished_.xlsx,27,O
sonali_bank,1,DERIVED METRICS (formulas),NPL / Total Assets %,npl_to_assets_pct,%,1985,,,,fraction,missing,0,Dying_Cyrus_-_SOCB_V7__furnished_.xlsx,27,P
sonali_bank,1,DERIVED METRICS (formulas),NPL / Total Assets %,npl_to_assets_pct,%,1986,,,,fraction,missing,0,Dying_Cyrus_-_SOCB_V7__furnished_.xlsx,27,Q
sonali_bank,1,DERIVED METRICS (formulas),NPL / Total Assets %,npl_to_assets_pct,%,1987,,,,fraction,missing,0,Dying_Cyrus_-_SOCB_V7__furnished_.xlsx,27,R
sonali_bank,1,DERIVED METRICS (formulas),NPL / Total Assets %,npl_to_assets_pct,%,1988,,,,fraction,missing,0,Dying_Cyrus_-_SOCB_V7__furnished_.xlsx,27,S
sonali_bank,1,DERIVED METRICS (formulas),NPL / Total Assets %,npl_to_assets_pct,%,1989,,,,fraction,missing,0,Dying_Cyrus_-_SOCB_V7__furnished_.xlsx,27,T
sonali_bank,1,DERIVED METRICS (formulas),NPL / Total Assets %,npl_to_assets_pct,%,1990,,,,fraction,missing,0,Dying_Cyrus_-_SOCB_V7__furnished_.xlsx,27,U
sonali_bank,1,DERIVED METRICS (formulas),NPL / Total Assets %,npl_to_assets_pct,%,1991,,,,fraction,missing,0,Dying_Cyrus_-_SOCB_V7__furnished_.xlsx,27,V
sonali_bank,1,DERIVED METRICS (formulas),NPL / Total Assets %,npl_to_assets_pct,%,1992,,,,fraction,missing,0,Dying_Cyrus_-_SOCB_V7__furnished_.xlsx,27,W
sonali_bank,1,DERIVED METRICS (formulas),NPL / Total Assets %,npl_to_assets_pct,%,1993,,,,fraction,missing,0,Dying_Cyrus_-_SOCB_V7__furnished_.xlsx,27,X
sonali_bank,1,DERIVED METRICS (formulas),NPL / Total Assets %,npl_to_assets_pct,%,1994,,,,fraction,missing,0,Dying_Cyrus_-_SOCB_V7__furnished_.xlsx,27,Y
sonali_bank,1,DERIVED METRICS (formulas),NPL / Total Assets %,npl_to_assets_pct,%,1995,,,,fraction,missing,0,Dying_Cyrus_-_SOCB_V7__furnished_.xlsx,27,Z
sonali_bank,1,DERIVED METRICS (formulas),NPL / Total Assets %,npl_to_assets_pct,%,1996,,,,fraction,missing,0,Dying_Cyrus_-_SOCB_V7__furnished_.xlsx,27,AA
sonali_bank,1,DERIVED METRICS (formulas),NPL / Total Assets %,npl_to_assets_pct,%,1997,,,,fraction,missing,0,Dying_Cyrus_-_SOCB_V7__furnished_.xlsx,27,AB
sonali_bank,1,DERIVED METRICS (formulas),NPL / Total Assets %,npl_to_assets_pct,%,1998,,,,fraction,missing,0,Dying_Cyrus_-_SOCB_V7__furnished_.xlsx,27,AC
sonali_bank,1,DERIVED METRICS (formulas),NPL / Total Assets %,npl_to_assets_pct,%,1999,0.2611605192,0.2611605192,26.11605192,fraction,native_numeric,0,Dying_Cyrus_-_SOCB_V7__furnished_.xlsx,27,AD
sonali_bank,1,DERIVED METRICS (formulas),NPL / Total Assets %,npl_to_assets_pct,%,2000,0.2167051322,0.2167051322,21.67051322,fraction,native_numeric,0,Dying_Cyrus_-_SOCB_V7__furnished_.xlsx,27,AE
sonali_bank,1,DERIVED METRICS (formulas),NPL / Total Assets %,npl_to_assets_pct,%,2001,0.214099215,0.214099215,21.4099215,fraction,native_numeric,0,Dying_Cyrus_-_SOCB_V7__furnished_.xlsx,27,AF
sonali_bank,1,DERIVED METRICS (formulas),NPL / Total Assets %,npl_to_assets_pct,%,2002,0.1927274312,0.1927274312,19.272743119999998,fraction,native_numeric,0,Dying_Cyrus_-_SOCB_V7__furnished_.xlsx,27,AG
sonali_bank,1,DERIVED METRICS (formulas),NPL / Total Assets %,npl_to_assets_pct,%,2003,0.1861119936,0.1861119936,18.61119936,fraction,native_numeric,0,Dying_Cyrus_-_SOCB_V7__furnished_.xlsx,27,AH
sonali_bank,1,DERIVED METRICS (formulas),NPL / Total Assets %,npl_to_assets_pct,%,2004,0.1630959133,0.1630959133,16.30959133,fraction,native_numeric,0,Dying_Cyrus_-_SOCB_V7__furnished_.xlsx,27,AI
sonali_bank,1,DERIVED METRICS (formulas),NPL / Total Assets %,npl_to_assets_pct,%,2005,0.1513990525,0.1513990525,15.13990525,fraction,native_numeric,0,Dying_Cyrus_-_SOCB_V7__furnished_.xlsx,27,AJ
sonali_bank,1,DERIVED METRICS (formulas),NPL / Total Assets %,npl_to_assets_pct,%,2006,0.1669081935,0.1669081935,16.690819349999998,fraction,native_numeric,0,Dying_Cyrus_-_SOCB_V7__furnished_.xlsx,27,AK
sonali_bank,1,DERIVED METRICS (formulas),NPL / Total Assets %,npl_to_assets_pct,%,2007,0.1991789061,0.1991789061,19.91789061,fraction,native_numeric,0,Dying_Cyrus_-_SOCB_V7__furnished_.xlsx,27,AL
sonali_bank,1,DERIVED METRICS (formulas),NPL / Total Assets %,npl_to_assets_pct,%,2008,0.1474334671,0.1474334671,14.743346709999999,fraction,native_numeric,0,Dying_Cyrus_-_SOCB_V7__furnished_.xlsx,27,AM
sonali_bank,1,DERIVED METRICS (formulas),NPL / Total Assets %,npl_to_assets_pct,%,2009,0.1283776563,0.1283776563,12.83776563,fraction,native_numeric,0,Dying_Cyrus_-_SOCB_V7__furnished_.xlsx,27,AN
sonali_bank,1,DERIVED METRICS (formulas),NPL / Total Assets %,npl_to_assets_pct,%,2010,0.1052182895,0.1052182895,10.52182895,fraction,native_numeric,0,Dying_Cyrus_-_SOCB_V7__furnished_.xlsx,27,AO
sonali_bank,1,DERIVED METRICS (formulas),NPL / Total Assets %,npl_to_assets_pct,%,2011,0.0885915837,0.0885915837,8.859158370000001,fraction,native_numeric,0,Dying_Cyrus_-_SOCB_V7__furnished_.xlsx,27,AP
sonali_bank,1,DERIVED METRICS (formulas),NPL / Total Assets %,npl_to_assets_pct,%,2012,0.1670871434,0.1670871434,16.70871434,fraction,native_numeric,0,Dying_Cyrus_-_SOCB_V7__furnished_.xlsx,27,AQ
sonali_bank,1,DERIVED METRICS (formulas),NPL / Total Assets %,npl_to_assets_pct,%,2013,0.1217623005,0.1217623005,12.176230050000001,fraction,native_numeric,0,Dying_Cyrus_-_SOCB_V7__furnished_.xlsx,27,AR
sonali_bank,1,DERIVED METRICS (formulas),NPL / Total Assets %,npl_to_assets_pct,%,2014,0.09248634698,0.09248634698,9.248634698,fraction,native_numeric,0,Dying_Cyrus_-_SOCB_V7__furnished_.xlsx,27,AS
sonali_bank,1,DERIVED METRICS (formulas),NPL / Total Assets %,npl_to_assets_pct,%,2015,0.08464013082,0.08464013082,8.464013082000001,fraction,native_numeric,0,Dying_Cyrus_-_SOCB_V7__furnished_.xlsx,27,AT
sonali_bank,1,DERIVED METRICS (formulas),NPL / Total Assets %,npl_to_assets_pct,%,2016,0.09088364887,0.09088364887,9.088364887000001,fraction,native_numeric,0,Dying_Cyrus_-_SOCB_V7__furnished_.xlsx,27,AU
sonali_bank,1,DERIVED METRICS (formulas),NPL / Total Assets %,npl_to_assets_pct,%,2017,0.1188036718,0.1188036718,11.88036718,fraction,native_numeric,0,Dying_Cyrus_-_SOCB_V7__furnished_.xlsx,27,AV
sonali_bank,1,DERIVED METRICS (formulas),NPL / Total Assets %,npl_to_assets_pct,%,2018,0.09326529144,0.09326529144,9.326529144,fraction,native_numeric,0,Dying_Cyrus_-_SOCB_V7__furnished_.xlsx,27,AW
sonali_bank,1,DERIVED METRICS (formulas),NPL / Total Assets %,npl_to_assets_pct,%,2019,0.07605182938,0.07605182938,7.6051829380000004,fraction,native_numeric,0,Dying_Cyrus_-_SOCB_V7__furnished_.xlsx,27,AX
sonali_bank,1,DERIVED METRICS (formulas),NPL / Total Assets %,npl_to_assets_pct,%,2020,0.06766639455,0.06766639455,6.766639454999999,fraction,native_numeric,0,Dying_Cyrus_-_SOCB_V7__furnished_.xlsx,27,AY
sonali_bank,1,DERIVED METRICS (formulas),NPL / Total Assets %,npl_to_assets_pct,%,2021,0.07006373905,0.07006373905,7.006373905,fraction,native_numeric,0,Dying_Cyrus_-_SOCB_V7__furnished_.xlsx,27,AZ
sonali_bank,1,DERIVED METRICS (formulas),NPL / Total Assets %,npl_to_assets_pct,%,2022,0.07014077771,0.07014077771,7.014077771,fraction,native_numeric,0,Dying_Cyrus_-_SOCB_V7__furnished_.xlsx,27,BA
sonali_bank,1,DERIVED METRICS (formulas),NPL / Total Assets %,npl_to_assets_pct,%,2023,0.06734035626,0.06734035626,6.734035626,fraction,native_numeric,0,Dying_Cyrus_-_SOCB_V7__furnished_.xlsx,27,BB
sonali_bank,1,DERIVED METRICS (formulas),NPL / Total Assets %,npl_to_assets_pct,%,2024,0.07982271148,0.07982271148,7.982271148000001,fraction,native_numeric,0,Dying_Cyrus_-_SOCB_V7__furnished_.xlsx,27,BC
sonali_bank,1,DERIVED METRICS (formulas),NPL / Total Assets %,npl_to_assets_pct,%,2025,0.06948985814,0.06948985814,6.948985814,fraction,native_numeric,0,Dying_Cyrus_-_SOCB_V7__furnished_.xlsx,27,BD
sonali_bank,1,DERIVED METRICS (formulas),NPL / Total Assets %,npl_to_assets_pct,%,2026,,,,fraction,missing,0,Dying_Cyrus_-_SOCB_V7__furnished_.xlsx,27,BE
sonali_bank,1,DERIVED METRICS (formulas),YoY NPAT growth %,yoy_npat_growth_pct,%,1972,,,,percent_points,missing,0,Dying_Cyrus_-_SOCB_V7__furnished_.xlsx,28,C
sonali_bank,1,DERIVED METRICS (formulas),YoY NPAT growth %,yoy_npat_growth_pct,%,1973,7.666666667,7.666666667,7.666666667,percent_points,native_numeric,0,Dying_Cyrus_-_SOCB_V7__furnished_.xlsx,28,D
sonali_bank,1,DERIVED METRICS (formulas),YoY NPAT growth %,yoy_npat_growth_pct,%,1974,0.5,0.5,0.5,percent_points,native_numeric,0,Dying_Cyrus_-_SOCB_V7__furnished_.xlsx,28,E
sonali_bank,1,DERIVED METRICS (formulas),YoY NPAT growth %,yoy_npat_growth_pct,%,1975,1.592948718,1.592948718,1.592948718,percent_points,native_numeric,0,Dying_Cyrus_-_SOCB_V7__furnished_.xlsx,28,F
sonali_bank,1,DERIVED METRICS (formulas),YoY NPAT growth %,yoy_npat_growth_pct,%,1976,0.1260815822,0.1260815822,0.1260815822,percent_points,native_numeric,0,Dying_Cyrus_-_SOCB_V7__furnished_.xlsx,28,G
sonali_bank,1,DERIVED METRICS (formulas),YoY NPAT growth %,yoy_npat_growth_pct,%,1977,0.07354555434,0.07354555434,0.07354555434,percent_points,native_numeric,0,Dying_Cyrus_-_SOCB_V7__furnished_.xlsx,28,H
sonali_bank,1,DERIVED METRICS (formulas),YoY NPAT growth %,yoy_npat_growth_pct,%,1978,-0.3466257669,-0.3466257669,-0.3466257669,percent_points,native_numeric,0,Dying_Cyrus_-_SOCB_V7__furnished_.xlsx,28,I
sonali_bank,1,DERIVED METRICS (formulas),YoY NPAT growth %,yoy_npat_growth_pct,%,1979,0.5054773083,0.5054773083,0.5054773083,percent_points,native_numeric,0,Dying_Cyrus_-_SOCB_V7__furnished_.xlsx,28,J
sonali_bank,1,DERIVED METRICS (formulas),YoY NPAT growth %,yoy_npat_growth_pct,%,1980,0.841995842,0.841995842,0.841995842,percent_points,native_numeric,0,Dying_Cyrus_-_SOCB_V7__furnished_.xlsx,28,K
sonali_bank,1,DERIVED METRICS (formulas),YoY NPAT growth %,yoy_npat_growth_pct,%,1981,0.3075620767,0.3075620767,0.3075620767,percent_points,native_numeric,0,Dying_Cyrus_-_SOCB_V7__furnished_.xlsx,28,L
sonali_bank,1,DERIVED METRICS (formulas),YoY NPAT growth %,yoy_npat_growth_pct,%,1982,1.075960293,1.075960293,1.075960293,percent_points,native_numeric,0,Dying_Cyrus_-_SOCB_V7__furnished_.xlsx,28,M
sonali_bank,1,DERIVED METRICS (formulas),YoY NPAT growth %,yoy_npat_growth_pct,%,1983,0.04885654886,0.04885654886,0.04885654886,percent_points,native_numeric,0,Dying_Cyrus_-_SOCB_V7__furnished_.xlsx,28,N
sonali_bank,1,DERIVED METRICS (formulas),YoY NPAT growth %,yoy_npat_growth_pct,%,1984,0.09474727453,0.09474727453,0.09474727453,percent_points,native_numeric,0,Dying_Cyrus_-_SOCB_V7__furnished_.xlsx,28,O
sonali_bank,1,DERIVED METRICS (formulas),YoY NPAT growth %,yoy_npat_growth_pct,%,1985,-0.09632446134,-0.09632446134,-0.09632446134,percent_points,native_numeric,0,Dying_Cyrus_-_SOCB_V7__furnished_.xlsx,28,P
sonali_bank,1,DERIVED METRICS (formulas),YoY NPAT growth %,yoy_npat_growth_pct,%,1986,-0.7996393508,-0.7996393508,-0.7996393508,percent_points,native_numeric,0,Dying_Cyrus_-_SOCB_V7__furnished_.xlsx,28,Q
sonali_bank,1,DERIVED METRICS (formulas),YoY NPAT growth %,yoy_npat_growth_pct,%,1987,-0.9838,-0.9838,-0.9838,percent_points,native_numeric,0,Dying_Cyrus_-_SOCB_V7__furnished_.xlsx,28,R
sonali_bank,1,DERIVED METRICS (formulas),YoY NPAT growth %,yoy_npat_growth_pct,%,1988,8.259259259,8.259259259,8.259259259,percent_points,native_numeric,0,Dying_Cyrus_-_SOCB_V7__furnished_.xlsx,28,S
sonali_bank,1,DERIVED METRICS (formulas),YoY NPAT growth %,yoy_npat_growth_pct,%,1989,1.824,1.824,1.824,percent_points,native_numeric,0,Dying_Cyrus_-_SOCB_V7__furnished_.xlsx,28,T
sonali_bank,1,DERIVED METRICS (formulas),YoY NPAT growth %,yoy_npat_growth_pct,%,1990,0.2141170916,0.2141170916,0.2141170916,percent_points,native_numeric,0,Dying_Cyrus_-_SOCB_V7__furnished_.xlsx,28,U
sonali_bank,1,DERIVED METRICS (formulas),YoY NPAT growth %,yoy_npat_growth_pct,%,1991,-0.6713980167,-0.6713980167,-0.6713980167,percent_points,native_numeric,0,Dying_Cyrus_-_SOCB_V7__furnished_.xlsx,28,V
sonali_bank,1,DERIVED METRICS (formulas),YoY NPAT growth %,yoy_npat_growth_pct,%,1992,1.647928994,1.647928994,1.647928994,percent_points,native_numeric,0,Dying_Cyrus_-_SOCB_V7__furnished_.xlsx,28,W
sonali_bank,1,DERIVED METRICS (formulas),YoY NPAT growth %,yoy_npat_growth_pct,%,1993,-0.5626815642,-0.5626815642,-0.5626815642,percent_points,native_numeric,0,Dying_Cyrus_-_SOCB_V7__furnished_.xlsx,28,X
sonali_bank,1,DERIVED METRICS (formulas),YoY NPAT growth %,yoy_npat_growth_pct,%,1994,29.28972918,29.28972918,29.28972918,percent_points,native_numeric,0,Dying_Cyrus_-_SOCB_V7__furnished_.xlsx,28,Y
sonali_bank,1,DERIVED METRICS (formulas),YoY NPAT growth %,yoy_npat_growth_pct,%,1995,0.03866592439,0.03866592439,0.03866592439,percent_points,native_numeric,0,Dying_Cyrus_-_SOCB_V7__furnished_.xlsx,28,Z
sonali_bank,1,DERIVED METRICS (formulas),YoY NPAT growth %,yoy_npat_growth_pct,%,1996,-0.5971674057,-0.5971674057,-0.5971674057,percent_points,native_numeric,0,Dying_Cyrus_-_SOCB_V7__furnished_.xlsx,28,AA
sonali_bank,1,DERIVED METRICS (formulas),YoY NPAT growth %,yoy_npat_growth_pct,%,1997,-0.4675429401,-0.4675429401,-0.4675429401,percent_points,native_numeric,0,Dying_Cyrus_-_SOCB_V7__furnished_.xlsx,28,AB
sonali_bank,1,DERIVED METRICS (formulas),YoY NPAT growth %,yoy_npat_growth_pct,%,1998,-0.2283053158,-0.2283053158,-0.2283053158,percent_points,native_numeric,0,Dying_Cyrus_-_SOCB_V7__furnished_.xlsx,28,AC
sonali_bank,1,DERIVED METRICS (formulas),YoY NPAT growth %,yoy_npat_growth_pct,%,1999,0.238641939,0.238641939,0.238641939,percent_points,native_numeric,0,Dying_Cyrus_-_SOCB_V7__furnished_.xlsx,28,AD
sonali_bank,1,DERIVED METRICS (formulas),YoY NPAT growth %,yoy_npat_growth_pct,%,2000,0.04745306187,0.04745306187,0.04745306187,percent_points,native_numeric,0,Dying_Cyrus_-_SOCB_V7__furnished_.xlsx,28,AE
sonali_bank,1,DERIVED METRICS (formulas),YoY NPAT growth %,yoy_npat_growth_pct,%,2001,-0.3773256693,-0.3773256693,-0.3773256693,percent_points,native_numeric,0,Dying_Cyrus_-_SOCB_V7__furnished_.xlsx,28,AF
sonali_bank,1,DERIVED METRICS (formulas),YoY NPAT growth %,yoy_npat_growth_pct,%,2002,0.9316166646,0.9316166646,0.9316166646,percent_points,native_numeric,0,Dying_Cyrus_-_SOCB_V7__furnished_.xlsx,28,AG
sonali_bank,1,DERIVED METRICS (formulas),YoY NPAT growth %,yoy_npat_growth_pct,%,2003,-0.3334590958,-0.3334590958,-0.3334590958,percent_points,native_numeric,0,Dying_Cyrus_-_SOCB_V7__furnished_.xlsx,28,AH
sonali_bank,1,DERIVED METRICS (formulas),YoY NPAT growth %,yoy_npat_growth_pct,%,2004,0.4860377358,0.4860377358,0.4860377358,percent_points,native_numeric,0,Dying_Cyrus_-_SOCB_V7__furnished_.xlsx,28,AI
sonali_bank,1,DERIVED METRICS (formulas),YoY NPAT growth %,yoy_npat_growth_pct,%,2005,0.3207211783,0.3207211783,0.3207211783,percent_points,native_numeric,0,Dying_Cyrus_-_SOCB_V7__furnished_.xlsx,28,AJ
sonali_bank,1,DERIVED METRICS (formulas),YoY NPAT growth %,yoy_npat_growth_pct,%,2006,-175.3685349,-175.3685349,-175.3685349,percent_points,native_numeric,0,Dying_Cyrus_-_SOCB_V7__furnished_.xlsx,28,AK
sonali_bank,1,DERIVED METRICS (formulas),YoY NPAT growth %,yoy_npat_growth_pct,%,2007,1.026838404,1.026838404,1.026838404,percent_points,native_numeric,0,Dying_Cyrus_-_SOCB_V7__furnished_.xlsx,28,AL
sonali_bank,1,DERIVED METRICS (formulas),YoY NPAT growth %,yoy_npat_growth_pct,%,2008,1.373826496,1.373826496,1.373826496,percent_points,native_numeric,0,Dying_Cyrus_-_SOCB_V7__furnished_.xlsx,28,AM
sonali_bank,1,DERIVED METRICS (formulas),YoY NPAT growth %,yoy_npat_growth_pct,%,2009,-0.3350511226,-0.3350511226,-0.3350511226,percent_points,native_numeric,0,Dying_Cyrus_-_SOCB_V7__furnished_.xlsx,28,AN
sonali_bank,1,DERIVED METRICS (formulas),YoY NPAT growth %,yoy_npat_growth_pct,%,2010,0.781405155,0.781405155,0.781405155,percent_points,native_numeric,0,Dying_Cyrus_-_SOCB_V7__furnished_.xlsx,28,AO
sonali_bank,1,DERIVED METRICS (formulas),YoY NPAT growth %,yoy_npat_growth_pct,%,2011,2.637194487,2.637194487,2.637194487,percent_points,native_numeric,0,Dying_Cyrus_-_SOCB_V7__furnished_.xlsx,28,AP
sonali_bank,1,DERIVED METRICS (formulas),YoY NPAT growth %,yoy_npat_growth_pct,%,2012,-4.166903011,-4.166903011,-4.166903011,percent_points,native_numeric,0,Dying_Cyrus_-_SOCB_V7__furnished_.xlsx,28,AQ
sonali_bank,1,DERIVED METRICS (formulas),YoY NPAT growth %,yoy_npat_growth_pct,%,2013,1.113535584,1.113535584,1.113535584,percent_points,native_numeric,0,Dying_Cyrus_-_SOCB_V7__furnished_.xlsx,28,AR
sonali_bank,1,DERIVED METRICS (formulas),YoY NPAT growth %,yoy_npat_growth_pct,%,2014,0.6909764314,0.6909764314,0.6909764314,percent_points,native_numeric,0,Dying_Cyrus_-_SOCB_V7__furnished_.xlsx,28,AS
sonali_bank,1,DERIVED METRICS (formulas),YoY NPAT growth %,yoy_npat_growth_pct,%,2015,-0.9032044929,-0.9032044929,-0.9032044929,percent_points,native_numeric,0,Dying_Cyrus_-_SOCB_V7__furnished_.xlsx,28,AT
sonali_bank,1,DERIVED METRICS (formulas),YoY NPAT growth %,yoy_npat_growth_pct,%,2016,1.587030717,1.587030717,1.587030717,percent_points,native_numeric,0,Dying_Cyrus_-_SOCB_V7__furnished_.xlsx,28,AU
sonali_bank,1,DERIVED METRICS (formulas),YoY NPAT growth %,yoy_npat_growth_pct,%,2017,3.678100264,3.678100264,3.678100264,percent_points,native_numeric,0,Dying_Cyrus_-_SOCB_V7__furnished_.xlsx,28,AV
sonali_bank,1,DERIVED METRICS (formulas),YoY NPAT growth %,yoy_npat_growth_pct,%,2018,-0.6807670615,-0.6807670615,-0.6807670615,percent_points,native_numeric,0,Dying_Cyrus_-_SOCB_V7__furnished_.xlsx,28,AW
sonali_bank,1,DERIVED METRICS (formulas),YoY NPAT growth %,yoy_npat_growth_pct,%,2019,0.1969964664,0.1969964664,0.1969964664,percent_points,native_numeric,0,Dying_Cyrus_-_SOCB_V7__furnished_.xlsx,28,AX
sonali_bank,1,DERIVED METRICS (formulas),YoY NPAT growth %,yoy_npat_growth_pct,%,2020,0.1933579336,0.1933579336,0.1933579336,percent_points,native_numeric,0,Dying_Cyrus_-_SOCB_V7__furnished_.xlsx,28,AY
sonali_bank,1,DERIVED METRICS (formulas),YoY NPAT growth %,yoy_npat_growth_pct,%,2021,0.06864564007,0.06864564007,0.06864564007,percent_points,native_numeric,0,Dying_Cyrus_-_SOCB_V7__furnished_.xlsx,28,AZ
sonali_bank,1,DERIVED METRICS (formulas),YoY NPAT growth %,yoy_npat_growth_pct,%,2022,0.07349537037,0.07349537037,0.07349537037,percent_points,native_numeric,0,Dying_Cyrus_-_SOCB_V7__furnished_.xlsx,28,BA
sonali_bank,1,DERIVED METRICS (formulas),YoY NPAT growth %,yoy_npat_growth_pct,%,2023,0.75606469,0.75606469,0.75606469,percent_points,native_numeric,0,Dying_Cyrus_-_SOCB_V7__furnished_.xlsx,28,BB
sonali_bank,1,DERIVED METRICS (formulas),YoY NPAT growth %,yoy_npat_growth_pct,%,2024,0.3284727552,0.3284727552,0.3284727552,percent_points,native_numeric,0,Dying_Cyrus_-_SOCB_V7__furnished_.xlsx,28,BC
sonali_bank,1,DERIVED METRICS (formulas),YoY NPAT growth %,yoy_npat_growth_pct,%,2025,0.4339688042,0.4339688042,0.4339688042,percent_points,native_numeric,0,Dying_Cyrus_-_SOCB_V7__furnished_.xlsx,28,BD
sonali_bank,1,DERIVED METRICS (formulas),YoY NPAT growth %,yoy_npat_growth_pct,%,2026,-1,-1.0,-1.0,percent_points,native_numeric,0,Dying_Cyrus_-_SOCB_V7__furnished_.xlsx,28,BE
sonali_bank,1,DERIVED METRICS (formulas),YoY Total Assets growth %,yoy_total_assets_growth_pct,%,1972,,,,fraction,missing,0,Dying_Cyrus_-_SOCB_V7__furnished_.xlsx,29,C
sonali_bank,1,DERIVED METRICS (formulas),YoY Total Assets growth %,yoy_total_assets_growth_pct,%,1973,-1,-1.0,-100.0,fraction,native_numeric,0,Dying_Cyrus_-_SOCB_V7__furnished_.xlsx,29,D
sonali_bank,1,DERIVED METRICS (formulas),YoY Total Assets growth %,yoy_total_assets_growth_pct,%,1974,,,,fraction,missing,0,Dying_Cyrus_-_SOCB_V7__furnished_.xlsx,29,E
sonali_bank,1,DERIVED METRICS (formulas),YoY Total Assets growth %,yoy_total_assets_growth_pct,%,1975,0.5668325899,0.5668325899,56.68325899,fraction,native_numeric,0,Dying_Cyrus_-_SOCB_V7__furnished_.xlsx,29,F
sonali_bank,1,DERIVED METRICS (formulas),YoY Total Assets growth %,yoy_total_assets_growth_pct,%,1976,-0.1215755309,-0.1215755309,-12.15755309,fraction,native_numeric,0,Dying_Cyrus_-_SOCB_V7__furnished_.xlsx,29,G
sonali_bank,1,DERIVED METRICS (formulas),YoY Total Assets growth %,yoy_total_assets_growth_pct,%,1977,0.4035727705,0.4035727705,40.35727705,fraction,native_numeric,0,Dying_Cyrus_-_SOCB_V7__furnished_.xlsx,29,H
sonali_bank,1,DERIVED METRICS (formulas),YoY Total Assets growth %,yoy_total_assets_growth_pct,%,1978,0.3112471974,0.3112471974,31.12471974,fraction,native_numeric,0,Dying_Cyrus_-_SOCB_V7__furnished_.xlsx,29,I
sonali_bank,1,DERIVED METRICS (formulas),YoY Total Assets growth %,yoy_total_assets_growth_pct,%,1979,0.4968184293,0.4968184293,49.681842929999995,fraction,native_numeric,0,Dying_Cyrus_-_SOCB_V7__furnished_.xlsx,29,J
sonali_bank,1,DERIVED METRICS (formulas),YoY Total Assets growth %,yoy_total_assets_growth_pct,%,1980,-1,-1.0,-100.0,fraction,native_numeric,0,Dying_Cyrus_-_SOCB_V7__furnished_.xlsx,29,K
sonali_bank,1,DERIVED METRICS (formulas),YoY Total Assets growth %,yoy_total_assets_growth_pct,%,1981,,,,fraction,missing,0,Dying_Cyrus_-_SOCB_V7__furnished_.xlsx,29,L
sonali_bank,1,DERIVED METRICS (formulas),YoY Total Assets growth %,yoy_total_assets_growth_pct,%,1982,0.2992113911,0.2992113911,29.92113911,fraction,native_numeric,0,Dying_Cyrus_-_SOCB_V7__furnished_.xlsx,29,M
sonali_bank,1,DERIVED METRICS (formulas),YoY Total Assets growth %,yoy_total_assets_growth_pct,%,1983,0.1111050862,0.1111050862,11.11050862,fraction,native_numeric,0,Dying_Cyrus_-_SOCB_V7__furnished_.xlsx,29,N
sonali_bank,1,DERIVED METRICS (formulas),YoY Total Assets growth %,yoy_total_assets_growth_pct,%,1984,0.2476295188,0.2476295188,24.76295188,fraction,native_numeric,0,Dying_Cyrus_-_SOCB_V7__furnished_.xlsx,29,O
sonali_bank,1,DERIVED METRICS (formulas),YoY Total Assets growth %,yoy_total_assets_growth_pct,%,1985,0.213765048,0.213765048,21.376504800000003,fraction,native_numeric,0,Dying_Cyrus_-_SOCB_V7__furnished_.xlsx,29,P
sonali_bank,1,DERIVED METRICS (formulas),YoY Total Assets growth %,yoy_total_assets_growth_pct,%,1986,0.0869802014,0.0869802014,8.69802014,fraction,native_numeric,0,Dying_Cyrus_-_SOCB_V7__furnished_.xlsx,29,Q
sonali_bank,1,DERIVED METRICS (formulas),YoY Total Assets growth %,yoy_total_assets_growth_pct,%,1987,0.08919172836,0.08919172836,8.919172836,fraction,native_numeric,0,Dying_Cyrus_-_SOCB_V7__furnished_.xlsx,29,R
sonali_bank,1,DERIVED METRICS (formulas),YoY Total Assets growth %,yoy_total_assets_growth_pct,%,1988,0.1483013342,0.1483013342,14.83013342,fraction,native_numeric,0,Dying_Cyrus_-_SOCB_V7__furnished_.xlsx,29,S
sonali_bank,1,DERIVED METRICS (formulas),YoY Total Assets growth %,yoy_total_assets_growth_pct,%,1989,0.07658867955,0.07658867955,7.658867955,fraction,native_numeric,0,Dying_Cyrus_-_SOCB_V7__furnished_.xlsx,29,T
sonali_bank,1,DERIVED METRICS (formulas),YoY Total Assets growth %,yoy_total_assets_growth_pct,%,1990,0.1051612327,0.1051612327,10.51612327,fraction,native_numeric,0,Dying_Cyrus_-_SOCB_V7__furnished_.xlsx,29,U
sonali_bank,1,DERIVED METRICS (formulas),YoY Total Assets growth %,yoy_total_assets_growth_pct,%,1991,0.08731662737,0.08731662737,8.731662736999999,fraction,native_numeric,0,Dying_Cyrus_-_SOCB_V7__furnished_.xlsx,29,V
sonali_bank,1,DERIVED METRICS (formulas),YoY Total Assets growth %,yoy_total_assets_growth_pct,%,1992,0.07634815701,0.07634815701,7.634815701,fraction,native_numeric,0,Dying_Cyrus_-_SOCB_V7__furnished_.xlsx,29,W
sonali_bank,1,DERIVED METRICS (formulas),YoY Total Assets growth %,yoy_total_assets_growth_pct,%,1993,0.1096972429,0.1096972429,10.96972429,fraction,native_numeric,0,Dying_Cyrus_-_SOCB_V7__furnished_.xlsx,29,X
sonali_bank,1,DERIVED METRICS (formulas),YoY Total Assets growth %,yoy_total_assets_growth_pct,%,1994,0.2516843217,0.2516843217,25.16843217,fraction,native_numeric,0,Dying_Cyrus_-_SOCB_V7__furnished_.xlsx,29,Y
sonali_bank,1,DERIVED METRICS (formulas),YoY Total Assets growth %,yoy_total_assets_growth_pct,%,1995,0.1307605683,0.1307605683,13.076056829999999,fraction,native_numeric,0,Dying_Cyrus_-_SOCB_V7__furnished_.xlsx,29,Z
sonali_bank,1,DERIVED METRICS (formulas),YoY Total Assets growth %,yoy_total_assets_growth_pct,%,1996,0.04565716114,0.04565716114,4.565716114,fraction,native_numeric,0,Dying_Cyrus_-_SOCB_V7__furnished_.xlsx,29,AA
sonali_bank,1,DERIVED METRICS (formulas),YoY Total Assets growth %,yoy_total_assets_growth_pct,%,1997,0.1016830926,0.1016830926,10.16830926,fraction,native_numeric,0,Dying_Cyrus_-_SOCB_V7__furnished_.xlsx,29,AB
sonali_bank,1,DERIVED METRICS (formulas),YoY Total Assets growth %,yoy_total_assets_growth_pct,%,1998,0.1008315171,0.1008315171,10.083151710000001,fraction,native_numeric,0,Dying_Cyrus_-_SOCB_V7__furnished_.xlsx,29,AC
sonali_bank,1,DERIVED METRICS (formulas),YoY Total Assets growth %,yoy_total_assets_growth_pct,%,1999,0.1119670456,0.1119670456,11.196704559999999,fraction,native_numeric,0,Dying_Cyrus_-_SOCB_V7__furnished_.xlsx,29,AD
sonali_bank,1,DERIVED METRICS (formulas),YoY Total Assets growth %,yoy_total_assets_growth_pct,%,2000,0.07464720994,0.07464720994,7.464720994,fraction,native_numeric,0,Dying_Cyrus_-_SOCB_V7__furnished_.xlsx,29,AE
sonali_bank,1,DERIVED METRICS (formulas),YoY Total Assets growth %,yoy_total_assets_growth_pct,%,2001,0.06901456894,0.06901456894,6.901456894000001,fraction,native_numeric,0,Dying_Cyrus_-_SOCB_V7__furnished_.xlsx,29,AF
sonali_bank,1,DERIVED METRICS (formulas),YoY Total Assets growth %,yoy_total_assets_growth_pct,%,2002,0.06666438395,0.06666438395,6.666438395,fraction,native_numeric,0,Dying_Cyrus_-_SOCB_V7__furnished_.xlsx,29,AG
sonali_bank,1,DERIVED METRICS (formulas),YoY Total Assets growth %,yoy_total_assets_growth_pct,%,2003,-0.01538886256,-0.01538886256,-1.5388862559999998,fraction,native_numeric,0,Dying_Cyrus_-_SOCB_V7__furnished_.xlsx,29,AH
sonali_bank,1,DERIVED METRICS (formulas),YoY Total Assets growth %,yoy_total_assets_growth_pct,%,2004,0.09492295446,0.09492295446,9.492295446,fraction,native_numeric,0,Dying_Cyrus_-_SOCB_V7__furnished_.xlsx,29,AI
sonali_bank,1,DERIVED METRICS (formulas),YoY Total Assets growth %,yoy_total_assets_growth_pct,%,2005,0.1557440806,0.1557440806,15.57440806,fraction,native_numeric,0,Dying_Cyrus_-_SOCB_V7__furnished_.xlsx,29,AJ
sonali_bank,1,DERIVED METRICS (formulas),YoY Total Assets growth %,yoy_total_assets_growth_pct,%,2006,0.04503192186,0.04503192186,4.503192186,fraction,native_numeric,0,Dying_Cyrus_-_SOCB_V7__furnished_.xlsx,29,AK
sonali_bank,1,DERIVED METRICS (formulas),YoY Total Assets growth %,yoy_total_assets_growth_pct,%,2007,0.3090742989,0.3090742989,30.90742989,fraction,native_numeric,0,Dying_Cyrus_-_SOCB_V7__furnished_.xlsx,29,AL
sonali_bank,1,DERIVED METRICS (formulas),YoY Total Assets growth %,yoy_total_assets_growth_pct,%,2008,0.06706562541,0.06706562541,6.706562540999999,fraction,native_numeric,0,Dying_Cyrus_-_SOCB_V7__furnished_.xlsx,29,AM
sonali_bank,1,DERIVED METRICS (formulas),YoY Total Assets growth %,yoy_total_assets_growth_pct,%,2009,0.1035064783,0.1035064783,10.35064783,fraction,native_numeric,0,Dying_Cyrus_-_SOCB_V7__furnished_.xlsx,29,AN
sonali_bank,1,DERIVED METRICS (formulas),YoY Total Assets growth %,yoy_total_assets_growth_pct,%,2010,0.1935746297,0.1935746297,19.35746297,fraction,native_numeric,0,Dying_Cyrus_-_SOCB_V7__furnished_.xlsx,29,AO
sonali_bank,1,DERIVED METRICS (formulas),YoY Total Assets growth %,yoy_total_assets_growth_pct,%,2011,0.07073226412,0.07073226412,7.073226412,fraction,native_numeric,0,Dying_Cyrus_-_SOCB_V7__furnished_.xlsx,29,AP
sonali_bank,1,DERIVED METRICS (formulas),YoY Total Assets growth %,yoy_total_assets_growth_pct,%,2012,0.08451991781,0.08451991781,8.451991781,fraction,native_numeric,0,Dying_Cyrus_-_SOCB_V7__furnished_.xlsx,29,AQ
sonali_bank,1,DERIVED METRICS (formulas),YoY Total Assets growth %,yoy_total_assets_growth_pct,%,2013,0.1303453815,0.1303453815,13.03453815,fraction,native_numeric,0,Dying_Cyrus_-_SOCB_V7__furnished_.xlsx,29,AR
sonali_bank,1,DERIVED METRICS (formulas),YoY Total Assets growth %,yoy_total_assets_growth_pct,%,2014,0.0966512249,0.0966512249,9.66512249,fraction,native_numeric,0,Dying_Cyrus_-_SOCB_V7__furnished_.xlsx,29,AS
sonali_bank,1,DERIVED METRICS (formulas),YoY Total Assets growth %,yoy_total_assets_growth_pct,%,2015,0.09792187393,0.09792187393,9.792187393,fraction,native_numeric,0,Dying_Cyrus_-_SOCB_V7__furnished_.xlsx,29,AT
sonali_bank,1,DERIVED METRICS (formulas),YoY Total Assets growth %,yoy_total_assets_growth_pct,%,2016,0.1700413894,0.1700413894,17.00413894,fraction,native_numeric,0,Dying_Cyrus_-_SOCB_V7__furnished_.xlsx,29,AU
sonali_bank,1,DERIVED METRICS (formulas),YoY Total Assets growth %,yoy_total_assets_growth_pct,%,2017,0.0467453502,0.0467453502,4.67453502,fraction,native_numeric,0,Dying_Cyrus_-_SOCB_V7__furnished_.xlsx,29,AV
sonali_bank,1,DERIVED METRICS (formulas),YoY Total Assets growth %,yoy_total_assets_growth_pct,%,2018,0.03988980769,0.03988980769,3.9889807690000003,fraction,native_numeric,0,Dying_Cyrus_-_SOCB_V7__furnished_.xlsx,29,AW
sonali_bank,1,DERIVED METRICS (formulas),YoY Total Assets growth %,yoy_total_assets_growth_pct,%,2019,0.1268393578,0.1268393578,12.683935779999999,fraction,native_numeric,0,Dying_Cyrus_-_SOCB_V7__furnished_.xlsx,29,AX
sonali_bank,1,DERIVED METRICS (formulas),YoY Total Assets growth %,yoy_total_assets_growth_pct,%,2020,0.08055949982,0.08055949982,8.055949982000001,fraction,native_numeric,0,Dying_Cyrus_-_SOCB_V7__furnished_.xlsx,29,AY
sonali_bank,1,DERIVED METRICS (formulas),YoY Total Assets growth %,yoy_total_assets_growth_pct,%,2021,0.07262921269,0.07262921269,7.262921269,fraction,native_numeric,0,Dying_Cyrus_-_SOCB_V7__furnished_.xlsx,29,AZ
sonali_bank,1,DERIVED METRICS (formulas),YoY Total Assets growth %,yoy_total_assets_growth_pct,%,2022,0.04861076527,0.04861076527,4.861076527,fraction,native_numeric,0,Dying_Cyrus_-_SOCB_V7__furnished_.xlsx,29,BA
sonali_bank,1,DERIVED METRICS (formulas),YoY Total Assets growth %,yoy_total_assets_growth_pct,%,2023,0.1069175292,0.1069175292,10.69175292,fraction,native_numeric,0,Dying_Cyrus_-_SOCB_V7__furnished_.xlsx,29,BB
sonali_bank,1,DERIVED METRICS (formulas),YoY Total Assets growth %,yoy_total_assets_growth_pct,%,2024,0.1419245582,0.1419245582,14.19245582,fraction,native_numeric,0,Dying_Cyrus_-_SOCB_V7__furnished_.xlsx,29,BC
sonali_bank,1,DERIVED METRICS (formulas),YoY Total Assets growth %,yoy_total_assets_growth_pct,%,2025,0.05688058309,0.05688058309,5.688058309,fraction,native_numeric,0,Dying_Cyrus_-_SOCB_V7__furnished_.xlsx,29,BD
sonali_bank,1,DERIVED METRICS (formulas),YoY Total Assets growth %,yoy_total_assets_growth_pct,%,2026,-1,-1.0,-100.0,fraction,native_numeric,0,Dying_Cyrus_-_SOCB_V7__furnished_.xlsx,29,BE
